split,identity,relative_path,filename,width,height,image_format,color_mode,file_bytes,sha256
gallery,Aaron_Sorkin,multi_image_gallery/Aaron_Sorkin/Aaron_Sorkin_0001.jpg,Aaron_Sorkin_0001.jpg,250,250,JPEG,RGB,7817,0000272fb23a9f37220554a79bc75bc65762d8f00f8367244558bc9419206b5a
gallery,Abdel_Nasser_Assidi,multi_image_gallery/Abdel_Nasser_Assidi/Abdel_Nasser_Assidi_0001.jpg,Abdel_Nasser_Assidi_0001.jpg,250,250,JPEG,RGB,9562,aadfe76aeede1c170698d571c0eedaf06346835ce0e38015b2afb607d658068d
gallery,Abdullah,multi_image_gallery/Abdullah/Abdullah_0001.jpg,Abdullah_0001.jpg,250,250,JPEG,RGB,8405,6232c6fcfe6d8fd1eeff78e7f648bb70359ec69f19fb4e76ecc9a55d68f340f1
gallery,Abdullah,multi_image_gallery/Abdullah/Abdullah_0002.jpg,Abdullah_0002.jpg,250,250,JPEG,RGB,6609,9bf7a79ea3cd97111b4420b9c107983510a95033654a8a702619a8308fad3467
gallery,Abdullah,multi_image_gallery/Abdullah/Abdullah_0003.jpg,Abdullah_0003.jpg,250,250,JPEG,RGB,8861,77d277d61fee813f889a68339507893c951e189fe3deae7a2becf22f57174d70
gallery,Abdullah_Gul,multi_image_gallery/Abdullah_Gul/Abdullah_Gul_0001.jpg,Abdullah_Gul_0001.jpg,250,250,JPEG,RGB,7446,d591966e5eff26ac757c1d310924416568667f34ba46072f9e09fb1d58b64f0d
gallery,Abdullah_Gul,multi_image_gallery/Abdullah_Gul/Abdullah_Gul_0002.jpg,Abdullah_Gul_0002.jpg,250,250,JPEG,RGB,9402,bc41e1653354441a66147c6171bacc49e5839f09d360f8433f7927c29883e6d0
gallery,Abdullah_Gul,multi_image_gallery/Abdullah_Gul/Abdullah_Gul_0003.jpg,Abdullah_Gul_0003.jpg,250,250,JPEG,RGB,9646,684ed1b48578150a3eda3c6d2321fc8e3e8e9d66be285d09fbbae552069f6812
gallery,Abdullah_Gul,multi_image_gallery/Abdullah_Gul/Abdullah_Gul_0004.jpg,Abdullah_Gul_0004.jpg,250,250,JPEG,RGB,8152,aa9dc953eeb00d9be4e26508243f37280ef8929b32bc3fa8110ba39f43f2001c
gallery,Abdullah_Gul,multi_image_gallery/Abdullah_Gul/Abdullah_Gul_0005.jpg,Abdullah_Gul_0005.jpg,250,250,JPEG,RGB,7974,62ec12a5be27ff4b97e98826fa5c76d7eba47f99e6c974c1e938ac813899ab71
gallery,Abdullah_Gul,multi_image_gallery/Abdullah_Gul/Abdullah_Gul_0006.jpg,Abdullah_Gul_0006.jpg,250,250,JPEG,RGB,8838,5b6b11b5b29e48487f449da04c0eccabcbea26d82f2cc638817aa7a82c58d10a
gallery,Abdullah_Gul,multi_image_gallery/Abdullah_Gul/Abdullah_Gul_0007.jpg,Abdullah_Gul_0007.jpg,250,250,JPEG,RGB,8624,4574b5d328beb30f490bea46207295d5630b786cbc60ad00e4f4658871a1c8aa
gallery,Abdullah_Gul,multi_image_gallery/Abdullah_Gul/Abdullah_Gul_0008.jpg,Abdullah_Gul_0008.jpg,250,250,JPEG,RGB,8883,6556af8748725900908b582680eb40c45b0540f719291efcdf2c005ba04e9f64
gallery,Abdullah_Gul,multi_image_gallery/Abdullah_Gul/Abdullah_Gul_0009.jpg,Abdullah_Gul_0009.jpg,250,250,JPEG,RGB,8917,2c58299b32d505c332489caadbf50edc5713ec9822ce93493460641573e1e273
gallery,Abdullah_Gul,multi_image_gallery/Abdullah_Gul/Abdullah_Gul_0010.jpg,Abdullah_Gul_0010.jpg,250,250,JPEG,RGB,11817,1d3d3717e7966ece08ee7aaf82f16e8fefb375135161d1b39d6df784a21c425f
gallery,Abdullah_al-Attiyah,multi_image_gallery/Abdullah_al-Attiyah/Abdullah_al-Attiyah_0001.jpg,Abdullah_al-Attiyah_0001.jpg,250,250,JPEG,RGB,9371,f884326a553a9ef48c35da5d49a1270d9919ca1f24ccd886ba7292b715c72182
gallery,Abdullah_al-Attiyah,multi_image_gallery/Abdullah_al-Attiyah/Abdullah_al-Attiyah_0002.jpg,Abdullah_al-Attiyah_0002.jpg,250,250,JPEG,RGB,9121,bea530484de939f51ec404fc3975284b9375b4369ea83ae6c33b86a0a355dd0b
gallery,Abdullatif_Sener,multi_image_gallery/Abdullatif_Sener/Abdullatif_Sener_0001.jpg,Abdullatif_Sener_0001.jpg,250,250,JPEG,RGB,8121,3aab809d48da40b327d4104228cc770779e45a764a9a297aa21bd8a119340867
gallery,Abel_Pacheco,multi_image_gallery/Abel_Pacheco/Abel_Pacheco_0001.jpg,Abel_Pacheco_0001.jpg,250,250,JPEG,RGB,8371,de1fb449a23465353fbdcff87b6c70ac1e51f147213a30008aae5dd12fc19a11
gallery,Abel_Pacheco,multi_image_gallery/Abel_Pacheco/Abel_Pacheco_0002.jpg,Abel_Pacheco_0002.jpg,250,250,JPEG,RGB,7256,ba0c1ebd01f2f1dce0719a58863b079d9e6e62058b11d0a2d4b74c8c9bcf6949
gallery,Abel_Pacheco,multi_image_gallery/Abel_Pacheco/Abel_Pacheco_0003.jpg,Abel_Pacheco_0003.jpg,250,250,JPEG,RGB,9830,de37874a8f89c1e161cfe1dfda3fc07db534c24395ee9946725cd347c6969a33
gallery,Adam_Scott,multi_image_gallery/Adam_Scott/Adam_Scott_0001.jpg,Adam_Scott_0001.jpg,250,250,JPEG,RGB,8637,281f5562178d682b10bca4562b3e4337c7f05a6aa576f39b78ba7aecd4dd0be9
gallery,Adolfo_Aguilar_Zinser,multi_image_gallery/Adolfo_Aguilar_Zinser/Adolfo_Aguilar_Zinser_0001.jpg,Adolfo_Aguilar_Zinser_0001.jpg,250,250,JPEG,RGB,13091,fefe1f8126463691145b30bde5d519665ca046167b2283533cd95c6d3319f81c
gallery,Adolfo_Aguilar_Zinser,multi_image_gallery/Adolfo_Aguilar_Zinser/Adolfo_Aguilar_Zinser_0002.jpg,Adolfo_Aguilar_Zinser_0002.jpg,250,250,JPEG,RGB,10476,203b404968e2a8f7425e424ac6a14df69f02d5c3110daed1e7b3f41adf67da91
gallery,Adolfo_Rodriguez_Saa,multi_image_gallery/Adolfo_Rodriguez_Saa/Adolfo_Rodriguez_Saa_0001.jpg,Adolfo_Rodriguez_Saa_0001.jpg,250,250,JPEG,RGB,8575,7617e754308f78678ec93bc3f330b9c27bb5ec44e3933d2b8bd4506c3d053100
gallery,Adrian_McPherson,multi_image_gallery/Adrian_McPherson/Adrian_McPherson_0001.jpg,Adrian_McPherson_0001.jpg,250,250,JPEG,RGB,8714,77ba9e78329ec5e71d7ea8161aabe1382e18c8ae883854d10f2eae9de010c8cc
gallery,Adrian_Nastase,multi_image_gallery/Adrian_Nastase/Adrian_Nastase_0001.jpg,Adrian_Nastase_0001.jpg,250,250,JPEG,RGB,7176,954d2681e46ff2c71facd0c99330a35bb594b008934108055d1bbb464515efe3
gallery,Ahmad_Masood,multi_image_gallery/Ahmad_Masood/Ahmad_Masood_0001.jpg,Ahmad_Masood_0001.jpg,250,250,JPEG,RGB,10908,2cbf6a389e307a24740a33619ca9d705c33cdc507e03d4795150dc39723bd463
gallery,Ahmet_Necdet_Sezer,multi_image_gallery/Ahmet_Necdet_Sezer/Ahmet_Necdet_Sezer_0001.jpg,Ahmet_Necdet_Sezer_0001.jpg,250,250,JPEG,RGB,8892,8e17b876c5a94c6b218d129b42cd1502e791c47aa2cd0fd9b43a87ecec293c29
gallery,Aitor_Gonzalez,multi_image_gallery/Aitor_Gonzalez/Aitor_Gonzalez_0001.jpg,Aitor_Gonzalez_0001.jpg,250,250,JPEG,RGB,8660,53c458c5150fda5565621b16baf559552d8a43551badc87b7c8da13780c739e3
gallery,Al_Davis,multi_image_gallery/Al_Davis/Al_Davis_0001.jpg,Al_Davis_0001.jpg,250,250,JPEG,RGB,6806,90d48f14ec898af56b0fd2432a7232390d8b2fc79dffcb3e4eec885cea616308
gallery,Alan_Ball,multi_image_gallery/Alan_Ball/Alan_Ball_0001.jpg,Alan_Ball_0001.jpg,250,250,JPEG,RGB,8478,5bd09a5c3633e63d87b3647efb65cfd761254b5c36360595abb675a6c5f59ab9
gallery,Alan_Mulally,multi_image_gallery/Alan_Mulally/Alan_Mulally_0001.jpg,Alan_Mulally_0001.jpg,250,250,JPEG,RGB,9042,785cb16389bd3c1b416ef60088b59c83e0a95dfcb78c55d3e6ff5b7821801757
gallery,Alastair_Campbell,multi_image_gallery/Alastair_Campbell/Alastair_Campbell_0001.jpg,Alastair_Campbell_0001.jpg,250,250,JPEG,RGB,8611,7249927f2c929e956c1d9d5d4e8b465e812d19b4edba0db714fb2d46edd379b0
gallery,Alastair_Campbell,multi_image_gallery/Alastair_Campbell/Alastair_Campbell_0002.jpg,Alastair_Campbell_0002.jpg,250,250,JPEG,RGB,10685,f8be2bb24a3996207cf48af70d1132a60f61b04df34688b0982fd3b9c945816b
gallery,Alastair_Campbell,multi_image_gallery/Alastair_Campbell/Alastair_Campbell_0003.jpg,Alastair_Campbell_0003.jpg,250,250,JPEG,RGB,7970,4cb789fd6f1e2d22d265ab7c3e9337dae761f71fa461ef96f6903cdb76f67c28
gallery,Alastair_Campbell,multi_image_gallery/Alastair_Campbell/Alastair_Campbell_0004.jpg,Alastair_Campbell_0004.jpg,250,250,JPEG,RGB,7868,22acc7df29885b7e1166546b698c03699bce9bcf4affc789c6df043ca5bc4a8e
gallery,Albert_Costa,multi_image_gallery/Albert_Costa/Albert_Costa_0001.jpg,Albert_Costa_0001.jpg,250,250,JPEG,RGB,7859,294204bc729a77dfc7fe7995d8be25cb94025809b7e649830e818e015f9ea2df
gallery,Albert_Costa,multi_image_gallery/Albert_Costa/Albert_Costa_0002.jpg,Albert_Costa_0002.jpg,250,250,JPEG,RGB,7033,b784db340fe34dd77b7add6de893cc62e2d5b72e382e998fd767074cdfcad0ba
gallery,Albert_Costa,multi_image_gallery/Albert_Costa/Albert_Costa_0003.jpg,Albert_Costa_0003.jpg,250,250,JPEG,RGB,8960,8a7e61efd1efbe388d8030fb382bed036df6d1f1f561353f70709c3bb31bc690
gallery,Albert_Costa,multi_image_gallery/Albert_Costa/Albert_Costa_0004.jpg,Albert_Costa_0004.jpg,250,250,JPEG,RGB,10582,b6358e6821a2033588da5a50e2420919869b1fd6362ce3ebcee2cf2642299148
gallery,Albert_Costa,multi_image_gallery/Albert_Costa/Albert_Costa_0005.jpg,Albert_Costa_0005.jpg,250,250,JPEG,RGB,8652,442ff3aec7c513c6901ecf9948cf68aecd05d3ebee1423dd1bddb80775cd2e06
gallery,Alberto_Fujimori,multi_image_gallery/Alberto_Fujimori/Alberto_Fujimori_0001.jpg,Alberto_Fujimori_0001.jpg,250,250,JPEG,RGB,9050,e3d00b805739ab3f47d6c40534b54c17db1d7247f7306857096dbfaf6ff7cf8f
gallery,Alberto_Ruiz_Gallardon,multi_image_gallery/Alberto_Ruiz_Gallardon/Alberto_Ruiz_Gallardon_0001.jpg,Alberto_Ruiz_Gallardon_0001.jpg,250,250,JPEG,RGB,7237,8add8b524d7b19f82260834cb7034adedbe069aea148e2c789363c8f3a7e826b
gallery,Albrecht_Mentz,multi_image_gallery/Albrecht_Mentz/Albrecht_Mentz_0001.jpg,Albrecht_Mentz_0001.jpg,250,250,JPEG,RGB,7833,dfb52f0db4ae6011ef8f7fd16d3a9d9201474b9b71fe29b29cfdf33965d3d3a4
gallery,Aldo_Paredes,multi_image_gallery/Aldo_Paredes/Aldo_Paredes_0001.jpg,Aldo_Paredes_0001.jpg,250,250,JPEG,RGB,10559,067b9e3055c02bb6ecc78c5e67569b1479b094ad59a3278f834baaa977dd1901
gallery,Alec_Baldwin,multi_image_gallery/Alec_Baldwin/Alec_Baldwin_0001.jpg,Alec_Baldwin_0001.jpg,250,250,JPEG,RGB,9480,c1d71c5f59fdfafae4db4b3620dba7a8cbf34224ec2275de7c7e63428bc2d2cb
gallery,Alec_Baldwin,multi_image_gallery/Alec_Baldwin/Alec_Baldwin_0002.jpg,Alec_Baldwin_0002.jpg,250,250,JPEG,RGB,6704,873b04b4a457fcef45968221509f39ca122af00e527ae4385a5afd3ecb354101
gallery,Alec_Baldwin,multi_image_gallery/Alec_Baldwin/Alec_Baldwin_0003.jpg,Alec_Baldwin_0003.jpg,250,250,JPEG,RGB,8325,ebefbcbd42ab2c4a51915747d5994b38ce4ecb0f007863f08ca629926fafaff2
gallery,Alejandro_Atchugarry,multi_image_gallery/Alejandro_Atchugarry/Alejandro_Atchugarry_0001.jpg,Alejandro_Atchugarry_0001.jpg,250,250,JPEG,RGB,11440,f345e27984bdf9a686969bb3ad287314721e2c2fa851ed45cc36aa45f24b94eb
gallery,Alejandro_Avila,multi_image_gallery/Alejandro_Avila/Alejandro_Avila_0001.jpg,Alejandro_Avila_0001.jpg,250,250,JPEG,RGB,11300,0dd2d78161a0aaf77031ac2e0f515ed4f160ca893487f9a36c24488092fc4762
gallery,Alejandro_Avila,multi_image_gallery/Alejandro_Avila/Alejandro_Avila_0002.jpg,Alejandro_Avila_0002.jpg,250,250,JPEG,RGB,9148,06eeedf158ea9e94a43a4bf9829401ec280ffed07f34e034a68dc1e3f9ce50fd
gallery,Alejandro_Toledo,multi_image_gallery/Alejandro_Toledo/Alejandro_Toledo_0001.jpg,Alejandro_Toledo_0001.jpg,250,250,JPEG,RGB,7266,4dc2bbd9db606a7cfd6fd8b34302eead9e0c2b2fd6f18213c0a3c35615347049
gallery,Alejandro_Toledo,multi_image_gallery/Alejandro_Toledo/Alejandro_Toledo_0002.jpg,Alejandro_Toledo_0002.jpg,250,250,JPEG,RGB,12513,bd2393c0b7accde9866185792c366f41b56cf4fec1d7a0ed37c399bd2a01f624
gallery,Alejandro_Toledo,multi_image_gallery/Alejandro_Toledo/Alejandro_Toledo_0003.jpg,Alejandro_Toledo_0003.jpg,250,250,JPEG,RGB,9284,133c3dee8bae47453a48311bb9f2074686d772c7893c2b1625ab8ae60c8cee85
gallery,Alejandro_Toledo,multi_image_gallery/Alejandro_Toledo/Alejandro_Toledo_0004.jpg,Alejandro_Toledo_0004.jpg,250,250,JPEG,RGB,8746,aed9fdec10173b55328d1213038468dccb7d1e8ee0c8acd2921e1a9685b7a66a
gallery,Alejandro_Toledo,multi_image_gallery/Alejandro_Toledo/Alejandro_Toledo_0005.jpg,Alejandro_Toledo_0005.jpg,250,250,JPEG,RGB,9043,ec43b8fd0ad22f1a58f94995decd9d0fea54da246241eb44142ca3d5f1f8d335
gallery,Alejandro_Toledo,multi_image_gallery/Alejandro_Toledo/Alejandro_Toledo_0006.jpg,Alejandro_Toledo_0006.jpg,250,250,JPEG,RGB,8813,b499175a1bb3160ddbcf51147a849f868cb0af72189384fb9a702551e050134e
gallery,Alejandro_Toledo,multi_image_gallery/Alejandro_Toledo/Alejandro_Toledo_0007.jpg,Alejandro_Toledo_0007.jpg,250,250,JPEG,RGB,9330,bd10e753f0a7b7d594af5c31110d34c98721285954fa820c44199bf2efcd08b2
gallery,Alejandro_Toledo,multi_image_gallery/Alejandro_Toledo/Alejandro_Toledo_0008.jpg,Alejandro_Toledo_0008.jpg,250,250,JPEG,RGB,10973,9567482ba899e7468622b338199f0458107c2e1fcfe9b509dc346d9548a6eefa
gallery,Alejandro_Toledo,multi_image_gallery/Alejandro_Toledo/Alejandro_Toledo_0009.jpg,Alejandro_Toledo_0009.jpg,250,250,JPEG,RGB,7510,cfc7a8ed997072a91181946d98d3a75fac3b9c21be42fce089c2c4246408f48d
gallery,Alejandro_Toledo,multi_image_gallery/Alejandro_Toledo/Alejandro_Toledo_0010.jpg,Alejandro_Toledo_0010.jpg,250,250,JPEG,RGB,8253,3492bd7091062a83fbee85259f94ea21121df3e9e6d58c1d4fb5f855afdd7044
gallery,Aleksander_Kwasniewski,multi_image_gallery/Aleksander_Kwasniewski/Aleksander_Kwasniewski_0001.jpg,Aleksander_Kwasniewski_0001.jpg,250,250,JPEG,RGB,6643,9d3f8b5681bd0dba4b1447331fdb35f308c5f75919b6c098ff760a7d6a75eaaf
gallery,Aleksander_Kwasniewski,multi_image_gallery/Aleksander_Kwasniewski/Aleksander_Kwasniewski_0002.jpg,Aleksander_Kwasniewski_0002.jpg,250,250,JPEG,RGB,8353,3c4aa2832103c0ce67b6b593e4225a1ac69b3647d5462b0a00b06f39ac28640b
gallery,Aleksander_Kwasniewski,multi_image_gallery/Aleksander_Kwasniewski/Aleksander_Kwasniewski_0003.jpg,Aleksander_Kwasniewski_0003.jpg,250,250,JPEG,RGB,9384,6a4e64095a096bea595b03b959987fc9f9f872b77f834a49e11c603dd8589852
gallery,Alex_Barros,multi_image_gallery/Alex_Barros/Alex_Barros_0001.jpg,Alex_Barros_0001.jpg,250,250,JPEG,RGB,7089,1359a4c7d52f94e9a352583620c33c1ef047e1cf571bf35e8dd67c28490d9314
gallery,Alex_Penelas,multi_image_gallery/Alex_Penelas/Alex_Penelas_0001.jpg,Alex_Penelas_0001.jpg,250,250,JPEG,RGB,9362,2d97f91e0fc46e2a54a336ba1f4d4a2528aa9c832e8f564321884ee695b97d0f
gallery,Alexander_Losyukov,multi_image_gallery/Alexander_Losyukov/Alexander_Losyukov_0001.jpg,Alexander_Losyukov_0001.jpg,250,250,JPEG,RGB,7601,9a84303c397cabdacd2ab3f803657d636d5182e1fffcc607f5960477d3c2a097
gallery,Alexander_Losyukov,multi_image_gallery/Alexander_Losyukov/Alexander_Losyukov_0002.jpg,Alexander_Losyukov_0002.jpg,250,250,JPEG,RGB,6466,d258fa72f0eb64f65d9acef13868b0ea161c443ba40615412c3840a5584d0fbd
gallery,Alexander_Losyukov,multi_image_gallery/Alexander_Losyukov/Alexander_Losyukov_0003.jpg,Alexander_Losyukov_0003.jpg,250,250,JPEG,RGB,7622,4fdfa2cb4b588f3f55d16693cd2c6148e760e6152c37c9f25bbf329e40466b78
gallery,Alexander_Rumyantsev,multi_image_gallery/Alexander_Rumyantsev/Alexander_Rumyantsev_0001.jpg,Alexander_Rumyantsev_0001.jpg,250,250,JPEG,RGB,8545,39e2d4f92b2a7e23efae856dd64c53ec8f3fedaa3202ac88674fb339caeaa824
gallery,Alexandra_Stevenson,multi_image_gallery/Alexandra_Stevenson/Alexandra_Stevenson_0001.jpg,Alexandra_Stevenson_0001.jpg,250,250,JPEG,RGB,9220,2f2fc66de82f87a1ccf07c474875de7f4949839e60f3cae4ec2c629d8aaf54b9
gallery,Alexandra_Stevenson,multi_image_gallery/Alexandra_Stevenson/Alexandra_Stevenson_0002.jpg,Alexandra_Stevenson_0002.jpg,250,250,JPEG,RGB,7898,7a421ce6b7dd4f67fda6da303f499b7e03f0c8c7fab7fbe2b28c847f169e6c90
gallery,Alexandra_Vodjanikova,multi_image_gallery/Alexandra_Vodjanikova/Alexandra_Vodjanikova_0001.jpg,Alexandra_Vodjanikova_0001.jpg,250,250,JPEG,RGB,7502,5200d31aac58d8f5ba0738767911f747af4f2d0aff96c6845e32299c15d22f00
gallery,Ali_Abbas,multi_image_gallery/Ali_Abbas/Ali_Abbas_0001.jpg,Ali_Abbas_0001.jpg,250,250,JPEG,RGB,8663,1f0ffe2f8629fd3e0c88a992ddc26779bb22479fa817e4c95423ae5698cf33e4
gallery,Ali_Khamenei,multi_image_gallery/Ali_Khamenei/Ali_Khamenei_0001.jpg,Ali_Khamenei_0001.jpg,250,250,JPEG,RGB,9598,3af8db22813d698ab2245cf6f9d07542f07de07fbf97f7fb790b0c6be2b77d61
gallery,Ali_Khamenei,multi_image_gallery/Ali_Khamenei/Ali_Khamenei_0002.jpg,Ali_Khamenei_0002.jpg,250,250,JPEG,RGB,8988,cf613208c4fcc8ae47b3ab52cdf29bcc9fe54ae562728a219bc27a1815705eea
gallery,Alice_Fisher,multi_image_gallery/Alice_Fisher/Alice_Fisher_0001.jpg,Alice_Fisher_0001.jpg,250,250,JPEG,RGB,7004,59fece3a3fe523372d3df68c116f4c2afde3cc9cb996d424b16e4379f60049f6
gallery,Alicia_Silverstone,multi_image_gallery/Alicia_Silverstone/Alicia_Silverstone_0001.jpg,Alicia_Silverstone_0001.jpg,250,250,JPEG,RGB,9050,6af13aba94264ce4e1929ac1848acc056d112a1d447c9433dca66b3e6f7b2de3
gallery,Alimzhan_Tokhtakhounov,multi_image_gallery/Alimzhan_Tokhtakhounov/Alimzhan_Tokhtakhounov_0001.jpg,Alimzhan_Tokhtakhounov_0001.jpg,250,250,JPEG,RGB,7962,378b23fb3ff432d562901114c10a4aeb54505d230a37980068fcfd03606d79f4
gallery,Alison_Lohman,multi_image_gallery/Alison_Lohman/Alison_Lohman_0001.jpg,Alison_Lohman_0001.jpg,250,250,JPEG,RGB,10413,864290a57bcd87dec2111a3ec42dd645f92aefe052f8a8cb1fc1a278256ee14c
gallery,Allen_Iverson,multi_image_gallery/Allen_Iverson/Allen_Iverson_0001.jpg,Allen_Iverson_0001.jpg,250,250,JPEG,RGB,9307,f3d953c80949ad8652effd44a852fee6fea11971ae9252cdb93d2ba4c9451b49
gallery,Allison_Janney,multi_image_gallery/Allison_Janney/Allison_Janney_0001.jpg,Allison_Janney_0001.jpg,250,250,JPEG,RGB,9046,f6431c720dd0ed6609ab186b51cf8a16181075e8ffc65dee96c5d9b425d8e791
gallery,Alvaro_Noboa,multi_image_gallery/Alvaro_Noboa/Alvaro_Noboa_0001.jpg,Alvaro_Noboa_0001.jpg,250,250,JPEG,RGB,10648,ef3519510fa2f5681592e8e3ae78149c8385deb4c87beb8cd7b4e92e7d0ede31
gallery,Alvaro_Noboa,multi_image_gallery/Alvaro_Noboa/Alvaro_Noboa_0002.jpg,Alvaro_Noboa_0002.jpg,250,250,JPEG,RGB,10026,38e78868b93ed7dd451622ec1f543ff5c7daca73be09f0dbee125a78b132d1fb
gallery,Alvaro_Uribe,multi_image_gallery/Alvaro_Uribe/Alvaro_Uribe_0001.jpg,Alvaro_Uribe_0001.jpg,250,250,JPEG,RGB,9103,c37cd73e7eaa732886b431b76c41c8d0c83fcbcf59d657a19352db8c2af4cd87
gallery,Alvaro_Uribe,multi_image_gallery/Alvaro_Uribe/Alvaro_Uribe_0002.jpg,Alvaro_Uribe_0002.jpg,250,250,JPEG,RGB,8233,4d86fb5a8e28b16fc6be6819d2290c97aa8f13ef964041cd329985dd715d9308
gallery,Alvaro_Uribe,multi_image_gallery/Alvaro_Uribe/Alvaro_Uribe_0003.jpg,Alvaro_Uribe_0003.jpg,250,250,JPEG,RGB,8152,d0250437a950b100fdc15bdbd104baf66c13d06e196cbafbf1864f0a04a7ac3c
gallery,Alvaro_Uribe,multi_image_gallery/Alvaro_Uribe/Alvaro_Uribe_0004.jpg,Alvaro_Uribe_0004.jpg,250,250,JPEG,RGB,8008,b11cc26c6ead466a2793616aee4326c0881d3b31a6ebdf42f9d898403b423df2
gallery,Alvaro_Uribe,multi_image_gallery/Alvaro_Uribe/Alvaro_Uribe_0005.jpg,Alvaro_Uribe_0005.jpg,250,250,JPEG,RGB,9684,d164737ab21ea8c0d5b4c7e2517aa75528ed55c56be35083036cc4dba60cacd6
gallery,Alvaro_Uribe,multi_image_gallery/Alvaro_Uribe/Alvaro_Uribe_0006.jpg,Alvaro_Uribe_0006.jpg,250,250,JPEG,RGB,9078,df844c449ba97b933721a420eb685bd4d2122567bd430d0aa3989f644a124e72
gallery,Alvaro_Uribe,multi_image_gallery/Alvaro_Uribe/Alvaro_Uribe_0007.jpg,Alvaro_Uribe_0007.jpg,250,250,JPEG,RGB,10697,69894e429c3145b2df09e4ecf98949ec20cd1a5d7673e919e22a0236ea52c836
gallery,Alvaro_Uribe,multi_image_gallery/Alvaro_Uribe/Alvaro_Uribe_0008.jpg,Alvaro_Uribe_0008.jpg,250,250,JPEG,RGB,8127,657c78b57deed3ed0af2ec74e23fb0881158b873fba886182fd03d19ac8797ab
gallery,Alvaro_Uribe,multi_image_gallery/Alvaro_Uribe/Alvaro_Uribe_0009.jpg,Alvaro_Uribe_0009.jpg,250,250,JPEG,RGB,7712,6f30f22125bd071c7b450e2eb1c41e0d950054aedeab81f4b9d0136f2188b1b4
gallery,Alvaro_Uribe,multi_image_gallery/Alvaro_Uribe/Alvaro_Uribe_0010.jpg,Alvaro_Uribe_0010.jpg,250,250,JPEG,RGB,9556,7639d25a515f0866a570699bf8ebc369b0a34839ee41c6944c19e7454628e95c
gallery,Amanda_Beard,multi_image_gallery/Amanda_Beard/Amanda_Beard_0001.jpg,Amanda_Beard_0001.jpg,250,250,JPEG,RGB,7586,3e5550a19b5924928d173523624869d7bfe483c82f5c0617bf8b926f0a481c46
gallery,Amanda_Coetzer,multi_image_gallery/Amanda_Coetzer/Amanda_Coetzer_0001.jpg,Amanda_Coetzer_0001.jpg,250,250,JPEG,RGB,10444,9b270649462275a506f4632d9b4706fef336eca366ba87840e0d3232e07ef94d
gallery,Amber_Tamblyn,multi_image_gallery/Amber_Tamblyn/Amber_Tamblyn_0001.jpg,Amber_Tamblyn_0001.jpg,250,250,JPEG,RGB,8443,accbe351364012e94dac1dffd9ab299d668999dceee1354f8eafbcc008e16731
gallery,Amelia_Vega,multi_image_gallery/Amelia_Vega/Amelia_Vega_0001.jpg,Amelia_Vega_0001.jpg,250,250,JPEG,RGB,10577,856836246dd8c456e627cc42667f6ddfef2e344cc878358a478cd21f9a4af3d1
gallery,Amelia_Vega,multi_image_gallery/Amelia_Vega/Amelia_Vega_0002.jpg,Amelia_Vega_0002.jpg,250,250,JPEG,RGB,10296,784b1e9ce5d39b27c495f18bd58b7dd7e25f81bb578ce83942c143004a3d85ca
gallery,Amelia_Vega,multi_image_gallery/Amelia_Vega/Amelia_Vega_0003.jpg,Amelia_Vega_0003.jpg,250,250,JPEG,RGB,8151,5da3876dfdb2d8babec2abb18fc7f781b5c296e7fdb443675cd0936381ca5c38
gallery,Amelia_Vega,multi_image_gallery/Amelia_Vega/Amelia_Vega_0004.jpg,Amelia_Vega_0004.jpg,250,250,JPEG,RGB,9871,36777ad0c0b8fdd569f600c23ef569c2e7198f36e29fc47b6bb9c1a0ee26140d
gallery,Amelia_Vega,multi_image_gallery/Amelia_Vega/Amelia_Vega_0005.jpg,Amelia_Vega_0005.jpg,250,250,JPEG,RGB,8607,d627fb3c97cca537c5573d936683f1bd0c4aba2fdee0ea77947ca7d4739a4189
gallery,Amelia_Vega,multi_image_gallery/Amelia_Vega/Amelia_Vega_0006.jpg,Amelia_Vega_0006.jpg,250,250,JPEG,RGB,7955,c3a4cc9acbd9611c0c1f5384b921c90408ce1711fc861bb206cb208048cb4053
gallery,Amram_Mitzna,multi_image_gallery/Amram_Mitzna/Amram_Mitzna_0001.jpg,Amram_Mitzna_0001.jpg,250,250,JPEG,RGB,7082,95373da44bead7ceae80c6c848e1e3b5b6eae87ff6b89675c7d2881f16d89754
gallery,Anders_Ebbeson,multi_image_gallery/Anders_Ebbeson/Anders_Ebbeson_0001.jpg,Anders_Ebbeson_0001.jpg,250,250,JPEG,RGB,10246,392717f2a151304a25e5856bcf21137d6a44e9054007171135586d3129fd9939
gallery,Anders_Ebbeson,multi_image_gallery/Anders_Ebbeson/Anders_Ebbeson_0002.jpg,Anders_Ebbeson_0002.jpg,250,250,JPEG,RGB,9720,15e4dddd401556e28395a136804a37f9600f56a1e8a9f7fe33bd97a703971d40
gallery,Anders_Fogh_Rasmussen,multi_image_gallery/Anders_Fogh_Rasmussen/Anders_Fogh_Rasmussen_0001.jpg,Anders_Fogh_Rasmussen_0001.jpg,250,250,JPEG,RGB,7472,d5c7eb78d9271ac5dedf764d7868a5fc4f4b81e85850b695e10edd8ced5011be
gallery,Anders_Fogh_Rasmussen,multi_image_gallery/Anders_Fogh_Rasmussen/Anders_Fogh_Rasmussen_0002.jpg,Anders_Fogh_Rasmussen_0002.jpg,250,250,JPEG,RGB,8748,6cb1410f47f20a248992d2fde3071ca76f732c410641dda75cd6984b579400f3
gallery,Anders_Fogh_Rasmussen,multi_image_gallery/Anders_Fogh_Rasmussen/Anders_Fogh_Rasmussen_0003.jpg,Anders_Fogh_Rasmussen_0003.jpg,250,250,JPEG,RGB,8749,12d43ee8fc8858fef2dbc308c7798eacfff40c9d8a2c3acec8cd6c9688ad5707
gallery,Andrei_Mikhnevich,multi_image_gallery/Andrei_Mikhnevich/Andrei_Mikhnevich_0001.jpg,Andrei_Mikhnevich_0001.jpg,250,250,JPEG,RGB,7815,99e8d065faf55cf2aa8d80f17532df2371c65fc8f569a17ce30f0cfaa2d7df04
gallery,Andrew_Bunner,multi_image_gallery/Andrew_Bunner/Andrew_Bunner_0001.jpg,Andrew_Bunner_0001.jpg,250,250,JPEG,RGB,9800,3c6339553160c484d3b934e8a11305eb4fcb3d419dfaa84bc94b17f999d10b7e
gallery,Andrew_Cuomo,multi_image_gallery/Andrew_Cuomo/Andrew_Cuomo_0001.jpg,Andrew_Cuomo_0001.jpg,250,250,JPEG,RGB,8713,3c6439d5611a6e7680c6b1a28f198b312dcb2474a339d7f40975d94b6a611b89
gallery,Andrew_Niccol,multi_image_gallery/Andrew_Niccol/Andrew_Niccol_0001.jpg,Andrew_Niccol_0001.jpg,250,250,JPEG,RGB,10499,88561e37493ad78ec6176a929bcd051e4128bb81f0a916c12f935760788c34b2
gallery,Andy_Hebb,multi_image_gallery/Andy_Hebb/Andy_Hebb_0001.jpg,Andy_Hebb_0001.jpg,250,250,JPEG,RGB,10305,aaff4bb63249a890ddfea4b412ee4a9157a90be2ff624d1ede5cfa7fc5f6a468
gallery,Angela_Lansbury,multi_image_gallery/Angela_Lansbury/Angela_Lansbury_0001.jpg,Angela_Lansbury_0001.jpg,250,250,JPEG,RGB,7104,d7981fff011d229576b7f3fd3fe65edd2188bbfbaf9eb0a16e335bd4df04e4b4
gallery,Angelo_Reyes,multi_image_gallery/Angelo_Reyes/Angelo_Reyes_0001.jpg,Angelo_Reyes_0001.jpg,250,250,JPEG,RGB,8592,8bf0f331fe52bfcdcc19dc473ba800b6369560875ce249761b420f452920ba45
gallery,Angelo_Reyes,multi_image_gallery/Angelo_Reyes/Angelo_Reyes_0002.jpg,Angelo_Reyes_0002.jpg,250,250,JPEG,RGB,9721,e3fb13bdbab1d0ddca179bf7db7050a8d62637ee26c6d3f3f2b0cdd96b42e2a8
gallery,Angelo_Reyes,multi_image_gallery/Angelo_Reyes/Angelo_Reyes_0003.jpg,Angelo_Reyes_0003.jpg,250,250,JPEG,RGB,8764,fa36da4a21f6121857c485de85f20fde72d66df35d73607168ac1d714d21b08e
gallery,Anibal_Ibarra,multi_image_gallery/Anibal_Ibarra/Anibal_Ibarra_0001.jpg,Anibal_Ibarra_0001.jpg,250,250,JPEG,RGB,10076,949bbad057d0c55c10159663544bc280acc6f067ffe750ae4891735723dce225
gallery,Anibal_Ibarra,multi_image_gallery/Anibal_Ibarra/Anibal_Ibarra_0002.jpg,Anibal_Ibarra_0002.jpg,250,250,JPEG,RGB,11359,5e05cc0320b1863ffa2f41675ec7a76525e207a016c5180cfd0ed2f6dce8b30f
gallery,Ann_Veneman,multi_image_gallery/Ann_Veneman/Ann_Veneman_0001.jpg,Ann_Veneman_0001.jpg,250,250,JPEG,RGB,12224,5a53a5d0445dc4aa962a0369c96153f3b32fd7ea625df701e86003e1b6f4ed43
gallery,Ann_Veneman,multi_image_gallery/Ann_Veneman/Ann_Veneman_0002.jpg,Ann_Veneman_0002.jpg,250,250,JPEG,RGB,9418,9cc55e3c8232ad98904039a0bce006306204bcab68eb9179cc3ad0f9bef63dc7
gallery,Ann_Veneman,multi_image_gallery/Ann_Veneman/Ann_Veneman_0003.jpg,Ann_Veneman_0003.jpg,250,250,JPEG,RGB,9882,4a9154ad38b50f381934097e985c2acc45607ba9e75f42f48795d835bcca38e7
gallery,Ann_Veneman,multi_image_gallery/Ann_Veneman/Ann_Veneman_0004.jpg,Ann_Veneman_0004.jpg,250,250,JPEG,RGB,6831,c2435386d43b0258c109f1b2d7d0e87e1c87717aae61c01d32ec2cd10f43c6ef
gallery,Ann_Veneman,multi_image_gallery/Ann_Veneman/Ann_Veneman_0005.jpg,Ann_Veneman_0005.jpg,250,250,JPEG,RGB,10928,0e063bda9df320d473501445c5c7b4d7712d8b79c5ba10049bbabfff6a734247
gallery,Ann_Veneman,multi_image_gallery/Ann_Veneman/Ann_Veneman_0006.jpg,Ann_Veneman_0006.jpg,250,250,JPEG,RGB,9828,b4bf09e8b20983a8d33c93d2fe26dad46b403fbe44ada07122005e7288286b36
gallery,Ann_Veneman,multi_image_gallery/Ann_Veneman/Ann_Veneman_0007.jpg,Ann_Veneman_0007.jpg,250,250,JPEG,RGB,10284,b72392d0204a10c2e5b1142c46d9d58666a7de234771420e91b477347db93565
gallery,Ann_Veneman,multi_image_gallery/Ann_Veneman/Ann_Veneman_0008.jpg,Ann_Veneman_0008.jpg,250,250,JPEG,RGB,8132,541cf4f2cae1579ebac11a52500119bd3fefcc21dab98a9a271c170e80fc15a2
gallery,Ann_Veneman,multi_image_gallery/Ann_Veneman/Ann_Veneman_0009.jpg,Ann_Veneman_0009.jpg,250,250,JPEG,RGB,8446,9aa451b33071d59a03c3973a0d1466c5248ca68552a87f11e0a778baa0ac68d4
gallery,Ann_Veneman,multi_image_gallery/Ann_Veneman/Ann_Veneman_0010.jpg,Ann_Veneman_0010.jpg,250,250,JPEG,RGB,10370,59ed88f5093c09b7e8715f4ec6138699d849b2a32f89c73eb3c7c133fc25604d
gallery,Anna_Kournikova,multi_image_gallery/Anna_Kournikova/Anna_Kournikova_0001.jpg,Anna_Kournikova_0001.jpg,250,250,JPEG,RGB,9099,8251dd60ae5ee66ae164c84f59d3744491f8c4e33f8c0f0fcdb2eade3f52730a
gallery,Anna_Kournikova,multi_image_gallery/Anna_Kournikova/Anna_Kournikova_0002.jpg,Anna_Kournikova_0002.jpg,250,250,JPEG,RGB,8397,fb38b14d2c19cec9ec2c75d2112dbe0fa66f4915db31d71f283e232c50dcae2f
gallery,Anna_Kournikova,multi_image_gallery/Anna_Kournikova/Anna_Kournikova_0003.jpg,Anna_Kournikova_0003.jpg,250,250,JPEG,RGB,8104,4180aed7fe1c5cee1b5b7ab0975683d1208680b44760f1aa48993995d5ab0185
gallery,Anna_Kournikova,multi_image_gallery/Anna_Kournikova/Anna_Kournikova_0004.jpg,Anna_Kournikova_0004.jpg,250,250,JPEG,RGB,7645,72bbba8dd0e16b728d523c4373007c406ea0479de2e28add384eee787524c79e
gallery,Anna_Kournikova,multi_image_gallery/Anna_Kournikova/Anna_Kournikova_0005.jpg,Anna_Kournikova_0005.jpg,250,250,JPEG,RGB,9199,5057f4638a3570e33e59530f98937232a0deb1fa86791b3a176ee4000c391883
gallery,Anna_Kournikova,multi_image_gallery/Anna_Kournikova/Anna_Kournikova_0006.jpg,Anna_Kournikova_0006.jpg,250,250,JPEG,RGB,8287,ad1a53e66d838f5dbc3643fc08c5254ebeddf80cb9332db898e47210b4d5e431
gallery,Anna_Kournikova,multi_image_gallery/Anna_Kournikova/Anna_Kournikova_0007.jpg,Anna_Kournikova_0007.jpg,250,250,JPEG,RGB,8825,53a80f0db823678570d4a17f649cb927b8d0f53d5f529ccfc189fa86337ac377
gallery,Anna_Kournikova,multi_image_gallery/Anna_Kournikova/Anna_Kournikova_0008.jpg,Anna_Kournikova_0008.jpg,250,250,JPEG,RGB,10351,0df4c19a7e40a6a67a8b1a182014ff655f62fea7857131246be68112989e9f84
gallery,Anna_Kournikova,multi_image_gallery/Anna_Kournikova/Anna_Kournikova_0009.jpg,Anna_Kournikova_0009.jpg,250,250,JPEG,RGB,9252,11e3697434145fd6921c7eb374f46eb67200dbc6e9a70bf8de0df1df343cca2c
gallery,Anna_Kournikova,multi_image_gallery/Anna_Kournikova/Anna_Kournikova_0010.jpg,Anna_Kournikova_0010.jpg,250,250,JPEG,RGB,8692,f8638d12afdca72f76171ec4ad9143ad7a5193e965edf02f0d69cf0cbef43575
gallery,Anna_Nicole_Smith,multi_image_gallery/Anna_Nicole_Smith/Anna_Nicole_Smith_0001.jpg,Anna_Nicole_Smith_0001.jpg,250,250,JPEG,RGB,7988,2ecf74b6e514a3a47085ec84b0938e5033c86508b8ca7fe6dca1d4f70b6f11c8
gallery,Anneli_Jaatteenmaki,multi_image_gallery/Anneli_Jaatteenmaki/Anneli_Jaatteenmaki_0001.jpg,Anneli_Jaatteenmaki_0001.jpg,250,250,JPEG,RGB,8901,5a7f1f5af9546ff5e191ace30da14db202d3fb76148968942cb303f585afbe98
gallery,Annette_Bening,multi_image_gallery/Annette_Bening/Annette_Bening_0001.jpg,Annette_Bening_0001.jpg,250,250,JPEG,RGB,8344,1b7c4aa9c2490720527af3ca7def571efcad4dc8e94a1a8cbacbf51d7ff05c01
gallery,Annette_Lu,multi_image_gallery/Annette_Lu/Annette_Lu_0001.jpg,Annette_Lu_0001.jpg,250,250,JPEG,RGB,7752,5c2816ea23d52ed1c03195fe7a4dc356949fb9764290735bd5d812940582d994
gallery,Annette_Lu,multi_image_gallery/Annette_Lu/Annette_Lu_0002.jpg,Annette_Lu_0002.jpg,250,250,JPEG,RGB,8765,cfa08173451b494a0c499ef48945046523d5664f3a154b8942ec1412344da503
gallery,Anthony_Fauci,multi_image_gallery/Anthony_Fauci/Anthony_Fauci_0001.jpg,Anthony_Fauci_0001.jpg,250,250,JPEG,RGB,9009,33649b438145530706b9c2ec7477322ccde9e1040a7b39099767550b6f2f93db
gallery,Anthony_Hopkins,multi_image_gallery/Anthony_Hopkins/Anthony_Hopkins_0001.jpg,Anthony_Hopkins_0001.jpg,250,250,JPEG,RGB,8451,c6a6493c2262bf25ed473cc351cf66b5f1d3c688c369ddf13c27f5d5ed583882
gallery,Anthony_LaPaglia,multi_image_gallery/Anthony_LaPaglia/Anthony_LaPaglia_0001.jpg,Anthony_LaPaglia_0001.jpg,250,250,JPEG,RGB,8866,adae3ab4d557a34265b91116a4be4e85f5576aa4cea1e158f6d0a7ba40891bea
gallery,Antonio_Banderas,multi_image_gallery/Antonio_Banderas/Antonio_Banderas_0001.jpg,Antonio_Banderas_0001.jpg,250,250,JPEG,RGB,8724,a9a5fea917bf235631c71025b4807a8ed07282889ea0dc2a130823e2cd91f297
gallery,Antonio_Banderas,multi_image_gallery/Antonio_Banderas/Antonio_Banderas_0002.jpg,Antonio_Banderas_0002.jpg,250,250,JPEG,RGB,8830,3d23ffae5c4efe27ad2e6cd97a285986c29fd8f803beabe8f8696f928afddadf
gallery,Antonio_Banderas,multi_image_gallery/Antonio_Banderas/Antonio_Banderas_0003.jpg,Antonio_Banderas_0003.jpg,250,250,JPEG,RGB,8440,60bb528c1936678a563515f1f55001319a9a6ba6e7bbbe0e243b45bfc631b874
gallery,Antonio_Banderas,multi_image_gallery/Antonio_Banderas/Antonio_Banderas_0004.jpg,Antonio_Banderas_0004.jpg,250,250,JPEG,RGB,11114,eaf4e6a51487166c3f15ab69b07a685d99cb2dc0928b022b551b827c0c560f8d
gallery,Antony_Leung,multi_image_gallery/Antony_Leung/Antony_Leung_0001.jpg,Antony_Leung_0001.jpg,250,250,JPEG,RGB,9275,c79aac89ee66ab8141dbf5db4c355312b586af6a5a475499bcc4d81a570033e9
gallery,Antony_Leung,multi_image_gallery/Antony_Leung/Antony_Leung_0002.jpg,Antony_Leung_0002.jpg,250,250,JPEG,RGB,7780,9ca438d5ef4a6a3c4e54f920f454a61ce459ac3539032f8dc2f745f1f330ac8a
gallery,Antony_Leung,multi_image_gallery/Antony_Leung/Antony_Leung_0003.jpg,Antony_Leung_0003.jpg,250,250,JPEG,RGB,6966,62f542a1f74a3b99a401696d7331940e6a3fc0a2c7189fb1ac0d74d95f37fb72
gallery,Anwar_Ibrahim,multi_image_gallery/Anwar_Ibrahim/Anwar_Ibrahim_0001.jpg,Anwar_Ibrahim_0001.jpg,250,250,JPEG,RGB,10593,d990d4f2f3606e207033b51aa9d3b952326f8753c3403bbc85125a7a3ac92460
gallery,Arantxa_Sanchez-Vicario,multi_image_gallery/Arantxa_Sanchez-Vicario/Arantxa_Sanchez-Vicario_0001.jpg,Arantxa_Sanchez-Vicario_0001.jpg,250,250,JPEG,RGB,10676,e988725e449bf45bca8d9bd068068a3adf8220642caf4d508e090e7f3fb1164f
gallery,Arianna_Huffington,multi_image_gallery/Arianna_Huffington/Arianna_Huffington_0001.jpg,Arianna_Huffington_0001.jpg,250,250,JPEG,RGB,9520,42f48f245d0643e04ffcd5578293322432e9397579c8bde81b44bbe1977e2c93
gallery,Arianna_Huffington,multi_image_gallery/Arianna_Huffington/Arianna_Huffington_0002.jpg,Arianna_Huffington_0002.jpg,250,250,JPEG,RGB,8781,be1c56322fbf39fceaf75c52bdff4ff61a4fb72508d6859858e9f882877ec69e
gallery,Arianna_Huffington,multi_image_gallery/Arianna_Huffington/Arianna_Huffington_0003.jpg,Arianna_Huffington_0003.jpg,250,250,JPEG,RGB,10010,860abb5b89f6cb906e072aeb0e791c9792f3f714d903cf5454ee64b010cf601c
gallery,Arlen_Specter,multi_image_gallery/Arlen_Specter/Arlen_Specter_0001.jpg,Arlen_Specter_0001.jpg,250,250,JPEG,RGB,8866,3f2a3663f9ce9142b96142f928575de99942bbbb3dd2c3332d9872de03e07a96
gallery,Arlen_Specter,multi_image_gallery/Arlen_Specter/Arlen_Specter_0002.jpg,Arlen_Specter_0002.jpg,250,250,JPEG,RGB,8238,c2b3e48fc7fbd317088942428499b931d3de366c97b910224d4815725cd62832
gallery,Arnaud_Clement,multi_image_gallery/Arnaud_Clement/Arnaud_Clement_0001.jpg,Arnaud_Clement_0001.jpg,250,250,JPEG,RGB,9187,ab523296c59c0d87783938c671da4afe0098dbef702a13a7d099a4f7b4f470a9
gallery,Arnold_Palmer,multi_image_gallery/Arnold_Palmer/Arnold_Palmer_0001.jpg,Arnold_Palmer_0001.jpg,250,250,JPEG,RGB,7971,447391c89099198ff7f5d0ac87af4b88f26d334ffb7ddb25bbb83166ae1168c3
gallery,Arnold_Palmer,multi_image_gallery/Arnold_Palmer/Arnold_Palmer_0002.jpg,Arnold_Palmer_0002.jpg,250,250,JPEG,RGB,8689,897c4abe582ba3509803ec751eadfbd4cde5d24633a558ab6b0bd1d9d5c734b5
gallery,Aron_Ralston,multi_image_gallery/Aron_Ralston/Aron_Ralston_0001.jpg,Aron_Ralston_0001.jpg,250,250,JPEG,RGB,7715,f7debd022c379167aa59b3046e36c2f6a619e61efe4499d7a718e4ae4522b922
gallery,Arsinee_Khanjian,multi_image_gallery/Arsinee_Khanjian/Arsinee_Khanjian_0001.jpg,Arsinee_Khanjian_0001.jpg,250,250,JPEG,RGB,7951,201c07758eca3486ceb636293cd746579e495068ba12d0d2a814440b4085266b
gallery,Art_Hoffmann,multi_image_gallery/Art_Hoffmann/Art_Hoffmann_0001.jpg,Art_Hoffmann_0001.jpg,250,250,JPEG,RGB,9005,296b65f6dd2f85255a05ad6550c2064ecad05227275f39b1d548e01aa325092e
gallery,Art_Howe,multi_image_gallery/Art_Howe/Art_Howe_0001.jpg,Art_Howe_0001.jpg,250,250,JPEG,RGB,9781,63393eb4ebe9d113f7047b783c9e60f7107b05f96d405aacb1245e3a9d854354
gallery,Art_Howe,multi_image_gallery/Art_Howe/Art_Howe_0002.jpg,Art_Howe_0002.jpg,250,250,JPEG,RGB,9948,840f4215fe15da2ed20f9f223c7a0246d6ac11d0e72cacbc604b614723c043f4
gallery,Art_Howe,multi_image_gallery/Art_Howe/Art_Howe_0003.jpg,Art_Howe_0003.jpg,250,250,JPEG,RGB,7254,82055a7cc43f6be40dd869a73d657a7213f466c14035a1c514273f17a9c9a9aa
gallery,Arye_Mekel,multi_image_gallery/Arye_Mekel/Arye_Mekel_0001.jpg,Arye_Mekel_0001.jpg,250,250,JPEG,RGB,9257,b4a85ea4e11913a7835d6cc01ac1aab4d9ee0091f3d49246116c18c540b7515d
gallery,Asa_Hutchinson,multi_image_gallery/Asa_Hutchinson/Asa_Hutchinson_0001.jpg,Asa_Hutchinson_0001.jpg,250,250,JPEG,RGB,8052,ac28cdd7b7564ba3fb2ac7d1debdd92e3ab402dc0265fff8374f15e0abf49434
gallery,Ashanti,multi_image_gallery/Ashanti/Ashanti_0001.jpg,Ashanti_0001.jpg,250,250,JPEG,RGB,9854,09f949b18a5cb77cd9c4803f1ebb0bae94c7b2bde333ae90f73278892e40c94b
gallery,Ashanti,multi_image_gallery/Ashanti/Ashanti_0002.jpg,Ashanti_0002.jpg,250,250,JPEG,RGB,11388,1d52ddd94e0c32435e8f49d13b98618d8cc97f397e8b255d7cfed86ae1913599
gallery,Ashanti,multi_image_gallery/Ashanti/Ashanti_0003.jpg,Ashanti_0003.jpg,250,250,JPEG,RGB,7951,55df28203228807cd02dab1e92d696c9a317931aa16f11d8af761962576a57af
gallery,Ashanti,multi_image_gallery/Ashanti/Ashanti_0004.jpg,Ashanti_0004.jpg,250,250,JPEG,RGB,8107,fad7a80c1e1d2c8978f2d09aca6aff592d356bea99bcafc17c2e55a4f9029613
gallery,Augustin_Calleri,multi_image_gallery/Augustin_Calleri/Augustin_Calleri_0001.jpg,Augustin_Calleri_0001.jpg,250,250,JPEG,RGB,7992,313c9262352cf4484de808a25579a16c2b6ed6c9aae47dbcb64bd8b21563b704
gallery,Augustin_Calleri,multi_image_gallery/Augustin_Calleri/Augustin_Calleri_0002.jpg,Augustin_Calleri_0002.jpg,250,250,JPEG,RGB,8370,2c377518e975cc191c481079d5c94fb96c70f8c2418ee58ab5cb14d357ff1916
gallery,Augustin_Calleri,multi_image_gallery/Augustin_Calleri/Augustin_Calleri_0003.jpg,Augustin_Calleri_0003.jpg,250,250,JPEG,RGB,9472,d84312b7ef7689d025ecf6900236bbf904d11420bdd2674adb0efc786978c2c7
gallery,Augusto_Pinochet,multi_image_gallery/Augusto_Pinochet/Augusto_Pinochet_0001.jpg,Augusto_Pinochet_0001.jpg,250,250,JPEG,RGB,8225,8c1ff7617818026baf47ace929a2c4561fa13d6302f7c0c2d9cf4ea3207b12f7
gallery,Augusto_Roa_Bastos,multi_image_gallery/Augusto_Roa_Bastos/Augusto_Roa_Bastos_0001.jpg,Augusto_Roa_Bastos_0001.jpg,250,250,JPEG,RGB,8762,e0c2f72beb55f97adf67a167444dbfa3a473cb13a7e03ab470e9233d80597333
gallery,Aung_San_Suu_Kyi,multi_image_gallery/Aung_San_Suu_Kyi/Aung_San_Suu_Kyi_0001.jpg,Aung_San_Suu_Kyi_0001.jpg,250,250,JPEG,RGB,8455,754f13cdb0c72a66d1512f3f8120cbc94538305b4a5c1b8935daca85ebe5807b
gallery,Barbara_Brezigar,multi_image_gallery/Barbara_Brezigar/Barbara_Brezigar_0001.jpg,Barbara_Brezigar_0001.jpg,250,250,JPEG,RGB,8269,3051e2bf05c37c6e1942b5040455d0ee0030b58b846ccedbbc1fbe922445f379
gallery,Barbara_Walters,multi_image_gallery/Barbara_Walters/Barbara_Walters_0001.jpg,Barbara_Walters_0001.jpg,250,250,JPEG,RGB,10890,ab01974d253b515ccabfea6fab1c44ea1308b60fc236fc88b0108e6aa3a82928
gallery,Barbara_Walters,multi_image_gallery/Barbara_Walters/Barbara_Walters_0002.jpg,Barbara_Walters_0002.jpg,250,250,JPEG,RGB,10427,c9de15f029ec46e8b34c4184f5be7e42b65e75e8ae6812cdb973109ecfdfbe6c
gallery,Barbara_Walters,multi_image_gallery/Barbara_Walters/Barbara_Walters_0003.jpg,Barbara_Walters_0003.jpg,250,250,JPEG,RGB,10018,75c0c801dd7d672d0d6ddb6697914f74b4bd2ab1363c36073cbc0df4e500be92
gallery,Barbra_Streisand,multi_image_gallery/Barbra_Streisand/Barbra_Streisand_0001.jpg,Barbra_Streisand_0001.jpg,250,250,JPEG,RGB,7728,208311c3ec9dc1633acca173ae67d5bcad873512d418272904f2b9b886cfafa5
gallery,Barbra_Streisand,multi_image_gallery/Barbra_Streisand/Barbra_Streisand_0002.jpg,Barbra_Streisand_0002.jpg,250,250,JPEG,RGB,8635,78ad71c42abf840de775543e1821f30aa431de437868025f9388ccf0a3b94e5b
gallery,Barrett_Jackman,multi_image_gallery/Barrett_Jackman/Barrett_Jackman_0001.jpg,Barrett_Jackman_0001.jpg,250,250,JPEG,RGB,10852,337c24e60cfb392a968df87537be1806fffd6de2e0f433c69bfb9430d5cf10f8
gallery,Barry_Alvarez,multi_image_gallery/Barry_Alvarez/Barry_Alvarez_0001.jpg,Barry_Alvarez_0001.jpg,250,250,JPEG,RGB,7998,c52b10897f8f29435ddc87bd32df0d288add81a187d27ab7512a00193d83eade
gallery,Barry_Zito,multi_image_gallery/Barry_Zito/Barry_Zito_0001.jpg,Barry_Zito_0001.jpg,250,250,JPEG,RGB,5993,e46273e7b2e7432b117b2074448692725c620a0fcb81b866e5c83e9cc91ad868
gallery,Bashar_Assad,multi_image_gallery/Bashar_Assad/Bashar_Assad_0001.jpg,Bashar_Assad_0001.jpg,250,250,JPEG,RGB,8292,6cf89d3a2e6e012c5b4b640aa87d0719cabac7f4f15ad3b5e7706033db44699e
gallery,Bashar_Assad,multi_image_gallery/Bashar_Assad/Bashar_Assad_0002.jpg,Bashar_Assad_0002.jpg,250,250,JPEG,RGB,7649,cb1d21c2bf57da20a43cbb20094c87d52f5f03c5fe299b7df328d6b18c636e31
gallery,Bashar_Assad,multi_image_gallery/Bashar_Assad/Bashar_Assad_0003.jpg,Bashar_Assad_0003.jpg,250,250,JPEG,RGB,9865,a97fc6cdb74cd3b526bc6de66bb1acf71ed169cb255e6cb64f254feb0711ad54
gallery,Begum_Khaleda_Zia,multi_image_gallery/Begum_Khaleda_Zia/Begum_Khaleda_Zia_0001.jpg,Begum_Khaleda_Zia_0001.jpg,250,250,JPEG,RGB,9274,7edd45aee7841c825a6b3415a152bf3fb265091df47e54fc54f998e3983f56c5
gallery,Ben_Curtis,multi_image_gallery/Ben_Curtis/Ben_Curtis_0001.jpg,Ben_Curtis_0001.jpg,250,250,JPEG,RGB,10915,6b1357ad0b4407f86c1fa34ad75f196cd9114bffb1396725e9b1dfa681e63e49
gallery,Ben_Curtis,multi_image_gallery/Ben_Curtis/Ben_Curtis_0002.jpg,Ben_Curtis_0002.jpg,250,250,JPEG,RGB,10346,a82f2c5a0d83689c80369d7837ea8a7157c7fd15815eebd48eb8015a1c123847
gallery,Ben_Glisan,multi_image_gallery/Ben_Glisan/Ben_Glisan_0001.jpg,Ben_Glisan_0001.jpg,250,250,JPEG,RGB,9910,3e65908987caf366e074819b5b7e1326c41e1324a8fa491507f2ede723d5bf8e
gallery,Benazir_Bhutto,multi_image_gallery/Benazir_Bhutto/Benazir_Bhutto_0001.jpg,Benazir_Bhutto_0001.jpg,250,250,JPEG,RGB,7959,ca7272d81bcc8db1d798cc9b4007d08048cefc13900d2b61c150135fd27cb7d2
gallery,Benazir_Bhutto,multi_image_gallery/Benazir_Bhutto/Benazir_Bhutto_0002.jpg,Benazir_Bhutto_0002.jpg,250,250,JPEG,RGB,7004,818a4303b6e2f0bb11c2e269fed65ff43a6bda2c2e7b3f9f19af67928c995c0a
gallery,Benazir_Bhutto,multi_image_gallery/Benazir_Bhutto/Benazir_Bhutto_0003.jpg,Benazir_Bhutto_0003.jpg,250,250,JPEG,RGB,12892,55702c298256203ef17889d8417319c27efcad381e70c1c843c7515ec3c3a176
gallery,Benazir_Bhutto,multi_image_gallery/Benazir_Bhutto/Benazir_Bhutto_0004.jpg,Benazir_Bhutto_0004.jpg,250,250,JPEG,RGB,11356,16957e1af2880d0d26b0b2c9e3a1a082e4c7eb58cffd6ac9078c6286bb38da28
gallery,Benjamin_Netanyahu,multi_image_gallery/Benjamin_Netanyahu/Benjamin_Netanyahu_0001.jpg,Benjamin_Netanyahu_0001.jpg,250,250,JPEG,RGB,7117,d9cd4e9913abc59ae97294ef3d8b91fc290023bfa28cf779d87698e929d8fa4f
gallery,Benjamin_Netanyahu,multi_image_gallery/Benjamin_Netanyahu/Benjamin_Netanyahu_0002.jpg,Benjamin_Netanyahu_0002.jpg,250,250,JPEG,RGB,8180,47cf0c0bc3619cbf7621be0e4f0434001973a20ea6d893282cd4b8803f4aff4b
gallery,Benjamin_Netanyahu,multi_image_gallery/Benjamin_Netanyahu/Benjamin_Netanyahu_0003.jpg,Benjamin_Netanyahu_0003.jpg,250,250,JPEG,RGB,8505,ca67e68f158ab4b3b177120e2af8abe27a70f5f4f054adfecb5ba6d3c367156c
gallery,Benjamin_Netanyahu,multi_image_gallery/Benjamin_Netanyahu/Benjamin_Netanyahu_0004.jpg,Benjamin_Netanyahu_0004.jpg,250,250,JPEG,RGB,7064,a2aa2f583696e76475c8eb7245d1309eea3b9fa3536b97bb6df1414224486db1
gallery,Bernard_Landry,multi_image_gallery/Bernard_Landry/Bernard_Landry_0001.jpg,Bernard_Landry_0001.jpg,250,250,JPEG,RGB,7518,a194055bac51356c99375ae0d6edc12d38c2ec93d973f60e7825f422a1a1ffed
gallery,Bernard_Landry,multi_image_gallery/Bernard_Landry/Bernard_Landry_0002.jpg,Bernard_Landry_0002.jpg,250,250,JPEG,RGB,8614,a19ef1dc6cc7d2a13717df13da66f76d607f213c2dc876b54466cec0d689741e
gallery,Bernard_Landry,multi_image_gallery/Bernard_Landry/Bernard_Landry_0003.jpg,Bernard_Landry_0003.jpg,250,250,JPEG,RGB,8906,5b2bb28a571ac4a8476433fe2858684acb8ef895310ba01ef839ecbd1e5b848a
gallery,Bernard_Lord,multi_image_gallery/Bernard_Lord/Bernard_Lord_0001.jpg,Bernard_Lord_0001.jpg,250,250,JPEG,RGB,7216,e9fc157088b2694bbcb845d484a0b86c29d70a806771e2878477121ee16b9d32
gallery,Bernardo_Segura,multi_image_gallery/Bernardo_Segura/Bernardo_Segura_0001.jpg,Bernardo_Segura_0001.jpg,250,250,JPEG,RGB,11562,d8337c3b090a758b6e51e29a0f1ff2005eb5ac65eb9f1f5e75d6472a002437ae
gallery,Bertrand_Bonello,multi_image_gallery/Bertrand_Bonello/Bertrand_Bonello_0001.jpg,Bertrand_Bonello_0001.jpg,250,250,JPEG,RGB,9440,cbabbcccc2bc979a21e260b1e7119a98e249f039d3f8d617beb55fd13e7c6785
gallery,Beth_Jones,multi_image_gallery/Beth_Jones/Beth_Jones_0001.jpg,Beth_Jones_0001.jpg,250,250,JPEG,RGB,7548,be9d9221bdca01d50aeaf0aa85d5ca7067c7a70a7bf3e8263f2b18cca4169b35
gallery,Betsy_Smith,multi_image_gallery/Betsy_Smith/Betsy_Smith_0001.jpg,Betsy_Smith_0001.jpg,250,250,JPEG,RGB,9133,44c1ec78a3638595a3b66fab3db3b560209afe44afa893562f0d72bc693c7273
gallery,Bijan_Namdar_Zangeneh,multi_image_gallery/Bijan_Namdar_Zangeneh/Bijan_Namdar_Zangeneh_0001.jpg,Bijan_Namdar_Zangeneh_0001.jpg,250,250,JPEG,RGB,8450,f52c12c18b8f5068e86e4bc03118014fc596493bc449583cab4c53eb3ff2254d
gallery,Biljana_Plavsic,multi_image_gallery/Biljana_Plavsic/Biljana_Plavsic_0001.jpg,Biljana_Plavsic_0001.jpg,250,250,JPEG,RGB,8542,de89dd349c26b6035c37fc1ae9420050fbbb2de0e06278edd61465277019908a
gallery,Biljana_Plavsic,multi_image_gallery/Biljana_Plavsic/Biljana_Plavsic_0002.jpg,Biljana_Plavsic_0002.jpg,250,250,JPEG,RGB,9655,c37020302d787db82e97e89600a76decc690421b1879fa20abe817a7ce09766b
gallery,Bill_Belichick,multi_image_gallery/Bill_Belichick/Bill_Belichick_0001.jpg,Bill_Belichick_0001.jpg,250,250,JPEG,RGB,8544,fb35daab001c684f16c929f42982db522243487596d60c3a41e60ea4d1f9cbf3
gallery,Bill_Callahan,multi_image_gallery/Bill_Callahan/Bill_Callahan_0001.jpg,Bill_Callahan_0001.jpg,250,250,JPEG,RGB,7763,167099558dd196e830a1f7bef702e3c6ea466eafff46b107baa72c66c3a1a99e
gallery,Bill_Callahan,multi_image_gallery/Bill_Callahan/Bill_Callahan_0002.jpg,Bill_Callahan_0002.jpg,250,250,JPEG,RGB,9861,b59a4c283ddf997b316f2d052e25b9bff753f31a1f9290c8016c4106c9d6aa9d
gallery,Bill_Frist,multi_image_gallery/Bill_Frist/Bill_Frist_0001.jpg,Bill_Frist_0001.jpg,250,250,JPEG,RGB,7613,ba804d9c67a5f89ae08475199f0c2cda6f83c057ef86fd3e0c85b7febd4df893
gallery,Bill_Frist,multi_image_gallery/Bill_Frist/Bill_Frist_0002.jpg,Bill_Frist_0002.jpg,250,250,JPEG,RGB,8222,35999a9b8d27c921abbde09b45f64ecb4ede1b8aa1afd2a99c0bcc899d3deabd
gallery,Bill_Frist,multi_image_gallery/Bill_Frist/Bill_Frist_0003.jpg,Bill_Frist_0003.jpg,250,250,JPEG,RGB,6641,1ee21c03fb8c807f19184baf02163e8b5dddde3908fc068e60d7f867c7512c02
gallery,Bill_Frist,multi_image_gallery/Bill_Frist/Bill_Frist_0004.jpg,Bill_Frist_0004.jpg,250,250,JPEG,RGB,7045,ef1cd6cde3f36bf146dbe83d480b29af7c0b6cf27441412f45c83049cea90ab7
gallery,Bill_Frist,multi_image_gallery/Bill_Frist/Bill_Frist_0005.jpg,Bill_Frist_0005.jpg,250,250,JPEG,RGB,8755,776d019928ef329ba7a5f21104e8e683145984bb1fbd30bf76a21a4cde4e2408
gallery,Bill_Frist,multi_image_gallery/Bill_Frist/Bill_Frist_0006.jpg,Bill_Frist_0006.jpg,250,250,JPEG,RGB,9198,18acf9955525121d337a70f4b755c1e5d825cc0f9c35247d405f8936682d4764
gallery,Bill_Frist,multi_image_gallery/Bill_Frist/Bill_Frist_0007.jpg,Bill_Frist_0007.jpg,250,250,JPEG,RGB,7105,7293c328db6f5cfed61eeb818af00f1beee9cf6c0379fc3b89ce3f02f40fe357
gallery,Bill_Frist,multi_image_gallery/Bill_Frist/Bill_Frist_0008.jpg,Bill_Frist_0008.jpg,250,250,JPEG,RGB,9283,4945fb80e091be2b45ad66f199fe4abf91417868272c9dc1b40a589a1289e024
gallery,Bill_Gates,multi_image_gallery/Bill_Gates/Bill_Gates_0001.jpg,Bill_Gates_0001.jpg,250,250,JPEG,RGB,6579,3ea1d0b2d5ecd8cf47c8ecbc3afb3c5778e66223866466b8dbbf4c75a6c5489b
gallery,Bill_Gates,multi_image_gallery/Bill_Gates/Bill_Gates_0002.jpg,Bill_Gates_0002.jpg,250,250,JPEG,RGB,7636,77e11bffd8a35311453033d23b44038fe30cdd8148ffbbfc8fdb66e2a2577898
gallery,Bill_Gates,multi_image_gallery/Bill_Gates/Bill_Gates_0003.jpg,Bill_Gates_0003.jpg,250,250,JPEG,RGB,8231,124debb6853b8afac0320c75257bbe9ce820765e5d86fd14e195226321a605b5
gallery,Bill_Gates,multi_image_gallery/Bill_Gates/Bill_Gates_0004.jpg,Bill_Gates_0004.jpg,250,250,JPEG,RGB,7998,4124f9ed3dec5876ac1d594f10c8fd98cc435e3bd14325bfbe6b923e3882bd8b
gallery,Bill_Gates,multi_image_gallery/Bill_Gates/Bill_Gates_0005.jpg,Bill_Gates_0005.jpg,250,250,JPEG,RGB,9592,1c3eb164e7ab311eb2eeff7895963e74f4195f257d15dbe20b4f36a3343aebea
gallery,Bill_Gates,multi_image_gallery/Bill_Gates/Bill_Gates_0006.jpg,Bill_Gates_0006.jpg,250,250,JPEG,RGB,6790,e3517e6d44ce5a85718a40666888478512c837f575a411277b0804dccea586fc
gallery,Bill_Gates,multi_image_gallery/Bill_Gates/Bill_Gates_0007.jpg,Bill_Gates_0007.jpg,250,250,JPEG,RGB,9397,43c2e90093e343771c3b0ccab0e4a48daafb6e6473ba26c80195784e25995320
gallery,Bill_Gates,multi_image_gallery/Bill_Gates/Bill_Gates_0008.jpg,Bill_Gates_0008.jpg,250,250,JPEG,RGB,7299,8b7ea80ccbadd59487d34bb16093de665f236b9d8f665f0861e5063bebb3694e
gallery,Bill_Gates,multi_image_gallery/Bill_Gates/Bill_Gates_0009.jpg,Bill_Gates_0009.jpg,250,250,JPEG,RGB,8294,0717a7592771f2b0e8ae6226707dd114652a2d4199ea91e48e0860551fa84ec6
gallery,Bill_Gates,multi_image_gallery/Bill_Gates/Bill_Gates_0010.jpg,Bill_Gates_0010.jpg,250,250,JPEG,RGB,9860,44ed2fb7593eaadb5b5d13793faef4ac22d61d8a1fb0d24ddd74dbea59bee69a
gallery,Bill_Graham,multi_image_gallery/Bill_Graham/Bill_Graham_0001.jpg,Bill_Graham_0001.jpg,250,250,JPEG,RGB,8429,a15cfdf169afb0e34e0b5cbae12cc2bdfef1bd23f3d20ba49a566837edc6c40b
gallery,Bill_Graham,multi_image_gallery/Bill_Graham/Bill_Graham_0002.jpg,Bill_Graham_0002.jpg,250,250,JPEG,RGB,6562,76ceb1b44bea2aefe2502edcad1e733c84f5c32a4884819575edfca78db40c0f
gallery,Bill_Graham,multi_image_gallery/Bill_Graham/Bill_Graham_0003.jpg,Bill_Graham_0003.jpg,250,250,JPEG,RGB,7404,a638885a6325a33831aac6d6702b4d66a7b5166d9d0894ef931e47921ba06192
gallery,Bill_Graham,multi_image_gallery/Bill_Graham/Bill_Graham_0004.jpg,Bill_Graham_0004.jpg,250,250,JPEG,RGB,6837,9a4e428a5c6539fff76d585b5f214945b952ccb24e74514a33fefea2487c1c4e
gallery,Bill_Graham,multi_image_gallery/Bill_Graham/Bill_Graham_0005.jpg,Bill_Graham_0005.jpg,250,250,JPEG,RGB,6363,6d1200456ef88ec01e3dc21984b977d24b5b4397d7bf58c18d277eacbf9b494c
gallery,Bill_Graham,multi_image_gallery/Bill_Graham/Bill_Graham_0006.jpg,Bill_Graham_0006.jpg,250,250,JPEG,RGB,7106,673c8eba23f356d551ff3b575de0321efe844c3f6a837ecae7c9db66ae3b0233
gallery,Bill_Graham,multi_image_gallery/Bill_Graham/Bill_Graham_0007.jpg,Bill_Graham_0007.jpg,250,250,JPEG,RGB,7396,4c952f754ce9d4430c176bc26fd8881d95544ac54bf9b006701f9cf23d329261
gallery,Bill_Graham,multi_image_gallery/Bill_Graham/Bill_Graham_0008.jpg,Bill_Graham_0008.jpg,250,250,JPEG,RGB,6431,e1c2cd9d60ca4b0485c20d0ccb7d6b284f65fc0d57b2cfc508c357818c92052d
gallery,Bill_Nelson,multi_image_gallery/Bill_Nelson/Bill_Nelson_0001.jpg,Bill_Nelson_0001.jpg,250,250,JPEG,RGB,7828,b4da4765c1ae0b130de89fec0effc5b2de7937464dde9a2c879137802ead3772
gallery,Bill_Parcells,multi_image_gallery/Bill_Parcells/Bill_Parcells_0001.jpg,Bill_Parcells_0001.jpg,250,250,JPEG,RGB,9759,a6a0c9114c8c640ccab3d92f1ab99f6635dc419159672f3b223d937ca6606e07
gallery,Bill_Simon,multi_image_gallery/Bill_Simon/Bill_Simon_0001.jpg,Bill_Simon_0001.jpg,250,250,JPEG,RGB,7634,d36516f8f2a9e1d0c8a1f2b34e8b5a1551ffbc3c3c3abfa1d186d6ad4463cc5e
gallery,Bill_Simon,multi_image_gallery/Bill_Simon/Bill_Simon_0002.jpg,Bill_Simon_0002.jpg,250,250,JPEG,RGB,9505,2396c92dcdbcb035de375cb1de1dc106627059eb7dde98c5142ee769c8f1939b
gallery,Bill_Simon,multi_image_gallery/Bill_Simon/Bill_Simon_0003.jpg,Bill_Simon_0003.jpg,250,250,JPEG,RGB,9189,76d2c2e2ca24feda9c95aafa76202b00026e3c8841af637625c24c0d10882410
gallery,Bill_Simon,multi_image_gallery/Bill_Simon/Bill_Simon_0004.jpg,Bill_Simon_0004.jpg,250,250,JPEG,RGB,11078,86084a3754251cfdad14d4ececf5196c540ab048b03bc63053dce0e139c8667d
gallery,Bill_Simon,multi_image_gallery/Bill_Simon/Bill_Simon_0005.jpg,Bill_Simon_0005.jpg,250,250,JPEG,RGB,7953,8ca4148ffc2561112a5dd04709900c20028bb5511127d9a6c66202a08601fc9f
gallery,Bill_Simon,multi_image_gallery/Bill_Simon/Bill_Simon_0006.jpg,Bill_Simon_0006.jpg,250,250,JPEG,RGB,8887,22a225d089eaef2567d00428a9b1e2cdf981e26d12a3492044d0b4d4026ac59d
gallery,Bill_Simon,multi_image_gallery/Bill_Simon/Bill_Simon_0007.jpg,Bill_Simon_0007.jpg,250,250,JPEG,RGB,7524,882e7335d4e34daa472c249cefb31feb8dd2b2141b73870770052300264eaed5
gallery,Bill_Simon,multi_image_gallery/Bill_Simon/Bill_Simon_0008.jpg,Bill_Simon_0008.jpg,250,250,JPEG,RGB,9194,310fa06fedf03c048236fd7fb9727471d42c191823610a00f6a992c010dd17c4
gallery,Bill_Simon,multi_image_gallery/Bill_Simon/Bill_Simon_0009.jpg,Bill_Simon_0009.jpg,250,250,JPEG,RGB,9886,edcc77ca565abbb512043f103253404cdb462fdd67e84163950ff7c27db90a0e
gallery,Bill_Simon,multi_image_gallery/Bill_Simon/Bill_Simon_0010.jpg,Bill_Simon_0010.jpg,250,250,JPEG,RGB,9168,72cfac9be7f523c58c8645d7bcefc949c1cc853451f4d1d7939c45c35ec1aee0
gallery,Bill_Sizemore,multi_image_gallery/Bill_Sizemore/Bill_Sizemore_0001.jpg,Bill_Sizemore_0001.jpg,250,250,JPEG,RGB,8864,7196118eb91e75bd83580ea57700b8c80fbc8cac5e91b7de8698bb19bd0e7762
gallery,Billy_Graham,multi_image_gallery/Billy_Graham/Billy_Graham_0001.jpg,Billy_Graham_0001.jpg,250,250,JPEG,RGB,7490,8b0aa1e13f1fb8f00c11860faabc6174cb929f09650896bb82ef90d2f0e63604
gallery,Billy_Sollie,multi_image_gallery/Billy_Sollie/Billy_Sollie_0001.jpg,Billy_Sollie_0001.jpg,250,250,JPEG,RGB,7959,0c75d5ce59d5cf7b755ee8b2e6c851688c691fea453e3fc0dd43529b27d7b805
gallery,Blythe_Danner,multi_image_gallery/Blythe_Danner/Blythe_Danner_0001.jpg,Blythe_Danner_0001.jpg,250,250,JPEG,RGB,9382,83bd3c0e53679a65f6fc2e49b85db0795347203ace70ccdd0a0e6bd361a5f1ec
gallery,Blythe_Hartley,multi_image_gallery/Blythe_Hartley/Blythe_Hartley_0001.jpg,Blythe_Hartley_0001.jpg,250,250,JPEG,RGB,7371,f68f048e74510da2cf415934b4f29c9484bd194f3b67bb0bae80b51fe22c7e44
gallery,Bo_Pelini,multi_image_gallery/Bo_Pelini/Bo_Pelini_0001.jpg,Bo_Pelini_0001.jpg,250,250,JPEG,RGB,7717,4b40f51e2ee385eb9cb29a83cce0b77d186bceb91ea99fb58b535a8088f34ad1
gallery,Bo_Ryan,multi_image_gallery/Bo_Ryan/Bo_Ryan_0001.jpg,Bo_Ryan_0001.jpg,250,250,JPEG,RGB,8337,1d07ecd496ee2ad4ba4dc7332adfea8708618f8f5c432a4994e72625dff9f940
gallery,Bob_Beauprez,multi_image_gallery/Bob_Beauprez/Bob_Beauprez_0001.jpg,Bob_Beauprez_0001.jpg,250,250,JPEG,RGB,8047,4904d95b29bd2163b00ed60c676a228cf9459b3b08aae8597de84de9c92aa718
gallery,Bob_Colvin,multi_image_gallery/Bob_Colvin/Bob_Colvin_0001.jpg,Bob_Colvin_0001.jpg,250,250,JPEG,RGB,8048,3209f6583d35416a425f6ed34fbdfee9f27a1212e9d43f82b48e1713a6936203
gallery,Bob_Geldof,multi_image_gallery/Bob_Geldof/Bob_Geldof_0001.jpg,Bob_Geldof_0001.jpg,250,250,JPEG,RGB,9351,5ad18575ccc1286769270e72ae6784785274de483c9f5cb202d43c1557bade00
gallery,Bob_Hope,multi_image_gallery/Bob_Hope/Bob_Hope_0001.jpg,Bob_Hope_0001.jpg,250,250,JPEG,RGB,11431,6f39d1dcd6d164be5fd33201e59586fd17c4fd39c9d679294b0c5d4d272d4ca9
gallery,Bob_Hope,multi_image_gallery/Bob_Hope/Bob_Hope_0002.jpg,Bob_Hope_0002.jpg,250,250,JPEG,RGB,8120,32a8c0482793f951ceed128e367bad963a55fee72a40aafdb2fab8c68a7616bf
gallery,Bob_Hope,multi_image_gallery/Bob_Hope/Bob_Hope_0003.jpg,Bob_Hope_0003.jpg,250,250,JPEG,RGB,9638,825a9891f1544fa9e8bc65a0062f36720e199c781fc226bd108619b5619517a8
gallery,Bob_Hope,multi_image_gallery/Bob_Hope/Bob_Hope_0004.jpg,Bob_Hope_0004.jpg,250,250,JPEG,RGB,7276,313e0019de0580ca5809b349e509023d6bd9784ba952fd4842656c2842a3ccaa
gallery,Bob_Hope,multi_image_gallery/Bob_Hope/Bob_Hope_0005.jpg,Bob_Hope_0005.jpg,250,250,JPEG,RGB,9119,8b2b1c8051f8de7f86b77f9d71c5fb7a811e08de00031045b2e8cc01a5c24de9
gallery,Bob_Hope,multi_image_gallery/Bob_Hope/Bob_Hope_0006.jpg,Bob_Hope_0006.jpg,250,250,JPEG,RGB,7026,12233f7d170041ebf19b4810b4bd21d7f31ec642d7e3578e75455ab7550cdaac
gallery,Bob_Hope,multi_image_gallery/Bob_Hope/Bob_Hope_0007.jpg,Bob_Hope_0007.jpg,250,250,JPEG,RGB,8496,fffaf18a682125fd10689447862f569e74222b9f9763d4b9c172c673c3baf681
gallery,Bobby_Goldwater,multi_image_gallery/Bobby_Goldwater/Bobby_Goldwater_0001.jpg,Bobby_Goldwater_0001.jpg,250,250,JPEG,RGB,7959,3e72d51eabf32d8b870286b0cc220f98e30ae8f4d4b0ae17bd6b64b82f2d6405
gallery,Bobby_Robson,multi_image_gallery/Bobby_Robson/Bobby_Robson_0001.jpg,Bobby_Robson_0001.jpg,250,250,JPEG,RGB,7687,efdb77269ae70a044aab0dd7a86c8e287c5c0a4f3cad0ffab6290ab4e0fda41c
gallery,Bode_Miller,multi_image_gallery/Bode_Miller/Bode_Miller_0001.jpg,Bode_Miller_0001.jpg,250,250,JPEG,RGB,11096,5f7df69e433beb8f740157d7199af580cccf0953b2a3d3cdbd14b0b3a8aedd11
gallery,Boris_Becker,multi_image_gallery/Boris_Becker/Boris_Becker_0001.jpg,Boris_Becker_0001.jpg,250,250,JPEG,RGB,10190,d6eaffce186f807a142caf13f0a42349ec991c8d324c645fd8d65aca2f967f42
gallery,Boris_Becker,multi_image_gallery/Boris_Becker/Boris_Becker_0002.jpg,Boris_Becker_0002.jpg,250,250,JPEG,RGB,9602,0f15c3ec111632fd617dc09c5121eca4cc2322bc9c0810fdcc67df8b82528363
gallery,Boris_Becker,multi_image_gallery/Boris_Becker/Boris_Becker_0003.jpg,Boris_Becker_0003.jpg,250,250,JPEG,RGB,8754,71ee8c24c5c537b414871dc674b2331323f8f1c4f3414107f3b19507d6780ea8
gallery,Boris_Becker,multi_image_gallery/Boris_Becker/Boris_Becker_0004.jpg,Boris_Becker_0004.jpg,250,250,JPEG,RGB,9771,76deac269749faa94832edbd9e45e09c9c39aa3ccddc9a100763fe3f1d2531a4
gallery,Boris_Becker,multi_image_gallery/Boris_Becker/Boris_Becker_0005.jpg,Boris_Becker_0005.jpg,250,250,JPEG,RGB,10347,36872261aa0e9fcc18975522e412deb6632a69ecc57f70e25ebd253f6c0f0ebe
gallery,Boris_Berezovsky,multi_image_gallery/Boris_Berezovsky/Boris_Berezovsky_0001.jpg,Boris_Berezovsky_0001.jpg,250,250,JPEG,RGB,9599,38b2cd9a3b44e7f84efc0e0db65acee087f945f7e7a53feb15fb35a4a615e8e2
gallery,Boris_Yeltsin,multi_image_gallery/Boris_Yeltsin/Boris_Yeltsin_0001.jpg,Boris_Yeltsin_0001.jpg,250,250,JPEG,RGB,9535,220d7244026281b786dd1efab42ed57a53d8b6fa3f6126b106b0418202990f61
gallery,Brad_Johnson,multi_image_gallery/Brad_Johnson/Brad_Johnson_0001.jpg,Brad_Johnson_0001.jpg,250,250,JPEG,RGB,12665,c14e4a333b2839835201cfc0f13367a1311b4025bb09c7134eb26d9b28063449
gallery,Brad_Johnson,multi_image_gallery/Brad_Johnson/Brad_Johnson_0002.jpg,Brad_Johnson_0002.jpg,250,250,JPEG,RGB,9240,9e6c6ce5d3cbd1f3c028efa729a100dafefa5de584abae366873f1e4f8076289
gallery,Brad_Johnson,multi_image_gallery/Brad_Johnson/Brad_Johnson_0003.jpg,Brad_Johnson_0003.jpg,250,250,JPEG,RGB,8180,3f3369eb68269e7b51c19d5b4938639086093370af94e13a4baa8fcf53895072
gallery,Brad_Johnson,multi_image_gallery/Brad_Johnson/Brad_Johnson_0004.jpg,Brad_Johnson_0004.jpg,250,250,JPEG,RGB,8131,6d9753a9e5ffa8a248961551dd612d167b207dd1fc026b22ad59b512da4ed208
gallery,Branko_Crvenkovski,multi_image_gallery/Branko_Crvenkovski/Branko_Crvenkovski_0001.jpg,Branko_Crvenkovski_0001.jpg,250,250,JPEG,RGB,8948,f4959fdd71fc8310d7ad1b9148e99ca4aab501fb49ec9d8610c4900ead732415
gallery,Branko_Crvenkovski,multi_image_gallery/Branko_Crvenkovski/Branko_Crvenkovski_0002.jpg,Branko_Crvenkovski_0002.jpg,250,250,JPEG,RGB,8615,a12ecca3068e622c0e3ffd154d36be2d8b6190c67eb6e798bd1b87919d53eaa6
gallery,Brendan_Hansen,multi_image_gallery/Brendan_Hansen/Brendan_Hansen_0001.jpg,Brendan_Hansen_0001.jpg,250,250,JPEG,RGB,8131,661e623334939899ba3eff7c2e90ce3280f62db77904c2b7cb9366c9150d9815
gallery,Brian_Cowen,multi_image_gallery/Brian_Cowen/Brian_Cowen_0001.jpg,Brian_Cowen_0001.jpg,250,250,JPEG,RGB,9321,ce7f325a9f10e2f03ad09e7278889387776c7f919e0e429f5e991124f9964da1
gallery,Brian_Griese,multi_image_gallery/Brian_Griese/Brian_Griese_0001.jpg,Brian_Griese_0001.jpg,250,250,JPEG,RGB,9060,8dd0547d14c61e18988891af96ddd70bee84707939e3da25eb10a3b3fc7b2917
gallery,Brian_Heidik,multi_image_gallery/Brian_Heidik/Brian_Heidik_0001.jpg,Brian_Heidik_0001.jpg,250,250,JPEG,RGB,8444,baab6d5d242e403374651ee7b95f001ec3c536e30d1494ec07d407773e997051
gallery,Brian_Mulroney,multi_image_gallery/Brian_Mulroney/Brian_Mulroney_0001.jpg,Brian_Mulroney_0001.jpg,250,250,JPEG,RGB,9289,a2a5182c0a2537459abaa5d95e76d59db7a73eb9084197865417961c37240d66
gallery,Brian_Wells,multi_image_gallery/Brian_Wells/Brian_Wells_0001.jpg,Brian_Wells_0001.jpg,250,250,JPEG,RGB,8511,8f94f16350c69fbe13a373f8ada8e7083beeb6a28918e46cc3b2380f927ea168
gallery,Bridget_Fonda,multi_image_gallery/Bridget_Fonda/Bridget_Fonda_0001.jpg,Bridget_Fonda_0001.jpg,250,250,JPEG,RGB,9802,02ceae1c8e0abd9dcea347191506f15a6290e490453ac7a2baa6e1bea2cb19cf
gallery,Bridget_Fonda,multi_image_gallery/Bridget_Fonda/Bridget_Fonda_0002.jpg,Bridget_Fonda_0002.jpg,250,250,JPEG,RGB,8867,c20aa5e2d9d57f5e5347762ae34019c14074780f295d17279c21f39b35d3c2c8
gallery,Brigitte_Boisselier,multi_image_gallery/Brigitte_Boisselier/Brigitte_Boisselier_0001.jpg,Brigitte_Boisselier_0001.jpg,250,250,JPEG,RGB,10519,db4c2726880e4d06e219b1580dd0ed4ff963d57c299a2b4f4010fbc6529c9cf3
gallery,Brooke_Shields,multi_image_gallery/Brooke_Shields/Brooke_Shields_0001.jpg,Brooke_Shields_0001.jpg,250,250,JPEG,RGB,9475,162cd88cbcfa5a680d879c710421178f2f138ad60e5b7a619589278fb107b076
gallery,Bruce_Van_De_Velde,multi_image_gallery/Bruce_Van_De_Velde/Bruce_Van_De_Velde_0001.jpg,Bruce_Van_De_Velde_0001.jpg,250,250,JPEG,RGB,8547,53d94cafe57ddc974c4b6b136ae3439ddfae169128ec46525af42429e41aca3e
gallery,Bruce_Weber,multi_image_gallery/Bruce_Weber/Bruce_Weber_0001.jpg,Bruce_Weber_0001.jpg,250,250,JPEG,RGB,6677,d302d96cd76c073d23aa64fb37cd4f4fcff5b429a6f1efb4e72866e229575cf4
gallery,Bud_Selig,multi_image_gallery/Bud_Selig/Bud_Selig_0001.jpg,Bud_Selig_0001.jpg,250,250,JPEG,RGB,7359,95a5c78d7b21f59af1ab0475506ad45d4c78616ccefd0903060e52dcb985494a
gallery,Bud_Selig,multi_image_gallery/Bud_Selig/Bud_Selig_0002.jpg,Bud_Selig_0002.jpg,250,250,JPEG,RGB,8815,632474172aad1542c13f49a939e64b9c9c2ebdd30476e17ac5af08a1c12c8e15
gallery,Bud_Selig,multi_image_gallery/Bud_Selig/Bud_Selig_0003.jpg,Bud_Selig_0003.jpg,250,250,JPEG,RGB,8566,984ed818e137f3688932cd5de8e6c26fd3a552903e0c45f08c382f368d12917a
gallery,Butch_Davis,multi_image_gallery/Butch_Davis/Butch_Davis_0001.jpg,Butch_Davis_0001.jpg,250,250,JPEG,RGB,13449,bd574d89ca5be9efeb2520237695afefa17b0c8f7a007400315a3461434cf2a4
gallery,Byron_Scott,multi_image_gallery/Byron_Scott/Byron_Scott_0001.jpg,Byron_Scott_0001.jpg,250,250,JPEG,RGB,7099,ac0d17bd92e951c27ee6a6a21cdf17514cfa2bebfbc6db5ac836fbf34276daf8
gallery,Cameron_Diaz,multi_image_gallery/Cameron_Diaz/Cameron_Diaz_0001.jpg,Cameron_Diaz_0001.jpg,250,250,JPEG,RGB,8972,c4ef13c4ee140618c498877a89aeb12c66bbfd8bb3224bff13f106defffeb099
gallery,Cameron_Diaz,multi_image_gallery/Cameron_Diaz/Cameron_Diaz_0002.jpg,Cameron_Diaz_0002.jpg,250,250,JPEG,RGB,8450,b152601ca83301dd527403a9ca2192cac6671bc3bad0d1df2af409843a86a276
gallery,Cameron_Diaz,multi_image_gallery/Cameron_Diaz/Cameron_Diaz_0003.jpg,Cameron_Diaz_0003.jpg,250,250,JPEG,RGB,7994,1d82da267f5c560a2e401ba4ecf25d5f45cbbbb8e3510a3102911845246bfa52
gallery,Cameron_Diaz,multi_image_gallery/Cameron_Diaz/Cameron_Diaz_0004.jpg,Cameron_Diaz_0004.jpg,250,250,JPEG,RGB,9346,323f18a37bd8460d13b01cebbc6ec224b3b0f3df43290273d49299c59bbbe2c7
gallery,Cameron_Diaz,multi_image_gallery/Cameron_Diaz/Cameron_Diaz_0005.jpg,Cameron_Diaz_0005.jpg,250,250,JPEG,RGB,8409,0d4e282fa721952845675db0d290d2fe1fbb6648a3c1e9efd49aeccf8ebbeddd
gallery,Camilla_Parker_Bowles,multi_image_gallery/Camilla_Parker_Bowles/Camilla_Parker_Bowles_0001.jpg,Camilla_Parker_Bowles_0001.jpg,250,250,JPEG,RGB,11897,a29b0695dcdc94c92a63254c08c2a2584c212dd62ec16a00039ca9ad97bf8696
gallery,Candie_Kung,multi_image_gallery/Candie_Kung/Candie_Kung_0001.jpg,Candie_Kung_0001.jpg,250,250,JPEG,RGB,8008,71af6b4b7a1fdcfb80f7265ae43a618e3e1358e5e141942a908c7a889e131ec1
gallery,Candie_Kung,multi_image_gallery/Candie_Kung/Candie_Kung_0002.jpg,Candie_Kung_0002.jpg,250,250,JPEG,RGB,8120,f8090d29a78b2b010f2ecea5c20c84e01443e5fc8e24d2a0c950e9fa45d49968
gallery,Candie_Kung,multi_image_gallery/Candie_Kung/Candie_Kung_0003.jpg,Candie_Kung_0003.jpg,250,250,JPEG,RGB,8102,bef63ddbce55532142a04c7752f3338bd876b071cf57151d749a6a3c4b613c8f
gallery,Carl_Reiner,multi_image_gallery/Carl_Reiner/Carl_Reiner_0001.jpg,Carl_Reiner_0001.jpg,250,250,JPEG,RGB,9438,887913a8d463a7b4000f7202ac67318210eba1dc178cb122a7d9df7d3ea1817c
gallery,Carla_Myers,multi_image_gallery/Carla_Myers/Carla_Myers_0001.jpg,Carla_Myers_0001.jpg,250,250,JPEG,RGB,9329,24e6ac6b3c9814a65bca84ba3bacb3cf374c5dd37ed7a0f40b30dc65349c02c7
gallery,Carlo_Ancelotti,multi_image_gallery/Carlo_Ancelotti/Carlo_Ancelotti_0001.jpg,Carlo_Ancelotti_0001.jpg,250,250,JPEG,RGB,9385,ef3ae5453765929381d7f86bd0d446d90a028242e7f3382538e0607f0a119c38
gallery,Carlo_Ancelotti,multi_image_gallery/Carlo_Ancelotti/Carlo_Ancelotti_0002.jpg,Carlo_Ancelotti_0002.jpg,250,250,JPEG,RGB,11188,f45a5fffa86da02095fc6a19d9246a84899ead3b8d439a979856d5736750cdb5
gallery,Carlos_Bianchi,multi_image_gallery/Carlos_Bianchi/Carlos_Bianchi_0001.jpg,Carlos_Bianchi_0001.jpg,250,250,JPEG,RGB,7879,64679d50f5639175084d756e4ddf1d5ab7a4eb5d76756201e0d4a49ba81b61af
gallery,Carlos_Ghosn,multi_image_gallery/Carlos_Ghosn/Carlos_Ghosn_0001.jpg,Carlos_Ghosn_0001.jpg,250,250,JPEG,RGB,9432,f22b777d87a4626927a8be70e95c1a129aa361015602ee150ee24cb327a166b2
gallery,Carlos_Manuel_Pruneda,multi_image_gallery/Carlos_Manuel_Pruneda/Carlos_Manuel_Pruneda_0001.jpg,Carlos_Manuel_Pruneda_0001.jpg,250,250,JPEG,RGB,10921,38c03c7d1f37f2c373bd00580413f8337f75887120ebacceb816d51c2c48868f
gallery,Carlos_Manuel_Pruneda,multi_image_gallery/Carlos_Manuel_Pruneda/Carlos_Manuel_Pruneda_0002.jpg,Carlos_Manuel_Pruneda_0002.jpg,250,250,JPEG,RGB,11064,d81619aac5cd79c01f88709cee74850c97904bd09586d88cc1a8b4c92aae03f3
gallery,Carlos_Mesa,multi_image_gallery/Carlos_Mesa/Carlos_Mesa_0001.jpg,Carlos_Mesa_0001.jpg,250,250,JPEG,RGB,7270,53b6032b92e2c3f259aefea89864ca7078bfb3926f85fde58c0103d51d795667
gallery,Carlos_Quintanilla_Schmidt,multi_image_gallery/Carlos_Quintanilla_Schmidt/Carlos_Quintanilla_Schmidt_0001.jpg,Carlos_Quintanilla_Schmidt_0001.jpg,250,250,JPEG,RGB,9228,342db29d422e0ba262d49b4b0909493d749b742da51853ca11f558c0e4f20964
gallery,Carmen_Electra,multi_image_gallery/Carmen_Electra/Carmen_Electra_0001.jpg,Carmen_Electra_0001.jpg,250,250,JPEG,RGB,6800,e0d2cb34d6643dcdfa1e718a92f0f83390da67a60e71107d4ce3a1f7bfe0505e
gallery,Carmen_Electra,multi_image_gallery/Carmen_Electra/Carmen_Electra_0002.jpg,Carmen_Electra_0002.jpg,250,250,JPEG,RGB,8762,661de87b320f7ef1d67827607341eec730775223e5db8060240f36dd3dc8208a
gallery,Carmen_Electra,multi_image_gallery/Carmen_Electra/Carmen_Electra_0003.jpg,Carmen_Electra_0003.jpg,250,250,JPEG,RGB,8848,8ac58812d9fabd9a7f6a65d60fa03a51ff8e6d0b71e97b98a05fc338dcd92b77
gallery,Carmen_Electra,multi_image_gallery/Carmen_Electra/Carmen_Electra_0004.jpg,Carmen_Electra_0004.jpg,250,250,JPEG,RGB,10962,40bacde8dbca6f7f68ea8fcc94fb89cc158cd347112176a5a84fa7feb8cc01f0
gallery,Carmen_Electra,multi_image_gallery/Carmen_Electra/Carmen_Electra_0005.jpg,Carmen_Electra_0005.jpg,250,250,JPEG,RGB,9292,a1161e786bb814b2286a0b3c5c1990aca97b624668cf1bc5ee6dbde8ed008924
gallery,Carol_Burnett,multi_image_gallery/Carol_Burnett/Carol_Burnett_0001.jpg,Carol_Burnett_0001.jpg,250,250,JPEG,RGB,8738,853fb5553e86f93f117b6afbdecb8a457bee21c67c75948bdf4f08cafcc357a3
gallery,Carol_Moseley_Braun,multi_image_gallery/Carol_Moseley_Braun/Carol_Moseley_Braun_0001.jpg,Carol_Moseley_Braun_0001.jpg,250,250,JPEG,RGB,8836,f5cac546bdd3129d59555b2ad42a3487c37808e2485e756562e1c3b0323f3597
gallery,Carolina_Moraes,multi_image_gallery/Carolina_Moraes/Carolina_Moraes_0001.jpg,Carolina_Moraes_0001.jpg,250,250,JPEG,RGB,11627,51607dde3f4ae88c674eb0069ad010661ce9c454e2f0ad75b30289311ce7b6df
gallery,Carolyn_Dawn_Johnson,multi_image_gallery/Carolyn_Dawn_Johnson/Carolyn_Dawn_Johnson_0001.jpg,Carolyn_Dawn_Johnson_0001.jpg,250,250,JPEG,RGB,9082,0becc4c557db1c564b7c8db0c20bda46b661d2154a3bfae38dd757c39c1f0ca1
gallery,Carolyn_Dawn_Johnson,multi_image_gallery/Carolyn_Dawn_Johnson/Carolyn_Dawn_Johnson_0002.jpg,Carolyn_Dawn_Johnson_0002.jpg,250,250,JPEG,RGB,8707,1dba542c89a9672c4de94f2db168ebed8aae267cf1d881c1d315b1d132611d62
gallery,Carson_Daly,multi_image_gallery/Carson_Daly/Carson_Daly_0001.jpg,Carson_Daly_0001.jpg,250,250,JPEG,RGB,7693,3d770137e93b662b8ccc70241fe3b373a50eec011806af1aaabcb339f889b29e
gallery,Cathy_Freeman,multi_image_gallery/Cathy_Freeman/Cathy_Freeman_0001.jpg,Cathy_Freeman_0001.jpg,250,250,JPEG,RGB,8787,ddc3832df18345e13a0cdae56b7a8114bc68e491fbfd6179f720becb72846eb5
gallery,Celine_Dion,multi_image_gallery/Celine_Dion/Celine_Dion_0001.jpg,Celine_Dion_0001.jpg,250,250,JPEG,RGB,9003,550d1f7e40ea0a671e9c75a4b692628892b7c9004557315e56fd3d56af48b556
gallery,Celine_Dion,multi_image_gallery/Celine_Dion/Celine_Dion_0002.jpg,Celine_Dion_0002.jpg,250,250,JPEG,RGB,9699,a74b5cc2c963b7b1cac5b1f8724c0c23465af04a3b376abd57d43f124ac64812
gallery,Celine_Dion,multi_image_gallery/Celine_Dion/Celine_Dion_0003.jpg,Celine_Dion_0003.jpg,250,250,JPEG,RGB,9170,d41d0fda3458ffd0f1b74d56272ea09327515c745ebb3e84cef529d9fa49e970
gallery,Celine_Dion,multi_image_gallery/Celine_Dion/Celine_Dion_0004.jpg,Celine_Dion_0004.jpg,250,250,JPEG,RGB,8951,bdb169b66ae16c2ea60ad58c93e7a6b161f7937ccb2527fdd014aa42fda87c55
gallery,Celine_Dion,multi_image_gallery/Celine_Dion/Celine_Dion_0005.jpg,Celine_Dion_0005.jpg,250,250,JPEG,RGB,10079,88447d5b5a4506d9073d888c0f0dc91bc36f9f02a8aa3d3fa223d96214f45539
gallery,Celine_Dion,multi_image_gallery/Celine_Dion/Celine_Dion_0006.jpg,Celine_Dion_0006.jpg,250,250,JPEG,RGB,9114,4bce6b092d3e39a6044a1cac234aaaed255ce1fe0aeeaacd88c03ec1957726fc
gallery,Celine_Dion,multi_image_gallery/Celine_Dion/Celine_Dion_0007.jpg,Celine_Dion_0007.jpg,250,250,JPEG,RGB,8154,1053783cb0ae204c1dff41cc7ee784802572ff4afeb31dcefb46f710975cbc91
gallery,Celso_Amorim,multi_image_gallery/Celso_Amorim/Celso_Amorim_0001.jpg,Celso_Amorim_0001.jpg,250,250,JPEG,RGB,8576,e0573cf5c52de5018cdbd09b08447d3c576099b02b5d8bb2f5fc49e5df6c101b
gallery,Cesar_Maia,multi_image_gallery/Cesar_Maia/Cesar_Maia_0001.jpg,Cesar_Maia_0001.jpg,250,250,JPEG,RGB,6876,4498589b602630d00f3442732cc802679db32895e70c39ebfb7b054a5b0b8e91
gallery,Chakib_Khelil,multi_image_gallery/Chakib_Khelil/Chakib_Khelil_0001.jpg,Chakib_Khelil_0001.jpg,250,250,JPEG,RGB,7750,08e0df79210d70c7db60fa5b1eaddb85d770a4b80a36d69ccc07c0395edab863
gallery,Chanda_Rubin,multi_image_gallery/Chanda_Rubin/Chanda_Rubin_0001.jpg,Chanda_Rubin_0001.jpg,250,250,JPEG,RGB,9287,573aa357a803a78708cd133d8cf50dd0d41036b1a6c48cb7d262deee63b31892
gallery,Chanda_Rubin,multi_image_gallery/Chanda_Rubin/Chanda_Rubin_0002.jpg,Chanda_Rubin_0002.jpg,250,250,JPEG,RGB,10700,a2a6ca6a8892bc5b4991f666e62ff2c7416e25c128d579e8cab1cffb5b7add3a
gallery,Chanda_Rubin,multi_image_gallery/Chanda_Rubin/Chanda_Rubin_0003.jpg,Chanda_Rubin_0003.jpg,250,250,JPEG,RGB,8912,57951439949c9821a0e6bc04d249a537e55f441f175a7f415353fb1ba6c58a04
gallery,Chanda_Rubin,multi_image_gallery/Chanda_Rubin/Chanda_Rubin_0004.jpg,Chanda_Rubin_0004.jpg,250,250,JPEG,RGB,7719,9ca4733b2ca439f5f2a28f611b5b456d248e6e9d6e0e7c1c9e628c40d7d749a1
gallery,Chang_Dae-whan,multi_image_gallery/Chang_Dae-whan/Chang_Dae-whan_0001.jpg,Chang_Dae-whan_0001.jpg,250,250,JPEG,RGB,7607,8cfac93e9a73f2cc1aedf539b8ac085b00a33e4b6b558c455c54c4730e19bf61
gallery,Charles_Grassley,multi_image_gallery/Charles_Grassley/Charles_Grassley_0001.jpg,Charles_Grassley_0001.jpg,250,250,JPEG,RGB,8649,963acd04a75824e32664b3c22c1fa90e9faa77065a4d42a05fe6fcac450bf6b9
gallery,Charles_Kartman,multi_image_gallery/Charles_Kartman/Charles_Kartman_0001.jpg,Charles_Kartman_0001.jpg,250,250,JPEG,RGB,8103,6e47c4fcf74f3edf19da52d0ae3876a91afd9d96466019f89d084f202443eb49
gallery,Charles_Mathews,multi_image_gallery/Charles_Mathews/Charles_Mathews_0001.jpg,Charles_Mathews_0001.jpg,250,250,JPEG,RGB,9659,e27969e139dd62167686ce4f00d4886898fb688b8bb3cd7ffa1848172f9d64fd
gallery,Charles_Schumer,multi_image_gallery/Charles_Schumer/Charles_Schumer_0001.jpg,Charles_Schumer_0001.jpg,250,250,JPEG,RGB,8275,7961b21a658508a509916488bf9f3fd3d8bc750aeea6cb98d90dc1b95109f5bd
gallery,Charlie_Zaa,multi_image_gallery/Charlie_Zaa/Charlie_Zaa_0001.jpg,Charlie_Zaa_0001.jpg,250,250,JPEG,RGB,10700,6ed8441f672e5eaf303a483840e294f937bb40ffecb5f35ba9566dd10ead290d
gallery,Charlotte_Rampling,multi_image_gallery/Charlotte_Rampling/Charlotte_Rampling_0001.jpg,Charlotte_Rampling_0001.jpg,250,250,JPEG,RGB,8797,3ba7ac4dd4ed239b26957716b1f36d110f86844e5522c8296ae853d14f8ce939
gallery,Charlton_Heston,multi_image_gallery/Charlton_Heston/Charlton_Heston_0001.jpg,Charlton_Heston_0001.jpg,250,250,JPEG,RGB,6891,b74f235c414a289ae264fbcedbd8075ebd4329bd3bbadd1ceaf0bd9274ed8785
gallery,Charlton_Heston,multi_image_gallery/Charlton_Heston/Charlton_Heston_0002.jpg,Charlton_Heston_0002.jpg,250,250,JPEG,RGB,8577,0ef9635fbecaf8d971f4a625e76178610c76acd4fdef4db613ffb02cff742053
gallery,Charlton_Heston,multi_image_gallery/Charlton_Heston/Charlton_Heston_0003.jpg,Charlton_Heston_0003.jpg,250,250,JPEG,RGB,7562,036fea9fd15aeb89b63c27ad9b556416358b5c84801fb16af4a05cf9d84011cc
gallery,Charlton_Heston,multi_image_gallery/Charlton_Heston/Charlton_Heston_0004.jpg,Charlton_Heston_0004.jpg,250,250,JPEG,RGB,9576,8cbad13f70c496075b82bca253b4cb059aa395ea23e0fbafcb440a28cdbe8119
gallery,Charlton_Heston,multi_image_gallery/Charlton_Heston/Charlton_Heston_0005.jpg,Charlton_Heston_0005.jpg,250,250,JPEG,RGB,6313,a89fc48fc87f73e78d3145a9657d6c03ff6b802f6b35e3d096621a2ebb4e1871
gallery,Chen_Liang_Yu,multi_image_gallery/Chen_Liang_Yu/Chen_Liang_Yu_0001.jpg,Chen_Liang_Yu_0001.jpg,250,250,JPEG,RGB,8043,e60e76e3c7988d15a4973c3920a501755c838e513503fef85f45c27653d806f0
gallery,Chita_Rivera,multi_image_gallery/Chita_Rivera/Chita_Rivera_0001.jpg,Chita_Rivera_0001.jpg,250,250,JPEG,RGB,10473,13d1bab9ec83c229eacf6c77c8f04ca979bae9d16f91766321e518f7aeef69ad
gallery,Chok_Tong_Goh,multi_image_gallery/Chok_Tong_Goh/Chok_Tong_Goh_0001.jpg,Chok_Tong_Goh_0001.jpg,250,250,JPEG,RGB,9895,983514fd79ea364bd1fdc50bcf9c54b2fdd1fd3c445a94a64043b9d30ec40dd2
gallery,Chris_Bell,multi_image_gallery/Chris_Bell/Chris_Bell_0001.jpg,Chris_Bell_0001.jpg,250,250,JPEG,RGB,8274,ca295423c45cc76a0f592d7594028fae3dc059b108553d2e298ce734ad538bd4
gallery,Chris_Byrd,multi_image_gallery/Chris_Byrd/Chris_Byrd_0001.jpg,Chris_Byrd_0001.jpg,250,250,JPEG,RGB,7970,11cc623f0cabe0c0dc8a7bae95d0586281f5774750daadce549196d111e7c501
gallery,Chris_Cooper,multi_image_gallery/Chris_Cooper/Chris_Cooper_0001.jpg,Chris_Cooper_0001.jpg,250,250,JPEG,RGB,8799,fcc13d291a420f1c24d4d0eeb2e46656505ba7d9dff134286b24575ef9942561
gallery,Chris_Rock,multi_image_gallery/Chris_Rock/Chris_Rock_0001.jpg,Chris_Rock_0001.jpg,250,250,JPEG,RGB,8797,8abae18d1df9227cfb10b8295d1e63e47b781d96d8da2fe34ff2fb413b055cb6
gallery,Chris_Tucker,multi_image_gallery/Chris_Tucker/Chris_Tucker_0001.jpg,Chris_Tucker_0001.jpg,250,250,JPEG,RGB,8867,8febff3c44a636450db24f3bc00a52e511474c50d904eb7fe185e295182a7307
gallery,Christian_Fittipaldi,multi_image_gallery/Christian_Fittipaldi/Christian_Fittipaldi_0001.jpg,Christian_Fittipaldi_0001.jpg,250,250,JPEG,RGB,9386,3de339631811b32d20205e8e94ca392e6f404209bcb55d6ad33bc21c9fcf8437
gallery,Christian_Wulff,multi_image_gallery/Christian_Wulff/Christian_Wulff_0001.jpg,Christian_Wulff_0001.jpg,250,250,JPEG,RGB,8729,8f6cfd0a31385c04eb2fd59eaf45c1c12db0f5b2114eb4d9e16205ba39edbcd9
gallery,Christina_Aguilera,multi_image_gallery/Christina_Aguilera/Christina_Aguilera_0001.jpg,Christina_Aguilera_0001.jpg,250,250,JPEG,RGB,8731,f6113bbd3041b4dda3b22afff07d1086855e5d37db5c4fa7494e8c9e32095932
gallery,Christina_Aguilera,multi_image_gallery/Christina_Aguilera/Christina_Aguilera_0002.jpg,Christina_Aguilera_0002.jpg,250,250,JPEG,RGB,10661,58fc5fb5024309d66c5d588ce0421c2cd666481831361b189344c07329575af2
gallery,Christina_Aguilera,multi_image_gallery/Christina_Aguilera/Christina_Aguilera_0003.jpg,Christina_Aguilera_0003.jpg,250,250,JPEG,RGB,11609,20a794f8520ad039ad6f7f4f67a84836ab1224abeffd18abb7cbb056749dde95
gallery,Christine_Ebersole,multi_image_gallery/Christine_Ebersole/Christine_Ebersole_0001.jpg,Christine_Ebersole_0001.jpg,250,250,JPEG,RGB,9327,e118cac3c814adff84410d46cc448a058ff277633431656b94776545d271da18
gallery,Christine_Gregoire,multi_image_gallery/Christine_Gregoire/Christine_Gregoire_0001.jpg,Christine_Gregoire_0001.jpg,250,250,JPEG,RGB,8400,dc357f82bbad68fd42078b9c32592fbe4f5b8e4d68c9109a99cb2cf7fae3ad6b
gallery,Christine_Gregoire,multi_image_gallery/Christine_Gregoire/Christine_Gregoire_0002.jpg,Christine_Gregoire_0002.jpg,250,250,JPEG,RGB,7226,54b1b9ed6d9cfef17ee95c26d3cf3851ae5a7322919956851ce4bed1dfd3f5c0
gallery,Christine_Gregoire,multi_image_gallery/Christine_Gregoire/Christine_Gregoire_0003.jpg,Christine_Gregoire_0003.jpg,250,250,JPEG,RGB,9888,ce2b04be9a1075fb179f6ea81bbd366d7bea1f532132c9173d41d5b63030a483
gallery,Christopher_Patten,multi_image_gallery/Christopher_Patten/Christopher_Patten_0001.jpg,Christopher_Patten_0001.jpg,250,250,JPEG,RGB,7407,8d103888a88b0f88bb670885402305de5c9790ce0f22b2cd2b9b2b37bbefd405
gallery,Christopher_Walken,multi_image_gallery/Christopher_Walken/Christopher_Walken_0001.jpg,Christopher_Walken_0001.jpg,250,250,JPEG,RGB,6558,71a53eef77eb3c83d8ee00b6c5ebc563528f7140d403fea48b563735cb7fe2a3
gallery,Christopher_Walken,multi_image_gallery/Christopher_Walken/Christopher_Walken_0002.jpg,Christopher_Walken_0002.jpg,250,250,JPEG,RGB,9663,b81e5e3d1ea99bbaf72701bed851dbc7b80dd86298664bb7aefc7f6c9523e8f0
gallery,Christopher_Walken,multi_image_gallery/Christopher_Walken/Christopher_Walken_0003.jpg,Christopher_Walken_0003.jpg,250,250,JPEG,RGB,7961,8cb380da011d2be0cd61f22aff9f4138360cd81892cc2de2cd5c6fecf5249604
gallery,Chuck_Amato,multi_image_gallery/Chuck_Amato/Chuck_Amato_0001.jpg,Chuck_Amato_0001.jpg,250,250,JPEG,RGB,10276,c5b37729fe756a6278dc357c19d9f82cf031783c531e0954ce2bf8b87a0e219d
gallery,Chuck_Yeager,multi_image_gallery/Chuck_Yeager/Chuck_Yeager_0001.jpg,Chuck_Yeager_0001.jpg,250,250,JPEG,RGB,8528,077c7f975832de60119e068700f32e453088cd6d5f1621c82f0f3223e8bb0c6a
gallery,Chung_Mong-hun,multi_image_gallery/Chung_Mong-hun/Chung_Mong-hun_0001.jpg,Chung_Mong-hun_0001.jpg,250,250,JPEG,RGB,11322,414affa16c974400a2662da323eb4d8390a922032cebc9dc6a1c81b3b56a62fb
gallery,Chung_Mong-joon,multi_image_gallery/Chung_Mong-joon/Chung_Mong-joon_0001.jpg,Chung_Mong-joon_0001.jpg,250,250,JPEG,RGB,8700,c12ff27327d5a01da645d82f2cddc373a2e24f39b5d90c147a826fb337c91b1d
gallery,Cindy_Margolis,multi_image_gallery/Cindy_Margolis/Cindy_Margolis_0001.jpg,Cindy_Margolis_0001.jpg,250,250,JPEG,RGB,9065,d61ca42079e2d0e2fe888044b1645d851b33b888de571f20f0efb082890e9770
gallery,Claire_Danes,multi_image_gallery/Claire_Danes/Claire_Danes_0001.jpg,Claire_Danes_0001.jpg,250,250,JPEG,RGB,7629,e24b4318d527050f400c35217784ea004e83027f41297316e8bed81d4672050f
gallery,Claire_Danes,multi_image_gallery/Claire_Danes/Claire_Danes_0002.jpg,Claire_Danes_0002.jpg,250,250,JPEG,RGB,8544,3ded53dd77cb3dcd7c3dec9c6c2064108b68f987492c2b70990c6fe901f0bb08
gallery,Claire_Hentzen,multi_image_gallery/Claire_Hentzen/Claire_Hentzen_0001.jpg,Claire_Hentzen_0001.jpg,250,250,JPEG,RGB,9362,ee180f84ced8d14579e589638401d9b91969f58c26e1b6bf19c2ea7930f22749
gallery,Claire_Leger,multi_image_gallery/Claire_Leger/Claire_Leger_0001.jpg,Claire_Leger_0001.jpg,250,250,JPEG,RGB,8894,011ffbf4c6269d2a47ee90c93c7929a073481e0126f9347da3b53354bbf60fc4
gallery,Colin_Jackson,multi_image_gallery/Colin_Jackson/Colin_Jackson_0001.jpg,Colin_Jackson_0001.jpg,250,250,JPEG,RGB,9105,239112fe2e65c1cc96eab9d6cbc9e76b6c75360e3751b96f7f8e028cbf9e0bf6
gallery,Colin_Powell,multi_image_gallery/Colin_Powell/Colin_Powell_0001.jpg,Colin_Powell_0001.jpg,250,250,JPEG,RGB,9367,d6b1518b016e3669cf8ddb16ddb62eed59e5e970bdd3f2f6328df31e96c14107
gallery,Colin_Powell,multi_image_gallery/Colin_Powell/Colin_Powell_0002.jpg,Colin_Powell_0002.jpg,250,250,JPEG,RGB,7229,09472e75a852a441dd9bf0775bb18729b68cde5c95072af671367250d3ad4c41
gallery,Colin_Powell,multi_image_gallery/Colin_Powell/Colin_Powell_0007.jpg,Colin_Powell_0007.jpg,250,250,JPEG,RGB,8363,72145f45d6c7eef57381733f9ad33b5741639ee3fc81e4b92db7a6ac91148e58
gallery,Colin_Powell,multi_image_gallery/Colin_Powell/Colin_Powell_0008.jpg,Colin_Powell_0008.jpg,250,250,JPEG,RGB,8705,2230f1267348dbc5f95e1d0ff2866f33c3e2ae95c387a19f007dce35d60a17f9
gallery,Conchita_Martinez,multi_image_gallery/Conchita_Martinez/Conchita_Martinez_0001.jpg,Conchita_Martinez_0001.jpg,250,250,JPEG,RGB,10054,da9bdec0f6dfb2afb633c91b9cb8d505c5d984c61c014a30d142262c58ea8d43
gallery,Conchita_Martinez,multi_image_gallery/Conchita_Martinez/Conchita_Martinez_0002.jpg,Conchita_Martinez_0002.jpg,250,250,JPEG,RGB,8608,cba9c5fe52bde9587984610ecfdb808039c1b75290eda16d760176dba8dbddbc
gallery,Coretta_Scott_King,multi_image_gallery/Coretta_Scott_King/Coretta_Scott_King_0001.jpg,Coretta_Scott_King_0001.jpg,250,250,JPEG,RGB,9497,c3d6e2d226e02803c0c59d3176d55e548d39010af69b734855f5b8a3e0119e62
gallery,Coretta_Scott_King,multi_image_gallery/Coretta_Scott_King/Coretta_Scott_King_0002.jpg,Coretta_Scott_King_0002.jpg,250,250,JPEG,RGB,10268,ee4c6aeab02f7272a24bab9b143c1ae342e016c45f9bc5674f55f35eabcea5d3
gallery,Corinne_Coman,multi_image_gallery/Corinne_Coman/Corinne_Coman_0001.jpg,Corinne_Coman_0001.jpg,250,250,JPEG,RGB,8619,6b16105a3233bf4ca526c42e959e8b275d19a29a95bc0ad080352ecdba48999f
gallery,Costas_Simitis,multi_image_gallery/Costas_Simitis/Costas_Simitis_0001.jpg,Costas_Simitis_0001.jpg,250,250,JPEG,RGB,6715,d827583f9c470e68441817da7b03a0cd0e1cdbae946528df559b466ee80633d7
gallery,Costas_Simitis,multi_image_gallery/Costas_Simitis/Costas_Simitis_0002.jpg,Costas_Simitis_0002.jpg,250,250,JPEG,RGB,8250,41911db04368093f393885ffa98bc0bcfa03377810aade3998679485bec41408
gallery,Costas_Simitis,multi_image_gallery/Costas_Simitis/Costas_Simitis_0003.jpg,Costas_Simitis_0003.jpg,250,250,JPEG,RGB,10601,fa0b2225e36d0523c1b154e2cb19711f09ba29a5e3a2eb58f9ad63c4f213cb2c
gallery,Costas_Simitis,multi_image_gallery/Costas_Simitis/Costas_Simitis_0004.jpg,Costas_Simitis_0004.jpg,250,250,JPEG,RGB,7802,811756ff74d2eb5793bf05e27e0e3e8aeba3a2ccc400584a43735b6a5f6b33b8
gallery,Costas_Simitis,multi_image_gallery/Costas_Simitis/Costas_Simitis_0005.jpg,Costas_Simitis_0005.jpg,250,250,JPEG,RGB,7224,d7804588aa78d3dddec0e9544f3c8d95ef331af1707b343c868f6e63be92888f
gallery,Courtney_Love,multi_image_gallery/Courtney_Love/Courtney_Love_0001.jpg,Courtney_Love_0001.jpg,250,250,JPEG,RGB,6829,20c565a7f1245bbab498783f1ffbf62fd252435b5ec011868c1a5ef62423e283
gallery,Cristina_Fernandez,multi_image_gallery/Cristina_Fernandez/Cristina_Fernandez_0001.jpg,Cristina_Fernandez_0001.jpg,250,250,JPEG,RGB,7849,5616ec12078eaff690ba29d0113bcc039daf4dc20ab23a629729f15a08a463a0
gallery,Cristina_Saralegui,multi_image_gallery/Cristina_Saralegui/Cristina_Saralegui_0001.jpg,Cristina_Saralegui_0001.jpg,250,250,JPEG,RGB,8034,3b002402ed7375cd9f1e476f24fc91195e5f899d23f0e102d421bb428a24867a
gallery,Cruz_Bustamante,multi_image_gallery/Cruz_Bustamante/Cruz_Bustamante_0001.jpg,Cruz_Bustamante_0001.jpg,250,250,JPEG,RGB,9932,5a92ccb97be67e7955d3a65fe9d5dd0049dd54b915c38a290cee8eb950ad5944
gallery,Cruz_Bustamante,multi_image_gallery/Cruz_Bustamante/Cruz_Bustamante_0002.jpg,Cruz_Bustamante_0002.jpg,250,250,JPEG,RGB,10430,538206b281ce33e3b1e7cf3451fbfa59ad0653d0ede195f4e66c6450ee012a61
gallery,Cruz_Bustamante,multi_image_gallery/Cruz_Bustamante/Cruz_Bustamante_0003.jpg,Cruz_Bustamante_0003.jpg,250,250,JPEG,RGB,7279,ab9b2b6c5dd41e2fff28dc023e65e332d72f9ea40485af9ca0ae53d5f2f6a0fe
gallery,Cruz_Bustamante,multi_image_gallery/Cruz_Bustamante/Cruz_Bustamante_0004.jpg,Cruz_Bustamante_0004.jpg,250,250,JPEG,RGB,7331,b05d77402247372cf45db0a5933df374a5b756345ea52fbbf44a8df24590f179
gallery,Cyndi_Thompson,multi_image_gallery/Cyndi_Thompson/Cyndi_Thompson_0001.jpg,Cyndi_Thompson_0001.jpg,250,250,JPEG,RGB,8303,7582ddbe3ad3945d149241ccdfc8ccae4e43fd2649309bbb85c24d63de97df78
gallery,Dai_Bachtiar,multi_image_gallery/Dai_Bachtiar/Dai_Bachtiar_0001.jpg,Dai_Bachtiar_0001.jpg,250,250,JPEG,RGB,9725,37786d13dba115683c827e0b892bf3b6f701d8cc02fee0d7b4ac3ec0234917c3
gallery,Daisy_Fuentes,multi_image_gallery/Daisy_Fuentes/Daisy_Fuentes_0001.jpg,Daisy_Fuentes_0001.jpg,250,250,JPEG,RGB,9727,ca4b6fa49deca4ae69dc71c962468db91d5c29f1d7553364a3520da693b01023
gallery,Daisy_Fuentes,multi_image_gallery/Daisy_Fuentes/Daisy_Fuentes_0002.jpg,Daisy_Fuentes_0002.jpg,250,250,JPEG,RGB,10910,f274379b856bd18a499ad3c0be82b13cdf9f56d5e03f81b5ff11561b65ba9ea2
gallery,Daisy_Fuentes,multi_image_gallery/Daisy_Fuentes/Daisy_Fuentes_0003.jpg,Daisy_Fuentes_0003.jpg,250,250,JPEG,RGB,9891,950153c8e0bfba55d9a52ea499e2ca474cc210719565dccfc00dfca51a62f89e
gallery,Dalai_Lama,multi_image_gallery/Dalai_Lama/Dalai_Lama_0001.jpg,Dalai_Lama_0001.jpg,250,250,JPEG,RGB,9388,60483b11a052b97ccca52ca43dda41105e494a465a0f09fe2f7af3264be698c4
gallery,Dale_Earnhardt_Jr,multi_image_gallery/Dale_Earnhardt_Jr/Dale_Earnhardt_Jr_0001.jpg,Dale_Earnhardt_Jr_0001.jpg,250,250,JPEG,RGB,10843,ea6c40e9a63abf24814997a0b17c49753f8851236721054538f425d8730eadc5
gallery,Dale_Earnhardt_Jr,multi_image_gallery/Dale_Earnhardt_Jr/Dale_Earnhardt_Jr_0002.jpg,Dale_Earnhardt_Jr_0002.jpg,250,250,JPEG,RGB,10173,6201fe4de78739fc3f71cd5d6bc7d29fb2349841eba55f29f8c32c285bbc98a6
gallery,Dale_Earnhardt_Jr,multi_image_gallery/Dale_Earnhardt_Jr/Dale_Earnhardt_Jr_0003.jpg,Dale_Earnhardt_Jr_0003.jpg,250,250,JPEG,RGB,11167,b456b04d4bc5b751ba6a9ca5185b4c2aee43b12e41d434281fa3d1a0652bc2e5
gallery,Damon_van_Dam,multi_image_gallery/Damon_van_Dam/Damon_van_Dam_0001.jpg,Damon_van_Dam_0001.jpg,250,250,JPEG,RGB,8227,519fa23002de1308fef3e8133f18f4991302072a7d348e461f3b940c5801b09d
gallery,Dan_Wheldon,multi_image_gallery/Dan_Wheldon/Dan_Wheldon_0001.jpg,Dan_Wheldon_0001.jpg,250,250,JPEG,RGB,11406,45f019cc152a5db47bc3b014910f8974946e0205f2352e073c509f31892672e0
gallery,Daniel_Day-Lewis,multi_image_gallery/Daniel_Day-Lewis/Daniel_Day-Lewis_0001.jpg,Daniel_Day-Lewis_0001.jpg,250,250,JPEG,RGB,6524,772d4889022bf5066fa62cd5077e8985f8432291e2cf05197e1c0a72f92c86ca
gallery,Daniel_Day-Lewis,multi_image_gallery/Daniel_Day-Lewis/Daniel_Day-Lewis_0002.jpg,Daniel_Day-Lewis_0002.jpg,250,250,JPEG,RGB,9546,e098f3d3b31211b3332dba27a27b6b037ead6edc163f877dbf2c9326e77c2c0d
gallery,Daniela_Hantuchova,multi_image_gallery/Daniela_Hantuchova/Daniela_Hantuchova_0001.jpg,Daniela_Hantuchova_0001.jpg,250,250,JPEG,RGB,9318,21f520f77878c9f5de78b677dbac341d84fc407f40cd5dc5cc8c4cb647681301
gallery,Darrell_Issa,multi_image_gallery/Darrell_Issa/Darrell_Issa_0001.jpg,Darrell_Issa_0001.jpg,250,250,JPEG,RGB,9974,1904fabcf9362e306805fc7b6091480837d695e0511ef2f5575d6e844ffd49a8
gallery,Darrell_Porter,multi_image_gallery/Darrell_Porter/Darrell_Porter_0001.jpg,Darrell_Porter_0001.jpg,250,250,JPEG,RGB,7392,bc9ce1550225a4469fbcd578b17e907ead2204397ee579518a6dd9f64d1f6140
gallery,Darren_Clarke,multi_image_gallery/Darren_Clarke/Darren_Clarke_0001.jpg,Darren_Clarke_0001.jpg,250,250,JPEG,RGB,6660,d1545b0dda5a0c3ff907236387514a9862fdbe8e169ac9c0894830098ca5cb8d
gallery,Daryl_Hannah,multi_image_gallery/Daryl_Hannah/Daryl_Hannah_0001.jpg,Daryl_Hannah_0001.jpg,250,250,JPEG,RGB,9696,70a9876953b01203c5309ff45956c4b934ccbd07bd796289df9ee88107c6eb21
gallery,Dave_Campo,multi_image_gallery/Dave_Campo/Dave_Campo_0001.jpg,Dave_Campo_0001.jpg,250,250,JPEG,RGB,10098,f26e8a58c8030807ced882fd56ed080c4fb26ea0539de9b097ff536bc172211f
gallery,Dave_Campo,multi_image_gallery/Dave_Campo/Dave_Campo_0002.jpg,Dave_Campo_0002.jpg,250,250,JPEG,RGB,8905,8e23e27a1a9d5b4c176e3c6364e6cda494ad548305f765174d71948cfc417366
gallery,David_Bell,multi_image_gallery/David_Bell/David_Bell_0001.jpg,David_Bell_0001.jpg,250,250,JPEG,RGB,8423,ce8115c0cae75f0b942bb8845ffd4fb2c265847416d21cf1be11adeef8c41690
gallery,David_Caraway,multi_image_gallery/David_Caraway/David_Caraway_0001.jpg,David_Caraway_0001.jpg,250,250,JPEG,RGB,8521,d670180441ff279a61d4e9e4ee53a4ab61e330cd63de5872671feda70f36e891
gallery,David_Coulthard,multi_image_gallery/David_Coulthard/David_Coulthard_0001.jpg,David_Coulthard_0001.jpg,250,250,JPEG,RGB,6581,ddd25d8fb0b360a5a7ffe44f13ba9e0d91168cfbb3e321d17edb4d229a841706
gallery,David_Dodge,multi_image_gallery/David_Dodge/David_Dodge_0001.jpg,David_Dodge_0001.jpg,250,250,JPEG,RGB,8913,3c8e64c83d0e2e93380f386b37f180aee3998e7b33d3cc3ae9bbcd2e444ce001
gallery,David_Heyman,multi_image_gallery/David_Heyman/David_Heyman_0001.jpg,David_Heyman_0001.jpg,250,250,JPEG,RGB,8183,232f7495a26a9ba401991500b3477cd55d923b9c4e1a70f444c2d7aec9be3c30
gallery,David_Heymann,multi_image_gallery/David_Heymann/David_Heymann_0001.jpg,David_Heymann_0001.jpg,250,250,JPEG,RGB,9404,ec8529904fc1883be273552c1c751e5c449e4acf7a4e37c5108b14300b3607bd
gallery,David_Heymann,multi_image_gallery/David_Heymann/David_Heymann_0002.jpg,David_Heymann_0002.jpg,250,250,JPEG,RGB,12345,050a85d7c8e32bfb44230e3678091dd52793547cc945493f002bcb9127c0febc
gallery,David_Heymann,multi_image_gallery/David_Heymann/David_Heymann_0003.jpg,David_Heymann_0003.jpg,250,250,JPEG,RGB,7928,fddc7c786b21bc749da0f9d171d4c841a1e7faf777d84497e5158361679b60c1
gallery,David_Heymann,multi_image_gallery/David_Heymann/David_Heymann_0004.jpg,David_Heymann_0004.jpg,250,250,JPEG,RGB,13065,605fbbdd77d84f481418b94606d1870be4b98099105a14e30bea141feda3adf7
gallery,David_Kelley,multi_image_gallery/David_Kelley/David_Kelley_0001.jpg,David_Kelley_0001.jpg,250,250,JPEG,RGB,10507,1798d69aa85e079998ea04e9d3fa8b07b4a07efeb2d32dbdf72bb3617e9ad30a
gallery,David_Leahy,multi_image_gallery/David_Leahy/David_Leahy_0001.jpg,David_Leahy_0001.jpg,250,250,JPEG,RGB,7032,e9eb7e9e8d778664966bbd681a7bf1b046bc2b5298d699f5747e63ab1a857739
gallery,David_Myers,multi_image_gallery/David_Myers/David_Myers_0001.jpg,David_Myers_0001.jpg,250,250,JPEG,RGB,8426,4d51913e8ffed46cfadad277ed38cff88cbafa8e0a334d722c74950ed6436367
gallery,David_Nalbandian,multi_image_gallery/David_Nalbandian/David_Nalbandian_0001.jpg,David_Nalbandian_0001.jpg,250,250,JPEG,RGB,8589,2d6ca9fbfd8ab2fbacf7905ab1b917a6ecd8b13c25c6356e14442277efa78733
gallery,David_Nalbandian,multi_image_gallery/David_Nalbandian/David_Nalbandian_0002.jpg,David_Nalbandian_0002.jpg,250,250,JPEG,RGB,8569,16fa9cca8e3b192ab262682bd5156cd1b07f7c47d9d683f63c1515fc64801499
gallery,David_Nalbandian,multi_image_gallery/David_Nalbandian/David_Nalbandian_0003.jpg,David_Nalbandian_0003.jpg,250,250,JPEG,RGB,8756,34f100816f0dc3cf4dce75620a9604ae07c9d302ce80a4746d010f1e3ba60082
gallery,David_Nalbandian,multi_image_gallery/David_Nalbandian/David_Nalbandian_0004.jpg,David_Nalbandian_0004.jpg,250,250,JPEG,RGB,8670,aa2a4e438be4416bac0c303cced1182be72f9c2dfb3a9d08af8842b6e3f7e673
gallery,David_Nalbandian,multi_image_gallery/David_Nalbandian/David_Nalbandian_0005.jpg,David_Nalbandian_0005.jpg,250,250,JPEG,RGB,9056,831cf30fd5ad80080cc2a27f8e18e4a8857272335ee63297858f37c9592eb8da
gallery,David_Nalbandian,multi_image_gallery/David_Nalbandian/David_Nalbandian_0006.jpg,David_Nalbandian_0006.jpg,250,250,JPEG,RGB,11501,6f4850cd48bc2a112c29ac40dcfa62631d68a5eca53128242f0a12f6bdf17a85
gallery,David_Nalbandian,multi_image_gallery/David_Nalbandian/David_Nalbandian_0007.jpg,David_Nalbandian_0007.jpg,250,250,JPEG,RGB,10723,18a6f2e69e8232cc386a3bf5549ec94cf9b3ca0ecbf8ab2d15dd4f8ba1bd1576
gallery,David_Nalbandian,multi_image_gallery/David_Nalbandian/David_Nalbandian_0008.jpg,David_Nalbandian_0008.jpg,250,250,JPEG,RGB,10783,f6d6cc08cad649f7aea69b3b108355fe33662f43c087ba963958ec14cb4a24be
gallery,David_Nalbandian,multi_image_gallery/David_Nalbandian/David_Nalbandian_0009.jpg,David_Nalbandian_0009.jpg,250,250,JPEG,RGB,9427,f37e880bfc4d91cd8bab16c3f4ce053181acbfc281eead8716038a8dc37c1cbf
gallery,David_Nalbandian,multi_image_gallery/David_Nalbandian/David_Nalbandian_0010.jpg,David_Nalbandian_0010.jpg,250,250,JPEG,RGB,8762,c9e39e6eb5e24e410f7a88c19e799407ece5a938100ff4340861f6bc64bf23dd
gallery,David_Spade,multi_image_gallery/David_Spade/David_Spade_0001.jpg,David_Spade_0001.jpg,250,250,JPEG,RGB,10181,0380f38164682247297288eeab1969a0f78708a8c046fbe06d4498426fcb8336
gallery,David_Trimble,multi_image_gallery/David_Trimble/David_Trimble_0001.jpg,David_Trimble_0001.jpg,250,250,JPEG,RGB,8313,54a7ebe1eb3c0bee72c02e203eb8d99cd760e8430341743819de959c4ca7b133
gallery,David_Trimble,multi_image_gallery/David_Trimble/David_Trimble_0002.jpg,David_Trimble_0002.jpg,250,250,JPEG,RGB,8842,cb0349188102688d599059801b814bc34984d3243c4750b10c59b6c6ecf84218
gallery,David_Trimble,multi_image_gallery/David_Trimble/David_Trimble_0003.jpg,David_Trimble_0003.jpg,250,250,JPEG,RGB,8863,38cabc86bf7f918ea3f070d5f41f5b6285578a4f8f0a60f69e15e036b590bb3e
gallery,David_Trimble,multi_image_gallery/David_Trimble/David_Trimble_0004.jpg,David_Trimble_0004.jpg,250,250,JPEG,RGB,11141,640696e4b237927f666cc5286bf565b4bb178a09daf6075f3811918c406e1f87
gallery,David_Wolf,multi_image_gallery/David_Wolf/David_Wolf_0001.jpg,David_Wolf_0001.jpg,250,250,JPEG,RGB,10235,4c95f16357b635c66526a97c3dc4b966382a26b941d13b4645cda84afa758e7c
gallery,Debra_Brown,multi_image_gallery/Debra_Brown/Debra_Brown_0001.jpg,Debra_Brown_0001.jpg,250,250,JPEG,RGB,9771,8e1bb372fd8b45926f947afa7dd18f712188b7eca252e85494b80be759988ada
gallery,Demetrius_Ferraciu,multi_image_gallery/Demetrius_Ferraciu/Demetrius_Ferraciu_0001.jpg,Demetrius_Ferraciu_0001.jpg,250,250,JPEG,RGB,10825,3435a30d1a4654bcaf0ee351ee25bb2a6a354a96d6e2c559294698770670645f
gallery,Denise_Johnson,multi_image_gallery/Denise_Johnson/Denise_Johnson_0001.jpg,Denise_Johnson_0001.jpg,250,250,JPEG,RGB,10100,f569931aaac42695d0dbbde9d89d1b65393a386542bee19d58efc2c27e948211
gallery,Dennis_Erickson,multi_image_gallery/Dennis_Erickson/Dennis_Erickson_0001.jpg,Dennis_Erickson_0001.jpg,250,250,JPEG,RGB,8266,b903563b2cc60b7f836c19004aca3cb091efbb396e0dc15ded0fffc1c51a275a
gallery,Dennis_Kozlowski,multi_image_gallery/Dennis_Kozlowski/Dennis_Kozlowski_0001.jpg,Dennis_Kozlowski_0001.jpg,250,250,JPEG,RGB,8634,4048b3e1ccac68d2e48deafe952b880263168c70f2d3e78e5b8fdcad663d860b
gallery,Dennis_Kucinich,multi_image_gallery/Dennis_Kucinich/Dennis_Kucinich_0001.jpg,Dennis_Kucinich_0001.jpg,250,250,JPEG,RGB,9920,8fe828a68412958c1faa7c096840579ea039310cfba01c286b01fb652946dc99
gallery,Dennis_Kucinich,multi_image_gallery/Dennis_Kucinich/Dennis_Kucinich_0002.jpg,Dennis_Kucinich_0002.jpg,250,250,JPEG,RGB,9285,38ea759d9ee945649bea2879fb178af7ec7e99d2ea40419ade1f8f2d75fabe18
gallery,Dennis_Kucinich,multi_image_gallery/Dennis_Kucinich/Dennis_Kucinich_0003.jpg,Dennis_Kucinich_0003.jpg,250,250,JPEG,RGB,9337,c9d7d651bc97fb7fcb582c0d77e29ca95b8c773713c0bc22c7547f3050e1de90
gallery,Dennis_Kucinich,multi_image_gallery/Dennis_Kucinich/Dennis_Kucinich_0004.jpg,Dennis_Kucinich_0004.jpg,250,250,JPEG,RGB,10044,16a0ef8aa54917f873ade69ddc37d7cee43b33634486496bd4ff4bcfa9e92063
gallery,Dennis_Kucinich,multi_image_gallery/Dennis_Kucinich/Dennis_Kucinich_0005.jpg,Dennis_Kucinich_0005.jpg,250,250,JPEG,RGB,10300,eed9dd407940525271e1f792f3f5caa35ce3f1c5b891e8c838ad063ad59c3222
gallery,Dennis_Kucinich,multi_image_gallery/Dennis_Kucinich/Dennis_Kucinich_0006.jpg,Dennis_Kucinich_0006.jpg,250,250,JPEG,RGB,12444,8c3ec8f068a80305b313ebcddfc50fd7cf12046797dd15dc7f1df268d1851b4c
gallery,Dennis_Powell,multi_image_gallery/Dennis_Powell/Dennis_Powell_0001.jpg,Dennis_Powell_0001.jpg,250,250,JPEG,RGB,7540,b7d2aa500c1cde6ad657facfddb3fb0294e9b5cf9dd2996ce3907b6251a3a14e
gallery,Derek_Lowe,multi_image_gallery/Derek_Lowe/Derek_Lowe_0001.jpg,Derek_Lowe_0001.jpg,250,250,JPEG,RGB,8384,940fcf3f314e29a82917c4986d4b9658c0177e6d258e082fcd80ad9405d9afdc
gallery,Desiree_Lemosi,multi_image_gallery/Desiree_Lemosi/Desiree_Lemosi_0001.jpg,Desiree_Lemosi_0001.jpg,250,250,JPEG,RGB,9810,b8852de8e6fc7dca1127cd228016769c83a371f421616bfde0fbe9ad0d6b507f
gallery,Dexter_Jackson,multi_image_gallery/Dexter_Jackson/Dexter_Jackson_0001.jpg,Dexter_Jackson_0001.jpg,250,250,JPEG,RGB,10540,84cd9904a17f980817a1b2186171fc6c759d6e1139c1f15e3b9f529b51b65543
gallery,Diana_Taurasi,multi_image_gallery/Diana_Taurasi/Diana_Taurasi_0001.jpg,Diana_Taurasi_0001.jpg,250,250,JPEG,RGB,11076,a1d9e3a4ebe745493eebdf91dc4980cfd8e733d86a3d4614623101bb8738cf04
gallery,Diane_Green,multi_image_gallery/Diane_Green/Diane_Green_0001.jpg,Diane_Green_0001.jpg,250,250,JPEG,RGB,10792,76ece54c60946e28b8f8c56373ee16e16a08e9d9bf9b64fa7fa2dac6dfffc80c
gallery,Dick_Cheney,multi_image_gallery/Dick_Cheney/Dick_Cheney_0001.jpg,Dick_Cheney_0001.jpg,250,250,JPEG,RGB,8059,50f2f51e42ff7449939220314a44031790e2101e08d80fab86c2b34a09438290
gallery,Dick_Cheney,multi_image_gallery/Dick_Cheney/Dick_Cheney_0002.jpg,Dick_Cheney_0002.jpg,250,250,JPEG,RGB,7550,595cf247ac0a6f176411c2c031dc881a32fc066a3eb58fea91f9bc555bdf5981
gallery,Dick_Cheney,multi_image_gallery/Dick_Cheney/Dick_Cheney_0003.jpg,Dick_Cheney_0003.jpg,250,250,JPEG,RGB,7767,ff9e07c0655b78ef7c6dc68d940358dda578e8b102c9c89850e9d5cf019e59b4
gallery,Dick_Cheney,multi_image_gallery/Dick_Cheney/Dick_Cheney_0004.jpg,Dick_Cheney_0004.jpg,250,250,JPEG,RGB,8923,90dbdd7fb9de680c0130b73177d5894b1d461bf394786029737924c1cc914a45
gallery,Dick_Cheney,multi_image_gallery/Dick_Cheney/Dick_Cheney_0005.jpg,Dick_Cheney_0005.jpg,250,250,JPEG,RGB,8033,d6a17226d54bb7bbf925c0a80431aaf59d4691db0e70da9634553cc956111808
gallery,Dick_Cheney,multi_image_gallery/Dick_Cheney/Dick_Cheney_0006.jpg,Dick_Cheney_0006.jpg,250,250,JPEG,RGB,9087,35b6a6051242c4db8c33ade459ad92d841d55dce028de57cd679c494ac4672f5
gallery,Dick_Cheney,multi_image_gallery/Dick_Cheney/Dick_Cheney_0007.jpg,Dick_Cheney_0007.jpg,250,250,JPEG,RGB,9739,b02b7c10f763024bc7f46eac61b73c490414298d21ba5c2c55e05e95bb963d2b
gallery,Dick_Cheney,multi_image_gallery/Dick_Cheney/Dick_Cheney_0008.jpg,Dick_Cheney_0008.jpg,250,250,JPEG,RGB,7700,df9dc19d6a9399c01987a32be30eb00c76a2f907be5b48c937e7dbe9a607f776
gallery,Dick_Cheney,multi_image_gallery/Dick_Cheney/Dick_Cheney_0009.jpg,Dick_Cheney_0009.jpg,250,250,JPEG,RGB,8343,ffa84ecefbc7764d37bd45c404cc0f59465e7fe3525a75e3b48744d3f1d9e80f
gallery,Dick_Cheney,multi_image_gallery/Dick_Cheney/Dick_Cheney_0010.jpg,Dick_Cheney_0010.jpg,250,250,JPEG,RGB,7270,c8f38d030311345227800bf52faab7ccbedc6e07bae046a3f059e04a927f0b48
gallery,Dick_Clark,multi_image_gallery/Dick_Clark/Dick_Clark_0001.jpg,Dick_Clark_0001.jpg,250,250,JPEG,RGB,7999,3372a8f60426726fd17d702ba986526f84c88e6c07f4421d2320a15d159f7291
gallery,Dick_Clark,multi_image_gallery/Dick_Clark/Dick_Clark_0002.jpg,Dick_Clark_0002.jpg,250,250,JPEG,RGB,7913,ed93afb85e0b10d70c4dd4ce60c87f47b2645c760c4593132263be8e5ea6fb97
gallery,Dick_Latessa,multi_image_gallery/Dick_Latessa/Dick_Latessa_0001.jpg,Dick_Latessa_0001.jpg,250,250,JPEG,RGB,10802,c45d834d0f229e9c3cecdeadf44bfa740a8a7226cf889c66b515150a831cb3ba
gallery,Dick_Vermeil,multi_image_gallery/Dick_Vermeil/Dick_Vermeil_0001.jpg,Dick_Vermeil_0001.jpg,250,250,JPEG,RGB,11112,4fa0b1ba3daf3bc39ce9214d81ef72836e2e073d0c35e0e4ebb7a0b6e34cf756
gallery,Dino_de_Laurentis,multi_image_gallery/Dino_de_Laurentis/Dino_de_Laurentis_0001.jpg,Dino_de_Laurentis_0001.jpg,250,250,JPEG,RGB,9074,dd5a16f5dd9d24d3704dcc833c7e38ffa9baf0bbc8bd9961ec81edfb78b5daef
gallery,Dolly_Parton,multi_image_gallery/Dolly_Parton/Dolly_Parton_0001.jpg,Dolly_Parton_0001.jpg,250,250,JPEG,RGB,9834,3461571fefd992e7ef19625af05990ab73bdd6014e9927e0b0b3761f5f823798
gallery,Dolma_Tsering,multi_image_gallery/Dolma_Tsering/Dolma_Tsering_0001.jpg,Dolma_Tsering_0001.jpg,250,250,JPEG,RGB,9730,738cc6465f236a07b60c9cf0c2541644f16594bdd595722188c7364e6d8fb391
gallery,Dominik_Garcia-Lorido,multi_image_gallery/Dominik_Garcia-Lorido/Dominik_Garcia-Lorido_0001.jpg,Dominik_Garcia-Lorido_0001.jpg,250,250,JPEG,RGB,10974,a1d7ae44ce9c4725795d5b6e19ecde6a9aefb492e5f51091450cce8186a4836c
gallery,Don_Nickles,multi_image_gallery/Don_Nickles/Don_Nickles_0001.jpg,Don_Nickles_0001.jpg,250,250,JPEG,RGB,9500,348dffcd644eb13ec57f966dadc99193804f8101035d5c4e0393defa2ae3f2ba
gallery,Donald_Evans,multi_image_gallery/Donald_Evans/Donald_Evans_0001.jpg,Donald_Evans_0001.jpg,250,250,JPEG,RGB,8546,d799c9ec833215bc7a05270baabda52bf7e50b814c7d3f6c361f2c329a0d0198
gallery,Donatella_Versace,multi_image_gallery/Donatella_Versace/Donatella_Versace_0001.jpg,Donatella_Versace_0001.jpg,250,250,JPEG,RGB,7494,e0a4abf5361145e0d05845fca1521bf12fb30351998261691e341594b5270f68
gallery,Donatella_Versace,multi_image_gallery/Donatella_Versace/Donatella_Versace_0002.jpg,Donatella_Versace_0002.jpg,250,250,JPEG,RGB,10218,5a04313023457325d2e1afbc2ef763a46bcbb0b37fe2f8154ab3f16931bfbe25
gallery,Donna_Shalala,multi_image_gallery/Donna_Shalala/Donna_Shalala_0001.jpg,Donna_Shalala_0001.jpg,250,250,JPEG,RGB,7840,e7d9560941c32ad9b7000d86ebb3f42696cd6ea126067b78441a65b5ca366048
gallery,Doris_Roberts,multi_image_gallery/Doris_Roberts/Doris_Roberts_0001.jpg,Doris_Roberts_0001.jpg,250,250,JPEG,RGB,8961,a85f00862927f7db285f2636c1dc1a29794c1fdcde57f91386e4e0df9dad6589
gallery,Doris_Roberts,multi_image_gallery/Doris_Roberts/Doris_Roberts_0002.jpg,Doris_Roberts_0002.jpg,250,250,JPEG,RGB,8978,16f9b31c7911eeeec17bbb676d8f3481eeda8829ae0b070a919619dfe21d9f3d
gallery,Doris_Schroeder,multi_image_gallery/Doris_Schroeder/Doris_Schroeder_0001.jpg,Doris_Schroeder_0001.jpg,250,250,JPEG,RGB,6659,ed1669d9c0c4448b00418ad855dc0501b705d5e59d83237098d220e7df93e332
gallery,Doris_Schroeder,multi_image_gallery/Doris_Schroeder/Doris_Schroeder_0002.jpg,Doris_Schroeder_0002.jpg,250,250,JPEG,RGB,8273,468f0dfd086a37e3d727b17990405f94c144d418c2bb7f38b78585f1213874f7
gallery,Doris_Schroeder,multi_image_gallery/Doris_Schroeder/Doris_Schroeder_0003.jpg,Doris_Schroeder_0003.jpg,250,250,JPEG,RGB,8722,83387064d0f7928509764e8b8e3c85e3020638dae5e0d31405075d31272ad19d
gallery,Dorthy_Moxley,multi_image_gallery/Dorthy_Moxley/Dorthy_Moxley_0001.jpg,Dorthy_Moxley_0001.jpg,250,250,JPEG,RGB,9458,6daad04654e8b2f96b5b0462bac9618c7fafba501e9964086dba91c8993f14f1
gallery,Doug_Collins,multi_image_gallery/Doug_Collins/Doug_Collins_0001.jpg,Doug_Collins_0001.jpg,250,250,JPEG,RGB,6824,e89ebbc5cb4d9f73bd3e02a3e3c9b08cbb15f753d40892205744e593021e8c6d
gallery,Doug_Duncan,multi_image_gallery/Doug_Duncan/Doug_Duncan_0001.jpg,Doug_Duncan_0001.jpg,250,250,JPEG,RGB,8674,8b8d7e78f9db791243e62607df1658a10849fefe993929d2523124fa004e2778
gallery,Drew_Barrymore,multi_image_gallery/Drew_Barrymore/Drew_Barrymore_0001.jpg,Drew_Barrymore_0001.jpg,250,250,JPEG,RGB,9890,2a16398035c22a4b870ab41622ce130e2ec45b0886967fe0575e09ffd8eef5b7
gallery,Duane_Lee_Chapman,multi_image_gallery/Duane_Lee_Chapman/Duane_Lee_Chapman_0001.jpg,Duane_Lee_Chapman_0001.jpg,250,250,JPEG,RGB,10428,eb9144d0169535305a0c1f9259a42f9d43afb94753853d0a71e0c6ce9fab73fb
gallery,Dwayne_Johnson,multi_image_gallery/Dwayne_Johnson/Dwayne_Johnson_0001.jpg,Dwayne_Johnson_0001.jpg,250,250,JPEG,RGB,7403,ea1830ae1b45896aa763fdc2d108588d5bc759e1d4ae5ca3781b9239f4e9e303
gallery,Eddie_Sutton,multi_image_gallery/Eddie_Sutton/Eddie_Sutton_0001.jpg,Eddie_Sutton_0001.jpg,250,250,JPEG,RGB,10789,8fe7d032063a359cae97f9b1b3001b74a668e22f4880fc927b64dec1ea67cc38
gallery,Eddy_Merckx,multi_image_gallery/Eddy_Merckx/Eddy_Merckx_0001.jpg,Eddy_Merckx_0001.jpg,250,250,JPEG,RGB,8118,19eb742e647bad515a0b78108e6f62e1c2b9bdcbab2eaa87405a99bf76297522
gallery,Edie_Falco,multi_image_gallery/Edie_Falco/Edie_Falco_0001.jpg,Edie_Falco_0001.jpg,250,250,JPEG,RGB,8706,7262b7c9a1a65e749682e98c1f29d40100dd106ae7bf466aabffdc9bc5b53008
gallery,Eduardo_Duhalde,multi_image_gallery/Eduardo_Duhalde/Eduardo_Duhalde_0001.jpg,Eduardo_Duhalde_0001.jpg,250,250,JPEG,RGB,9416,236b010f332d73b577165d74bdbcbe759339d11a73da54e1105786ffcfcacc42
gallery,Eduardo_Duhalde,multi_image_gallery/Eduardo_Duhalde/Eduardo_Duhalde_0002.jpg,Eduardo_Duhalde_0002.jpg,250,250,JPEG,RGB,9163,70ed2f1f96f30c4311350fd1c426627f5f027db7c0d04c1d9d52c3dada1c6ae3
gallery,Eduardo_Duhalde,multi_image_gallery/Eduardo_Duhalde/Eduardo_Duhalde_0003.jpg,Eduardo_Duhalde_0003.jpg,250,250,JPEG,RGB,7901,20cf3fe20f41f1f57478f8a0293d0251f2a9724cfc8995be819c21a823ca9671
gallery,Eduardo_Duhalde,multi_image_gallery/Eduardo_Duhalde/Eduardo_Duhalde_0004.jpg,Eduardo_Duhalde_0004.jpg,250,250,JPEG,RGB,6861,e377763c6f539071e2c47766284d621c3e3004423948d28c58003f9c1f0e1dd9
gallery,Eduardo_Duhalde,multi_image_gallery/Eduardo_Duhalde/Eduardo_Duhalde_0005.jpg,Eduardo_Duhalde_0005.jpg,250,250,JPEG,RGB,9239,67529ea5fb370a4d8fe279dd8c4959e20ae53282ef78b29469d06a5d5dc39a23
gallery,Eduardo_Duhalde,multi_image_gallery/Eduardo_Duhalde/Eduardo_Duhalde_0006.jpg,Eduardo_Duhalde_0006.jpg,250,250,JPEG,RGB,8787,87fe664a3342367094a5e3c3a6a0f04b553c6709ab8d93a768cab536b7200426
gallery,Eduardo_Duhalde,multi_image_gallery/Eduardo_Duhalde/Eduardo_Duhalde_0007.jpg,Eduardo_Duhalde_0007.jpg,250,250,JPEG,RGB,9314,cc965f2f832f7b5fb51b6d8f4cb4684ef81291d57d840fff74503456b1a905f3
gallery,Eduardo_Duhalde,multi_image_gallery/Eduardo_Duhalde/Eduardo_Duhalde_0008.jpg,Eduardo_Duhalde_0008.jpg,250,250,JPEG,RGB,6182,4a1326c3a1bf0614410b41dc83c198d8cd2742064e8a8b35f5b64ea8939c013c
gallery,Eduardo_Duhalde,multi_image_gallery/Eduardo_Duhalde/Eduardo_Duhalde_0009.jpg,Eduardo_Duhalde_0009.jpg,250,250,JPEG,RGB,8939,6eff84bd5b863291817709c251136c8900b90b9971b0eb4569c3c713734ce209
gallery,Eduardo_Duhalde,multi_image_gallery/Eduardo_Duhalde/Eduardo_Duhalde_0010.jpg,Eduardo_Duhalde_0010.jpg,250,250,JPEG,RGB,7737,7bc7e6aaf7fa90dee76cbbe3679e2e6a527165371a0d8fb27b1b5ac8e4190fb7
gallery,Edward_James_Olmos,multi_image_gallery/Edward_James_Olmos/Edward_James_Olmos_0001.jpg,Edward_James_Olmos_0001.jpg,250,250,JPEG,RGB,8830,2e44c212558ec872ce71f40b2d6dc1cd63b618e2e5b3cac6ee22d44e64b7cee7
gallery,Edward_Lu,multi_image_gallery/Edward_Lu/Edward_Lu_0001.jpg,Edward_Lu_0001.jpg,250,250,JPEG,RGB,8908,c7f709028f1f7d3957effecce5ee19bb5513b9e2e27f59439d83794a940c9380
gallery,Edward_Lu,multi_image_gallery/Edward_Lu/Edward_Lu_0002.jpg,Edward_Lu_0002.jpg,250,250,JPEG,RGB,8267,95479faa18e3edcc666dbed4c90c1e8862c1bc95ed2cd48c697ded2a91755654
gallery,Edward_Lu,multi_image_gallery/Edward_Lu/Edward_Lu_0003.jpg,Edward_Lu_0003.jpg,250,250,JPEG,RGB,8179,323f3742b767911cfb1bb508de70c6a663b1161c3e0d11737ddb1195e5381c18
gallery,Edward_Lu,multi_image_gallery/Edward_Lu/Edward_Lu_0004.jpg,Edward_Lu_0004.jpg,250,250,JPEG,RGB,8479,a573fd076d973e14a6088ff72a2d9a73ac76cf9b9dbc4ed8953e9914a5b8809c
gallery,Edward_Lu,multi_image_gallery/Edward_Lu/Edward_Lu_0005.jpg,Edward_Lu_0005.jpg,250,250,JPEG,RGB,11343,9c581c5f5d6e123a2f6ac1946357bde6e9482fa4209efd69b74722a588318c16
gallery,Edward_Norton,multi_image_gallery/Edward_Norton/Edward_Norton_0001.jpg,Edward_Norton_0001.jpg,250,250,JPEG,RGB,8311,4190f6f05cfda7015df8763eff7f3290e44892ae77d1cac129657f0e3ab169f6
gallery,Edward_Said,multi_image_gallery/Edward_Said/Edward_Said_0001.jpg,Edward_Said_0001.jpg,250,250,JPEG,RGB,8111,c9b6335b4c45166b9048eb2d0d6560575b541eedb9e12b59696703fe10694678
gallery,Elijah_Wood,multi_image_gallery/Elijah_Wood/Elijah_Wood_0001.jpg,Elijah_Wood_0001.jpg,250,250,JPEG,RGB,7971,8828dbed754af7e9c52e902eff7f80ef49827f8be77d3aa2fd358840230e60ec
gallery,Elijah_Wood,multi_image_gallery/Elijah_Wood/Elijah_Wood_0002.jpg,Elijah_Wood_0002.jpg,250,250,JPEG,RGB,8997,c59276233b68e9c694ac73fdb9a85c573bbc31b9049ff9386d119e1969971946
gallery,Elin_Nordegren,multi_image_gallery/Elin_Nordegren/Elin_Nordegren_0001.jpg,Elin_Nordegren_0001.jpg,250,250,JPEG,RGB,10221,5573a13d42d6cbdf2ebf0bcb63c0aad7c396b5b6919cfdd73f81c3f1ab023bb2
gallery,Elinor_Caplan,multi_image_gallery/Elinor_Caplan/Elinor_Caplan_0001.jpg,Elinor_Caplan_0001.jpg,250,250,JPEG,RGB,9217,5c47d8dd0093607b5e9ede969fc81b5589e4244f8472c958e78f781f0d38abe1
gallery,Elisabeth_Schumacher,multi_image_gallery/Elisabeth_Schumacher/Elisabeth_Schumacher_0001.jpg,Elisabeth_Schumacher_0001.jpg,250,250,JPEG,RGB,8016,2e77ed211a34048e68516ed0aeb28def5fdb19989e39dbf17b35538b481c122a
gallery,Elizabeth_Dole,multi_image_gallery/Elizabeth_Dole/Elizabeth_Dole_0001.jpg,Elizabeth_Dole_0001.jpg,250,250,JPEG,RGB,9003,9f180fb9652f7e58ae14e9ceed77eea897bea6c44444840e850436af39db4ef9
gallery,Elizabeth_Dole,multi_image_gallery/Elizabeth_Dole/Elizabeth_Dole_0002.jpg,Elizabeth_Dole_0002.jpg,250,250,JPEG,RGB,8426,bead77ecf1e1f49b7b22bde8b6d6c3685910816de5f076c6bb516e5b9ecff1ff
gallery,Elizabeth_Dole,multi_image_gallery/Elizabeth_Dole/Elizabeth_Dole_0003.jpg,Elizabeth_Dole_0003.jpg,250,250,JPEG,RGB,8172,13bce394c1338f571984a5137e32fc794cba934a9e5542c6206a22da4bfbe6ab
gallery,Elizabeth_Shue,multi_image_gallery/Elizabeth_Shue/Elizabeth_Shue_0001.jpg,Elizabeth_Shue_0001.jpg,250,250,JPEG,RGB,9733,57e6a1df25176ff07f66fd6f5dfae3b638f33d76124eef971809136916eca525
gallery,Elizabeth_Smart,multi_image_gallery/Elizabeth_Smart/Elizabeth_Smart_0001.jpg,Elizabeth_Smart_0001.jpg,250,250,JPEG,RGB,9228,b230f42fcd1e22636e605233fd07d66a28ef31815a3bc846a75682e62208461a
gallery,Elizabeth_Smart,multi_image_gallery/Elizabeth_Smart/Elizabeth_Smart_0002.jpg,Elizabeth_Smart_0002.jpg,250,250,JPEG,RGB,9128,e322e44481d03cc33216842e914456bc8f0b7ef04f17df599fbde263a6d992cd
gallery,Elizabeth_Smart,multi_image_gallery/Elizabeth_Smart/Elizabeth_Smart_0003.jpg,Elizabeth_Smart_0003.jpg,250,250,JPEG,RGB,8824,e7a825efba7493e622e81d1b7584ca76f25555d72421cae3bcd5a489f27f0955
gallery,Elizabeth_Smart,multi_image_gallery/Elizabeth_Smart/Elizabeth_Smart_0004.jpg,Elizabeth_Smart_0004.jpg,250,250,JPEG,RGB,8364,a0724877c15dfacacbb30ce3f40e01f19000f06308d36a90d8f463f6bb108793
gallery,Elizabeth_Taylor,multi_image_gallery/Elizabeth_Taylor/Elizabeth_Taylor_0001.jpg,Elizabeth_Taylor_0001.jpg,250,250,JPEG,RGB,12337,7859dc68cafc6b59349151e96976115535910fa7cbad5472aaf646d14577b5ff
gallery,Ellen_DeGeneres,multi_image_gallery/Ellen_DeGeneres/Ellen_DeGeneres_0001.jpg,Ellen_DeGeneres_0001.jpg,250,250,JPEG,RGB,9406,ed6fd2f0e7a5763ea0e5b77fccfad02d6f2785d138d6a3fa4fedb9147b207623
gallery,Ellen_Engleman,multi_image_gallery/Ellen_Engleman/Ellen_Engleman_0001.jpg,Ellen_Engleman_0001.jpg,250,250,JPEG,RGB,8380,b3a1989371bf07d2ffb259c76e87dc39bec629c20b67df5dff1958511d9a4ffd
gallery,Elsa_Zylberstein,multi_image_gallery/Elsa_Zylberstein/Elsa_Zylberstein_0001.jpg,Elsa_Zylberstein_0001.jpg,250,250,JPEG,RGB,9819,3670db92e50070cc15d946a101a7c62b6de0a1ed95b09e4a18a0d35f6c76a5cc
gallery,Elsa_Zylberstein,multi_image_gallery/Elsa_Zylberstein/Elsa_Zylberstein_0002.jpg,Elsa_Zylberstein_0002.jpg,250,250,JPEG,RGB,8476,29309e673839cc15145173d156da7920996800e5caf4e62f70387abbb39fcd5a
gallery,Elsa_Zylberstein,multi_image_gallery/Elsa_Zylberstein/Elsa_Zylberstein_0003.jpg,Elsa_Zylberstein_0003.jpg,250,250,JPEG,RGB,9012,fbc56063fa53bcfe636899bf16d7562bf1be9ae34cbe8635b0b37bc04f4c9845
gallery,Elsa_Zylberstein,multi_image_gallery/Elsa_Zylberstein/Elsa_Zylberstein_0004.jpg,Elsa_Zylberstein_0004.jpg,250,250,JPEG,RGB,9366,d4fa357698558f5229cd7d87e6ea52378653b3c41f53789cbf18264e8e3df296
gallery,Elsa_Zylberstein,multi_image_gallery/Elsa_Zylberstein/Elsa_Zylberstein_0005.jpg,Elsa_Zylberstein_0005.jpg,250,250,JPEG,RGB,9245,7e389253fcc8bb3fc86ac44df024573781d8ac9d4d0f6d098a4631cd34b822ea
gallery,Elvis_Presley,multi_image_gallery/Elvis_Presley/Elvis_Presley_0001.jpg,Elvis_Presley_0001.jpg,250,250,JPEG,RGB,10901,5542e0f5669e9c39a1dbe8c4b60f59b4c3d0d9f853e8902b748701b948295489
gallery,Emanuel_Ginobili,multi_image_gallery/Emanuel_Ginobili/Emanuel_Ginobili_0001.jpg,Emanuel_Ginobili_0001.jpg,250,250,JPEG,RGB,8331,d2098d0d3702f9c711895ea186777233d1daec9e72f3e62ef6f4cfebe92000c9
gallery,Emanuel_Ginobili,multi_image_gallery/Emanuel_Ginobili/Emanuel_Ginobili_0002.jpg,Emanuel_Ginobili_0002.jpg,250,250,JPEG,RGB,8426,bfd309696fa85a7b2588242dfaacd8e7c7a0d84acb255a0ba9b154843e1c998f
gallery,Emanuel_Ginobili,multi_image_gallery/Emanuel_Ginobili/Emanuel_Ginobili_0003.jpg,Emanuel_Ginobili_0003.jpg,250,250,JPEG,RGB,8240,311c4c6b90f87c1427a7a2e1b86f0b1f16d93abbb0c4aa29add865b8e2c32dfd
gallery,Emanuel_Ginobili,multi_image_gallery/Emanuel_Ginobili/Emanuel_Ginobili_0004.jpg,Emanuel_Ginobili_0004.jpg,250,250,JPEG,RGB,8060,f7c1445f18703e29384741815365746b15d3e79527978b8a251cc91840a2508b
gallery,Emile_Lahoud,multi_image_gallery/Emile_Lahoud/Emile_Lahoud_0001.jpg,Emile_Lahoud_0001.jpg,250,250,JPEG,RGB,10146,1b1fd500615180412c262b5ed7904b5ebacd99d3f232e22d40f04b57e1925af8
gallery,Emily_Robison,multi_image_gallery/Emily_Robison/Emily_Robison_0001.jpg,Emily_Robison_0001.jpg,250,250,JPEG,RGB,10330,b214fd2b7672e18288452a134baf95c3c109f8a1e8c3f15ae2955df3c3fc66fe
gallery,Emma_Thompson,multi_image_gallery/Emma_Thompson/Emma_Thompson_0001.jpg,Emma_Thompson_0001.jpg,250,250,JPEG,RGB,7761,a62b709ab67f4ad490a83a1d4911d5af740d1e2b6b546920f88bd2cc14f8b4ff
gallery,Emma_Thompson,multi_image_gallery/Emma_Thompson/Emma_Thompson_0002.jpg,Emma_Thompson_0002.jpg,250,250,JPEG,RGB,9026,7a8d4e663e67e67bed461afb80c506327ab081f7523f86f8fd867cccf9f71985
gallery,Emmanuelle_Beart,multi_image_gallery/Emmanuelle_Beart/Emmanuelle_Beart_0001.jpg,Emmanuelle_Beart_0001.jpg,250,250,JPEG,RGB,9113,db69c301873c9f062aa06c5d3e3296e264e07671b3b58a7baccaca2624dcbb13
gallery,Emmanuelle_Beart,multi_image_gallery/Emmanuelle_Beart/Emmanuelle_Beart_0002.jpg,Emmanuelle_Beart_0002.jpg,250,250,JPEG,RGB,9233,2748a87d9ccf4752a879d44c1cf86238796aa8324551e3cb1eec9848c5921332
gallery,Emmit_Smith,multi_image_gallery/Emmit_Smith/Emmit_Smith_0001.jpg,Emmit_Smith_0001.jpg,250,250,JPEG,RGB,8362,80bd697b379f2a9a9f526ee8c54f1984a4ba50963db43cff05942483ad078062
gallery,Eric_Clapton,multi_image_gallery/Eric_Clapton/Eric_Clapton_0001.jpg,Eric_Clapton_0001.jpg,250,250,JPEG,RGB,7808,b67a0f8874feec9b9f784198aad5a4f5dfc6816d86b40feede6d03f3decb38ea
gallery,Eric_Hinske,multi_image_gallery/Eric_Hinske/Eric_Hinske_0001.jpg,Eric_Hinske_0001.jpg,250,250,JPEG,RGB,8619,6e25ef6186f253eff7fbaee473cad7ce8ee169036cd5489629b6d63fa295f4ae
gallery,Eric_Rosser,multi_image_gallery/Eric_Rosser/Eric_Rosser_0001.jpg,Eric_Rosser_0001.jpg,250,250,JPEG,RGB,8140,d40a0f0486b8d4593bcdc80617ed958137e3e0ffcdc561e501cb75a36f1c535c
gallery,Erika_Christensen,multi_image_gallery/Erika_Christensen/Erika_Christensen_0001.jpg,Erika_Christensen_0001.jpg,250,250,JPEG,RGB,8099,910d085639f59d509cd3d0f4b491381e67d56ee706afdcde8ced7d1acbad9306
gallery,Ernesto_Zedillo,multi_image_gallery/Ernesto_Zedillo/Ernesto_Zedillo_0001.jpg,Ernesto_Zedillo_0001.jpg,250,250,JPEG,RGB,8401,610adffd79e60ce360112ff3301957ff330dac27109a3ba4b0b9aaa0861e4a54
gallery,Ernie_Eves,multi_image_gallery/Ernie_Eves/Ernie_Eves_0001.jpg,Ernie_Eves_0001.jpg,250,250,JPEG,RGB,8132,ba662670a4eb443aa11d4bf38fc18277d7a53b725a5862afc9ae2e363ac32395
gallery,Ernie_Fletcher,multi_image_gallery/Ernie_Fletcher/Ernie_Fletcher_0001.jpg,Ernie_Fletcher_0001.jpg,250,250,JPEG,RGB,8794,2f8c6085b04e1388ef7a658f302010411e956040777f0f1e54fa09b2cc63a973
gallery,Eunice_Barber,multi_image_gallery/Eunice_Barber/Eunice_Barber_0001.jpg,Eunice_Barber_0001.jpg,250,250,JPEG,RGB,8674,1ac365bbb3daeb7e16b4b3f6591a75c978c01bdf4ee1682fc53b6602a85fef81
gallery,Eva_Dimas,multi_image_gallery/Eva_Dimas/Eva_Dimas_0001.jpg,Eva_Dimas_0001.jpg,250,250,JPEG,RGB,8597,de0e9837213921d28b4653ae1e2fa9f3269d56af28393a01f938496986015690
gallery,Evan_Rachel_Wood,multi_image_gallery/Evan_Rachel_Wood/Evan_Rachel_Wood_0001.jpg,Evan_Rachel_Wood_0001.jpg,250,250,JPEG,RGB,8631,6a22ce825d7a635d3cdb97f58cc3bf8edc38f0e4e82acaf983daf14db5f3c5a3
gallery,Evan_Rachel_Wood,multi_image_gallery/Evan_Rachel_Wood/Evan_Rachel_Wood_0002.jpg,Evan_Rachel_Wood_0002.jpg,250,250,JPEG,RGB,8156,390b7cbdfc5a90241fd832bb66681794a7026d771469faea1279307b2929abf0
gallery,Evander_Holyfield,multi_image_gallery/Evander_Holyfield/Evander_Holyfield_0001.jpg,Evander_Holyfield_0001.jpg,250,250,JPEG,RGB,7931,2f20e47679cd503a3ff764117701264688da25b7d6b510a7a4470c1594b93abc
gallery,Eve_Pelletier,multi_image_gallery/Eve_Pelletier/Eve_Pelletier_0001.jpg,Eve_Pelletier_0001.jpg,250,250,JPEG,RGB,9112,68ef423fb44aaf9d2e940da03965e2fc06dcf443a34377941e9bd9270db0adb5
gallery,Fabiola_Zuluaga,multi_image_gallery/Fabiola_Zuluaga/Fabiola_Zuluaga_0001.jpg,Fabiola_Zuluaga_0001.jpg,250,250,JPEG,RGB,9228,f2368812b74404e50a0b021308cee87d2598e5f3fdba401d519007a5c596e2ac
gallery,Fayssal_Mekdad,multi_image_gallery/Fayssal_Mekdad/Fayssal_Mekdad_0001.jpg,Fayssal_Mekdad_0001.jpg,250,250,JPEG,RGB,8989,603c8b22070f8ba1c2277d9a30c60572a9628e98501ce051be2672c63ab648b7
gallery,Fayssal_Mekdad,multi_image_gallery/Fayssal_Mekdad/Fayssal_Mekdad_0002.jpg,Fayssal_Mekdad_0002.jpg,250,250,JPEG,RGB,8273,97ffcbc2a7bedd2e6e04018a11efa095866ce40d3857287528e9aec4a1b65c4e
gallery,Fayssal_Mekdad,multi_image_gallery/Fayssal_Mekdad/Fayssal_Mekdad_0003.jpg,Fayssal_Mekdad_0003.jpg,250,250,JPEG,RGB,9150,8c3ff448ee2a9086ebe3896a0aa5072497ed9dec4e5357102439b1002811c417
gallery,Federico_Trillo,multi_image_gallery/Federico_Trillo/Federico_Trillo_0001.jpg,Federico_Trillo_0001.jpg,250,250,JPEG,RGB,8377,e4086467387b1775cab22296852a46cb9f3365bd53e301d4d61be38ba0f918a0
gallery,Federico_Trillo,multi_image_gallery/Federico_Trillo/Federico_Trillo_0002.jpg,Federico_Trillo_0002.jpg,250,250,JPEG,RGB,11840,c5e401b11243526b53bb29eaa3a8e571e08c037c38aab7bbf5c1aa0cfe225537
gallery,Felix_Mantilla,multi_image_gallery/Felix_Mantilla/Felix_Mantilla_0001.jpg,Felix_Mantilla_0001.jpg,250,250,JPEG,RGB,8193,90675918a871f5fdc30b53971185a6e366d4b3566fe077b1d37bc769e0a1c00b
gallery,Ferenc_Madl,multi_image_gallery/Ferenc_Madl/Ferenc_Madl_0001.jpg,Ferenc_Madl_0001.jpg,250,250,JPEG,RGB,8799,d3e4fd8805b6db04d5533238df2afb3838ae8315e401359cf3d0cd6a38c175d4
gallery,Fidel_Castro,multi_image_gallery/Fidel_Castro/Fidel_Castro_0001.jpg,Fidel_Castro_0001.jpg,250,250,JPEG,RGB,9757,2b8805fcb64d31a9e23aecde287f0127772cf6bcd739b4f5e451b42796a0f149
gallery,Fidel_Castro,multi_image_gallery/Fidel_Castro/Fidel_Castro_0002.jpg,Fidel_Castro_0002.jpg,250,250,JPEG,RGB,8319,f500b8e7379f42bfeebad1025b8282c2b052ab66933b34d003ce2b6c583fea2b
gallery,Fidel_Castro,multi_image_gallery/Fidel_Castro/Fidel_Castro_0003.jpg,Fidel_Castro_0003.jpg,250,250,JPEG,RGB,8428,81249a9e8a03b699c74e0514985347141b128e1763b2fb933b02bd88bfe8815e
gallery,Fidel_Castro,multi_image_gallery/Fidel_Castro/Fidel_Castro_0004.jpg,Fidel_Castro_0004.jpg,250,250,JPEG,RGB,9276,a705fe55a0ce841420862b95928df12559baf28f622943a81eeef6e509c93c9a
gallery,Fidel_Castro,multi_image_gallery/Fidel_Castro/Fidel_Castro_0005.jpg,Fidel_Castro_0005.jpg,250,250,JPEG,RGB,9166,0b7c54a93caa02fe6922c3f4c7ebe24e9d706f1306442ebbc09cbb0de9f35231
gallery,Fidel_Castro,multi_image_gallery/Fidel_Castro/Fidel_Castro_0006.jpg,Fidel_Castro_0006.jpg,250,250,JPEG,RGB,7812,17ec5019edb6e0fec20f7f901c2d2825a1c88a74fb495d243c7cb02264bcf3e8
gallery,Fidel_Castro,multi_image_gallery/Fidel_Castro/Fidel_Castro_0007.jpg,Fidel_Castro_0007.jpg,250,250,JPEG,RGB,7983,c4c41f118b9ba1adddb4d456b9c4a4ad4527802279a4b8c0ec4e684a6bed4182
gallery,Fidel_Castro,multi_image_gallery/Fidel_Castro/Fidel_Castro_0008.jpg,Fidel_Castro_0008.jpg,250,250,JPEG,RGB,9495,ca6e1a0694c835b88222f1665b7b777500b63afbac62078f7df7265d0e027fa7
gallery,Fidel_Castro,multi_image_gallery/Fidel_Castro/Fidel_Castro_0009.jpg,Fidel_Castro_0009.jpg,250,250,JPEG,RGB,8921,1ba1ee1c5737a112ab73fd83a591fa06da5d745db345a5c81af82a3ceea0158c
gallery,Fidel_Castro,multi_image_gallery/Fidel_Castro/Fidel_Castro_0010.jpg,Fidel_Castro_0010.jpg,250,250,JPEG,RGB,9612,2cec810b50156f1805dd44eb8d5f7099fec33f1f31a041221e9f82d8ee08dc1e
gallery,Flavia_Delaroli,multi_image_gallery/Flavia_Delaroli/Flavia_Delaroli_0001.jpg,Flavia_Delaroli_0001.jpg,250,250,JPEG,RGB,6665,9d1f8e5503fa29f315f4e3b472e422f94ff4814bd50202697c44495a2507e863
gallery,Flor_Montulo,multi_image_gallery/Flor_Montulo/Flor_Montulo_0001.jpg,Flor_Montulo_0001.jpg,250,250,JPEG,RGB,11384,413a093cd89a6c553a412347613fbbde7e6b2ce26fba1addfbb35b948577f895
gallery,Fran_Drescher,multi_image_gallery/Fran_Drescher/Fran_Drescher_0001.jpg,Fran_Drescher_0001.jpg,250,250,JPEG,RGB,8122,01c5b5f60ac0b12b76acba7a33603432b5b79dc5c473fd722166f5ba50e8bca8
gallery,Frances_Fisher,multi_image_gallery/Frances_Fisher/Frances_Fisher_0001.jpg,Frances_Fisher_0001.jpg,250,250,JPEG,RGB,9078,3094c5962fb9f1de7022db5ecf139ca93dd88af97dda41309ef4078aedde8bd8
gallery,Francis_Ford_Coppola,multi_image_gallery/Francis_Ford_Coppola/Francis_Ford_Coppola_0001.jpg,Francis_Ford_Coppola_0001.jpg,250,250,JPEG,RGB,7144,deb3354b4ba5a883468bd9cc91147a0ed9815861f3900b7dfa2e31d1386f697b
gallery,Francis_George,multi_image_gallery/Francis_George/Francis_George_0001.jpg,Francis_George_0001.jpg,250,250,JPEG,RGB,8255,86f8b8bc487fe8c33817293090ece44551657e205a20fdb2ac5e09b92732ed0f
gallery,Francis_Mer,multi_image_gallery/Francis_Mer/Francis_Mer_0001.jpg,Francis_Mer_0001.jpg,250,250,JPEG,RGB,9577,7c2a13dc9fe09913adce4cf35c994cf4fd2c3f38f03c5ca2935f427af0b9e77f
gallery,Franco_Dragone,multi_image_gallery/Franco_Dragone/Franco_Dragone_0001.jpg,Franco_Dragone_0001.jpg,250,250,JPEG,RGB,6343,05061d4df71efc77c947afda7716c5858f3c82f56929f249f997ffc3d052c541
gallery,Frank_Cassell,multi_image_gallery/Frank_Cassell/Frank_Cassell_0001.jpg,Frank_Cassell_0001.jpg,250,250,JPEG,RGB,7276,9cc9a2d75dda5cab15f94e03bbad14fda2db7f09a3286ccb7b87e0a093b48a43
gallery,Frank_Cassell,multi_image_gallery/Frank_Cassell/Frank_Cassell_0002.jpg,Frank_Cassell_0002.jpg,250,250,JPEG,RGB,10374,fda645bf4403190142962d2244e1e8eb3a57524389f0f96b276f1208cbcb732b
gallery,Frank_Dunham_Jr,multi_image_gallery/Frank_Dunham_Jr/Frank_Dunham_Jr_0001.jpg,Frank_Dunham_Jr_0001.jpg,250,250,JPEG,RGB,11415,f6cfc8561a2f8ae889027b569034d0c88750d349634808cdaa6d1612a96e05ec
gallery,Frank_Griswold,multi_image_gallery/Frank_Griswold/Frank_Griswold_0001.jpg,Frank_Griswold_0001.jpg,250,250,JPEG,RGB,8989,0c48e16fa7aed82e4e5d2bd0c1efeab0644cf02a8d3bba047803009f2829286d
gallery,Frank_Lautenberg,multi_image_gallery/Frank_Lautenberg/Frank_Lautenberg_0001.jpg,Frank_Lautenberg_0001.jpg,250,250,JPEG,RGB,8408,88355942b38a2a359cd599f1366273a928ffa72f546a38cc55f45962ea9a91b3
gallery,Frank_Solich,multi_image_gallery/Frank_Solich/Frank_Solich_0001.jpg,Frank_Solich_0001.jpg,250,250,JPEG,RGB,9409,231738bb281e04bcddbde08274d7763e5da6913c13d2e3c1519f0f66417082ad
gallery,Frank_Solich,multi_image_gallery/Frank_Solich/Frank_Solich_0002.jpg,Frank_Solich_0002.jpg,250,250,JPEG,RGB,10615,641651959c08b4633d6309e445b9062f7c1343c23efd26654e5ca821a1f43e26
gallery,Frank_Solich,multi_image_gallery/Frank_Solich/Frank_Solich_0003.jpg,Frank_Solich_0003.jpg,250,250,JPEG,RGB,7753,76d5dc8024d8e3fd0befe86262c5deac1eda9bac2caed42083b7524543a80e87
gallery,Frank_Solich,multi_image_gallery/Frank_Solich/Frank_Solich_0004.jpg,Frank_Solich_0004.jpg,250,250,JPEG,RGB,7724,765789139dabaf53beff40065654ad33eef7f2b453a438870173f7a4571a0934
gallery,Frank_Stallone,multi_image_gallery/Frank_Stallone/Frank_Stallone_0001.jpg,Frank_Stallone_0001.jpg,250,250,JPEG,RGB,9646,4a908d25856a3e7acf0e17f2d399740757c891ee07a26c48c71be14d3dec4680
gallery,Franko_Simatovic,multi_image_gallery/Franko_Simatovic/Franko_Simatovic_0001.jpg,Franko_Simatovic_0001.jpg,250,250,JPEG,RGB,9027,53f82c455dc67ab813afe0a5f9260b1d0e3e70fe05317574b67d2935fa84e2a3
gallery,Franz_Beckenbauer,multi_image_gallery/Franz_Beckenbauer/Franz_Beckenbauer_0001.jpg,Franz_Beckenbauer_0001.jpg,250,250,JPEG,RGB,8795,5a023f101aa98d1d75db5a7bb918d04422bee12c44d8b20c264311a4cab0e4fd
gallery,Franz_Muentefering,multi_image_gallery/Franz_Muentefering/Franz_Muentefering_0001.jpg,Franz_Muentefering_0001.jpg,250,250,JPEG,RGB,8291,838cd5aa057681494ed54f0140beefe3aabb78c34d308dae00722874e5a25237
gallery,Franz_Muentefering,multi_image_gallery/Franz_Muentefering/Franz_Muentefering_0002.jpg,Franz_Muentefering_0002.jpg,250,250,JPEG,RGB,8620,4e2601565e1f8a92549638b53f683e6212349ef633f6c304a42a240e9219b25e
gallery,Franz_Muentefering,multi_image_gallery/Franz_Muentefering/Franz_Muentefering_0003.jpg,Franz_Muentefering_0003.jpg,250,250,JPEG,RGB,9502,3cc8b3dedbeade17272f1311abec133ffc60256aa78c718ac4aee325858ca5ac
gallery,Fred_Eckhard,multi_image_gallery/Fred_Eckhard/Fred_Eckhard_0001.jpg,Fred_Eckhard_0001.jpg,250,250,JPEG,RGB,8211,09cfcbb404e96fcc5b7d7a4690821f853c130604a1fbced771ba18400605b2d7
gallery,Fred_Eckhard,multi_image_gallery/Fred_Eckhard/Fred_Eckhard_0002.jpg,Fred_Eckhard_0002.jpg,250,250,JPEG,RGB,9295,e1cde76c948036fafa97ceaa73326de7866eb519195d52917730e7a7f421249e
gallery,Fred_Funk,multi_image_gallery/Fred_Funk/Fred_Funk_0001.jpg,Fred_Funk_0001.jpg,250,250,JPEG,RGB,7322,1711680691ca3cb81acd571f562f25a59828d714ded3cd74f9b320212935f116
gallery,Freddy_Garcia,multi_image_gallery/Freddy_Garcia/Freddy_Garcia_0001.jpg,Freddy_Garcia_0001.jpg,250,250,JPEG,RGB,9589,420b47967e3ebc8d88c5b5b5b6c3e33829fc153dd0eeb01209aa0bd1412fe539
gallery,GL_Peiris,multi_image_gallery/GL_Peiris/GL_Peiris_0001.jpg,GL_Peiris_0001.jpg,250,250,JPEG,RGB,8706,50037d6fecaeb277a5c99750df793da5e5bb1aff39f802e6376c797ebec30c36
gallery,GL_Peiris,multi_image_gallery/GL_Peiris/GL_Peiris_0002.jpg,GL_Peiris_0002.jpg,250,250,JPEG,RGB,7675,6dfad9a8b95fed6eb9598b3d8d7577f62fb6343a88f62192afe9e93b95870c0b
gallery,GL_Peiris,multi_image_gallery/GL_Peiris/GL_Peiris_0003.jpg,GL_Peiris_0003.jpg,250,250,JPEG,RGB,8952,c7a2631a6e53e099623557c2261fc5d5ca2a0d292a805490d2fecc088c971db1
gallery,Gabriel_Batistuta,multi_image_gallery/Gabriel_Batistuta/Gabriel_Batistuta_0001.jpg,Gabriel_Batistuta_0001.jpg,250,250,JPEG,RGB,10289,96a7a8c83fa04630f7a09159bcb9358824263c0e1d6a9c9b8a86bd936f67040e
gallery,Gabriel_Valdes,multi_image_gallery/Gabriel_Valdes/Gabriel_Valdes_0001.jpg,Gabriel_Valdes_0001.jpg,250,250,JPEG,RGB,9457,2d9c3d4408efaf6f5de975da0906f8f671b86a84ff9442ab499d1a164e7f2a80
gallery,Gao_Qiang,multi_image_gallery/Gao_Qiang/Gao_Qiang_0001.jpg,Gao_Qiang_0001.jpg,250,250,JPEG,RGB,9558,4e15ed8246f3065168a7f341a103d6a6eee6d6d224829e8513cc662f3df52037
gallery,Garry_Kasparov,multi_image_gallery/Garry_Kasparov/Garry_Kasparov_0001.jpg,Garry_Kasparov_0001.jpg,250,250,JPEG,RGB,10350,27a28e7a7a6d867ea7bc72fd5f1288365d480a1f5d93d86ee132700248d76b57
gallery,Garry_Trudeau,multi_image_gallery/Garry_Trudeau/Garry_Trudeau_0001.jpg,Garry_Trudeau_0001.jpg,250,250,JPEG,RGB,7291,73ecd54afe116e3e43eb55fc60571bfe1cc025cba99cf59fb09db2493ba84cb5
gallery,Gary_Bergeron,multi_image_gallery/Gary_Bergeron/Gary_Bergeron_0001.jpg,Gary_Bergeron_0001.jpg,250,250,JPEG,RGB,8966,da52ddbcb874abfd5e728a4267c410e61aea5b96a30fa8ea096bdaa487ca2abc
gallery,Gary_Carter,multi_image_gallery/Gary_Carter/Gary_Carter_0001.jpg,Gary_Carter_0001.jpg,250,250,JPEG,RGB,6878,d707ae06f27c5b99040fdff46182fd62ec03c8907771e5752c9768a45050272c
gallery,Gary_Carter,multi_image_gallery/Gary_Carter/Gary_Carter_0002.jpg,Gary_Carter_0002.jpg,250,250,JPEG,RGB,9749,f5bbe5f888ccdd6fc44ab3de4a06a99c021a22d44a71f135419c1fa4ee1e1e65
gallery,Gary_Doer,multi_image_gallery/Gary_Doer/Gary_Doer_0001.jpg,Gary_Doer_0001.jpg,250,250,JPEG,RGB,9415,96fdb2399f61a1a8cb8aaa83a5979176667355371c12e60ec23787bcd18f5b45
gallery,Gary_Doer,multi_image_gallery/Gary_Doer/Gary_Doer_0002.jpg,Gary_Doer_0002.jpg,250,250,JPEG,RGB,7263,219d6156cc4a98717cb106eefe3ff425720b165f9557924484f3813531580c01
gallery,Gary_Forsee,multi_image_gallery/Gary_Forsee/Gary_Forsee_0001.jpg,Gary_Forsee_0001.jpg,250,250,JPEG,RGB,7202,021d14b6480c4369f93cc1b14230ed41de16e493a1a56eb7625859fe02e0992e
gallery,Gary_Locke,multi_image_gallery/Gary_Locke/Gary_Locke_0001.jpg,Gary_Locke_0001.jpg,250,250,JPEG,RGB,7864,1be28b1a8d1c34bf178c3c38de1c0ab41a4d0f2c981000cf25ad5130ed9386c1
gallery,Gary_Williams,multi_image_gallery/Gary_Williams/Gary_Williams_0001.jpg,Gary_Williams_0001.jpg,250,250,JPEG,RGB,9343,85ca69a0eace89d958a4e17d4091cccb49ccfd123ffb9b8052a84a8b6495f86b
gallery,Gary_Winnick,multi_image_gallery/Gary_Winnick/Gary_Winnick_0001.jpg,Gary_Winnick_0001.jpg,250,250,JPEG,RGB,8601,a1ef8fd62981321268eec89db3e1ea59cc5009d7de9609616e879f1021dcca15
gallery,Geno_Auriemma,multi_image_gallery/Geno_Auriemma/Geno_Auriemma_0001.jpg,Geno_Auriemma_0001.jpg,250,250,JPEG,RGB,7742,a0161c7903e27d544cb6f835d9c627c4f35330841cad24a365ab941f7cde0de2
gallery,Geoff_Hoon,multi_image_gallery/Geoff_Hoon/Geoff_Hoon_0001.jpg,Geoff_Hoon_0001.jpg,250,250,JPEG,RGB,7905,d38e87db88339f511d3b95f66cde655ebc9b2b409d806acb310d34a6c787da19
gallery,Geoff_Hoon,multi_image_gallery/Geoff_Hoon/Geoff_Hoon_0002.jpg,Geoff_Hoon_0002.jpg,250,250,JPEG,RGB,9549,484e948e49e09568347f7c3e2a8180b3f94d5bf1a09705b7096b347c12e46575
gallery,Geoff_Hoon,multi_image_gallery/Geoff_Hoon/Geoff_Hoon_0003.jpg,Geoff_Hoon_0003.jpg,250,250,JPEG,RGB,9291,2ef82eaecfbf263db8f16c02add0243fbfa13d6135a5a227963bfcc6c4a6372c
gallery,Geoff_Hoon,multi_image_gallery/Geoff_Hoon/Geoff_Hoon_0004.jpg,Geoff_Hoon_0004.jpg,250,250,JPEG,RGB,9455,e8159037df04371aa18b002c04b00452345cb8eb38f3def7305d8b13b6c098cb
gallery,Geoff_Hoon,multi_image_gallery/Geoff_Hoon/Geoff_Hoon_0005.jpg,Geoff_Hoon_0005.jpg,250,250,JPEG,RGB,8013,60cd7f5866261d7358ab2b22589e5e812739a1ac3ae21eaa092c9271eb5aa892
gallery,Geoff_Hoon,multi_image_gallery/Geoff_Hoon/Geoff_Hoon_0006.jpg,Geoff_Hoon_0006.jpg,250,250,JPEG,RGB,6927,b4e1c80ede4f5ac41f2c9612e5c7ad20d481741d94f35c3688cf083ee2185d96
gallery,George_Brumley,multi_image_gallery/George_Brumley/George_Brumley_0001.jpg,George_Brumley_0001.jpg,250,250,JPEG,RGB,9916,a2f4b3eb9d2ddefc9abb9c2c6ddd145cd9faa705c2c6f249622439b5064f2968
gallery,George_Foreman,multi_image_gallery/George_Foreman/George_Foreman_0001.jpg,George_Foreman_0001.jpg,250,250,JPEG,RGB,9031,07d38371e7f8bf7c3c027867460cd6e71d71c45c6d06b5c9e013b1dd619dd717
gallery,George_Karl,multi_image_gallery/George_Karl/George_Karl_0001.jpg,George_Karl_0001.jpg,250,250,JPEG,RGB,7846,b51db22c306968397ecb92cd4c9b5c6b357892e60f03c8a0ba59fc808d812266
gallery,George_Lopez,multi_image_gallery/George_Lopez/George_Lopez_0001.jpg,George_Lopez_0001.jpg,250,250,JPEG,RGB,11140,901d8c870d0c4d0c54c77aa68ac98996f772fdb3d3ff095b2c033267b018d87c
gallery,George_Lopez,multi_image_gallery/George_Lopez/George_Lopez_0002.jpg,George_Lopez_0002.jpg,250,250,JPEG,RGB,8171,929a77c23b842225c50cccc70d0b4dab2cf60c339bae0558cb6fe200ad4b06f0
gallery,George_Lopez,multi_image_gallery/George_Lopez/George_Lopez_0003.jpg,George_Lopez_0003.jpg,250,250,JPEG,RGB,10479,6a763c7f0d5bb079bac437f5bfa514a58aadf37249932a6c13ede468f98827f8
gallery,George_Lopez,multi_image_gallery/George_Lopez/George_Lopez_0004.jpg,George_Lopez_0004.jpg,250,250,JPEG,RGB,10863,bd5fb79b8b9505d14d3a2f1b9b0c421d454a628f090cc88802c675b4cb7fed7a
gallery,George_P_Bush,multi_image_gallery/George_P_Bush/George_P_Bush_0001.jpg,George_P_Bush_0001.jpg,250,250,JPEG,RGB,9019,4f09fa4ae3598606932dec4b8ba9b9d6f6e0d4d774de03aedaee004aa933fc2c
gallery,George_Pataki,multi_image_gallery/George_Pataki/George_Pataki_0001.jpg,George_Pataki_0001.jpg,250,250,JPEG,RGB,6549,0aa9b7281427d1aded9980c7c627f2c40ac95ce646e2f8a216d35c01b7a62529
gallery,George_Pataki,multi_image_gallery/George_Pataki/George_Pataki_0002.jpg,George_Pataki_0002.jpg,250,250,JPEG,RGB,7540,1136b3f96854db2f57c61fbe994459ac107b8f5a2e4971b617ab8ee738077eb4
gallery,George_Pataki,multi_image_gallery/George_Pataki/George_Pataki_0003.jpg,George_Pataki_0003.jpg,250,250,JPEG,RGB,6596,66f0198ecfd48c11da5261d0ab60a46f98135d515963039c39fe75e640e4cfb4
gallery,George_Pataki,multi_image_gallery/George_Pataki/George_Pataki_0004.jpg,George_Pataki_0004.jpg,250,250,JPEG,RGB,7673,2bb07033b53137b4be2fd03e066697a23b2f9c0368bd7adaf076b1ed9dc62b03
gallery,George_Robertson,multi_image_gallery/George_Robertson/George_Robertson_0001.jpg,George_Robertson_0001.jpg,250,250,JPEG,RGB,8622,5e44350abf303d3f97f219fd8edaf23cc1cd4467c3b7000379ef1f73a3fc213a
gallery,George_Robertson,multi_image_gallery/George_Robertson/George_Robertson_0002.jpg,George_Robertson_0002.jpg,250,250,JPEG,RGB,9474,23c5726551b10765052f986865c8cdfb548ff3f5a771315fc838a9825ec3ab0b
gallery,George_Robertson,multi_image_gallery/George_Robertson/George_Robertson_0003.jpg,George_Robertson_0003.jpg,250,250,JPEG,RGB,9878,fa6dec6262165ebf0cde9f929420e4c63c5239cec325b5e5bd688d6b344d9b44
gallery,George_Robertson,multi_image_gallery/George_Robertson/George_Robertson_0004.jpg,George_Robertson_0004.jpg,250,250,JPEG,RGB,7624,25174cb20be2f9b861bce89fbea8d5919f7aef3eb6c1c8fdd2fa6a390961b540
gallery,George_Robertson,multi_image_gallery/George_Robertson/George_Robertson_0005.jpg,George_Robertson_0005.jpg,250,250,JPEG,RGB,8611,049555a1534e6ffdcd2d2df52cf2c85755e9f4c4e132fef9d282ae824b06b49c
gallery,George_Robertson,multi_image_gallery/George_Robertson/George_Robertson_0006.jpg,George_Robertson_0006.jpg,250,250,JPEG,RGB,8481,496bc712591a7bccd7302b997f927942c65e4796d81117f08d13ae2bbd6c0f8e
gallery,George_Robertson,multi_image_gallery/George_Robertson/George_Robertson_0007.jpg,George_Robertson_0007.jpg,250,250,JPEG,RGB,7687,f5ed14ff4e917c704a09d08d67978f4478ef33cb6a03fd187274d9174c5d6694
gallery,George_Robertson,multi_image_gallery/George_Robertson/George_Robertson_0008.jpg,George_Robertson_0008.jpg,250,250,JPEG,RGB,9489,16c6647296085c33e0801825936dac8d2d05b629fa3f4f8e48c7d57690d98108
gallery,George_Robertson,multi_image_gallery/George_Robertson/George_Robertson_0009.jpg,George_Robertson_0009.jpg,250,250,JPEG,RGB,9929,62d91529002f9a75f1b9e04dca40026979801450bd9e0993a67bf99449dc6943
gallery,George_Robertson,multi_image_gallery/George_Robertson/George_Robertson_0010.jpg,George_Robertson_0010.jpg,250,250,JPEG,RGB,6945,215b447a15441830a725ccb4c41feff8b39bc1fc32ecddcadb6b30512db2410d
gallery,George_Roy_Hill,multi_image_gallery/George_Roy_Hill/George_Roy_Hill_0001.jpg,George_Roy_Hill_0001.jpg,250,250,JPEG,RGB,9351,9d795467833edbe5c342270e471f51a3c533f0c55eb2bed1a2f4bd22b033b6db
gallery,George_Ryan,multi_image_gallery/George_Ryan/George_Ryan_0001.jpg,George_Ryan_0001.jpg,250,250,JPEG,RGB,7959,89a20a5aeae405f80bac27c7fb26d9eb5899bc538e77859042930e40fe344954
gallery,George_Ryan,multi_image_gallery/George_Ryan/George_Ryan_0002.jpg,George_Ryan_0002.jpg,250,250,JPEG,RGB,8116,72110ee2cf83748187c5289713479f563878d937562e665ab0531ae0347af918
gallery,George_Ryan,multi_image_gallery/George_Ryan/George_Ryan_0003.jpg,George_Ryan_0003.jpg,250,250,JPEG,RGB,8448,08a8e613970eb03a04ce314ec7cee798f779a0d338a181bb521409aea244013a
gallery,George_Tenet,multi_image_gallery/George_Tenet/George_Tenet_0001.jpg,George_Tenet_0001.jpg,250,250,JPEG,RGB,6930,bc3a65eee026f26e17ec4caf1df670b71cd7cee3e829610563cb9c0f295303c6
gallery,George_Voinovich,multi_image_gallery/George_Voinovich/George_Voinovich_0001.jpg,George_Voinovich_0001.jpg,250,250,JPEG,RGB,8344,c169bf94419e351c7a31e09a76827794bccb5dcb3b9ae031666d172cff53a2d0
gallery,George_Voinovich,multi_image_gallery/George_Voinovich/George_Voinovich_0002.jpg,George_Voinovich_0002.jpg,250,250,JPEG,RGB,8054,ed1000bd050dfe7143e621728e279ab5f49dad693aaa0f2acdaede2056ed3281
gallery,Georgi_Parvanov,multi_image_gallery/Georgi_Parvanov/Georgi_Parvanov_0001.jpg,Georgi_Parvanov_0001.jpg,250,250,JPEG,RGB,8182,11248abcdbb13e506fbdffc324299205734cd48cb18d7e9d05f91335f2d3e491
gallery,Geraldine_Chaplin,multi_image_gallery/Geraldine_Chaplin/Geraldine_Chaplin_0001.jpg,Geraldine_Chaplin_0001.jpg,250,250,JPEG,RGB,8427,9f3d972c601a8e5368f3b82dff68f039ac360c920185b17bc29d3e10d7593d24
gallery,Geraldine_Chaplin,multi_image_gallery/Geraldine_Chaplin/Geraldine_Chaplin_0002.jpg,Geraldine_Chaplin_0002.jpg,250,250,JPEG,RGB,10008,b88eadd581c1ad0f63dbf78cc76bd86d96aaf36b1ecb5339c3dc8076a0482a94
gallery,Geraldine_Chaplin,multi_image_gallery/Geraldine_Chaplin/Geraldine_Chaplin_0003.jpg,Geraldine_Chaplin_0003.jpg,250,250,JPEG,RGB,9692,6e4f1cc37989bd0906c5e699e473b5bfdaaa2aa7ff636918994094c057df89db
gallery,Gerard_Depardieu,multi_image_gallery/Gerard_Depardieu/Gerard_Depardieu_0001.jpg,Gerard_Depardieu_0001.jpg,250,250,JPEG,RGB,9605,9f0f06db208774da5b30c3281690da40a4830e87663e1b5c30c4e0a28fd88a58
gallery,Gerardo_Gambala,multi_image_gallery/Gerardo_Gambala/Gerardo_Gambala_0001.jpg,Gerardo_Gambala_0001.jpg,250,250,JPEG,RGB,7446,6220de0aae13f22106a3f2455776a38dc2645069a680b1b8d50958f25c9ad30f
gallery,Gerry_Adams,multi_image_gallery/Gerry_Adams/Gerry_Adams_0001.jpg,Gerry_Adams_0001.jpg,250,250,JPEG,RGB,9288,259a3590a5decfe030fe02ad4901a26c149d4afa239b2afaefd8103e3e5aa63f
gallery,Gerry_Adams,multi_image_gallery/Gerry_Adams/Gerry_Adams_0002.jpg,Gerry_Adams_0002.jpg,250,250,JPEG,RGB,10179,49d6ada474279a5982741978caf39cab32840750f7ef739b06e3cec53b47501e
gallery,Gerry_Adams,multi_image_gallery/Gerry_Adams/Gerry_Adams_0003.jpg,Gerry_Adams_0003.jpg,250,250,JPEG,RGB,8328,9e6f6f808912fced89ebd89db2e94f36b5d3b1b9306fe51dfcc13511cad3152c
gallery,Gerry_Adams,multi_image_gallery/Gerry_Adams/Gerry_Adams_0004.jpg,Gerry_Adams_0004.jpg,250,250,JPEG,RGB,9574,38f4d59fd354f9c507d7bce46a1ce19221542a4fabfc8a8fff7fb5644883b224
gallery,Gerry_Adams,multi_image_gallery/Gerry_Adams/Gerry_Adams_0005.jpg,Gerry_Adams_0005.jpg,250,250,JPEG,RGB,9649,71e74ed5dc22bf8e42d2a10714701a40bb1709505b3de5b3e7a1c915b0a95880
gallery,Gerry_Adams,multi_image_gallery/Gerry_Adams/Gerry_Adams_0006.jpg,Gerry_Adams_0006.jpg,250,250,JPEG,RGB,6847,03196b7cea8563b6cbd3320a346d6946d96ec4a75fea83c37c6f213de8772c43
gallery,Gerry_Adams,multi_image_gallery/Gerry_Adams/Gerry_Adams_0007.jpg,Gerry_Adams_0007.jpg,250,250,JPEG,RGB,11361,fcc4530204c8958a06c4cd8ba4568be1c9cecffd528379fe77cc97195fc911de
gallery,Gerry_Parsky,multi_image_gallery/Gerry_Parsky/Gerry_Parsky_0001.jpg,Gerry_Parsky_0001.jpg,250,250,JPEG,RGB,10176,26d32babe49895f4f5a69f32f35c974ae4746bac31ccf1df529ac221bcdb9573
gallery,Gian_Marco,multi_image_gallery/Gian_Marco/Gian_Marco_0001.jpg,Gian_Marco_0001.jpg,250,250,JPEG,RGB,7992,d68c45e25c9ee389fbc62ea689303b1114aa51df8d9a0d6a15d8dbf72cf86281
gallery,Gian_Marco,multi_image_gallery/Gian_Marco/Gian_Marco_0002.jpg,Gian_Marco_0002.jpg,250,250,JPEG,RGB,8566,fad3e4f220043b20f0205b10c8e80d8705ad018e1a5240e45f596c109cfea10e
gallery,Gianna_Angelopoulos-Daskalaki,multi_image_gallery/Gianna_Angelopoulos-Daskalaki/Gianna_Angelopoulos-Daskalaki_0001.jpg,Gianna_Angelopoulos-Daskalaki_0001.jpg,250,250,JPEG,RGB,9136,ca666d70a6523facc5c51d78f859c0637b5c901df9a14ea174f11be176de7eb3
gallery,Gianna_Angelopoulos-Daskalaki,multi_image_gallery/Gianna_Angelopoulos-Daskalaki/Gianna_Angelopoulos-Daskalaki_0002.jpg,Gianna_Angelopoulos-Daskalaki_0002.jpg,250,250,JPEG,RGB,10449,694bf66e722e2063fad228b5ae9519de872fd79e103ab003113dd886f162e99c
gallery,Gil_de_Ferran,multi_image_gallery/Gil_de_Ferran/Gil_de_Ferran_0001.jpg,Gil_de_Ferran_0001.jpg,250,250,JPEG,RGB,8878,e3d81001eb580f5f088d94dd715a9878cfe2c6f787cfc86c45436d0009498532
gallery,Gil_de_Ferran,multi_image_gallery/Gil_de_Ferran/Gil_de_Ferran_0002.jpg,Gil_de_Ferran_0002.jpg,250,250,JPEG,RGB,8804,67b4c2ec3c1328d36e6ceda79e9dcd5b5eb6b7e1eb18eabfa36791bf481415b6
gallery,Gil_de_Ferran,multi_image_gallery/Gil_de_Ferran/Gil_de_Ferran_0003.jpg,Gil_de_Ferran_0003.jpg,250,250,JPEG,RGB,9751,eed45a2602b652682a5fa47ef9e3f574a327a6afa4e18d914bc8bd9fe350c861
gallery,Gil_de_Ferran,multi_image_gallery/Gil_de_Ferran/Gil_de_Ferran_0004.jpg,Gil_de_Ferran_0004.jpg,250,250,JPEG,RGB,12242,08fb6f70f9e0fc7996849c4226ccca091d7b6af4c6b874e04b6fefec1c952f61
gallery,Gillian_Anderson,multi_image_gallery/Gillian_Anderson/Gillian_Anderson_0001.jpg,Gillian_Anderson_0001.jpg,250,250,JPEG,RGB,10847,b29d51587d59236a33bb0017b0af737258e3d7ff9536f412227598dabfbc5b74
gallery,Gisele_Bundchen,multi_image_gallery/Gisele_Bundchen/Gisele_Bundchen_0001.jpg,Gisele_Bundchen_0001.jpg,250,250,JPEG,RGB,7814,0d0f5eb1bd406554e4199a25bfa9033d2994c4b3af3a163e3172856eac66c6a3
gallery,Gloria_Allred,multi_image_gallery/Gloria_Allred/Gloria_Allred_0001.jpg,Gloria_Allred_0001.jpg,250,250,JPEG,RGB,9672,1de7dc9cf8c8321282e247af8508bc62af3163252b44f69d3e054f6a68a62f7b
gallery,Gloria_Macapagal_Arroyo,multi_image_gallery/Gloria_Macapagal_Arroyo/Gloria_Macapagal_Arroyo_0001.jpg,Gloria_Macapagal_Arroyo_0001.jpg,250,250,JPEG,RGB,9484,e538c37b989c555ccd1a46df6362f7c2a4f90f01d9370b27735d014ddfaeabbd
gallery,Gloria_Macapagal_Arroyo,multi_image_gallery/Gloria_Macapagal_Arroyo/Gloria_Macapagal_Arroyo_0002.jpg,Gloria_Macapagal_Arroyo_0002.jpg,250,250,JPEG,RGB,11216,4fd1a97f8f59e7bebae11170b0c744ccf52c358798c8a554c3f7860e2edeed50
gallery,Gloria_Macapagal_Arroyo,multi_image_gallery/Gloria_Macapagal_Arroyo/Gloria_Macapagal_Arroyo_0003.jpg,Gloria_Macapagal_Arroyo_0003.jpg,250,250,JPEG,RGB,8362,29a4c39a0a2da3a33b0ee7037c057d2de85c8b75263448d5ba803d663cdf85f5
gallery,Gloria_Macapagal_Arroyo,multi_image_gallery/Gloria_Macapagal_Arroyo/Gloria_Macapagal_Arroyo_0004.jpg,Gloria_Macapagal_Arroyo_0004.jpg,250,250,JPEG,RGB,9540,d0608f4586f8adddc56bd253df21dab9833b61589dd167c8a8b503836a38a61b
gallery,Gloria_Macapagal_Arroyo,multi_image_gallery/Gloria_Macapagal_Arroyo/Gloria_Macapagal_Arroyo_0005.jpg,Gloria_Macapagal_Arroyo_0005.jpg,250,250,JPEG,RGB,10290,aaa4355473e7b055852ee7ffbf1fad26d85903d150966ac4460cedd6a41b5d28
gallery,Gloria_Macapagal_Arroyo,multi_image_gallery/Gloria_Macapagal_Arroyo/Gloria_Macapagal_Arroyo_0006.jpg,Gloria_Macapagal_Arroyo_0006.jpg,250,250,JPEG,RGB,9282,1626cf8ea3c9ab3301ba1d9022a94b30773c261dedace4916fcf0b3abf73f55e
gallery,Gloria_Macapagal_Arroyo,multi_image_gallery/Gloria_Macapagal_Arroyo/Gloria_Macapagal_Arroyo_0007.jpg,Gloria_Macapagal_Arroyo_0007.jpg,250,250,JPEG,RGB,9410,2fce378d7c45c42cf8b417ea21329411e476f10a9376d21410aa645f802cdd80
gallery,Gloria_Macapagal_Arroyo,multi_image_gallery/Gloria_Macapagal_Arroyo/Gloria_Macapagal_Arroyo_0008.jpg,Gloria_Macapagal_Arroyo_0008.jpg,250,250,JPEG,RGB,9910,8e501627b7c0a94d2cbaea6ba2f55d9cceff1d771d764e792c9321493db569f2
gallery,Gloria_Macapagal_Arroyo,multi_image_gallery/Gloria_Macapagal_Arroyo/Gloria_Macapagal_Arroyo_0009.jpg,Gloria_Macapagal_Arroyo_0009.jpg,250,250,JPEG,RGB,8255,2d0fe95004c93b8c9035a70b1e1f9b7aea0adbbf949a17d930484a98840b69a3
gallery,Gloria_Macapagal_Arroyo,multi_image_gallery/Gloria_Macapagal_Arroyo/Gloria_Macapagal_Arroyo_0010.jpg,Gloria_Macapagal_Arroyo_0010.jpg,250,250,JPEG,RGB,7901,2eb5e41126d981e70e2bffcf3cc831f6983faf61fc628876108cf84b5902a5ab
gallery,Goh_Kun,multi_image_gallery/Goh_Kun/Goh_Kun_0001.jpg,Goh_Kun_0001.jpg,250,250,JPEG,RGB,8206,acd2d16c8e48d827ed5d3b40f6ad4866f89d06f1c1baa37cfbb88a3ce446c1a4
gallery,Goldie_Hawn,multi_image_gallery/Goldie_Hawn/Goldie_Hawn_0001.jpg,Goldie_Hawn_0001.jpg,250,250,JPEG,RGB,9162,7db48dabc160d0c34985d31b9523a565222628710aded7f3180be18ce851b58d
gallery,Goldie_Hawn,multi_image_gallery/Goldie_Hawn/Goldie_Hawn_0002.jpg,Goldie_Hawn_0002.jpg,250,250,JPEG,RGB,8547,048c469ce3999cfdff387a1c29102c8efc9c15a4bfe0e9fd2593cb469810ddaf
gallery,Goldie_Hawn,multi_image_gallery/Goldie_Hawn/Goldie_Hawn_0003.jpg,Goldie_Hawn_0003.jpg,250,250,JPEG,RGB,9930,8fa8fa99dcdfa7b1b9d2969e266cca05c139f20c0e2ee0034918a7ccc12e0741
gallery,Goldie_Hawn,multi_image_gallery/Goldie_Hawn/Goldie_Hawn_0004.jpg,Goldie_Hawn_0004.jpg,250,250,JPEG,RGB,8572,0d996dbc259657d72ba8a2766cd0ebc7af1a0f4396131cd1be230b75a4b500ec
gallery,Goldie_Hawn,multi_image_gallery/Goldie_Hawn/Goldie_Hawn_0005.jpg,Goldie_Hawn_0005.jpg,250,250,JPEG,RGB,11285,829dc59971f7c901b5ccd826071fbdfdc4588d72e24e28cc9a3d3d06d1b56fa9
gallery,Goldie_Hawn,multi_image_gallery/Goldie_Hawn/Goldie_Hawn_0006.jpg,Goldie_Hawn_0006.jpg,250,250,JPEG,RGB,9531,c6dacdcc9662fee47c4ffde3b0a66daf2081829b4c9008c936a7f074ee019d32
gallery,Goran_Persson,multi_image_gallery/Goran_Persson/Goran_Persson_0001.jpg,Goran_Persson_0001.jpg,250,250,JPEG,RGB,6889,949845519e47601e126dddf0596ecac2f6d9c053a558af479e801c3906ae25a0
gallery,Gordon_Campbell,multi_image_gallery/Gordon_Campbell/Gordon_Campbell_0001.jpg,Gordon_Campbell_0001.jpg,250,250,JPEG,RGB,7966,e702f6dad81747c25cc50f148e237d6d1a0fc138569682559a5f5a113b744894
gallery,Grady_Irvin_Jr,multi_image_gallery/Grady_Irvin_Jr/Grady_Irvin_Jr_0001.jpg,Grady_Irvin_Jr_0001.jpg,250,250,JPEG,RGB,10159,6a86ad9513fce3c20688d20f4642fce2bc5bc0232d2f3d03528e52de7b7616bd
gallery,Gray_Davis,multi_image_gallery/Gray_Davis/Gray_Davis_0001.jpg,Gray_Davis_0001.jpg,250,250,JPEG,RGB,8018,6d098597c5c8eb1dc912a780faf285b76fa3ac69d8952b322ba7d0c499307b1b
gallery,Gray_Davis,multi_image_gallery/Gray_Davis/Gray_Davis_0002.jpg,Gray_Davis_0002.jpg,250,250,JPEG,RGB,9147,285c2424cb4e23053d1f96b1896931b098df33417ed1b576c151a16bba66a449
gallery,Gray_Davis,multi_image_gallery/Gray_Davis/Gray_Davis_0003.jpg,Gray_Davis_0003.jpg,250,250,JPEG,RGB,8836,ae46c9ff0a1c43c8211e13eb203358b46cec8ccff4ca2b2e2f880f5168053460
gallery,Gray_Davis,multi_image_gallery/Gray_Davis/Gray_Davis_0004.jpg,Gray_Davis_0004.jpg,250,250,JPEG,RGB,9194,ab4f63bedff03fef5d0a3b9b598db13e3511a56c114b534b36cb1e72c70d3b08
gallery,Gray_Davis,multi_image_gallery/Gray_Davis/Gray_Davis_0005.jpg,Gray_Davis_0005.jpg,250,250,JPEG,RGB,8738,164543d4702e50a862d277338ab64971ff5288238973a330fa09fb901441d8cb
gallery,Gray_Davis,multi_image_gallery/Gray_Davis/Gray_Davis_0006.jpg,Gray_Davis_0006.jpg,250,250,JPEG,RGB,9386,34bf17deff5fd3d70bdcf8c3c3140d7d1806ae0a6a0163b9d26dd8473c4bcc28
gallery,Gray_Davis,multi_image_gallery/Gray_Davis/Gray_Davis_0007.jpg,Gray_Davis_0007.jpg,250,250,JPEG,RGB,6712,47534326c8ea3422e6012c3afc3cc25ca585c5e95bc943f286ad942a1393f644
gallery,Gray_Davis,multi_image_gallery/Gray_Davis/Gray_Davis_0008.jpg,Gray_Davis_0008.jpg,250,250,JPEG,RGB,8515,74cdbdfa1c3b76d60bcb67d9494bfc2e0276f4b822b974ae2c58212f246c7f38
gallery,Gray_Davis,multi_image_gallery/Gray_Davis/Gray_Davis_0009.jpg,Gray_Davis_0009.jpg,250,250,JPEG,RGB,8272,c82dc083472d5a812add3fb0060597c72c71d99e424696544e6b6a3f85178ae0
gallery,Gray_Davis,multi_image_gallery/Gray_Davis/Gray_Davis_0010.jpg,Gray_Davis_0010.jpg,250,250,JPEG,RGB,7453,c97bb9116b04a59635b5c162196b78f2015c5435786b377718c5106a4d699e3a
gallery,Greg_Gilbert,multi_image_gallery/Greg_Gilbert/Greg_Gilbert_0001.jpg,Greg_Gilbert_0001.jpg,250,250,JPEG,RGB,8615,39d150d60f61132dab4411705212a13f1ea1c43882f30d132d7e7f7e4629fdc6
gallery,Greg_Ostertag,multi_image_gallery/Greg_Ostertag/Greg_Ostertag_0001.jpg,Greg_Ostertag_0001.jpg,250,250,JPEG,RGB,9173,c59cc17717ba2c4daff21c64ac04eefe78035db33a487d95fe996481d8f96f31
gallery,Greg_Owen,multi_image_gallery/Greg_Owen/Greg_Owen_0001.jpg,Greg_Owen_0001.jpg,250,250,JPEG,RGB,8930,719a3d717b7bd942b88b0ef3201fd21b5416321f505d931f500d06a3930a5470
gallery,Greg_Rusedski,multi_image_gallery/Greg_Rusedski/Greg_Rusedski_0001.jpg,Greg_Rusedski_0001.jpg,250,250,JPEG,RGB,9009,c0ecaa363fd2831bbe5d8f6a23d5d90a14fc50d4e36f1380cca2a02523753213
gallery,Greg_Rusedski,multi_image_gallery/Greg_Rusedski/Greg_Rusedski_0002.jpg,Greg_Rusedski_0002.jpg,250,250,JPEG,RGB,9321,3f978408eff391bbbe41bf761844574960f360645b295f8a457f39ff90965afb
gallery,Greg_Rusedski,multi_image_gallery/Greg_Rusedski/Greg_Rusedski_0003.jpg,Greg_Rusedski_0003.jpg,250,250,JPEG,RGB,8471,34d848c10d806b3e37900a05c0a1c9c62db9b534a2d6d39289fbb17c15145cc3
gallery,Gregg_Popovich,multi_image_gallery/Gregg_Popovich/Gregg_Popovich_0001.jpg,Gregg_Popovich_0001.jpg,250,250,JPEG,RGB,7981,ea46e1be5a26b0539abadc3c78c5d5825fc30b09fa745814a3dad15bb609c0fb
gallery,Gregg_Popovich,multi_image_gallery/Gregg_Popovich/Gregg_Popovich_0002.jpg,Gregg_Popovich_0002.jpg,250,250,JPEG,RGB,11601,ecd84533aa78689ee6a8568805ae01cb4e4c8f24cd250eca72e64a0e5b3cbdca
gallery,Gregg_Popovich,multi_image_gallery/Gregg_Popovich/Gregg_Popovich_0003.jpg,Gregg_Popovich_0003.jpg,250,250,JPEG,RGB,8603,d41504341fc2497c76d037bd29b0203aa517d1f1353f49e838e210cd4efc0740
gallery,Gregg_Popovich,multi_image_gallery/Gregg_Popovich/Gregg_Popovich_0004.jpg,Gregg_Popovich_0004.jpg,250,250,JPEG,RGB,7757,e558db76d3a46c01d3271c7aac4b6016b9ff8714ef9a315bd7dc456895397df4
gallery,Gregory_Geoffroy,multi_image_gallery/Gregory_Geoffroy/Gregory_Geoffroy_0001.jpg,Gregory_Geoffroy_0001.jpg,250,250,JPEG,RGB,8591,ceb0d9e0ec4096df3fd68b26f8f49484376c4556b3f1ba98ff35e20bd683be24
gallery,Gregory_Hines,multi_image_gallery/Gregory_Hines/Gregory_Hines_0001.jpg,Gregory_Hines_0001.jpg,250,250,JPEG,RGB,7775,bf9066a836643f8f866b1f02c072d484de520a7139911629d6ed1a2e5f21ceab
gallery,Gro_Harlem_Brundtland,multi_image_gallery/Gro_Harlem_Brundtland/Gro_Harlem_Brundtland_0001.jpg,Gro_Harlem_Brundtland_0001.jpg,250,250,JPEG,RGB,10646,9edd71a4e91f6b87b15d2003ce6aa01495b58ac9b0b1b122c3bce22d8e16ea58
gallery,Guido_Westerwelle,multi_image_gallery/Guido_Westerwelle/Guido_Westerwelle_0001.jpg,Guido_Westerwelle_0001.jpg,250,250,JPEG,RGB,8697,7b303cc3dce8383a72394d70589e7c08fe3df9893590aa5ae30579311657956b
gallery,Guillaume_Soro,multi_image_gallery/Guillaume_Soro/Guillaume_Soro_0001.jpg,Guillaume_Soro_0001.jpg,250,250,JPEG,RGB,11004,71b1b9da2c9a30af31e813cd79185fbf8d61d8a2c2c6ce66094df71092840b74
gallery,Guillermo_Coria,multi_image_gallery/Guillermo_Coria/Guillermo_Coria_0001.jpg,Guillermo_Coria_0001.jpg,250,250,JPEG,RGB,8213,0c0215d01a41c299d93854e2d9e746df2a56c44babdcb8f71eae68398b432bcf
gallery,Guillermo_Coria,multi_image_gallery/Guillermo_Coria/Guillermo_Coria_0002.jpg,Guillermo_Coria_0002.jpg,250,250,JPEG,RGB,9874,8dc629e36541f08c87502b9b7c40906576d2b3c7b72c6c89bf14a3926aa41429
gallery,Guillermo_Coria,multi_image_gallery/Guillermo_Coria/Guillermo_Coria_0003.jpg,Guillermo_Coria_0003.jpg,250,250,JPEG,RGB,12472,4e4bab1b3723f91d5fab30529cb9dc2ead1269adba29bd1ec5eba1b1007f3cec
gallery,Guillermo_Coria,multi_image_gallery/Guillermo_Coria/Guillermo_Coria_0004.jpg,Guillermo_Coria_0004.jpg,250,250,JPEG,RGB,11228,e45a35416780e5efa093cbb14d60324e2bd29f74f29dd910087baba5875e72a1
gallery,Guillermo_Coria,multi_image_gallery/Guillermo_Coria/Guillermo_Coria_0005.jpg,Guillermo_Coria_0005.jpg,250,250,JPEG,RGB,7679,e255afdbf4e1cc655d42b84a1e6a9cdab5f16c93d53c5b3876feeecc4d75b96d
gallery,Guillermo_Coria,multi_image_gallery/Guillermo_Coria/Guillermo_Coria_0006.jpg,Guillermo_Coria_0006.jpg,250,250,JPEG,RGB,8849,bed39f280106659b353ed88776e4c7348e85ea4c10fd353d2394b41e3e07822c
gallery,Guillermo_Coria,multi_image_gallery/Guillermo_Coria/Guillermo_Coria_0007.jpg,Guillermo_Coria_0007.jpg,250,250,JPEG,RGB,10021,28214a0c1cf3d696a2642f3d7653a923f7d5259ed3fded01e138f4a04eb6e9b0
gallery,Guillermo_Coria,multi_image_gallery/Guillermo_Coria/Guillermo_Coria_0008.jpg,Guillermo_Coria_0008.jpg,250,250,JPEG,RGB,9595,2c7f9d06f0084c74f0e5960724ab4545c1e01494559ff0bf98f7d7a727cefd6d
gallery,Guillermo_Coria,multi_image_gallery/Guillermo_Coria/Guillermo_Coria_0009.jpg,Guillermo_Coria_0009.jpg,250,250,JPEG,RGB,8723,c6ecadd7df76293de0b3591a0ff2df283c81845ea1b68f4aa81b597a522c6c85
gallery,Guillermo_Coria,multi_image_gallery/Guillermo_Coria/Guillermo_Coria_0010.jpg,Guillermo_Coria_0010.jpg,250,250,JPEG,RGB,9583,01651cd5b6dd1a72ca70d6d76cb924dc4d9ef48c7a9ab399614165f5165b97a7
gallery,Guillermo_Ortiz,multi_image_gallery/Guillermo_Ortiz/Guillermo_Ortiz_0001.jpg,Guillermo_Ortiz_0001.jpg,250,250,JPEG,RGB,8374,c78fb5f2b87929e5373ee72c72d800d789916d5eb7448c54425467f2c139de66
gallery,Gunter_Pleuger,multi_image_gallery/Gunter_Pleuger/Gunter_Pleuger_0001.jpg,Gunter_Pleuger_0001.jpg,250,250,JPEG,RGB,7284,da3acb9674c3420f63d03aa9a787df08de6f064dc81052f11e1d5f0ab641994d
gallery,Gunter_Pleuger,multi_image_gallery/Gunter_Pleuger/Gunter_Pleuger_0002.jpg,Gunter_Pleuger_0002.jpg,250,250,JPEG,RGB,8243,9360b7d03a98fc78d2715f33a9695ed25c7efabe057d12cf145badbf599b2c83
gallery,Gunter_Pleuger,multi_image_gallery/Gunter_Pleuger/Gunter_Pleuger_0003.jpg,Gunter_Pleuger_0003.jpg,250,250,JPEG,RGB,7968,46da65fa440a6c322ac849052dd357d3812e270cabd2f596fac7f0ff981ac9d5
gallery,Gunter_Pleuger,multi_image_gallery/Gunter_Pleuger/Gunter_Pleuger_0004.jpg,Gunter_Pleuger_0004.jpg,250,250,JPEG,RGB,7960,dab19b89212fc54b1f0f0efd34426238981c97d0f978d791ee1db0e9b6ac440a
gallery,Gunter_Pleuger,multi_image_gallery/Gunter_Pleuger/Gunter_Pleuger_0005.jpg,Gunter_Pleuger_0005.jpg,250,250,JPEG,RGB,7091,08e69661e38b256c5bf7b5bde26e74975a996f0c9d37ee34c5a7e230fa6a76ad
gallery,Gunter_Pleuger,multi_image_gallery/Gunter_Pleuger/Gunter_Pleuger_0006.jpg,Gunter_Pleuger_0006.jpg,250,250,JPEG,RGB,8091,7b2873b56eb61eeed5624677eeff43b725076cbbde5ba060442d77b8673dc6ce
gallery,Gustavo_Kuerten,multi_image_gallery/Gustavo_Kuerten/Gustavo_Kuerten_0001.jpg,Gustavo_Kuerten_0001.jpg,250,250,JPEG,RGB,8775,e54bcd98c740ff3177df9afde43f311569e0aef4c9bb54460f8566d516294689
gallery,Gustavo_Kuerten,multi_image_gallery/Gustavo_Kuerten/Gustavo_Kuerten_0002.jpg,Gustavo_Kuerten_0002.jpg,250,250,JPEG,RGB,9241,40c751b06fc7e81ffa8299c4ae7bcfe287ea427dacbf1a906007d8f21b49c00d
gallery,Guy_Hemmings,multi_image_gallery/Guy_Hemmings/Guy_Hemmings_0001.jpg,Guy_Hemmings_0001.jpg,250,250,JPEG,RGB,7978,b1cc3e7ad8fc8e4e1a57c4db48c692c522fb9a4ef767b914bc51fa11c91ede24
gallery,Guy_Ritchie,multi_image_gallery/Guy_Ritchie/Guy_Ritchie_0001.jpg,Guy_Ritchie_0001.jpg,250,250,JPEG,RGB,6805,f7be975f196f77c1cee1a6b8641ab8a49aba1993df1122299c87600a5a178506
gallery,Gwendal_Peizerat,multi_image_gallery/Gwendal_Peizerat/Gwendal_Peizerat_0001.jpg,Gwendal_Peizerat_0001.jpg,250,250,JPEG,RGB,10692,bb00f60bc03a43f12a418738005e7965a96c79832829f398e9e53e792801be7b
gallery,Gwendal_Peizerat,multi_image_gallery/Gwendal_Peizerat/Gwendal_Peizerat_0002.jpg,Gwendal_Peizerat_0002.jpg,250,250,JPEG,RGB,10042,8b47aeb19080701ee3abfe2ffd7e86dd9387f7aa3e413609d95b4a691a40e509
gallery,Hal_Sutton,multi_image_gallery/Hal_Sutton/Hal_Sutton_0001.jpg,Hal_Sutton_0001.jpg,250,250,JPEG,RGB,9143,ca840d5954d2ab8ec702618290ad733c730c41c9db6fcac167bc9d12ad39aade
gallery,Hamzah_Haz,multi_image_gallery/Hamzah_Haz/Hamzah_Haz_0001.jpg,Hamzah_Haz_0001.jpg,250,250,JPEG,RGB,12851,b66f168e28c8e24db1051b995d38bbd1acbcf750cb9275ac52aadbc4735d33d8
gallery,Hanan_Ashrawi,multi_image_gallery/Hanan_Ashrawi/Hanan_Ashrawi_0001.jpg,Hanan_Ashrawi_0001.jpg,250,250,JPEG,RGB,9004,26436d49c01e3e416ab1a70ac54e4f9cde0ecb0e887881af0460823ba2fc9e28
gallery,Hannah_Stockbauer,multi_image_gallery/Hannah_Stockbauer/Hannah_Stockbauer_0001.jpg,Hannah_Stockbauer_0001.jpg,250,250,JPEG,RGB,9940,a902d31a37b03d8f3179f8e6dc00f422359b1145e70fb7f582c59284cd88b20d
gallery,Hans_Eichel,multi_image_gallery/Hans_Eichel/Hans_Eichel_0001.jpg,Hans_Eichel_0001.jpg,250,250,JPEG,RGB,9787,3afbec5060bd7df338ea6a77ddac2588bcf408a18af099e64a4bcc6705ef65f6
gallery,Hans_Eichel,multi_image_gallery/Hans_Eichel/Hans_Eichel_0002.jpg,Hans_Eichel_0002.jpg,250,250,JPEG,RGB,8314,791e44537e4129f2f30cac2669219ea1b14a43ee2d5e8a55dcc5de26bfd15dbe
gallery,Harbhajan_Singh,multi_image_gallery/Harbhajan_Singh/Harbhajan_Singh_0001.jpg,Harbhajan_Singh_0001.jpg,250,250,JPEG,RGB,9194,052cd9b988a900a72c4208bf2244216536dbf351881aa8a5cae1d62f20e6b11e
gallery,Harry_Belafonte,multi_image_gallery/Harry_Belafonte/Harry_Belafonte_0001.jpg,Harry_Belafonte_0001.jpg,250,250,JPEG,RGB,8089,eab7d36bb449d85df8afd5f4ce00038e8102119d52e7fe2fdd248cb691cfb31f
gallery,Harry_Kalas,multi_image_gallery/Harry_Kalas/Harry_Kalas_0001.jpg,Harry_Kalas_0001.jpg,250,250,JPEG,RGB,7282,db1e105a88c5989094c59b5dc71b5a5bfd4a5bade3a98370dcb23941a608a8bb
gallery,Harry_Schmidt,multi_image_gallery/Harry_Schmidt/Harry_Schmidt_0001.jpg,Harry_Schmidt_0001.jpg,250,250,JPEG,RGB,7964,a55609974ac39a6c4408300f1aead38a8f094df5f979d83b5d8ea78f08d62302
gallery,Harry_Schmidt,multi_image_gallery/Harry_Schmidt/Harry_Schmidt_0002.jpg,Harry_Schmidt_0002.jpg,250,250,JPEG,RGB,6999,fc50ee6bde4aa4970b7c2b70d2f288f641112c50efc6f44711454521862e7e57
gallery,Harry_Schmidt,multi_image_gallery/Harry_Schmidt/Harry_Schmidt_0003.jpg,Harry_Schmidt_0003.jpg,250,250,JPEG,RGB,8962,c8d1dd44e3d8b47a113e15f876506fb29e3cd605d16fe8453ec466d11748af26
gallery,Harvey_Weinstein,multi_image_gallery/Harvey_Weinstein/Harvey_Weinstein_0001.jpg,Harvey_Weinstein_0001.jpg,250,250,JPEG,RGB,7617,18c6d0820d70c7516c47198bc7ff9497381e2942844c97c63c4962cb6f2850a1
gallery,Hashim_Thaci,multi_image_gallery/Hashim_Thaci/Hashim_Thaci_0001.jpg,Hashim_Thaci_0001.jpg,250,250,JPEG,RGB,11680,9b95a1910d022d8e299b5e8d9be78d6218d4e5b957ae4bc55a5609c4c7f18c65
gallery,Hassan_Nasrallah,multi_image_gallery/Hassan_Nasrallah/Hassan_Nasrallah_0001.jpg,Hassan_Nasrallah_0001.jpg,250,250,JPEG,RGB,8570,faa7a10101846123790a25e57ebdb4249c7bd76ada1976f4a27e50416630ed3a
gallery,Hassan_Wirajuda,multi_image_gallery/Hassan_Wirajuda/Hassan_Wirajuda_0001.jpg,Hassan_Wirajuda_0001.jpg,250,250,JPEG,RGB,9833,d236176a78cd930835642ad05439550a60bd699dede5bac6f683f91a7cbd7a5e
gallery,Hayley_Tullett,multi_image_gallery/Hayley_Tullett/Hayley_Tullett_0001.jpg,Hayley_Tullett_0001.jpg,250,250,JPEG,RGB,9667,f0ab450d72bb8bc9b5469208ad5ad6a6ba41e19b94e130b8bf15e17e13489b05
gallery,Hector_Babenco,multi_image_gallery/Hector_Babenco/Hector_Babenco_0001.jpg,Hector_Babenco_0001.jpg,250,250,JPEG,RGB,8709,74ea9df74efa1acb090e46bff683e8f459923ba73f916ef29f3cc88525ec3323
gallery,Hector_Babenco,multi_image_gallery/Hector_Babenco/Hector_Babenco_0002.jpg,Hector_Babenco_0002.jpg,250,250,JPEG,RGB,7809,6fb1b21c620853ff2a8a63c647dd215e531c452d74ce826ebfcc79603ba3fd7f
gallery,Heidi_Fleiss,multi_image_gallery/Heidi_Fleiss/Heidi_Fleiss_0001.jpg,Heidi_Fleiss_0001.jpg,250,250,JPEG,RGB,8595,f8bca0e2d42ac22b879c406cd3cf29b2bd1e7873cc119ccec3c581f9fa473b80
gallery,Heidi_Fleiss,multi_image_gallery/Heidi_Fleiss/Heidi_Fleiss_0002.jpg,Heidi_Fleiss_0002.jpg,250,250,JPEG,RGB,5541,e1fa0aeb416a4b43068047d83330d914f176db93d4a1ae79f86e7b4a8a376dce
gallery,Heidi_Fleiss,multi_image_gallery/Heidi_Fleiss/Heidi_Fleiss_0003.jpg,Heidi_Fleiss_0003.jpg,250,250,JPEG,RGB,7811,07cda326fb6652431a64f54d2277bfeca2ce0f9a2c89e1eaa2706b29ed584f7d
gallery,Heizo_Takenaka,multi_image_gallery/Heizo_Takenaka/Heizo_Takenaka_0001.jpg,Heizo_Takenaka_0001.jpg,250,250,JPEG,RGB,9181,a7c21042eca346c8d401e8d6c618ad08f36d36a60949002e608aa60e49f3223c
gallery,Heizo_Takenaka,multi_image_gallery/Heizo_Takenaka/Heizo_Takenaka_0002.jpg,Heizo_Takenaka_0002.jpg,250,250,JPEG,RGB,8224,cb2662f19ed67ebb4802db8ab23111938d0ed3a3545592df5a531744121f2f33
gallery,Heizo_Takenaka,multi_image_gallery/Heizo_Takenaka/Heizo_Takenaka_0003.jpg,Heizo_Takenaka_0003.jpg,250,250,JPEG,RGB,9768,9534dcadb06aecd85d07d1ef007fe5b5e1e32596c2b61173019c43bc812166a9
gallery,Heizo_Takenaka,multi_image_gallery/Heizo_Takenaka/Heizo_Takenaka_0004.jpg,Heizo_Takenaka_0004.jpg,250,250,JPEG,RGB,11700,6899b41ab04127044623ede3fd41ff2da79742fb5f4f0e01b0f48fed180efd85
gallery,Heizo_Takenaka,multi_image_gallery/Heizo_Takenaka/Heizo_Takenaka_0005.jpg,Heizo_Takenaka_0005.jpg,250,250,JPEG,RGB,7988,a3f1f9ff6ec09cda90f931159e66acfdb4e38fed1f64b3d7e561d0aabaa5135f
gallery,Heizo_Takenaka,multi_image_gallery/Heizo_Takenaka/Heizo_Takenaka_0006.jpg,Heizo_Takenaka_0006.jpg,250,250,JPEG,RGB,8753,11fa92514e256bfe51651921a2bfbf9f4837b739127966a76b476ed31e682662
gallery,Heizo_Takenaka,multi_image_gallery/Heizo_Takenaka/Heizo_Takenaka_0007.jpg,Heizo_Takenaka_0007.jpg,250,250,JPEG,RGB,8496,fd46edd035f584491e1eede59cd9d6167e567ce5887ca0dc43cd3d81380d5fa8
gallery,Heizo_Takenaka,multi_image_gallery/Heizo_Takenaka/Heizo_Takenaka_0008.jpg,Heizo_Takenaka_0008.jpg,250,250,JPEG,RGB,9161,665640382f2730d05ef14b6e48746c8b6cd21e80e4d40bd7176e13fee97e438b
gallery,Helen_Clark,multi_image_gallery/Helen_Clark/Helen_Clark_0001.jpg,Helen_Clark_0001.jpg,250,250,JPEG,RGB,10832,b065ec2d96ddfc4f42ba5b3b1fde49051185ef67c02453f067cbac24ffc9faa8
gallery,Helen_Clark,multi_image_gallery/Helen_Clark/Helen_Clark_0002.jpg,Helen_Clark_0002.jpg,250,250,JPEG,RGB,10506,8de1ff994e90f0510848b28172d89ce393850265c0c4dff73f88ec1f49da1b08
gallery,Helen_Clark,multi_image_gallery/Helen_Clark/Helen_Clark_0003.jpg,Helen_Clark_0003.jpg,250,250,JPEG,RGB,9234,a84755791331dad97c3d39fde078539c0506f40878a2b8242ce91c91d70d526b
gallery,Henrique_Meirelles,multi_image_gallery/Henrique_Meirelles/Henrique_Meirelles_0001.jpg,Henrique_Meirelles_0001.jpg,250,250,JPEG,RGB,8493,d4ca5294ac215bacaf528ef86a27f16f7fecc091b78c4e6f971653070f47c027
gallery,Herb_Sendek,multi_image_gallery/Herb_Sendek/Herb_Sendek_0001.jpg,Herb_Sendek_0001.jpg,250,250,JPEG,RGB,8419,0f57a13a02d92f301e065f8e3624dc9fca0af13466146e8f5fbdb69244266280
gallery,Herb_Sendek,multi_image_gallery/Herb_Sendek/Herb_Sendek_0002.jpg,Herb_Sendek_0002.jpg,250,250,JPEG,RGB,7021,1d82bf2a72994017796b00181b750b975a65db9ebb699f3572242ffe3e97b61e
gallery,Herb_Sendek,multi_image_gallery/Herb_Sendek/Herb_Sendek_0003.jpg,Herb_Sendek_0003.jpg,250,250,JPEG,RGB,9667,e5e08bac91697dfc9858c3bec5b919d310733876e86634a85c93700f2e891f06
gallery,Hermann_Maier,multi_image_gallery/Hermann_Maier/Hermann_Maier_0001.jpg,Hermann_Maier_0001.jpg,250,250,JPEG,RGB,8706,c18f535d6a9ee63baffb98584e5bbd3bb241cbb89eb9d2fcbd56d3d4b13fbdaa
gallery,Herta_Daeubler-Gmelin,multi_image_gallery/Herta_Daeubler-Gmelin/Herta_Daeubler-Gmelin_0001.jpg,Herta_Daeubler-Gmelin_0001.jpg,250,250,JPEG,RGB,8613,2c73ab254baa315fe34222c76eb0abe87fa5ba581675b0448f1b59bdf4698b18
gallery,Hichiro_Naemura,multi_image_gallery/Hichiro_Naemura/Hichiro_Naemura_0001.jpg,Hichiro_Naemura_0001.jpg,250,250,JPEG,RGB,8175,2a0157f240643e7d37e10675b954b9be2931bda6141c9690775fb2d550b80653
gallery,Hideki_Matsui,multi_image_gallery/Hideki_Matsui/Hideki_Matsui_0001.jpg,Hideki_Matsui_0001.jpg,250,250,JPEG,RGB,9058,b61d8824edda7a8bed62ac8ce6ea50446e62d09f50487e23223ac2effa508f7d
gallery,Hillary_Clinton,multi_image_gallery/Hillary_Clinton/Hillary_Clinton_0001.jpg,Hillary_Clinton_0001.jpg,250,250,JPEG,RGB,10946,d062e462fea1a7b84d4c56a7e4bfad063eb17dc68cb9ef6325ad05eae80040c3
gallery,Hillary_Clinton,multi_image_gallery/Hillary_Clinton/Hillary_Clinton_0002.jpg,Hillary_Clinton_0002.jpg,250,250,JPEG,RGB,9126,c226c2c74688885dd08f565506cdf8a34a7d00817c855f9aadfee118b887fef7
gallery,Hillary_Clinton,multi_image_gallery/Hillary_Clinton/Hillary_Clinton_0003.jpg,Hillary_Clinton_0003.jpg,250,250,JPEG,RGB,8531,10a5fe39d8f30a9359db5831438b70ba0f5d984177671d782e130f1674305c92
gallery,Hillary_Clinton,multi_image_gallery/Hillary_Clinton/Hillary_Clinton_0004.jpg,Hillary_Clinton_0004.jpg,250,250,JPEG,RGB,8998,dee5b778364c2c18b3864361de27a033ea9d0120173d742c7c185bcf0e7930f1
gallery,Hillary_Clinton,multi_image_gallery/Hillary_Clinton/Hillary_Clinton_0005.jpg,Hillary_Clinton_0005.jpg,250,250,JPEG,RGB,8962,df2b7737b8ee9b0d362643a548cb439db2842092c34fd4c38e65928707e24c41
gallery,Hillary_Clinton,multi_image_gallery/Hillary_Clinton/Hillary_Clinton_0006.jpg,Hillary_Clinton_0006.jpg,250,250,JPEG,RGB,8955,abac9604333bce75c250798d678e963374e7b07083eaaac602aa5a5058f205cd
gallery,Hillary_Clinton,multi_image_gallery/Hillary_Clinton/Hillary_Clinton_0007.jpg,Hillary_Clinton_0007.jpg,250,250,JPEG,RGB,7206,ccf165da90b7585e95db7dcccfa83a86e25b30062c6c2eac2aa4a6b02ad3ae3e
gallery,Hillary_Clinton,multi_image_gallery/Hillary_Clinton/Hillary_Clinton_0008.jpg,Hillary_Clinton_0008.jpg,250,250,JPEG,RGB,10795,ac6172b96ea095459507b26c77735949572ba5b7aac28c2228d82064381d567f
gallery,Hillary_Clinton,multi_image_gallery/Hillary_Clinton/Hillary_Clinton_0009.jpg,Hillary_Clinton_0009.jpg,250,250,JPEG,RGB,9589,503b3c80dc8c71c3715114dfdb2bfd3fdbc643b0a1d4ec5cd4a6bfeb9b39f935
gallery,Hillary_Clinton,multi_image_gallery/Hillary_Clinton/Hillary_Clinton_0010.jpg,Hillary_Clinton_0010.jpg,250,250,JPEG,RGB,8559,24bdb2822e45e437fe461872e51a14fa033f12f0684e30cca80b2da3b12cce88
gallery,Hilmi_Ozkok,multi_image_gallery/Hilmi_Ozkok/Hilmi_Ozkok_0001.jpg,Hilmi_Ozkok_0001.jpg,250,250,JPEG,RGB,10082,a52ab777021e5be7e392af728c0a2b96a6c6f6ea3b4e6568a6a97d8e45ac29d5
gallery,Hipolito_Mejia,multi_image_gallery/Hipolito_Mejia/Hipolito_Mejia_0001.jpg,Hipolito_Mejia_0001.jpg,250,250,JPEG,RGB,7269,0327c7c4ecceafdb3e6f27ea913bf6fc136dca273849c4fd0ac347ec0df8413d
gallery,Hipolito_Mejia,multi_image_gallery/Hipolito_Mejia/Hipolito_Mejia_0002.jpg,Hipolito_Mejia_0002.jpg,250,250,JPEG,RGB,7653,01cf9be4b107a2db7e24cc77acf04a1633dc72ab97264c6e5e45270d5506b229
gallery,Hipolito_Mejia,multi_image_gallery/Hipolito_Mejia/Hipolito_Mejia_0003.jpg,Hipolito_Mejia_0003.jpg,250,250,JPEG,RGB,7304,9101d426682d9ff4941abb98653a5730d301c47dfc6230613cb96418bc3e26cd
gallery,Hisao_Oguchi,multi_image_gallery/Hisao_Oguchi/Hisao_Oguchi_0001.jpg,Hisao_Oguchi_0001.jpg,250,250,JPEG,RGB,7734,09a784ba39108a612add58a06675fbaadad602056325bbc0814152bf7b99bb12
gallery,Hitomi_Soga,multi_image_gallery/Hitomi_Soga/Hitomi_Soga_0001.jpg,Hitomi_Soga_0001.jpg,250,250,JPEG,RGB,8246,bfa1a2f7cdbf579b0350078da101d2a332fb10a42934a9a361d53590da91ad62
gallery,Hitomi_Soga,multi_image_gallery/Hitomi_Soga/Hitomi_Soga_0002.jpg,Hitomi_Soga_0002.jpg,250,250,JPEG,RGB,7427,a9cf881181a03aacad4068410ae940c3b13a781cae5bcc0541c70a07738eb9a6
gallery,Hitomi_Soga,multi_image_gallery/Hitomi_Soga/Hitomi_Soga_0003.jpg,Hitomi_Soga_0003.jpg,250,250,JPEG,RGB,9899,8b5575cfdc3fd3c69b5415f0dbb508d563c24326f1f05930fa5727b34ba89ed9
gallery,Hitomi_Soga,multi_image_gallery/Hitomi_Soga/Hitomi_Soga_0004.jpg,Hitomi_Soga_0004.jpg,250,250,JPEG,RGB,7211,0e93abfcfc0dc27eb019f7e100467138ee55b85d66f6eee468ec6078bae566e0
gallery,Hootie_Johnson,multi_image_gallery/Hootie_Johnson/Hootie_Johnson_0001.jpg,Hootie_Johnson_0001.jpg,250,250,JPEG,RGB,9817,a7161930547d4d6cebd8a5e1d5fc58173e4f02b4d7a91e55032fb593257e313e
gallery,Howard_Dean,multi_image_gallery/Howard_Dean/Howard_Dean_0001.jpg,Howard_Dean_0001.jpg,250,250,JPEG,RGB,8408,42f65ffb333405548dbf219838727393c55df3dd824b83928292673c85ca6d4e
gallery,Howard_Dean,multi_image_gallery/Howard_Dean/Howard_Dean_0002.jpg,Howard_Dean_0002.jpg,250,250,JPEG,RGB,7672,f37504086997e930403e3c1e170ee2370a47220f125647a26c54e8286bfa49ca
gallery,Howard_Dean,multi_image_gallery/Howard_Dean/Howard_Dean_0003.jpg,Howard_Dean_0003.jpg,250,250,JPEG,RGB,7140,a48d9220b1bca0154b7ed32d22457e5c2c6d0bd5b846c0acefb2509957bfa5fe
gallery,Howard_Dean,multi_image_gallery/Howard_Dean/Howard_Dean_0004.jpg,Howard_Dean_0004.jpg,250,250,JPEG,RGB,11914,d7307fad1cacfbebdb68c5e1d02bce7c11d692010d022c6c8e9de6b6c7c466b9
gallery,Howard_Dean,multi_image_gallery/Howard_Dean/Howard_Dean_0005.jpg,Howard_Dean_0005.jpg,250,250,JPEG,RGB,9337,ba7efa144fb37f1fcc7294daf3060daf69d45530274395c12f1242b7eda67992
gallery,Howard_Dean,multi_image_gallery/Howard_Dean/Howard_Dean_0006.jpg,Howard_Dean_0006.jpg,250,250,JPEG,RGB,9680,7acc1cf0f0c444356babcdb08f447198ddc6c573833a0ac7a35c4fd8859d22c5
gallery,Howard_Dean,multi_image_gallery/Howard_Dean/Howard_Dean_0007.jpg,Howard_Dean_0007.jpg,250,250,JPEG,RGB,7616,bd2e957349e2f2e19247dfe3ddca33febe69ce15f4c61153e9d15ab587f6f3a3
gallery,Howard_Dean,multi_image_gallery/Howard_Dean/Howard_Dean_0008.jpg,Howard_Dean_0008.jpg,250,250,JPEG,RGB,9832,8e5aa1d22a825bae9a9b8702241daf64aa899121f96d58c1ee72ceb35552c97d
gallery,Howard_Dean,multi_image_gallery/Howard_Dean/Howard_Dean_0009.jpg,Howard_Dean_0009.jpg,250,250,JPEG,RGB,8001,c731cfb54d3d4361e1a53a00e3d692ec9e8b7c8c48ed825e02fb3872c9deda72
gallery,Howard_Dean,multi_image_gallery/Howard_Dean/Howard_Dean_0010.jpg,Howard_Dean_0010.jpg,250,250,JPEG,RGB,8856,bd5c404cd5eee800a27e7622a8ee74083e10ef180edcb05a9d614ee735dd312b
gallery,Howard_Schultz,multi_image_gallery/Howard_Schultz/Howard_Schultz_0001.jpg,Howard_Schultz_0001.jpg,250,250,JPEG,RGB,7629,ca1f4583d829afbd5456415c8068222de730c0589deb5f93e6e1e19514851ae1
gallery,Howard_Smith,multi_image_gallery/Howard_Smith/Howard_Smith_0001.jpg,Howard_Smith_0001.jpg,250,250,JPEG,RGB,7610,7ca9b9e5c969bea00881f62119a54ce2e794e8cc51608a6cfb001525a400a011
gallery,Hu_Jintao,multi_image_gallery/Hu_Jintao/Hu_Jintao_0001.jpg,Hu_Jintao_0001.jpg,250,250,JPEG,RGB,8629,f44be530d82e676aab3ff5e77665637fce2619c30d292964ea4fc4b5b49a16db
gallery,Hu_Jintao,multi_image_gallery/Hu_Jintao/Hu_Jintao_0002.jpg,Hu_Jintao_0002.jpg,250,250,JPEG,RGB,9140,223d5343d03a7d80c98b9149cb18f720bdf4eb4c2aa5f6e70b5b6abe24a7c004
gallery,Hu_Jintao,multi_image_gallery/Hu_Jintao/Hu_Jintao_0003.jpg,Hu_Jintao_0003.jpg,250,250,JPEG,RGB,8858,025b5941666b698b2e1217115006b5967c0a1e9d8854ba999a07caa17f4dbf59
gallery,Hu_Jintao,multi_image_gallery/Hu_Jintao/Hu_Jintao_0004.jpg,Hu_Jintao_0004.jpg,250,250,JPEG,RGB,9685,2db09d230f0eaf49ddec9447261b6198a7264994d414c9f4529fb33c6f19b7b0
gallery,Hu_Jintao,multi_image_gallery/Hu_Jintao/Hu_Jintao_0005.jpg,Hu_Jintao_0005.jpg,250,250,JPEG,RGB,6500,955f26a90ef31f2d135860b425943ec8e820fa76fcbf3b2d8a04f6caf9552eb5
gallery,Hu_Jintao,multi_image_gallery/Hu_Jintao/Hu_Jintao_0006.jpg,Hu_Jintao_0006.jpg,250,250,JPEG,RGB,8113,391c65e33d7912249e617a9d8827760954040994fd8d8bda9061eddd085f6753
gallery,Hu_Jintao,multi_image_gallery/Hu_Jintao/Hu_Jintao_0007.jpg,Hu_Jintao_0007.jpg,250,250,JPEG,RGB,8999,8d69a5473bbecbe3679757d88da0b24262903d59b392dfdd44b9ec3421b6fe76
gallery,Hu_Jintao,multi_image_gallery/Hu_Jintao/Hu_Jintao_0008.jpg,Hu_Jintao_0008.jpg,250,250,JPEG,RGB,8255,6f94aad10870910c9b918876cabd1e366135a8782103b423a8e28e14ac003f22
gallery,Hu_Jintao,multi_image_gallery/Hu_Jintao/Hu_Jintao_0009.jpg,Hu_Jintao_0009.jpg,250,250,JPEG,RGB,8247,0b44c0e3f71b3611a82f42328f17b27eef3444137eae12930447dcbfeb44c53f
gallery,Hu_Jintao,multi_image_gallery/Hu_Jintao/Hu_Jintao_0010.jpg,Hu_Jintao_0010.jpg,250,250,JPEG,RGB,9532,5c27a80a27012163e3ccd1d7de92c4aaa0882a9bda61035e1247e61ecd00effa
gallery,Hun_Sen,multi_image_gallery/Hun_Sen/Hun_Sen_0001.jpg,Hun_Sen_0001.jpg,250,250,JPEG,RGB,10262,f9945bf4028b8508bf574c673b992b243ad12424a4669127d708f62f9728fc97
gallery,Hun_Sen,multi_image_gallery/Hun_Sen/Hun_Sen_0002.jpg,Hun_Sen_0002.jpg,250,250,JPEG,RGB,10242,501a8e5320bc6227cff8df7a093a238fee679fbb91678497510c0500bc2e0f84
gallery,Hun_Sen,multi_image_gallery/Hun_Sen/Hun_Sen_0003.jpg,Hun_Sen_0003.jpg,250,250,JPEG,RGB,9861,7e26c44c9cdcb0f301e01f3237f0a8d7367f5b493ae189b8274de7e8d54f0ca7
gallery,Iain_Duncan_Smith,multi_image_gallery/Iain_Duncan_Smith/Iain_Duncan_Smith_0001.jpg,Iain_Duncan_Smith_0001.jpg,250,250,JPEG,RGB,6499,c540a322de0ab3989bd066c49e76768c2d0d6217fc5becf0a0c10f738d9925ad
gallery,Iain_Duncan_Smith,multi_image_gallery/Iain_Duncan_Smith/Iain_Duncan_Smith_0002.jpg,Iain_Duncan_Smith_0002.jpg,250,250,JPEG,RGB,7182,83119a517fd55209409137a9e75c324eb9f3497c0240c420a6b2dfedb5bab134
gallery,Iain_Duncan_Smith,multi_image_gallery/Iain_Duncan_Smith/Iain_Duncan_Smith_0003.jpg,Iain_Duncan_Smith_0003.jpg,250,250,JPEG,RGB,7855,4cdf421637f84089bb72c6f13f7492fd10c3f1cd65201ed6cbf561d683db241b
gallery,Ian_McKellen,multi_image_gallery/Ian_McKellen/Ian_McKellen_0001.jpg,Ian_McKellen_0001.jpg,250,250,JPEG,RGB,9390,e939362a14365712dc030d12b57467669318958f931efbee3e4f0565e15e592e
gallery,Ian_McKellen,multi_image_gallery/Ian_McKellen/Ian_McKellen_0002.jpg,Ian_McKellen_0002.jpg,250,250,JPEG,RGB,8429,ac52205ed4312af9d19945143bd3f97690a2112e622200fb9f1713d18088fae9
gallery,Ian_Thorpe,multi_image_gallery/Ian_Thorpe/Ian_Thorpe_0001.jpg,Ian_Thorpe_0001.jpg,250,250,JPEG,RGB,8662,85c0f3af31ffab673dd98bdc4747cf15845ca4009cea28fbc06a5e113dce57fc
gallery,Ian_Thorpe,multi_image_gallery/Ian_Thorpe/Ian_Thorpe_0002.jpg,Ian_Thorpe_0002.jpg,250,250,JPEG,RGB,9973,193999565ed0381bc7cfd460cdca8a74c05884c92f871398d6c101b70491ce6a
gallery,Ian_Thorpe,multi_image_gallery/Ian_Thorpe/Ian_Thorpe_0003.jpg,Ian_Thorpe_0003.jpg,250,250,JPEG,RGB,10385,77cea08bc31c9cae6f8c9595a8871d57835a0273573f0bff975793fac8b80a68
gallery,Ian_Thorpe,multi_image_gallery/Ian_Thorpe/Ian_Thorpe_0004.jpg,Ian_Thorpe_0004.jpg,250,250,JPEG,RGB,9311,2d6eba6367bb2c0ad8a640fd3f591f8eba9f63e7907c3d89d449f4157d6ff57c
gallery,Ian_Thorpe,multi_image_gallery/Ian_Thorpe/Ian_Thorpe_0005.jpg,Ian_Thorpe_0005.jpg,250,250,JPEG,RGB,10452,bea35515ff8ace1fb476bafd7a4e7a7a64cafe5c66b11e6d75e21881bb4bffc1
gallery,Ian_Thorpe,multi_image_gallery/Ian_Thorpe/Ian_Thorpe_0006.jpg,Ian_Thorpe_0006.jpg,250,250,JPEG,RGB,10448,0e7aa3660e8fc503ad49c2c5dd25030bbd9f45f164d7dadafccbc7156a8a8d3d
gallery,Ian_Thorpe,multi_image_gallery/Ian_Thorpe/Ian_Thorpe_0007.jpg,Ian_Thorpe_0007.jpg,250,250,JPEG,RGB,9176,c749b8daabd60efe519e167ccf79bda63856f6b3507a7a4980448a01f93ac384
gallery,Ian_Thorpe,multi_image_gallery/Ian_Thorpe/Ian_Thorpe_0008.jpg,Ian_Thorpe_0008.jpg,250,250,JPEG,RGB,14016,1fc0089a2809026d85a08d90bb4217b3f80d06a04134cfeade01f66f3aa66849
gallery,Ian_Thorpe,multi_image_gallery/Ian_Thorpe/Ian_Thorpe_0009.jpg,Ian_Thorpe_0009.jpg,250,250,JPEG,RGB,9943,8a34ccb52ad9122ecf6bca04a82a2e0e9b2985d3160b4838dd359d4227098425
gallery,Iban_Mayo,multi_image_gallery/Iban_Mayo/Iban_Mayo_0001.jpg,Iban_Mayo_0001.jpg,250,250,JPEG,RGB,12109,27c34d25150ba896aba759da9c68468a325aa1796981863afc18e91fc035f9ce
gallery,Ibrahim_Jaafari,multi_image_gallery/Ibrahim_Jaafari/Ibrahim_Jaafari_0001.jpg,Ibrahim_Jaafari_0001.jpg,250,250,JPEG,RGB,8293,f14bb77b2655abd4f7609241c39285839f09cbb9a20d0b4c04d67ce35bc68c9e
gallery,Igor_Ivanov,multi_image_gallery/Igor_Ivanov/Igor_Ivanov_0001.jpg,Igor_Ivanov_0001.jpg,250,250,JPEG,RGB,8570,6180f9e344eeb10fa61d79ccbe1e885c997f1ee96992e82fe2e7ebd55fb9e5d9
gallery,Igor_Ivanov,multi_image_gallery/Igor_Ivanov/Igor_Ivanov_0002.jpg,Igor_Ivanov_0002.jpg,250,250,JPEG,RGB,8420,acabca9da79e6f57efffeeccc2935ca92a7815cc77152e607aa08d3c5c69d56a
gallery,Igor_Ivanov,multi_image_gallery/Igor_Ivanov/Igor_Ivanov_0003.jpg,Igor_Ivanov_0003.jpg,250,250,JPEG,RGB,9432,a03e67644cd4069ef101d934eec6c73f1341c9edf72391bdc2e1c90a7d3f041a
gallery,Igor_Ivanov,multi_image_gallery/Igor_Ivanov/Igor_Ivanov_0004.jpg,Igor_Ivanov_0004.jpg,250,250,JPEG,RGB,9429,6cf75874b26322efa61cca9bc3a5e63cc75f311fe3b605a5ed3defcdf24031ee
gallery,Igor_Ivanov,multi_image_gallery/Igor_Ivanov/Igor_Ivanov_0005.jpg,Igor_Ivanov_0005.jpg,250,250,JPEG,RGB,7544,be38c6a5afcf8ab948ced84289f52cb49344b56f39048fa85fe5da03c974017b
gallery,Igor_Ivanov,multi_image_gallery/Igor_Ivanov/Igor_Ivanov_0006.jpg,Igor_Ivanov_0006.jpg,250,250,JPEG,RGB,8059,078abd651e3e9ed0f3adfffc9cfff3c2ad6535e9a3558a84729cdefde64470c2
gallery,Igor_Ivanov,multi_image_gallery/Igor_Ivanov/Igor_Ivanov_0007.jpg,Igor_Ivanov_0007.jpg,250,250,JPEG,RGB,8954,81a5e2b54fff87bae2eeab3d016d952dac302cc714dfe1741e951159ae6b7c18
gallery,Igor_Ivanov,multi_image_gallery/Igor_Ivanov/Igor_Ivanov_0008.jpg,Igor_Ivanov_0008.jpg,250,250,JPEG,RGB,8143,55682e8eac1c35acf6ec15e0a6f39aae3edf916a7eb81d4a8f3eed00abc51ab7
gallery,Igor_Ivanov,multi_image_gallery/Igor_Ivanov/Igor_Ivanov_0009.jpg,Igor_Ivanov_0009.jpg,250,250,JPEG,RGB,6791,8bbb05c0c6132ad0317f969f94cd7714b1298a445a9e038024ff41f1b2fea0ea
gallery,Igor_Ivanov,multi_image_gallery/Igor_Ivanov/Igor_Ivanov_0010.jpg,Igor_Ivanov_0010.jpg,250,250,JPEG,RGB,7083,846d560abcb457429465ea0b5c3d9c315dea381a6e2d195f6e50f559996ceda6
gallery,Ilan_Ramon,multi_image_gallery/Ilan_Ramon/Ilan_Ramon_0001.jpg,Ilan_Ramon_0001.jpg,250,250,JPEG,RGB,9696,6b1d5e001b66731568ee322681bdf4e519330d5c1c5aa4350a16ccb6fe9fdaa3
gallery,Ilan_Ramon,multi_image_gallery/Ilan_Ramon/Ilan_Ramon_0002.jpg,Ilan_Ramon_0002.jpg,250,250,JPEG,RGB,9000,d7b096622b38f6e32291940c4b5c754379eea69ea84299ffe76f2de5156f7e47
gallery,Imad_Moustapha,multi_image_gallery/Imad_Moustapha/Imad_Moustapha_0001.jpg,Imad_Moustapha_0001.jpg,250,250,JPEG,RGB,8466,c8450d3f9564cb9f5a36b3b6eb8c7cdd5b1691aad391f6ff1efcbacd2ab721b8
gallery,Inam-ul-Haq,multi_image_gallery/Inam-ul-Haq/Inam-ul-Haq_0001.jpg,Inam-ul-Haq_0001.jpg,250,250,JPEG,RGB,7767,abde50a50fb6093a3db416d8bf868006e2528750b43d4377c15941a455393fb4
gallery,Inocencio_Arias,multi_image_gallery/Inocencio_Arias/Inocencio_Arias_0001.jpg,Inocencio_Arias_0001.jpg,250,250,JPEG,RGB,7828,b42469bd9fdb910e4cc36245c1ad0ba600222784d6a7d4b8c58778d2aba69400
gallery,Intisar_Ajouri,multi_image_gallery/Intisar_Ajouri/Intisar_Ajouri_0001.jpg,Intisar_Ajouri_0001.jpg,250,250,JPEG,RGB,8979,cb0d76bd1e917984c19b6a41efa87bd3d30163c4b10cd390187bc0c81ecc2056
gallery,Intisar_Ajouri,multi_image_gallery/Intisar_Ajouri/Intisar_Ajouri_0002.jpg,Intisar_Ajouri_0002.jpg,250,250,JPEG,RGB,8001,4f18864b316324aa9b3e7ae4507167a980264a8875723d58daba702db3926d06
gallery,Isabelle_Huppert,multi_image_gallery/Isabelle_Huppert/Isabelle_Huppert_0001.jpg,Isabelle_Huppert_0001.jpg,250,250,JPEG,RGB,8524,82184448eb8689ec8e5d272e7418bf73ca91a6eeb97e7d295355254845175f70
gallery,Isaiah_Washington,multi_image_gallery/Isaiah_Washington/Isaiah_Washington_0001.jpg,Isaiah_Washington_0001.jpg,250,250,JPEG,RGB,8380,05456b4b6fc23ed37d0baecf665e9dfa5c548e2d63761fec8c431d685611ba95
gallery,Ishaq_Shahryar,multi_image_gallery/Ishaq_Shahryar/Ishaq_Shahryar_0001.jpg,Ishaq_Shahryar_0001.jpg,250,250,JPEG,RGB,9487,f018e70d201db690c3e873f6db922fbf65f18c33fe89a4caea8dc90d51f1ea97
gallery,Ismail_Merchant,multi_image_gallery/Ismail_Merchant/Ismail_Merchant_0001.jpg,Ismail_Merchant_0001.jpg,250,250,JPEG,RGB,8718,28cfc3afc56b8fc94c83ead19c3332fbaa436cf484beb957394d9797e0cc3de6
gallery,Iva_Majoli,multi_image_gallery/Iva_Majoli/Iva_Majoli_0001.jpg,Iva_Majoli_0001.jpg,250,250,JPEG,RGB,9600,ca5274b0a51aaada57ce978ce18dad8cd530d98e501e9e6aaa3d3cbe76e772b7
gallery,JJ_Redick,multi_image_gallery/JJ_Redick/JJ_Redick_0001.jpg,JJ_Redick_0001.jpg,250,250,JPEG,RGB,9998,bc2edde32cb07097cafda5fc6d9b7fa1e6886630f7228a958f62d900e4c16400
gallery,Jack_Grubman,multi_image_gallery/Jack_Grubman/Jack_Grubman_0001.jpg,Jack_Grubman_0001.jpg,250,250,JPEG,RGB,7620,d3bd6b7715b96195244627d7b59447b30cd2d7aa0c76676c24b78b7e3bc9c05f
gallery,Jack_Straw,multi_image_gallery/Jack_Straw/Jack_Straw_0001.jpg,Jack_Straw_0001.jpg,250,250,JPEG,RGB,7993,3c63f59e16e17853b1227c36af3a7d13145d2c26ccb3d057fd78173cdeebc5d8
gallery,Jack_Straw,multi_image_gallery/Jack_Straw/Jack_Straw_0002.jpg,Jack_Straw_0002.jpg,250,250,JPEG,RGB,9714,fd45c639f88f4c5681c2ede66c3658082639bb580359d68cf0ea8d900e66dac9
gallery,Jack_Straw,multi_image_gallery/Jack_Straw/Jack_Straw_0003.jpg,Jack_Straw_0003.jpg,250,250,JPEG,RGB,8275,afbd56b2b29083aa38a0f5d3f85cbfacde4bf4b01342737aeba143ee57ca1bdc
gallery,Jack_Straw,multi_image_gallery/Jack_Straw/Jack_Straw_0004.jpg,Jack_Straw_0004.jpg,250,250,JPEG,RGB,8931,57eb71fd64957297b433c620d06cc508944f4c496aa595a7b9b480376f705f33
gallery,Jack_Straw,multi_image_gallery/Jack_Straw/Jack_Straw_0005.jpg,Jack_Straw_0005.jpg,250,250,JPEG,RGB,10633,02f623ee15968f096aa3f3da3c19e6c527d5d0d4c20e8b1e36ddc41f026ffc40
gallery,Jack_Straw,multi_image_gallery/Jack_Straw/Jack_Straw_0006.jpg,Jack_Straw_0006.jpg,250,250,JPEG,RGB,7927,bf4557e35f05269a85ea84b55046ddaa2f2d0e9a419ca7d708ff2aa0cbed5520
gallery,Jack_Straw,multi_image_gallery/Jack_Straw/Jack_Straw_0007.jpg,Jack_Straw_0007.jpg,250,250,JPEG,RGB,8556,40e665898141201e0e4d8e4018feb0e3dfba454e3306ed2ad2b3cf952203c2dd
gallery,Jack_Straw,multi_image_gallery/Jack_Straw/Jack_Straw_0008.jpg,Jack_Straw_0008.jpg,250,250,JPEG,RGB,7976,6297898fc767431f448b2fd879f64936e86356fed4f2df1d127fd41a0c0deaea
gallery,Jack_Straw,multi_image_gallery/Jack_Straw/Jack_Straw_0009.jpg,Jack_Straw_0009.jpg,250,250,JPEG,RGB,8440,dbb11435e78090d42bd85675667fc7962a1308e1618bf80761c5b4ecb97a5d2d
gallery,Jack_Straw,multi_image_gallery/Jack_Straw/Jack_Straw_0010.jpg,Jack_Straw_0010.jpg,250,250,JPEG,RGB,8182,5ba43683644802f454678c8d6ce3cf6079d898ac1be34ef1b8d537dfe1d265f9
gallery,Jackie_Chan,multi_image_gallery/Jackie_Chan/Jackie_Chan_0001.jpg,Jackie_Chan_0001.jpg,250,250,JPEG,RGB,6507,5bdb2c645f4a69a33571c8adfee7a1803f85128a577223f56696c7eff6438f30
gallery,Jackie_Chan,multi_image_gallery/Jackie_Chan/Jackie_Chan_0002.jpg,Jackie_Chan_0002.jpg,250,250,JPEG,RGB,10068,95df9092e81e32a7bfde7eddd3e547e14d13766ea5e551dd48f15de0c16df1d8
gallery,Jackie_Chan,multi_image_gallery/Jackie_Chan/Jackie_Chan_0003.jpg,Jackie_Chan_0003.jpg,250,250,JPEG,RGB,10250,7ee3f9f7114472df61b8bbc74df1d22fbedfbfc175bf3787bcf09a00da2c6639
gallery,Jackie_Chan,multi_image_gallery/Jackie_Chan/Jackie_Chan_0004.jpg,Jackie_Chan_0004.jpg,250,250,JPEG,RGB,8863,19a027b28f7e07d0bc7cdaabef62ef9b159fd261d9ee4147e87078c12d2b83bc
gallery,Jackie_Chan,multi_image_gallery/Jackie_Chan/Jackie_Chan_0005.jpg,Jackie_Chan_0005.jpg,250,250,JPEG,RGB,7063,c7b66efedd18dd36e2ad6ba2db31417aeebf0dd77dd64754da13274bd8a4ecb1
gallery,Jackie_Chan,multi_image_gallery/Jackie_Chan/Jackie_Chan_0006.jpg,Jackie_Chan_0006.jpg,250,250,JPEG,RGB,9230,7cac2e97776f5a0c83c54334faee1d0103b45eaa49278bea604ea2081d8c1f87
gallery,Jackie_Chan,multi_image_gallery/Jackie_Chan/Jackie_Chan_0007.jpg,Jackie_Chan_0007.jpg,250,250,JPEG,RGB,9575,04158196a1bdbb1c734cc9ff20db76555f1ad083aec9e0cd0534621ba3867d4d
gallery,Jackie_Chan,multi_image_gallery/Jackie_Chan/Jackie_Chan_0008.jpg,Jackie_Chan_0008.jpg,250,250,JPEG,RGB,8530,2aa4e49f3dedeea36589ee172bea75ce2d63a22a6ecabc8a83f5919421d15832
gallery,Jackie_Chan,multi_image_gallery/Jackie_Chan/Jackie_Chan_0009.jpg,Jackie_Chan_0009.jpg,250,250,JPEG,RGB,8558,335854fcd7a19ae9e95b339c70afcad7f9ea150dde82d59f27c477c27fb2dfd9
gallery,Jackie_Chan,multi_image_gallery/Jackie_Chan/Jackie_Chan_0010.jpg,Jackie_Chan_0010.jpg,250,250,JPEG,RGB,10129,0072a5f39fc3183314625d0fd163ec558dd9581ea03290fda7ad28d02f7077ad
gallery,Jacqueline_Obradors,multi_image_gallery/Jacqueline_Obradors/Jacqueline_Obradors_0001.jpg,Jacqueline_Obradors_0001.jpg,250,250,JPEG,RGB,7005,60c976610793123591c37c2f65f61483783635d9047ada1d3e4d2b3fb27d94ca
gallery,Jada_Pinkett_Smith,multi_image_gallery/Jada_Pinkett_Smith/Jada_Pinkett_Smith_0001.jpg,Jada_Pinkett_Smith_0001.jpg,250,250,JPEG,RGB,9811,bf37e1c3f7e50533e678b60e7081bf72f5cc24f952a97cfb290def985d2458b7
gallery,James_Blake,multi_image_gallery/James_Blake/James_Blake_0001.jpg,James_Blake_0001.jpg,250,250,JPEG,RGB,10288,63c9bd3352a858afff52844e7815fdea1a5de890bb7b8955255fb002add4962c
gallery,James_Blake,multi_image_gallery/James_Blake/James_Blake_0002.jpg,James_Blake_0002.jpg,250,250,JPEG,RGB,10324,14c9b2614f8daef1a05dccd12072c4eb7147c25468e85210a0d48ae2cd5a9e1b
gallery,James_Blake,multi_image_gallery/James_Blake/James_Blake_0003.jpg,James_Blake_0003.jpg,250,250,JPEG,RGB,7992,c568dbaf8034f5dfd37c18f78b70f1cfefb6e7051b47755e37dce7853951697e
gallery,James_Blake,multi_image_gallery/James_Blake/James_Blake_0004.jpg,James_Blake_0004.jpg,250,250,JPEG,RGB,8939,6701e09b819bb5b861a4c4a9e253a446acff99b810246a9ce03025d69fc6a0d4
gallery,James_Blake,multi_image_gallery/James_Blake/James_Blake_0005.jpg,James_Blake_0005.jpg,250,250,JPEG,RGB,9978,214d290026b3ee2a4eab942ed97a85ab382ee5b1f7360d63fff40efde3e4d1d5
gallery,James_Blake,multi_image_gallery/James_Blake/James_Blake_0006.jpg,James_Blake_0006.jpg,250,250,JPEG,RGB,9791,4eb6adfb5fb279079c12669ab154ba4f45fb7461c4633f09bea8096c5a07b21c
gallery,James_Blake,multi_image_gallery/James_Blake/James_Blake_0007.jpg,James_Blake_0007.jpg,250,250,JPEG,RGB,8501,faa6cf29e0a25334f2847836777579579a27eb4d0a43d897ec6ae8ef94f18d3d
gallery,James_Blake,multi_image_gallery/James_Blake/James_Blake_0008.jpg,James_Blake_0008.jpg,250,250,JPEG,RGB,9479,bcfdb13e55f43de873171bfde3f9dabe2db75c9f64dc7aaa159cfbcb671bb359
gallery,James_Blake,multi_image_gallery/James_Blake/James_Blake_0009.jpg,James_Blake_0009.jpg,250,250,JPEG,RGB,10299,7b180086e663f1bfa546a1201618388e0e686633587e1f484f761aafdf480249
gallery,James_Blake,multi_image_gallery/James_Blake/James_Blake_0010.jpg,James_Blake_0010.jpg,250,250,JPEG,RGB,10450,d77ac23e66484780eec373874cab167499b5e3efa4beb408c587f5bb559fb81d
gallery,James_Butts,multi_image_gallery/James_Butts/James_Butts_0001.jpg,James_Butts_0001.jpg,250,250,JPEG,RGB,8693,c43aeabb1b1957e95d23a73e95465002feb8f05a0759d6388b5baf050e6d2ea3
gallery,James_Cunningham,multi_image_gallery/James_Cunningham/James_Cunningham_0001.jpg,James_Cunningham_0001.jpg,250,250,JPEG,RGB,9072,6ddce3adeffcd6625c78778408228c2024c9276b40669241752dab88d6d8f4ac
gallery,James_Cunningham,multi_image_gallery/James_Cunningham/James_Cunningham_0002.jpg,James_Cunningham_0002.jpg,250,250,JPEG,RGB,7027,05029906f95e65058ac8359c6c0e3120fb5637e484e87164f3c6755daedb435b
gallery,James_Franco,multi_image_gallery/James_Franco/James_Franco_0001.jpg,James_Franco_0001.jpg,250,250,JPEG,RGB,12768,f2ac9033781fc8ec76375cb7072c61563a9d6b825c77baca1d1165513145fbb9
gallery,James_Gandolfini,multi_image_gallery/James_Gandolfini/James_Gandolfini_0001.jpg,James_Gandolfini_0001.jpg,250,250,JPEG,RGB,10945,fe99377597ec7e2cff130a6d0c5fcb3db397a26f568172574288a46b25f96b9e
gallery,James_Gandolfini,multi_image_gallery/James_Gandolfini/James_Gandolfini_0002.jpg,James_Gandolfini_0002.jpg,250,250,JPEG,RGB,6844,f313227cf8cb1d7cb67873c7d6eb57b29258b9528a9571b45efc93a025fa7084
gallery,James_Ivory,multi_image_gallery/James_Ivory/James_Ivory_0001.jpg,James_Ivory_0001.jpg,250,250,JPEG,RGB,9802,89254e3e3ffb4dccb8ee90d442715a3b161a002dd13b5bb9b8fc0ad66ad53211
gallery,James_Jones,multi_image_gallery/James_Jones/James_Jones_0001.jpg,James_Jones_0001.jpg,250,250,JPEG,RGB,9287,6a15fcdc813bccb1c3690ce987e0ea0627e0cb59601968e981cacea47d38ad4f
gallery,James_Kelly,multi_image_gallery/James_Kelly/James_Kelly_0001.jpg,James_Kelly_0001.jpg,250,250,JPEG,RGB,6372,63085870d16cbd9436efb32506f540529517da506dc846fd332811c9d991b5dc
gallery,James_Kelly,multi_image_gallery/James_Kelly/James_Kelly_0002.jpg,James_Kelly_0002.jpg,250,250,JPEG,RGB,8396,1d7e6abdd727b6938fbe905b12c5976a8003f137ddc34749ab1771134c167d7b
gallery,James_Kelly,multi_image_gallery/James_Kelly/James_Kelly_0003.jpg,James_Kelly_0003.jpg,250,250,JPEG,RGB,11289,48b9a52a8f9b45e23d29bcf7a5fb4983b0dd5d13eb9386e49c509bb3533f2c91
gallery,James_Kelly,multi_image_gallery/James_Kelly/James_Kelly_0004.jpg,James_Kelly_0004.jpg,250,250,JPEG,RGB,8944,08bf4a67b0a3be52a4fea6752dcf0615139782184cef19f2a1afa8bb9ea7bc4b
gallery,James_Kelly,multi_image_gallery/James_Kelly/James_Kelly_0005.jpg,James_Kelly_0005.jpg,250,250,JPEG,RGB,9240,7000a6edc63a137bd877caa139175aea40bc8c17c45297101c42f02363814d0f
gallery,James_Kelly,multi_image_gallery/James_Kelly/James_Kelly_0006.jpg,James_Kelly_0006.jpg,250,250,JPEG,RGB,7134,2c40bb9ad6cf22fc067ec6b8e9520d7ec0ad274e42107e29e5b8713ba830877d
gallery,James_Kelly,multi_image_gallery/James_Kelly/James_Kelly_0007.jpg,James_Kelly_0007.jpg,250,250,JPEG,RGB,8112,bedd24351fe235eb9b5ddfc13e7ee792dfb48a0fb4ab3cbaf2ba4674714aa70c
gallery,James_Kelly,multi_image_gallery/James_Kelly/James_Kelly_0008.jpg,James_Kelly_0008.jpg,250,250,JPEG,RGB,8023,67e15738368c00bede043796605e339b7e4219380c320000e9f4472b6f00ce92
gallery,James_Kelly,multi_image_gallery/James_Kelly/James_Kelly_0009.jpg,James_Kelly_0009.jpg,250,250,JPEG,RGB,9086,88af4bf74abad8bcdccf530c6a4d4d6a3b7c9c99acea224189a7cbf0af0f43f5
gallery,James_Kelly,multi_image_gallery/James_Kelly/James_Kelly_0010.jpg,James_Kelly_0010.jpg,250,250,JPEG,RGB,9280,13b840318d94d3dc766124fca6d41d5556e2c34ef0ae6f8d63e77d5d8e298d25
gallery,James_Kopp,multi_image_gallery/James_Kopp/James_Kopp_0001.jpg,James_Kopp_0001.jpg,250,250,JPEG,RGB,6717,682d2a25c20d5ea2831d0740d345bcb4c5c25a67b89ce3686fe63e1172884520
gallery,James_Kopp,multi_image_gallery/James_Kopp/James_Kopp_0002.jpg,James_Kopp_0002.jpg,250,250,JPEG,RGB,10218,e79e8ae42c84cff62de5f5b256f89abbb30872f18eaab9dc6d4ce9d4e223ec73
gallery,James_Kopp,multi_image_gallery/James_Kopp/James_Kopp_0003.jpg,James_Kopp_0003.jpg,250,250,JPEG,RGB,7609,92e73f72a69ba29fb27b929dfc886a3c39eeaa08e2c129a0cf573a04d18e5242
gallery,James_Maguire,multi_image_gallery/James_Maguire/James_Maguire_0001.jpg,James_Maguire_0001.jpg,250,250,JPEG,RGB,8808,a90e16cfb1bfd1f03d00311754a62f2a6650fdde6aaf557e36672ad10978ccb8
gallery,James_McGreevey,multi_image_gallery/James_McGreevey/James_McGreevey_0001.jpg,James_McGreevey_0001.jpg,250,250,JPEG,RGB,7086,018b7e5c09240e323590c73d00f6c1c2319cfddd7c0b831298168ec7c6414971
gallery,James_McGreevey,multi_image_gallery/James_McGreevey/James_McGreevey_0002.jpg,James_McGreevey_0002.jpg,250,250,JPEG,RGB,8320,0de7a01725c330de490627b134ebc66cc583438e24b73063b0417514e7946f67
gallery,James_McGreevey,multi_image_gallery/James_McGreevey/James_McGreevey_0003.jpg,James_McGreevey_0003.jpg,250,250,JPEG,RGB,8545,f0359cc7000ada539106b67e8b12b88d5647b49d8e6ef5a781300db08b02f184
gallery,James_Morris,multi_image_gallery/James_Morris/James_Morris_0001.jpg,James_Morris_0001.jpg,250,250,JPEG,RGB,9810,75e43fb904a4e9d5283b74e6179d05936c58ef920874a25d0dde2c374940665c
gallery,James_Parker,multi_image_gallery/James_Parker/James_Parker_0001.jpg,James_Parker_0001.jpg,250,250,JPEG,RGB,10260,2c17ed1ded555b104f3e7c1406a61aff3eaa31575cc58dd8dc243f4be0673908
gallery,James_Schultz,multi_image_gallery/James_Schultz/James_Schultz_0001.jpg,James_Schultz_0001.jpg,250,250,JPEG,RGB,8895,155aae4c084efea5c52f75b1e5e3680008564bdb19633ed3d672be716047327d
gallery,James_Smith,multi_image_gallery/James_Smith/James_Smith_0001.jpg,James_Smith_0001.jpg,250,250,JPEG,RGB,9132,758ea90ce0efefcc4710b8335460bf1dac09c36a1746bc01680aa43f4f4d9e75
gallery,James_Traficant,multi_image_gallery/James_Traficant/James_Traficant_0001.jpg,James_Traficant_0001.jpg,250,250,JPEG,RGB,9820,8314e0c2dd1fbe649d7b53c6db663425d4a7ac608a8280f8b46615fd5d091365
gallery,James_Traficant,multi_image_gallery/James_Traficant/James_Traficant_0002.jpg,James_Traficant_0002.jpg,250,250,JPEG,RGB,8845,96d747c132979301a4599f979cf34ad3383b8808d01467a4abacd888665ddbda
gallery,Jamie_Villafane,multi_image_gallery/Jamie_Villafane/Jamie_Villafane_0001.jpg,Jamie_Villafane_0001.jpg,250,250,JPEG,RGB,9147,08270c430759222e1384f97374af21ff20a615b7c2b7ae45c5b02cf1721a1a07
gallery,Jamling_Norgay,multi_image_gallery/Jamling_Norgay/Jamling_Norgay_0001.jpg,Jamling_Norgay_0001.jpg,250,250,JPEG,RGB,11058,66bc927d870acd80207631faca5b53730f701302f920d6f594cd491b93c15b7a
gallery,Jan_Ullrich,multi_image_gallery/Jan_Ullrich/Jan_Ullrich_0001.jpg,Jan_Ullrich_0001.jpg,250,250,JPEG,RGB,11347,bfffa760c7c1d24f434a145982aa9dfaab2ff1b43203d05761f1bd765389a4a5
gallery,Jan_Ullrich,multi_image_gallery/Jan_Ullrich/Jan_Ullrich_0002.jpg,Jan_Ullrich_0002.jpg,250,250,JPEG,RGB,12313,d0e77369350e8787a52a7a5e85918c28078d919c60bccf14bf3bf4e494c26455
gallery,Jan_Ullrich,multi_image_gallery/Jan_Ullrich/Jan_Ullrich_0003.jpg,Jan_Ullrich_0003.jpg,250,250,JPEG,RGB,11551,648e6fee35759eee1b21a6a698487bafe38816de611acc841c9c71e19bd986a5
gallery,Jan_Ullrich,multi_image_gallery/Jan_Ullrich/Jan_Ullrich_0004.jpg,Jan_Ullrich_0004.jpg,250,250,JPEG,RGB,15884,cef52dc2c641262ce35b6ce64c6c4240e5bcaefbdcf2a3113e5be5cac108e7a8
gallery,Jan_Ullrich,multi_image_gallery/Jan_Ullrich/Jan_Ullrich_0005.jpg,Jan_Ullrich_0005.jpg,250,250,JPEG,RGB,8508,89ae2a0f9742b34d62c7cde48989d899be80645f227744897d164df696a9408a
gallery,Jane_Fonda,multi_image_gallery/Jane_Fonda/Jane_Fonda_0001.jpg,Jane_Fonda_0001.jpg,250,250,JPEG,RGB,10442,9e64349205874438ed74a1489231163dba7aefdf90e0b00fad4af04fe40067b7
gallery,Jane_Kaczmarek,multi_image_gallery/Jane_Kaczmarek/Jane_Kaczmarek_0001.jpg,Jane_Kaczmarek_0001.jpg,250,250,JPEG,RGB,7672,f956a24d7f5ca3776a555ee9489f4801d1aa24d8786fa370d4c8f6dff3ed7d84
gallery,Jane_Pauley,multi_image_gallery/Jane_Pauley/Jane_Pauley_0001.jpg,Jane_Pauley_0001.jpg,250,250,JPEG,RGB,7555,d57257b28f202350e5902e35e164a37a2e1c7f61a66d0cb47f71764600146430
gallery,Janet_Thorpe,multi_image_gallery/Janet_Thorpe/Janet_Thorpe_0001.jpg,Janet_Thorpe_0001.jpg,250,250,JPEG,RGB,7883,88e121b5a8acd8fede5e63bc386e7145b054374e492f33c9a300127a4bb7464a
gallery,Janica_Kostelic,multi_image_gallery/Janica_Kostelic/Janica_Kostelic_0001.jpg,Janica_Kostelic_0001.jpg,250,250,JPEG,RGB,9958,c1012f094f5b56f958d78f4dcdad1f103f4395d8505b1e08209e97af345d7030
gallery,Jason_Alexander,multi_image_gallery/Jason_Alexander/Jason_Alexander_0001.jpg,Jason_Alexander_0001.jpg,250,250,JPEG,RGB,9158,011758da8c2e133762e686ee464588865f14f5100c77b76c51603b77662b7b5d
gallery,Jason_Jennings,multi_image_gallery/Jason_Jennings/Jason_Jennings_0001.jpg,Jason_Jennings_0001.jpg,250,250,JPEG,RGB,9210,6e45ea29ccb8f85b13f2d52b0bf8972c8719bf40150a6a446feaed15c701b329
gallery,Jason_Kidd,multi_image_gallery/Jason_Kidd/Jason_Kidd_0001.jpg,Jason_Kidd_0001.jpg,250,250,JPEG,RGB,7571,9230e7f4094852d2baaf393aaada09151c7f7c353352f2f45835f84f795d2304
gallery,Jason_Kidd,multi_image_gallery/Jason_Kidd/Jason_Kidd_0002.jpg,Jason_Kidd_0002.jpg,250,250,JPEG,RGB,8622,ce192480acab0fc096625b038c1e615dabf9130ef94f9e445b43fbf11c7900a8
gallery,Jason_Kidd,multi_image_gallery/Jason_Kidd/Jason_Kidd_0003.jpg,Jason_Kidd_0003.jpg,250,250,JPEG,RGB,10325,adc95959aba7d4ab2a7d6bd57c618468a905b8aaf8aea64963112df7087af9ee
gallery,Jason_Kidd,multi_image_gallery/Jason_Kidd/Jason_Kidd_0004.jpg,Jason_Kidd_0004.jpg,250,250,JPEG,RGB,8971,784985065384339598876164a57347f7626de8a64cfa29cd2521762657a2d1c4
gallery,Jason_Kidd,multi_image_gallery/Jason_Kidd/Jason_Kidd_0005.jpg,Jason_Kidd_0005.jpg,250,250,JPEG,RGB,6530,b1e87e26b83290151f052f8c1c345c0ae83f932e2c874146a48943a62185f81c
gallery,Jason_Kidd,multi_image_gallery/Jason_Kidd/Jason_Kidd_0006.jpg,Jason_Kidd_0006.jpg,250,250,JPEG,RGB,7702,1f08f8309649fe10fe378ad16d2e5a730941b5b7086e7031bf3c9a3754227e0c
gallery,Jason_Kidd,multi_image_gallery/Jason_Kidd/Jason_Kidd_0007.jpg,Jason_Kidd_0007.jpg,250,250,JPEG,RGB,8908,29c9dee9270daa0d0f5819ea1eba2073ac25834950a9daba2301f2d89f03ba0c
gallery,Jason_Kidd,multi_image_gallery/Jason_Kidd/Jason_Kidd_0008.jpg,Jason_Kidd_0008.jpg,250,250,JPEG,RGB,9651,efa1ecd1096cef7c7de9579098e0aae922c1e33f581df48c89c1df5f6c701188
gallery,Jason_Kidd,multi_image_gallery/Jason_Kidd/Jason_Kidd_0009.jpg,Jason_Kidd_0009.jpg,250,250,JPEG,RGB,13518,10c41ca1d893b602c0e32d614d0dfc85b3e9510a7ebb78f223b315a1952c2fd9
gallery,Jason_Lezak,multi_image_gallery/Jason_Lezak/Jason_Lezak_0001.jpg,Jason_Lezak_0001.jpg,250,250,JPEG,RGB,8592,7d1a0a55515337566f9f67cfc1ae789f35a880842969b4e21deda27c754ccebc
gallery,Jay_Garner,multi_image_gallery/Jay_Garner/Jay_Garner_0001.jpg,Jay_Garner_0001.jpg,250,250,JPEG,RGB,9237,c8e55ef8e5db6bcea76b7ee39b7c61b30d66d8e532b7b042e1c085a9a06cbfc4
gallery,Jay_Garner,multi_image_gallery/Jay_Garner/Jay_Garner_0002.jpg,Jay_Garner_0002.jpg,250,250,JPEG,RGB,8073,7133ffef514b9e352147448e5dbe8a7bd2487e70ed9a5b0baf19070ba39b413f
gallery,Jay_Garner,multi_image_gallery/Jay_Garner/Jay_Garner_0003.jpg,Jay_Garner_0003.jpg,250,250,JPEG,RGB,8501,9a5cdb1697749ba05eee7b2a4a4d77749b2bb2f587857ec754062fd449a81be4
gallery,Jay_Garner,multi_image_gallery/Jay_Garner/Jay_Garner_0004.jpg,Jay_Garner_0004.jpg,250,250,JPEG,RGB,9673,a9392e7b061fca55672dfc6a5d0e07bad0380dc4a3fc735797da866e01fef7cb
gallery,Jay_Garner,multi_image_gallery/Jay_Garner/Jay_Garner_0005.jpg,Jay_Garner_0005.jpg,250,250,JPEG,RGB,9227,c7917b66ebc91635d721fc8ba67fae31ac9153cd72679f992da43f60c9876b15
gallery,Jay_Rasulo,multi_image_gallery/Jay_Rasulo/Jay_Rasulo_0001.jpg,Jay_Rasulo_0001.jpg,250,250,JPEG,RGB,9366,80c715cac7f831bdb72f2a761275dd1f5f31c3aab7f6643ec4108bb18b1c9821
gallery,Jean-Claude_Braquet,multi_image_gallery/Jean-Claude_Braquet/Jean-Claude_Braquet_0001.jpg,Jean-Claude_Braquet_0001.jpg,250,250,JPEG,RGB,9011,0878c0d57c44a3512b1ec8871e715dfdabc0d6361684f8ca55ee03e76cb77c41
gallery,Jean-Claude_Juncker,multi_image_gallery/Jean-Claude_Juncker/Jean-Claude_Juncker_0001.jpg,Jean-Claude_Juncker_0001.jpg,250,250,JPEG,RGB,9981,06eb87a41fcd700117b622a015efe833afd3be60206beaffa919d3fe9e1f48d0
gallery,Jean-Claude_Trichet,multi_image_gallery/Jean-Claude_Trichet/Jean-Claude_Trichet_0001.jpg,Jean-Claude_Trichet_0001.jpg,250,250,JPEG,RGB,9992,2239dade4ade932fe329f77d63eaf0517fd2b37090eb3ab573ffc5263b3dac9a
gallery,Jean-David_Levitte,multi_image_gallery/Jean-David_Levitte/Jean-David_Levitte_0001.jpg,Jean-David_Levitte_0001.jpg,250,250,JPEG,RGB,9820,7f8e280ffea29f6988715c094dfb751f0cb76192c30101a483962d0d06bf58ee
gallery,Jean-David_Levitte,multi_image_gallery/Jean-David_Levitte/Jean-David_Levitte_0002.jpg,Jean-David_Levitte_0002.jpg,250,250,JPEG,RGB,8318,792ef19942ed23f410a5ca05f777eba852b8a593ecd2cc0b94a8036d168ac219
gallery,Jean-David_Levitte,multi_image_gallery/Jean-David_Levitte/Jean-David_Levitte_0003.jpg,Jean-David_Levitte_0003.jpg,250,250,JPEG,RGB,7492,6078594372c5fdf083971994e7549e93aa6bac264b86ca8f8de4425dc5d58a62
gallery,Jean-David_Levitte,multi_image_gallery/Jean-David_Levitte/Jean-David_Levitte_0004.jpg,Jean-David_Levitte_0004.jpg,250,250,JPEG,RGB,6706,84be4e420f47f67939134cd183c0ae2dd21cc6281f306d014d8b197aba98fc4d
gallery,Jean-David_Levitte,multi_image_gallery/Jean-David_Levitte/Jean-David_Levitte_0005.jpg,Jean-David_Levitte_0005.jpg,250,250,JPEG,RGB,7745,b46dbd2828bcaeaeeb57f0ef8b7c185b43b398cab1b382095932357eaa1c42f2
gallery,Jean-David_Levitte,multi_image_gallery/Jean-David_Levitte/Jean-David_Levitte_0006.jpg,Jean-David_Levitte_0006.jpg,250,250,JPEG,RGB,8731,15b2ef7fc2725cee09e660d28aa29c1372adc18f77e1f42e3b3d376620b349bb
gallery,Jean-David_Levitte,multi_image_gallery/Jean-David_Levitte/Jean-David_Levitte_0007.jpg,Jean-David_Levitte_0007.jpg,250,250,JPEG,RGB,8480,0de4e4fec589f649f8a51fa12180049e58c3e8dac7adb56bc4f859cd787b8439
gallery,Jean-David_Levitte,multi_image_gallery/Jean-David_Levitte/Jean-David_Levitte_0008.jpg,Jean-David_Levitte_0008.jpg,250,250,JPEG,RGB,8352,daac4e2ae53e241523fa90fb0bab49b4267a37c829c2d517318ca0d0f7a1a77f
gallery,Jean-David_Levitte,multi_image_gallery/Jean-David_Levitte/Jean-David_Levitte_0009.jpg,Jean-David_Levitte_0009.jpg,250,250,JPEG,RGB,8551,e444d7ca87310138cff63e2a18e28ec596ec393939c2542cffa9ebcfd715b07d
gallery,Jean-Marc_de_La_Sabliere,multi_image_gallery/Jean-Marc_de_La_Sabliere/Jean-Marc_de_La_Sabliere_0001.jpg,Jean-Marc_de_La_Sabliere_0001.jpg,250,250,JPEG,RGB,7676,68edbc86a2cd83f1fe3665e0bdd2a8825779ab05626485e0b7e117404f3ba8b3
gallery,Jean-Sebastien_Giguere,multi_image_gallery/Jean-Sebastien_Giguere/Jean-Sebastien_Giguere_0001.jpg,Jean-Sebastien_Giguere_0001.jpg,250,250,JPEG,RGB,10080,0ed519ece057ebade70f8d7934eb07515c740ff9fe63d1e0846505e96610d8a8
gallery,Jean_Brumley,multi_image_gallery/Jean_Brumley/Jean_Brumley_0001.jpg,Jean_Brumley_0001.jpg,250,250,JPEG,RGB,9000,4cc838b8ef614e20b84349191a1f66294f97c71dd91954ef4cbefd5e923d25f5
gallery,Jean_Carnahan,multi_image_gallery/Jean_Carnahan/Jean_Carnahan_0001.jpg,Jean_Carnahan_0001.jpg,250,250,JPEG,RGB,8572,37e60ac60674ff028981b8a300048ac9d83d9c286749a4251e8ff583f59cd911
gallery,Jeanne_Moreau,multi_image_gallery/Jeanne_Moreau/Jeanne_Moreau_0001.jpg,Jeanne_Moreau_0001.jpg,250,250,JPEG,RGB,9601,d934c8df751cd1c6a130f7721450bf721cc4a33531a471a04cdb205928a6bdee
gallery,Jefferson_Perez,multi_image_gallery/Jefferson_Perez/Jefferson_Perez_0001.jpg,Jefferson_Perez_0001.jpg,250,250,JPEG,RGB,7252,8c915c5151ea3f9e575eb6d9cabd2c53631989d96df1cd993248ade7e05aec01
gallery,Jeffrey_Archer,multi_image_gallery/Jeffrey_Archer/Jeffrey_Archer_0001.jpg,Jeffrey_Archer_0001.jpg,250,250,JPEG,RGB,8829,1bd53ec906ecf6242ac1d2b16b89525bb3aaf6db59c055316f601f40815f1859
gallery,Jeffrey_Immelt,multi_image_gallery/Jeffrey_Immelt/Jeffrey_Immelt_0001.jpg,Jeffrey_Immelt_0001.jpg,250,250,JPEG,RGB,8215,2f4c3428d307d6e6f62f75df7bc7a96babc357b149c284edf8c13bdd6472eb52
gallery,Jeffrey_Jones,multi_image_gallery/Jeffrey_Jones/Jeffrey_Jones_0001.jpg,Jeffrey_Jones_0001.jpg,250,250,JPEG,RGB,6722,c69131290181c01a31c28191b4580b54c95783e9e3d72fc655ae70cd3ac4d65a
gallery,Jeffrey_Scott_Postell,multi_image_gallery/Jeffrey_Scott_Postell/Jeffrey_Scott_Postell_0001.jpg,Jeffrey_Scott_Postell_0001.jpg,250,250,JPEG,RGB,7245,d270ac761462f8db770cf775efa15ad5f647c0965e3d4286e3c3b3f9428474fc
gallery,Jennifer_Aniston,multi_image_gallery/Jennifer_Aniston/Jennifer_Aniston_0001.jpg,Jennifer_Aniston_0001.jpg,250,250,JPEG,RGB,10851,694f3bf8fdbab2b4ba982bf9ba38a3c9fee921450451d988277899701ce9b7c3
gallery,Jennifer_Aniston,multi_image_gallery/Jennifer_Aniston/Jennifer_Aniston_0002.jpg,Jennifer_Aniston_0002.jpg,250,250,JPEG,RGB,9710,51cf1d47fa587ac512c4a70a4b0e31a30bc6318378eafc7be25627a53b2b6092
gallery,Jennifer_Aniston,multi_image_gallery/Jennifer_Aniston/Jennifer_Aniston_0003.jpg,Jennifer_Aniston_0003.jpg,250,250,JPEG,RGB,9897,2466b5f93f181a8ed721d1d56a5d70f2000dcef20276f7220eaa0f1884897391
gallery,Jennifer_Aniston,multi_image_gallery/Jennifer_Aniston/Jennifer_Aniston_0004.jpg,Jennifer_Aniston_0004.jpg,250,250,JPEG,RGB,8154,1237a41ea4f71cddc498476620fd9f6c4e80d5040f2c2a79769dde05e69eeb22
gallery,Jennifer_Aniston,multi_image_gallery/Jennifer_Aniston/Jennifer_Aniston_0005.jpg,Jennifer_Aniston_0005.jpg,250,250,JPEG,RGB,8310,2644f0ce698a1eef28c080fcb8fb0d697b0d4a9545b225cd153b77ff6aafff0f
gallery,Jennifer_Aniston,multi_image_gallery/Jennifer_Aniston/Jennifer_Aniston_0006.jpg,Jennifer_Aniston_0006.jpg,250,250,JPEG,RGB,9219,6311cda53a64d4132a9d5dbbc3202b2ced5ddce4c64acb186c5cbf9ca0e548cf
gallery,Jennifer_Aniston,multi_image_gallery/Jennifer_Aniston/Jennifer_Aniston_0007.jpg,Jennifer_Aniston_0007.jpg,250,250,JPEG,RGB,9214,a192d61ceafb082eb3c1e225d5e53f7e14f68c5e2daef4cdbe29f454935d9eba
gallery,Jennifer_Aniston,multi_image_gallery/Jennifer_Aniston/Jennifer_Aniston_0008.jpg,Jennifer_Aniston_0008.jpg,250,250,JPEG,RGB,7391,80ece9d93a10069b45d17c318067719cc5a30e2719f06116ea4fdafbbd153eb2
gallery,Jennifer_Aniston,multi_image_gallery/Jennifer_Aniston/Jennifer_Aniston_0009.jpg,Jennifer_Aniston_0009.jpg,250,250,JPEG,RGB,8410,8ad440efcf12d85922693afa57243d63e109cc6804f1a63295c53df4409b6109
gallery,Jennifer_Aniston,multi_image_gallery/Jennifer_Aniston/Jennifer_Aniston_0010.jpg,Jennifer_Aniston_0010.jpg,250,250,JPEG,RGB,8555,2d51943d9ccd97728834a782fcd958e72bfdb85794d3de144469054568544ead
gallery,Jennifer_Connelly,multi_image_gallery/Jennifer_Connelly/Jennifer_Connelly_0001.jpg,Jennifer_Connelly_0001.jpg,250,250,JPEG,RGB,8387,a438101e1bac33153b980d98af57b0c439204312268852ad9908033a55677bb8
gallery,Jennifer_Connelly,multi_image_gallery/Jennifer_Connelly/Jennifer_Connelly_0002.jpg,Jennifer_Connelly_0002.jpg,250,250,JPEG,RGB,9131,9cccf59d992b72d5936e54c59f5667a197765c9ac1c450147efe727a635bace2
gallery,Jennifer_Connelly,multi_image_gallery/Jennifer_Connelly/Jennifer_Connelly_0003.jpg,Jennifer_Connelly_0003.jpg,250,250,JPEG,RGB,8291,8b83ff0187748f265509f0c6cbabcecd220efc1099f5ffa26561942ca2914ece
gallery,Jennifer_Lopez,multi_image_gallery/Jennifer_Lopez/Jennifer_Lopez_0001.jpg,Jennifer_Lopez_0001.jpg,250,250,JPEG,RGB,8008,308f02e6863978ad8b992bb7c360027fbb24b6b521f5a3ae1b325a24c5742b12
gallery,Jennifer_Lopez,multi_image_gallery/Jennifer_Lopez/Jennifer_Lopez_0002.jpg,Jennifer_Lopez_0002.jpg,250,250,JPEG,RGB,7281,f98d8bb17f11f4a0ce56b1aafa6a850926d5f602e4c7e9baa9aec939ed781b90
gallery,Jennifer_Lopez,multi_image_gallery/Jennifer_Lopez/Jennifer_Lopez_0003.jpg,Jennifer_Lopez_0003.jpg,250,250,JPEG,RGB,13026,9de2b780047d6e4cbd41a72c12220a3aa14156c0f4042d2f5e412bb113df1109
gallery,Jennifer_Lopez,multi_image_gallery/Jennifer_Lopez/Jennifer_Lopez_0004.jpg,Jennifer_Lopez_0004.jpg,250,250,JPEG,RGB,11294,e679ad4237c4b1a2e3d611423ab0c797f6d7be777feea98f6ed4ad61479ec8d4
gallery,Jennifer_Lopez,multi_image_gallery/Jennifer_Lopez/Jennifer_Lopez_0005.jpg,Jennifer_Lopez_0005.jpg,250,250,JPEG,RGB,9011,e0163c0cb036877bed9c45c719dcba270621eff1f0cb5c53433b7c3853f102a8
gallery,Jennifer_Lopez,multi_image_gallery/Jennifer_Lopez/Jennifer_Lopez_0006.jpg,Jennifer_Lopez_0006.jpg,250,250,JPEG,RGB,9536,e4336bd6fce711bd691681474b9aac979efce628c79c65300285581880453682
gallery,Jennifer_Lopez,multi_image_gallery/Jennifer_Lopez/Jennifer_Lopez_0007.jpg,Jennifer_Lopez_0007.jpg,250,250,JPEG,RGB,10215,cb530fe11aa3fdb086cb51ed3e0d1b744a59fd467d919b1954c49ff55672cbac
gallery,Jennifer_Lopez,multi_image_gallery/Jennifer_Lopez/Jennifer_Lopez_0008.jpg,Jennifer_Lopez_0008.jpg,250,250,JPEG,RGB,8966,13f038f2c1080975e1f7d9329902763eb3aca92e1b194e49ad7091071109a458
gallery,Jennifer_Lopez,multi_image_gallery/Jennifer_Lopez/Jennifer_Lopez_0009.jpg,Jennifer_Lopez_0009.jpg,250,250,JPEG,RGB,9365,c0508b283639fea55318273faa514e8ed4511aee86dae29ff98a775d671eb64a
gallery,Jennifer_Lopez,multi_image_gallery/Jennifer_Lopez/Jennifer_Lopez_0010.jpg,Jennifer_Lopez_0010.jpg,250,250,JPEG,RGB,9650,899dea36f29930787230421280adc89d8f514cd961aac5978af711ba98939c9a
gallery,Jennifer_Reilly,multi_image_gallery/Jennifer_Reilly/Jennifer_Reilly_0001.jpg,Jennifer_Reilly_0001.jpg,250,250,JPEG,RGB,8871,7fa9412ee245f22cfdc9dd9c236ffa5bb71ce6dc4a07fa39821bb1005988237c
gallery,Jennifer_Rodriguez,multi_image_gallery/Jennifer_Rodriguez/Jennifer_Rodriguez_0001.jpg,Jennifer_Rodriguez_0001.jpg,250,250,JPEG,RGB,10245,6b4378d3dfd925ec737a95e566bcb52bdbe9c741848971fd7bcf5c663d93f3f1
gallery,Jennifer_Thompson,multi_image_gallery/Jennifer_Thompson/Jennifer_Thompson_0001.jpg,Jennifer_Thompson_0001.jpg,250,250,JPEG,RGB,8988,e4872f018296c2977d8028720aaee9c0be005b3e2e3387d1899e76ab7ea015d9
gallery,Jeremy_Shockey,multi_image_gallery/Jeremy_Shockey/Jeremy_Shockey_0001.jpg,Jeremy_Shockey_0001.jpg,250,250,JPEG,RGB,7721,f2640aa6bd4cca3eaddb797a78303b18f1adbdaf60aa6ea1b0a5ed33f87fc70a
gallery,Jerry_Falwell,multi_image_gallery/Jerry_Falwell/Jerry_Falwell_0001.jpg,Jerry_Falwell_0001.jpg,250,250,JPEG,RGB,8384,0a3cac77f359a9173ee5e1efd74a9d914312ea30fc0910da55339f1e2b2a2c24
gallery,Jesse_Jackson,multi_image_gallery/Jesse_Jackson/Jesse_Jackson_0001.jpg,Jesse_Jackson_0001.jpg,250,250,JPEG,RGB,10207,907af030df1fa3d4bfbd1029f30b9b3d7181c2223bcf778f98e91807db53a8c9
gallery,Jesse_Jackson,multi_image_gallery/Jesse_Jackson/Jesse_Jackson_0002.jpg,Jesse_Jackson_0002.jpg,250,250,JPEG,RGB,10164,7301427fb6c8dc9ce82b4ec55a91f32ba17f581317fc00822e3b37b3a56f8aa7
gallery,Jesse_Jackson,multi_image_gallery/Jesse_Jackson/Jesse_Jackson_0003.jpg,Jesse_Jackson_0003.jpg,250,250,JPEG,RGB,6488,0f4da4939796c22e55592e0b461e089462486e0a0d331a8f3b5814973f07a062
gallery,Jesse_Jackson,multi_image_gallery/Jesse_Jackson/Jesse_Jackson_0004.jpg,Jesse_Jackson_0004.jpg,250,250,JPEG,RGB,7134,7549a3a3e1e376cf57553c790cf52be2ca5fb059f8772ced6cd63fc7a6316101
gallery,Jesse_Jackson,multi_image_gallery/Jesse_Jackson/Jesse_Jackson_0005.jpg,Jesse_Jackson_0005.jpg,250,250,JPEG,RGB,9301,890b47d47a7423bc1db4890dafb7bd137cc0ba0ce49d83d54bb25cdcb3f5ed1c
gallery,Jesse_Jackson,multi_image_gallery/Jesse_Jackson/Jesse_Jackson_0006.jpg,Jesse_Jackson_0006.jpg,250,250,JPEG,RGB,9391,545e23644ecdfc4cc5e69bc42edaae287bf646e5a85e8f1d42b03b9264cdd85c
gallery,Jesse_Jackson,multi_image_gallery/Jesse_Jackson/Jesse_Jackson_0007.jpg,Jesse_Jackson_0007.jpg,250,250,JPEG,RGB,9198,acc6511a159bf062db061ca178743b73fb0ce356b936faa5a58ef74bab70d6dd
gallery,Jesse_Jackson,multi_image_gallery/Jesse_Jackson/Jesse_Jackson_0008.jpg,Jesse_Jackson_0008.jpg,250,250,JPEG,RGB,8379,eb697c58cc63c5d846debfba4c2a933f9f93d9cb652cea5a3848134830dd6666
gallery,Jesse_James_Leija,multi_image_gallery/Jesse_James_Leija/Jesse_James_Leija_0001.jpg,Jesse_James_Leija_0001.jpg,250,250,JPEG,RGB,8906,3cff08567f0352e16314d2408adb478ac7db759e6a05e08ebd73050fbc6a4ea0
gallery,Jessica_Alba,multi_image_gallery/Jessica_Alba/Jessica_Alba_0001.jpg,Jessica_Alba_0001.jpg,250,250,JPEG,RGB,7588,db77ed13ce502e6d1f211bd13cf713c3e040d444712e2e3ae95619917b4bbbf2
gallery,Jessica_Lange,multi_image_gallery/Jessica_Lange/Jessica_Lange_0001.jpg,Jessica_Lange_0001.jpg,250,250,JPEG,RGB,9021,fbae2b16dd807330723f9db016bce361823cca951370e2a641dc6c9bb4807c21
gallery,Jessica_Lynch,multi_image_gallery/Jessica_Lynch/Jessica_Lynch_0001.jpg,Jessica_Lynch_0001.jpg,250,250,JPEG,RGB,10489,bb09bfd3659c2412032cdbc80b5e598812655a277c12464dffa8fb2342434f0c
gallery,Jia_Qinglin,multi_image_gallery/Jia_Qinglin/Jia_Qinglin_0001.jpg,Jia_Qinglin_0001.jpg,250,250,JPEG,RGB,8328,cc0b893d25d3508ffe8c8d0639e542f6012456054f910d43a06f518daf63ae08
gallery,Jim_Carrey,multi_image_gallery/Jim_Carrey/Jim_Carrey_0001.jpg,Jim_Carrey_0001.jpg,250,250,JPEG,RGB,9354,2cdb1c28eecf14e2a0661bee9b76ba540a976145d31eacc058cd37933e19a0fa
gallery,Jim_Carrey,multi_image_gallery/Jim_Carrey/Jim_Carrey_0002.jpg,Jim_Carrey_0002.jpg,250,250,JPEG,RGB,9301,e5f70a42392e4adfbd66c97748c92b86eaccd6ab8ea933b1f678b3045a467120
gallery,Jim_Edmonds,multi_image_gallery/Jim_Edmonds/Jim_Edmonds_0001.jpg,Jim_Edmonds_0001.jpg,250,250,JPEG,RGB,8539,fbd645d1597c82abff2c62d8736a6324f80d92709449f753ee1aeb56eab0edb2
gallery,Jim_Furyk,multi_image_gallery/Jim_Furyk/Jim_Furyk_0001.jpg,Jim_Furyk_0001.jpg,250,250,JPEG,RGB,9119,34dc01853d7c9242978873f8f30fa40365fedecec65f0982ccbf60d272d735fe
gallery,Jim_Furyk,multi_image_gallery/Jim_Furyk/Jim_Furyk_0002.jpg,Jim_Furyk_0002.jpg,250,250,JPEG,RGB,8774,f8ee5b838f0fa9776b1097e6e38b658ce95b102e39e186c950690ea7100e2766
gallery,Jim_Furyk,multi_image_gallery/Jim_Furyk/Jim_Furyk_0003.jpg,Jim_Furyk_0003.jpg,250,250,JPEG,RGB,8263,0388ff05d2077ebc6450d84bb821ac07bb71eb21846ac4b5ca02d5256fce6d6a
gallery,Jim_Furyk,multi_image_gallery/Jim_Furyk/Jim_Furyk_0004.jpg,Jim_Furyk_0004.jpg,250,250,JPEG,RGB,7256,792cd467e9ddf429691e2949f57f836a1ebd04ce6168aaa4afdb95b27a11d84b
gallery,Jim_Furyk,multi_image_gallery/Jim_Furyk/Jim_Furyk_0005.jpg,Jim_Furyk_0005.jpg,250,250,JPEG,RGB,8615,995212aba11bc2bfed034004cff7d27d73b21f472e3074f5e199a894e6423e9c
gallery,Jim_Harrick,multi_image_gallery/Jim_Harrick/Jim_Harrick_0001.jpg,Jim_Harrick_0001.jpg,250,250,JPEG,RGB,8726,2e1687ebdc698627345645627a5ea04e3472b857bc3b201c9cdd9228aa01ea0c
gallery,Jimmy_Carter,multi_image_gallery/Jimmy_Carter/Jimmy_Carter_0001.jpg,Jimmy_Carter_0001.jpg,250,250,JPEG,RGB,7455,89d6b78d3e36828243bd38da87bc43e9a78e432a6a4883ab69aad385ddd4fbdd
gallery,Jimmy_Carter,multi_image_gallery/Jimmy_Carter/Jimmy_Carter_0002.jpg,Jimmy_Carter_0002.jpg,250,250,JPEG,RGB,8642,48fffd78d9ddf6f7d4d348b99e37c5721d41a27f397a71cc408aae22363ce029
gallery,Jimmy_Carter,multi_image_gallery/Jimmy_Carter/Jimmy_Carter_0003.jpg,Jimmy_Carter_0003.jpg,250,250,JPEG,RGB,8472,c8a1ac0f4c533aa98f650ec2f7fa46eb93b07ed04d5408968f10e77ee6051a62
gallery,Jimmy_Carter,multi_image_gallery/Jimmy_Carter/Jimmy_Carter_0004.jpg,Jimmy_Carter_0004.jpg,250,250,JPEG,RGB,6240,babaf034bcd7e012ebf976735a5f1768407d3f36b211016edf61989c83f35ebf
gallery,Jimmy_Carter,multi_image_gallery/Jimmy_Carter/Jimmy_Carter_0005.jpg,Jimmy_Carter_0005.jpg,250,250,JPEG,RGB,8013,8a35d40de43f1020aab26f51d9f1624f9aac2f53a1fb8f7df239a91c7f64d61b
gallery,Jimmy_Carter,multi_image_gallery/Jimmy_Carter/Jimmy_Carter_0006.jpg,Jimmy_Carter_0006.jpg,250,250,JPEG,RGB,9763,5634ffb91d545d954e66d6d6452f3b2a1b9f23ae08063d4ebc9d8344aef924fb
gallery,Jimmy_Carter,multi_image_gallery/Jimmy_Carter/Jimmy_Carter_0007.jpg,Jimmy_Carter_0007.jpg,250,250,JPEG,RGB,7610,e269a9aea7e5efa49c6b2a3d56a413f85a1ab6be041d14539de28dd81fb0d863
gallery,Jimmy_Carter,multi_image_gallery/Jimmy_Carter/Jimmy_Carter_0008.jpg,Jimmy_Carter_0008.jpg,250,250,JPEG,RGB,7726,a9b311ee6b4cebaacea02160c53352d42881504ce1fe2e66b11cb15eccf9462f
gallery,Jimmy_Kimmel,multi_image_gallery/Jimmy_Kimmel/Jimmy_Kimmel_0001.jpg,Jimmy_Kimmel_0001.jpg,250,250,JPEG,RGB,10878,c344cbe10116fc5dfb3500790e09ea5c82bcdc230cea46388588a64caad3e83e
gallery,Jo_Dee_Messina,multi_image_gallery/Jo_Dee_Messina/Jo_Dee_Messina_0001.jpg,Jo_Dee_Messina_0001.jpg,250,250,JPEG,RGB,8052,53aaee58334962b4d47d7e381bfe2bd8b37dc6d30dd7997a5cf9f2254a4741b5
gallery,Joan_Claybrook,multi_image_gallery/Joan_Claybrook/Joan_Claybrook_0001.jpg,Joan_Claybrook_0001.jpg,250,250,JPEG,RGB,9755,515251139778471f0da3000b36e202b01f259af096f882680465944b4102f1ee
gallery,Job_Cohen,multi_image_gallery/Job_Cohen/Job_Cohen_0001.jpg,Job_Cohen_0001.jpg,250,250,JPEG,RGB,9183,399d42a2168403ed80abc01d39f9a6721c72d1675d864a2f7ac37bbfc6029520
gallery,Jodie_Foster,multi_image_gallery/Jodie_Foster/Jodie_Foster_0001.jpg,Jodie_Foster_0001.jpg,250,250,JPEG,RGB,8760,f99f27d414f2ef451da101027df9fbd833377e7152911dfa7987fc1d46689403
gallery,Jodie_Foster,multi_image_gallery/Jodie_Foster/Jodie_Foster_0002.jpg,Jodie_Foster_0002.jpg,250,250,JPEG,RGB,7861,2df3d35743a786c4e1f5f44d674d67038e8720025dfaaa231d11f09c29cebdce
gallery,Joe_Calzaghe,multi_image_gallery/Joe_Calzaghe/Joe_Calzaghe_0001.jpg,Joe_Calzaghe_0001.jpg,250,250,JPEG,RGB,9724,0b42bea0896ecca89ddaca6ad03191031b6fd965eff674321998b9687b333dec
gallery,Joe_Dumars,multi_image_gallery/Joe_Dumars/Joe_Dumars_0001.jpg,Joe_Dumars_0001.jpg,250,250,JPEG,RGB,8687,a4d8c28a493d197a06581d6bd9764d26fe9fe75681494a2c7f83efe125d730a4
gallery,Joe_Gatti,multi_image_gallery/Joe_Gatti/Joe_Gatti_0001.jpg,Joe_Gatti_0001.jpg,250,250,JPEG,RGB,13416,c4b061251f84cd30665f82f91463b2d89d79d7f1d72e6039f7fac088e0f849e3
gallery,Joe_Mantello,multi_image_gallery/Joe_Mantello/Joe_Mantello_0001.jpg,Joe_Mantello_0001.jpg,250,250,JPEG,RGB,8517,c57e6908770f2623a4982a9b03e69599fb41d563035e004325f6b077fdc99417
gallery,Joe_Nichols,multi_image_gallery/Joe_Nichols/Joe_Nichols_0001.jpg,Joe_Nichols_0001.jpg,250,250,JPEG,RGB,8042,d9e429634b7f910e7f3c79dfa6a53e300ebbd4d46e02a939a0e003b49fec9354
gallery,Joe_Nichols,multi_image_gallery/Joe_Nichols/Joe_Nichols_0002.jpg,Joe_Nichols_0002.jpg,250,250,JPEG,RGB,9244,1d8f7a4c60ff753995809ca5e0718f602927cfa22a192be9154dfebcfcaf01eb
gallery,Joe_Nichols,multi_image_gallery/Joe_Nichols/Joe_Nichols_0003.jpg,Joe_Nichols_0003.jpg,250,250,JPEG,RGB,8855,dd622ac71b4d8c31f7834aa534dff9ef9014a6c166ea56a31e3bf6875e2327d9
gallery,Joe_Torre,multi_image_gallery/Joe_Torre/Joe_Torre_0001.jpg,Joe_Torre_0001.jpg,250,250,JPEG,RGB,8982,abb09b33610cb591685eeef33b90e0ac1b6350d12ede70db6014f5d09f7dc2c4
gallery,Joe_Torre,multi_image_gallery/Joe_Torre/Joe_Torre_0002.jpg,Joe_Torre_0002.jpg,250,250,JPEG,RGB,9091,9113832d4abfece344fda161d0560f81633aa0b81702624bfe37e97c921d8a17
gallery,Joe_Torre,multi_image_gallery/Joe_Torre/Joe_Torre_0003.jpg,Joe_Torre_0003.jpg,250,250,JPEG,RGB,8709,dabd1e4da0317dcf41bc0465af3715d77e969cdf41b07859803cf0b19f49a01b
gallery,Joerg_Haider,multi_image_gallery/Joerg_Haider/Joerg_Haider_0001.jpg,Joerg_Haider_0001.jpg,250,250,JPEG,RGB,10418,b5b779eb03c567db5de8c4f1cd07d1f8922ef1c00b2729ed586105cbf5ce0a47
gallery,John_Abizaid,multi_image_gallery/John_Abizaid/John_Abizaid_0001.jpg,John_Abizaid_0001.jpg,250,250,JPEG,RGB,10122,8a3ea09630a2462c470a4ed62598a0b318c2911f482841521525ccc6339afa32
gallery,John_Abizaid,multi_image_gallery/John_Abizaid/John_Abizaid_0002.jpg,John_Abizaid_0002.jpg,250,250,JPEG,RGB,9952,352384f1de51f9b0257354d6e24259e67be1ca8b549fa965e9d805977c94ec64
gallery,John_Abizaid,multi_image_gallery/John_Abizaid/John_Abizaid_0003.jpg,John_Abizaid_0003.jpg,250,250,JPEG,RGB,7968,fb4b2f73244d7b4e0c6ef7a4d0baa7f8627f7890c8d22cbc2cdea1e4f92707d8
gallery,John_Abizaid,multi_image_gallery/John_Abizaid/John_Abizaid_0004.jpg,John_Abizaid_0004.jpg,250,250,JPEG,RGB,9245,af7e44b049eb78f4b4bb5b4885f2184dbe5aaa6a4ed18f282ef879ed8dd78e3c
gallery,John_Abizaid,multi_image_gallery/John_Abizaid/John_Abizaid_0005.jpg,John_Abizaid_0005.jpg,250,250,JPEG,RGB,10161,ad288acaf732c949b94e4474e4c3ec9a7b604ca934f0eb2dfe9dde46365a782b
gallery,John_Abizaid,multi_image_gallery/John_Abizaid/John_Abizaid_0006.jpg,John_Abizaid_0006.jpg,250,250,JPEG,RGB,9156,10e08214b8b545f2bc8705bd8d24018556cf76d1d65a7ea0d42755c61aec39f2
gallery,John_Abizaid,multi_image_gallery/John_Abizaid/John_Abizaid_0007.jpg,John_Abizaid_0007.jpg,250,250,JPEG,RGB,8554,ca4bdfd51289f04d7175aea2049dc0c2aee2f5dea3aa255317e89c930064bdfb
gallery,John_Abizaid,multi_image_gallery/John_Abizaid/John_Abizaid_0008.jpg,John_Abizaid_0008.jpg,250,250,JPEG,RGB,8330,c567e76e726ae2a7b7e4e3ad301ccd94c18c16756e40c24fa139e7d48f2c6174
gallery,John_Allen_Muhammad,multi_image_gallery/John_Allen_Muhammad/John_Allen_Muhammad_0001.jpg,John_Allen_Muhammad_0001.jpg,250,250,JPEG,RGB,8024,85fd42418a0a5dae22b582e627b628856260b66657d773900f0c6f81d1a28fb4
gallery,John_Allen_Muhammad,multi_image_gallery/John_Allen_Muhammad/John_Allen_Muhammad_0002.jpg,John_Allen_Muhammad_0002.jpg,250,250,JPEG,RGB,8665,279063d826df6284971d186c2eba97fe3d6c102729d3667376a6593c4c15e6ca
gallery,John_Allen_Muhammad,multi_image_gallery/John_Allen_Muhammad/John_Allen_Muhammad_0003.jpg,John_Allen_Muhammad_0003.jpg,250,250,JPEG,RGB,8914,40b49ccb7457366cd3c658fd8c4929c1c21d090f97805660ae890dcb2373de4d
gallery,John_Allen_Muhammad,multi_image_gallery/John_Allen_Muhammad/John_Allen_Muhammad_0004.jpg,John_Allen_Muhammad_0004.jpg,250,250,JPEG,RGB,9695,052d65ba1854bbffd0ed9365b85fb09ee3f72b295126d537471d1b7ed4d07f26
gallery,John_Allen_Muhammad,multi_image_gallery/John_Allen_Muhammad/John_Allen_Muhammad_0005.jpg,John_Allen_Muhammad_0005.jpg,250,250,JPEG,RGB,10073,ddc6bb8b3b463ffcd6c3b03a0a08367c7b8e3285a92f59e09470cd4b68d01378
gallery,John_Allen_Muhammad,multi_image_gallery/John_Allen_Muhammad/John_Allen_Muhammad_0006.jpg,John_Allen_Muhammad_0006.jpg,250,250,JPEG,RGB,8267,3090e132ca6f5124a9f6e39246076a50ffe4ac89e13b6a9d47a4586f6461244a
gallery,John_Allen_Muhammad,multi_image_gallery/John_Allen_Muhammad/John_Allen_Muhammad_0007.jpg,John_Allen_Muhammad_0007.jpg,250,250,JPEG,RGB,10189,c4dc99b9dabc6c1596d21c4eea4d2ddb3be4b6fd54e04b69b3fa0bedacf1af32
gallery,John_Allen_Muhammad,multi_image_gallery/John_Allen_Muhammad/John_Allen_Muhammad_0008.jpg,John_Allen_Muhammad_0008.jpg,250,250,JPEG,RGB,8838,d02abeeb5945650cd86d26deb4728b8f87f5528bbd0725633f436752850dc8dc
gallery,John_Allen_Muhammad,multi_image_gallery/John_Allen_Muhammad/John_Allen_Muhammad_0009.jpg,John_Allen_Muhammad_0009.jpg,250,250,JPEG,RGB,8351,4f397b6ecb60bef55b055b41e981b22d35727968cefb34ce39643f90d5f46745
gallery,John_Allen_Muhammad,multi_image_gallery/John_Allen_Muhammad/John_Allen_Muhammad_0010.jpg,John_Allen_Muhammad_0010.jpg,250,250,JPEG,RGB,8496,2ea5e2fb3bf3a104bd1e3e9174166915a3ed103316bd366117518e46fa6717d9
gallery,John_Banko,multi_image_gallery/John_Banko/John_Banko_0001.jpg,John_Banko_0001.jpg,250,250,JPEG,RGB,8873,a6da42cc37f9f8088f316c960e07417a1458bd2abc2a3efe313f2d71271bdb5b
gallery,John_Blaney,multi_image_gallery/John_Blaney/John_Blaney_0001.jpg,John_Blaney_0001.jpg,250,250,JPEG,RGB,8225,f98a784dc6ca7bdf05a1bf140dfbb6989e710f72b9af11e71d31d09b5f788fd7
gallery,John_Brady,multi_image_gallery/John_Brady/John_Brady_0001.jpg,John_Brady_0001.jpg,250,250,JPEG,RGB,8308,f98a38c64c5e0b78070cf885fd1268500569b8a3497e753d3923757756cc5342
gallery,John_Cusack,multi_image_gallery/John_Cusack/John_Cusack_0001.jpg,John_Cusack_0001.jpg,250,250,JPEG,RGB,10293,00d8c9f9ab5045ca7558c70dbf2e15698ee0b8576d04bef6f2378d5380190002
gallery,John_F_Kennedy_Jr,multi_image_gallery/John_F_Kennedy_Jr/John_F_Kennedy_Jr_0001.jpg,John_F_Kennedy_Jr_0001.jpg,250,250,JPEG,RGB,7688,85f5e4519695a2f8fee4c0a5fb806f9e2a41b369a756a2f68eda1d030d43e7ae
gallery,John_Garamendi,multi_image_gallery/John_Garamendi/John_Garamendi_0001.jpg,John_Garamendi_0001.jpg,250,250,JPEG,RGB,8108,9c02dd069c94bbbcba51c0fa979d36932430060f459684677aa140c90688c82b
gallery,John_Howard,multi_image_gallery/John_Howard/John_Howard_0001.jpg,John_Howard_0001.jpg,250,250,JPEG,RGB,6967,be7519d4b9206d1aa1db20b63ad604a2a0e316ff530e8667b77d1229b830a41f
gallery,John_Howard,multi_image_gallery/John_Howard/John_Howard_0002.jpg,John_Howard_0002.jpg,250,250,JPEG,RGB,8628,6491586a116c59ae63ca2f6e6fd89210edfbe1bc66d849be8fed8f533cbf38b2
gallery,John_Howard,multi_image_gallery/John_Howard/John_Howard_0003.jpg,John_Howard_0003.jpg,250,250,JPEG,RGB,8173,86d980e07022d9e1d3cec997da863ffe2b28b0b92d5562cd77e9382a89c4d5b2
gallery,John_Howard,multi_image_gallery/John_Howard/John_Howard_0004.jpg,John_Howard_0004.jpg,250,250,JPEG,RGB,10039,d6d435a4cfd02afb4382d49fcd6a58454e5175c4a2062222a1dfbad4050c825a
gallery,John_Howard,multi_image_gallery/John_Howard/John_Howard_0005.jpg,John_Howard_0005.jpg,250,250,JPEG,RGB,7809,438582835ddb4bb9e2d8f42f0a54802ce7eeef5b39012024661e3b399f40440f
gallery,John_Howard,multi_image_gallery/John_Howard/John_Howard_0006.jpg,John_Howard_0006.jpg,250,250,JPEG,RGB,9637,3f4d7cad2edd4ec7ef6b960b6aa500a1698f5d383512719258d013238f304942
gallery,John_Howard,multi_image_gallery/John_Howard/John_Howard_0007.jpg,John_Howard_0007.jpg,250,250,JPEG,RGB,8230,ba1e704b04854ef7705f0ac7ee18be7411e470398a97e7cc0555df5bf03a3bff
gallery,John_Howard,multi_image_gallery/John_Howard/John_Howard_0008.jpg,John_Howard_0008.jpg,250,250,JPEG,RGB,6141,f0ea6ec0ec54715a39af8e5bf584ca3952d01066511fbb2d66c6ab43675e75c3
gallery,John_Howard,multi_image_gallery/John_Howard/John_Howard_0009.jpg,John_Howard_0009.jpg,250,250,JPEG,RGB,6284,1bf7822c14070615be1daff5389f4048decfec0421221495b585a66695224ac2
gallery,John_Howard,multi_image_gallery/John_Howard/John_Howard_0010.jpg,John_Howard_0010.jpg,250,250,JPEG,RGB,8308,dc58de972d1b818d24991cc8e4b8eeca493eb1da32e03f3bec7fe80df0fb09f5
gallery,John_Jumper,multi_image_gallery/John_Jumper/John_Jumper_0001.jpg,John_Jumper_0001.jpg,250,250,JPEG,RGB,6548,058df0f1264957fc5f208979a6f24e7ff4deef38f9539c559596d43385014246
gallery,John_Kerry,multi_image_gallery/John_Kerry/John_Kerry_0001.jpg,John_Kerry_0001.jpg,250,250,JPEG,RGB,9752,2e3d25906ee173428424ee2f5f5c61a6130be9c92c50efc24d3222a738be0256
gallery,John_Kerry,multi_image_gallery/John_Kerry/John_Kerry_0002.jpg,John_Kerry_0002.jpg,250,250,JPEG,RGB,9006,73fc05a3bfcc5083344bf3c2b6b1d108352f873cb6a08bcb9da455445d1f1bfb
gallery,John_Kerry,multi_image_gallery/John_Kerry/John_Kerry_0003.jpg,John_Kerry_0003.jpg,250,250,JPEG,RGB,8218,5ad1edf5af6b2030d6e11e4272f1721b357116014561364fa1558d9e71acc23d
gallery,John_Kerry,multi_image_gallery/John_Kerry/John_Kerry_0004.jpg,John_Kerry_0004.jpg,250,250,JPEG,RGB,7422,ec0e4f4b872e875d4cca3c1735e16afa71c43d5a76a9e1c67860f09e582dcbf9
gallery,John_Kerry,multi_image_gallery/John_Kerry/John_Kerry_0005.jpg,John_Kerry_0005.jpg,250,250,JPEG,RGB,9169,64a2ca8188a58dbea4d5a25c17e450e6defc75d81ead32ea6baee92088ff185c
gallery,John_Kerry,multi_image_gallery/John_Kerry/John_Kerry_0006.jpg,John_Kerry_0006.jpg,250,250,JPEG,RGB,8967,6a0332557c25399894903483b37af643a22106cb92793228588461b2f9c12df5
gallery,John_Kerry,multi_image_gallery/John_Kerry/John_Kerry_0007.jpg,John_Kerry_0007.jpg,250,250,JPEG,RGB,10818,1ff08d924529c39117e59d067d53cc93b0829309da3b725b012ec878b46e1a96
gallery,John_Kerry,multi_image_gallery/John_Kerry/John_Kerry_0008.jpg,John_Kerry_0008.jpg,250,250,JPEG,RGB,10022,2e284e4e982589b3f62b4424cc54a66e03eca6c205cde6ad3896fc028821025e
gallery,John_Kerry,multi_image_gallery/John_Kerry/John_Kerry_0009.jpg,John_Kerry_0009.jpg,250,250,JPEG,RGB,10793,87e51177249a7695ad954df299de466abf7f0adc47191c06a1d7831a24253523
gallery,John_Kerry,multi_image_gallery/John_Kerry/John_Kerry_0010.jpg,John_Kerry_0010.jpg,250,250,JPEG,RGB,11140,6b48fc8177e07774711d2665462a12d8f42533662ef886ae8d0ff9d7b6712494
gallery,John_Malkovich,multi_image_gallery/John_Malkovich/John_Malkovich_0001.jpg,John_Malkovich_0001.jpg,250,250,JPEG,RGB,9961,d2fa7424d85873d1a3ec68b746a465676da718c502fe12c5505e6503a94fab28
gallery,John_Malkovich,multi_image_gallery/John_Malkovich/John_Malkovich_0002.jpg,John_Malkovich_0002.jpg,250,250,JPEG,RGB,7730,af182fe64638e31c5068bcafc98edac2e5d38fd4d240090d107d321cfd4443c8
gallery,John_Manley,multi_image_gallery/John_Manley/John_Manley_0001.jpg,John_Manley_0001.jpg,250,250,JPEG,RGB,7064,981c71128ef37c1b1daa8f6783924dbb8fca808bb465f194d5a154cd6a1bdb94
gallery,John_Manley,multi_image_gallery/John_Manley/John_Manley_0002.jpg,John_Manley_0002.jpg,250,250,JPEG,RGB,8725,37dd6c24a2f21c05c7e69272dd75a553dd546b97473ba5cc097b978cac4f5438
gallery,John_Manley,multi_image_gallery/John_Manley/John_Manley_0003.jpg,John_Manley_0003.jpg,250,250,JPEG,RGB,7829,c72bb40f17e7afba2b768c9a7458a73750afdb2ee1bd4edca0c492f3a6b9c932
gallery,John_Manley,multi_image_gallery/John_Manley/John_Manley_0004.jpg,John_Manley_0004.jpg,250,250,JPEG,RGB,8748,5fd5ab7a55c04d887d51580804cbf1be0310c65e2ebb411f1210b3fcd07fb48f
gallery,John_Manley,multi_image_gallery/John_Manley/John_Manley_0005.jpg,John_Manley_0005.jpg,250,250,JPEG,RGB,8273,c1ae994f0fc481decf0e3a69f6cdfc2843d5c8dd9baf1b03f894f33578564339
gallery,John_Manley,multi_image_gallery/John_Manley/John_Manley_0006.jpg,John_Manley_0006.jpg,250,250,JPEG,RGB,8582,6e3d6aedc12e507f1b62794e0f807c531dc91a5dd0483213e6fe0ed76fda85ba
gallery,John_McCallum,multi_image_gallery/John_McCallum/John_McCallum_0001.jpg,John_McCallum_0001.jpg,250,250,JPEG,RGB,8351,dadafb950f2c418e45b72533053d17b4ebe4ea1c214723150a7b57547ec6ed25
gallery,John_McCormack,multi_image_gallery/John_McCormack/John_McCormack_0001.jpg,John_McCormack_0001.jpg,250,250,JPEG,RGB,8080,408c1c0f15684b95f1be52af4668f8e3fda2e6dc1edb97906dfc820215bf1936
gallery,John_McEnroe,multi_image_gallery/John_McEnroe/John_McEnroe_0001.jpg,John_McEnroe_0001.jpg,250,250,JPEG,RGB,9311,3bddc2bcb28ad864b1f5cb1675d61c86f0eb846738f50ea5922a2c7b8d61cfaf
gallery,John_Negroponte,multi_image_gallery/John_Negroponte/John_Negroponte_0001.jpg,John_Negroponte_0001.jpg,250,250,JPEG,RGB,8338,9d276e1648bf36f4dec40fa2bc72391df830b678e09422ecdb0202cad3f1ab4b
gallery,John_Negroponte,multi_image_gallery/John_Negroponte/John_Negroponte_0002.jpg,John_Negroponte_0002.jpg,250,250,JPEG,RGB,6693,4aa8456e6902edfc5036a62cb2bd0457adc7eb5ec23d728856a64458c837f565
gallery,John_Negroponte,multi_image_gallery/John_Negroponte/John_Negroponte_0003.jpg,John_Negroponte_0003.jpg,250,250,JPEG,RGB,9565,b64cec95e0841964b532549ed1eff07de7908f86c57233f01a420d8360c09a60
gallery,John_Negroponte,multi_image_gallery/John_Negroponte/John_Negroponte_0004.jpg,John_Negroponte_0004.jpg,250,250,JPEG,RGB,6753,525e575699631d84ffc23c00874b208ef6e43649a0145526bdff43030d0350a0
gallery,John_Negroponte,multi_image_gallery/John_Negroponte/John_Negroponte_0005.jpg,John_Negroponte_0005.jpg,250,250,JPEG,RGB,8979,686e7618360d07f5ac20bb8211abe84701b74bb7ff856af50cd0a1bcfbd03aaa
gallery,John_Negroponte,multi_image_gallery/John_Negroponte/John_Negroponte_0006.jpg,John_Negroponte_0006.jpg,250,250,JPEG,RGB,7202,a0a0d9486eddd97d90860ba0b2c85f4d57b1d0a74b6ce8b7985a34f771369c3b
gallery,John_Negroponte,multi_image_gallery/John_Negroponte/John_Negroponte_0007.jpg,John_Negroponte_0007.jpg,250,250,JPEG,RGB,7331,605f8b4b24a0163442b5779413070ba800b2eb1ded08d6c58406b56d32bdff1c
gallery,John_Negroponte,multi_image_gallery/John_Negroponte/John_Negroponte_0008.jpg,John_Negroponte_0008.jpg,250,250,JPEG,RGB,7402,11fb77b33f6e6f9a470fa5c0afe1e7a6785f9e8519c97cb396b1c8811e8ea848
gallery,John_Negroponte,multi_image_gallery/John_Negroponte/John_Negroponte_0009.jpg,John_Negroponte_0009.jpg,250,250,JPEG,RGB,7830,bb6195e431d00e11b8861c606b6ccd659727ed32fc443c15dd1c87aa6c9827df
gallery,John_Negroponte,multi_image_gallery/John_Negroponte/John_Negroponte_0010.jpg,John_Negroponte_0010.jpg,250,250,JPEG,RGB,8263,4d3c45d6dd6735e48027a70ba74b4cecedd1b7b11e1333ff2d4fd9244fbda411
gallery,John_Reilly,multi_image_gallery/John_Reilly/John_Reilly_0001.jpg,John_Reilly_0001.jpg,250,250,JPEG,RGB,6037,5b542e1a9c17f48636a971c045e5e63eb0997a34178db4dc364ee8f2d6495dc1
gallery,John_Rigas,multi_image_gallery/John_Rigas/John_Rigas_0001.jpg,John_Rigas_0001.jpg,250,250,JPEG,RGB,6923,3dacdcb5424d4bd9cf865ab7f1e28c0ef1b67df0f98281d5756f38da886d40a0
gallery,John_Rosa,multi_image_gallery/John_Rosa/John_Rosa_0001.jpg,John_Rosa_0001.jpg,250,250,JPEG,RGB,9602,81a386ac58e07309f7fcb3da31338fc1af7d0c0bc13120276f373f3dbd5ac844
gallery,John_Rosa,multi_image_gallery/John_Rosa/John_Rosa_0002.jpg,John_Rosa_0002.jpg,250,250,JPEG,RGB,9907,bc7722a8b35ca149e849a2d3b437efb099dc2125f95537cf709bdc949fd399df
gallery,John_Rowland,multi_image_gallery/John_Rowland/John_Rowland_0001.jpg,John_Rowland_0001.jpg,250,250,JPEG,RGB,9499,2b09874421a9bce5d9e9d0dab23debadd9940fbdd0b5e885c374b967a6f58328
gallery,John_Ruiz,multi_image_gallery/John_Ruiz/John_Ruiz_0001.jpg,John_Ruiz_0001.jpg,250,250,JPEG,RGB,9334,10f14ee9f32ceb93c00df569f2f5bbedca5d1d51f37f5db718dd207d55654263
gallery,John_Snow,multi_image_gallery/John_Snow/John_Snow_0001.jpg,John_Snow_0001.jpg,250,250,JPEG,RGB,5416,4dd2953366729d08da436345f817b77669e8c0b0f10a56d898dcdb16321d7ee8
gallery,John_Snow,multi_image_gallery/John_Snow/John_Snow_0002.jpg,John_Snow_0002.jpg,250,250,JPEG,RGB,6270,4ea65e0f7f766e2760a121dbcbb5b3fd9e58ae617d490715b7026afaf00fad08
gallery,John_Snow,multi_image_gallery/John_Snow/John_Snow_0003.jpg,John_Snow_0003.jpg,250,250,JPEG,RGB,9224,2e91033527a36378d555e95f52083daf8e01bb5e031339dcba699cfd2490c370
gallery,John_Snow,multi_image_gallery/John_Snow/John_Snow_0004.jpg,John_Snow_0004.jpg,250,250,JPEG,RGB,7103,7df960c8ace9a7c118269d6fe23821b6ab232ce200962261aa037ede38488af4
gallery,John_Snow,multi_image_gallery/John_Snow/John_Snow_0005.jpg,John_Snow_0005.jpg,250,250,JPEG,RGB,7763,bfe82cdec9a4b0cc9c4cd83679cc5fd67aa0c40a75c14bcef0300bbb89e9433d
gallery,John_Snow,multi_image_gallery/John_Snow/John_Snow_0006.jpg,John_Snow_0006.jpg,250,250,JPEG,RGB,8048,0d15293f54e7b174f172b856d5c9bc85d592023266fdd55f4347c82339d80448
gallery,John_Snow,multi_image_gallery/John_Snow/John_Snow_0007.jpg,John_Snow_0007.jpg,250,250,JPEG,RGB,8521,ff48782fdb089d7337ac2700fb71ad7c3abfd19ad15e9187e7dfdaa5c031c7f5
gallery,John_Snow,multi_image_gallery/John_Snow/John_Snow_0008.jpg,John_Snow_0008.jpg,250,250,JPEG,RGB,8087,9ba815107274f688e698a77af0373b6c370d64881ac40316a0f0d06fd931ca69
gallery,John_Snow,multi_image_gallery/John_Snow/John_Snow_0009.jpg,John_Snow_0009.jpg,250,250,JPEG,RGB,9092,c5174024448224adb1aad9063eade024e63d714172d2da29c4cdc924f1b6d1f4
gallery,John_Snow,multi_image_gallery/John_Snow/John_Snow_0010.jpg,John_Snow_0010.jpg,250,250,JPEG,RGB,8409,c45666c68252811aecc2b2fa9356735861f0bad5b634a0349e02ebec1f0ed06f
gallery,John_Spencer,multi_image_gallery/John_Spencer/John_Spencer_0001.jpg,John_Spencer_0001.jpg,250,250,JPEG,RGB,8813,316b2a1e24c02a6281906781673a4073033eac1e8739bd0fd9eff32e3c4c7441
gallery,John_Stallworth,multi_image_gallery/John_Stallworth/John_Stallworth_0001.jpg,John_Stallworth_0001.jpg,250,250,JPEG,RGB,6659,bd06c701064639b427a6f1323d2b00141f0856ab2cdcdb83757d78bdcdbff5fd
gallery,John_Taylor,multi_image_gallery/John_Taylor/John_Taylor_0001.jpg,John_Taylor_0001.jpg,250,250,JPEG,RGB,10291,eda0b96420e514bdd808ad08f82522b220017842ab2c4ea382d653efb84695d0
gallery,John_Timoney,multi_image_gallery/John_Timoney/John_Timoney_0001.jpg,John_Timoney_0001.jpg,250,250,JPEG,RGB,7824,11a5d9fa3eefdb49aa12ff7f3e3363f0d47f82e6be9a581c62cc9f78e43d0fe0
gallery,John_Walsh,multi_image_gallery/John_Walsh/John_Walsh_0001.jpg,John_Walsh_0001.jpg,250,250,JPEG,RGB,6978,ea4811dc922ca6ada250f1f29ffcdae5941b316edca06092c8bc0b130024f8fe
gallery,John_Wolf,multi_image_gallery/John_Wolf/John_Wolf_0001.jpg,John_Wolf_0001.jpg,250,250,JPEG,RGB,8951,868e9bb6d00dde6c9fc5c27411e5ec050d40de2242b2336b5f0d1c775bcb32de
gallery,Johnny_Carson,multi_image_gallery/Johnny_Carson/Johnny_Carson_0001.jpg,Johnny_Carson_0001.jpg,250,250,JPEG,RGB,9419,a57c3b40e5773bffacf9746b13de871becfcb97208ed5b1f3c836f45c299b971
gallery,Johnny_Depp,multi_image_gallery/Johnny_Depp/Johnny_Depp_0001.jpg,Johnny_Depp_0001.jpg,250,250,JPEG,RGB,8744,b024911d501891dc679b1b8c9fa1954173aaa7c4be42e866c2e3466fca4192de
gallery,Johnny_Unitas,multi_image_gallery/Johnny_Unitas/Johnny_Unitas_0001.jpg,Johnny_Unitas_0001.jpg,250,250,JPEG,RGB,9319,5743064e9f99912a31b89fd1275feb6fc1bbd6d49edd172c6e2ba5ba17f84e43
gallery,Johnson_Panjaitan,multi_image_gallery/Johnson_Panjaitan/Johnson_Panjaitan_0001.jpg,Johnson_Panjaitan_0001.jpg,250,250,JPEG,RGB,9460,9f9ef9c9e8e30e65b5852c4c0865b3371673dd19a78f939499c10dbc47f7bf0e
gallery,Jolanta_Kwasniewski,multi_image_gallery/Jolanta_Kwasniewski/Jolanta_Kwasniewski_0001.jpg,Jolanta_Kwasniewski_0001.jpg,250,250,JPEG,RGB,9407,953b1cd593a462369dfb1577ae28470b77c0e25719cf8c5566f37e4a4d8ec02f
gallery,Jon_Gruden,multi_image_gallery/Jon_Gruden/Jon_Gruden_0001.jpg,Jon_Gruden_0001.jpg,250,250,JPEG,RGB,8686,938f4f9a3408681904f20002439233bcc201ed65b595c1729ccd39be6552dccd
gallery,Jon_Gruden,multi_image_gallery/Jon_Gruden/Jon_Gruden_0002.jpg,Jon_Gruden_0002.jpg,250,250,JPEG,RGB,8055,eaffe561aeda7c9caba8c490c23974de5a2a62f9aafab027df5468aa39202ae9
gallery,Jon_Gruden,multi_image_gallery/Jon_Gruden/Jon_Gruden_0003.jpg,Jon_Gruden_0003.jpg,250,250,JPEG,RGB,7855,96b238d47b9e1e5772bf72fdaa0bcb828c3caa54682fb22369a28068660f0fe3
gallery,Jon_Gruden,multi_image_gallery/Jon_Gruden/Jon_Gruden_0004.jpg,Jon_Gruden_0004.jpg,250,250,JPEG,RGB,9659,2c304ebd14a761f53c9542359fb239b3727b0f0db16402607b878ad4536e18fa
gallery,Jon_Gruden,multi_image_gallery/Jon_Gruden/Jon_Gruden_0005.jpg,Jon_Gruden_0005.jpg,250,250,JPEG,RGB,9928,846174e09f33a3e47fbbda1a4f552e3e97b5724e89f4041f69b4ccaff67270b5
gallery,Jon_Gruden,multi_image_gallery/Jon_Gruden/Jon_Gruden_0006.jpg,Jon_Gruden_0006.jpg,250,250,JPEG,RGB,9613,bc89015260daef894f021062e03106e89db812558791dceeb56610045f4a9c31
gallery,Jonathan_Edwards,multi_image_gallery/Jonathan_Edwards/Jonathan_Edwards_0001.jpg,Jonathan_Edwards_0001.jpg,250,250,JPEG,RGB,7718,4adeb781db667f557edcb4b2eecbed2f2c7715ed9ea5cda75629a4213bb56622
gallery,Jonathan_Edwards,multi_image_gallery/Jonathan_Edwards/Jonathan_Edwards_0002.jpg,Jonathan_Edwards_0002.jpg,250,250,JPEG,RGB,8532,733aef690216385c632e11af67f8954203e4172ebb02d528b18b08181db4653c
gallery,Jonathan_Edwards,multi_image_gallery/Jonathan_Edwards/Jonathan_Edwards_0003.jpg,Jonathan_Edwards_0003.jpg,250,250,JPEG,RGB,8591,ecdf62bdd1711d257e970901a0a5c5402e0713d4808915eea9570cf4793f90a7
gallery,Jonathan_Edwards,multi_image_gallery/Jonathan_Edwards/Jonathan_Edwards_0004.jpg,Jonathan_Edwards_0004.jpg,250,250,JPEG,RGB,9204,a1143484f990ed673c0b8378597e0b361f3c9e041fd35a689f1d185f606527a1
gallery,Jonathan_Edwards,multi_image_gallery/Jonathan_Edwards/Jonathan_Edwards_0005.jpg,Jonathan_Edwards_0005.jpg,250,250,JPEG,RGB,8053,981fb940e7d149f81e2380974329979691c2eb3439b62968910f373fcf6fad2f
gallery,Jonathan_Edwards,multi_image_gallery/Jonathan_Edwards/Jonathan_Edwards_0006.jpg,Jonathan_Edwards_0006.jpg,250,250,JPEG,RGB,7704,7bb42ba8af58de4a67e51ed5574cd5cbe94b0b835c29951b89eb27e5ebfc7cba
gallery,Jonathan_Edwards,multi_image_gallery/Jonathan_Edwards/Jonathan_Edwards_0007.jpg,Jonathan_Edwards_0007.jpg,250,250,JPEG,RGB,9199,33a5566f597203612beb9e3e0b27aeea2d67763da10ec80717f7548362752908
gallery,Jonathan_Mostow,multi_image_gallery/Jonathan_Mostow/Jonathan_Mostow_0001.jpg,Jonathan_Mostow_0001.jpg,250,250,JPEG,RGB,7760,032769b544889d00a7737684d315853444b962eaee2a0e97b6817ad6ef6555dc
gallery,Jong_Thae_Hwa,multi_image_gallery/Jong_Thae_Hwa/Jong_Thae_Hwa_0001.jpg,Jong_Thae_Hwa_0001.jpg,250,250,JPEG,RGB,11716,0dc2b5e7537c06ad8139666d71d56920bc5bed9c404f798e51dfe5879279fa1e
gallery,Jorge_Arce,multi_image_gallery/Jorge_Arce/Jorge_Arce_0001.jpg,Jorge_Arce_0001.jpg,250,250,JPEG,RGB,8770,91993a2ff644f105ac06ff1745459bfe70397337ea3dbc7936f6b1a095230113
gallery,Jorge_Batlle,multi_image_gallery/Jorge_Batlle/Jorge_Batlle_0001.jpg,Jorge_Batlle_0001.jpg,250,250,JPEG,RGB,7445,8717f4eae588d2642ce7c1cc1f61b412a545fa144562430623c3600c7b129832
gallery,Jorge_Batlle,multi_image_gallery/Jorge_Batlle/Jorge_Batlle_0002.jpg,Jorge_Batlle_0002.jpg,250,250,JPEG,RGB,8214,82e888f4cd28c74d06675eaa3527627e5ef78a133b6f77c79e3cbd5583820b3e
gallery,Jorge_Castaneda,multi_image_gallery/Jorge_Castaneda/Jorge_Castaneda_0001.jpg,Jorge_Castaneda_0001.jpg,250,250,JPEG,RGB,7768,a20bc5bca1108f3aa5bbbddd880d363aa3611cd87865d3036f1edc9d7ff3d59f
gallery,Jorge_Rodolfo_Canicoba_Corral,multi_image_gallery/Jorge_Rodolfo_Canicoba_Corral/Jorge_Rodolfo_Canicoba_Corral_0001.jpg,Jorge_Rodolfo_Canicoba_Corral_0001.jpg,250,250,JPEG,RGB,9527,e5ca63d4c51ff6292889d8a02aa84017c35169a43c60371efa58b73fad17c271
gallery,Jorge_Valdano,multi_image_gallery/Jorge_Valdano/Jorge_Valdano_0001.jpg,Jorge_Valdano_0001.jpg,250,250,JPEG,RGB,13012,39dbc7e023d3d2f7e9dad0608f884f40e217f72cf12ed21c12c5d5ab1462892d
gallery,Jose_Dirceu,multi_image_gallery/Jose_Dirceu/Jose_Dirceu_0001.jpg,Jose_Dirceu_0001.jpg,250,250,JPEG,RGB,8163,35d54d472146c3eac02db9e573917f8531c3a89848dda6188adb4f98fb194e1d
gallery,Jose_Manuel_Durao_Barroso,multi_image_gallery/Jose_Manuel_Durao_Barroso/Jose_Manuel_Durao_Barroso_0001.jpg,Jose_Manuel_Durao_Barroso_0001.jpg,250,250,JPEG,RGB,7869,987c2fc3d7862edc0386c23f7b0bf762dac654595d5f457e4564e4b5bfc3e1e1
gallery,Jose_Manuel_Durao_Barroso,multi_image_gallery/Jose_Manuel_Durao_Barroso/Jose_Manuel_Durao_Barroso_0002.jpg,Jose_Manuel_Durao_Barroso_0002.jpg,250,250,JPEG,RGB,8462,63acdc4859527af0ade2e973a186c9cc297ec0f35efb401836046d08bf757596
gallery,Jose_Manuel_Durao_Barroso,multi_image_gallery/Jose_Manuel_Durao_Barroso/Jose_Manuel_Durao_Barroso_0003.jpg,Jose_Manuel_Durao_Barroso_0003.jpg,250,250,JPEG,RGB,10672,7e6d845195f36a996623072ce12b23846f462519d04c66a8134cb5a9c64a5ba9
gallery,Jose_Manuel_Durao_Barroso,multi_image_gallery/Jose_Manuel_Durao_Barroso/Jose_Manuel_Durao_Barroso_0004.jpg,Jose_Manuel_Durao_Barroso_0004.jpg,250,250,JPEG,RGB,10756,febb840dff697307ea71bc675b125be782362ec48c5af70001bd8b5e23db8a15
gallery,Jose_Manuel_Durao_Barroso,multi_image_gallery/Jose_Manuel_Durao_Barroso/Jose_Manuel_Durao_Barroso_0005.jpg,Jose_Manuel_Durao_Barroso_0005.jpg,250,250,JPEG,RGB,8176,86dadba72048e2b89c5e98b19f185f2b29b8c6e8b49ce35f21c52e0c498ba200
gallery,Jose_Mourinho,multi_image_gallery/Jose_Mourinho/Jose_Mourinho_0001.jpg,Jose_Mourinho_0001.jpg,250,250,JPEG,RGB,9078,1f0c1e323880a3807c16b3ea1b1b1a736cad61277ee017874573b1f5499b691d
gallery,Jose_Sarney,multi_image_gallery/Jose_Sarney/Jose_Sarney_0001.jpg,Jose_Sarney_0001.jpg,250,250,JPEG,RGB,9480,ebb871b33d41a9938b24cf1e7d151f713e26a133cab8e0c42d4ebb4e3f1e895e
gallery,Jose_Sarney,multi_image_gallery/Jose_Sarney/Jose_Sarney_0002.jpg,Jose_Sarney_0002.jpg,250,250,JPEG,RGB,10142,fe4e4e1c6599e400f8edfe5b4bfdd615bccd51bff853858c1675bae48b27c909
gallery,Jose_Serra,multi_image_gallery/Jose_Serra/Jose_Serra_0001.jpg,Jose_Serra_0001.jpg,250,250,JPEG,RGB,6372,031eb3da70b9a0ce4dba717c49fed884d47d82bce26f985735ec59b50cda5cbf
gallery,Jose_Serra,multi_image_gallery/Jose_Serra/Jose_Serra_0002.jpg,Jose_Serra_0002.jpg,250,250,JPEG,RGB,8368,60474326d0c8f2fd6513987a1aa86a05b65d23b696b773954a3278e9965ff773
gallery,Jose_Serra,multi_image_gallery/Jose_Serra/Jose_Serra_0003.jpg,Jose_Serra_0003.jpg,250,250,JPEG,RGB,7403,812e1a332d67433d498d5cda27010c8e3eb58e3f7f1d482d9d99944fd5f2f078
gallery,Jose_Serra,multi_image_gallery/Jose_Serra/Jose_Serra_0004.jpg,Jose_Serra_0004.jpg,250,250,JPEG,RGB,8557,cd30a899d04bd3beb499533ad8139528088ee5f7158530c65534692630d37271
gallery,Jose_Serra,multi_image_gallery/Jose_Serra/Jose_Serra_0005.jpg,Jose_Serra_0005.jpg,250,250,JPEG,RGB,9108,ef521e77e1e704445063449143dd9314e4cec6fa9429c92fd17a1e75a7cc235b
gallery,Jose_Serra,multi_image_gallery/Jose_Serra/Jose_Serra_0006.jpg,Jose_Serra_0006.jpg,250,250,JPEG,RGB,6616,cf3d7c1c0ac84adeae467bc6790fa9f6d0b898fc560d06a2f6551d835c71c9f0
gallery,Jose_Serra,multi_image_gallery/Jose_Serra/Jose_Serra_0007.jpg,Jose_Serra_0007.jpg,250,250,JPEG,RGB,9220,f80182ff708e26bf1638104773aa8469490e70ecfc1f9e6b61e1c278e539edd4
gallery,Jose_Serra,multi_image_gallery/Jose_Serra/Jose_Serra_0008.jpg,Jose_Serra_0008.jpg,250,250,JPEG,RGB,7909,aae867c70ba8d1dff1f5e3d22e7acce7502a420fd51b2276fd2410e9afc14f21
gallery,Jose_Theodore,multi_image_gallery/Jose_Theodore/Jose_Theodore_0001.jpg,Jose_Theodore_0001.jpg,250,250,JPEG,RGB,8992,7e85207fa102489af838ef9f4bcdce730f317a2f6a58ded0d3dba82643cf2c01
gallery,Jose_Viegas_Filho,multi_image_gallery/Jose_Viegas_Filho/Jose_Viegas_Filho_0001.jpg,Jose_Viegas_Filho_0001.jpg,250,250,JPEG,RGB,9809,058b54004e09b4f8dfb5e26218167113f3f1bb32c2b8f59333e91888f7e6f0ed
gallery,Joseph_Biden,multi_image_gallery/Joseph_Biden/Joseph_Biden_0001.jpg,Joseph_Biden_0001.jpg,250,250,JPEG,RGB,8420,27bc97695cca7e707eed628b56272db5239393def45446667532b8e7e1d2a4b1
gallery,Joseph_Biden,multi_image_gallery/Joseph_Biden/Joseph_Biden_0002.jpg,Joseph_Biden_0002.jpg,250,250,JPEG,RGB,9693,f83688282397e040cf21c27c521ebf518ef768db5623bf8a1b20a60b718e668f
gallery,Joseph_Biden,multi_image_gallery/Joseph_Biden/Joseph_Biden_0003.jpg,Joseph_Biden_0003.jpg,250,250,JPEG,RGB,10506,2a06a1dd164c78821f77da080a443aca6e575362b40a7e136bd64b53de383f93
gallery,Joseph_Biden,multi_image_gallery/Joseph_Biden/Joseph_Biden_0004.jpg,Joseph_Biden_0004.jpg,250,250,JPEG,RGB,9581,2459e57fd5b001fcea3cfec2b83749019091a4f8e483acf7a45d4dcfe64f0b9d
gallery,Joseph_Blatter,multi_image_gallery/Joseph_Blatter/Joseph_Blatter_0001.jpg,Joseph_Blatter_0001.jpg,250,250,JPEG,RGB,6771,4eb834aa8f54fe9a434b506c8f1b17be2b9c9f3c52b7af3703763d356a53f859
gallery,Joseph_Deiss,multi_image_gallery/Joseph_Deiss/Joseph_Deiss_0001.jpg,Joseph_Deiss_0001.jpg,250,250,JPEG,RGB,8568,05f45ea71e61c6eae2181b5bf2baf7d894c4e86724d412e707db181f1c68d8c3
gallery,Joseph_Deiss,multi_image_gallery/Joseph_Deiss/Joseph_Deiss_0002.jpg,Joseph_Deiss_0002.jpg,250,250,JPEG,RGB,7110,5cd894d6c7ed91ca8f0bdfe4fc1ede3ecd8f4ac1163750ec3ffcb3bfecb1d98a
gallery,Joseph_Estrada,multi_image_gallery/Joseph_Estrada/Joseph_Estrada_0001.jpg,Joseph_Estrada_0001.jpg,250,250,JPEG,RGB,10565,f0d69c509d1f939094f67f908ed0ce50b261e59982f289f4d0ad352ff2b68659
gallery,Joseph_Estrada,multi_image_gallery/Joseph_Estrada/Joseph_Estrada_0002.jpg,Joseph_Estrada_0002.jpg,250,250,JPEG,RGB,9165,db8d19d691e20209cc41d1d6b7787235d07dcba2ebc09eabd1b93e6c48923f71
gallery,Joseph_Estrada,multi_image_gallery/Joseph_Estrada/Joseph_Estrada_0003.jpg,Joseph_Estrada_0003.jpg,250,250,JPEG,RGB,9084,c163963b542362390122d63947f1704b9de6ed0b747ce5532fbd7ccaa264401d
gallery,Joseph_Ralston,multi_image_gallery/Joseph_Ralston/Joseph_Ralston_0001.jpg,Joseph_Ralston_0001.jpg,250,250,JPEG,RGB,9929,ea24f8605cf906abbc1f234a09c1223d8a61b74247f3ddc7036fd1844c74bc66
gallery,Juan_Manuel_Marquez,multi_image_gallery/Juan_Manuel_Marquez/Juan_Manuel_Marquez_0001.jpg,Juan_Manuel_Marquez_0001.jpg,250,250,JPEG,RGB,10870,34daa542f4a59cf191b94e6ce195b6056e90ba7f17793c75e50f9e3ba09c14bf
gallery,Juan_Manuel_Marquez,multi_image_gallery/Juan_Manuel_Marquez/Juan_Manuel_Marquez_0002.jpg,Juan_Manuel_Marquez_0002.jpg,250,250,JPEG,RGB,9105,2ea5678a1ef5bf17368187ce87b9792f0fe0969ccb8006255ec616b0698b43db
gallery,Juan_Pablo_Montoya,multi_image_gallery/Juan_Pablo_Montoya/Juan_Pablo_Montoya_0001.jpg,Juan_Pablo_Montoya_0001.jpg,250,250,JPEG,RGB,10538,19de16c47aa446578f0b88090d2a7f1a201e60c9eca453c17a78316af8710e73
gallery,Juan_Pablo_Montoya,multi_image_gallery/Juan_Pablo_Montoya/Juan_Pablo_Montoya_0002.jpg,Juan_Pablo_Montoya_0002.jpg,250,250,JPEG,RGB,10856,2cade69742c1cff7e32be309554651213121e69ca43e52fc65987d258d98411c
gallery,Juan_Pablo_Montoya,multi_image_gallery/Juan_Pablo_Montoya/Juan_Pablo_Montoya_0003.jpg,Juan_Pablo_Montoya_0003.jpg,250,250,JPEG,RGB,9131,c4c415ee04be66d2fed3d2f7dc4ebd4fb80fa8a475092d6420923e0fe803925a
gallery,Juan_Pablo_Montoya,multi_image_gallery/Juan_Pablo_Montoya/Juan_Pablo_Montoya_0004.jpg,Juan_Pablo_Montoya_0004.jpg,250,250,JPEG,RGB,12896,1cb56294843adc2d6aa0d041dee9f57d36346f93e4a1dd488e17edf5794da8cd
gallery,Juan_Pablo_Montoya,multi_image_gallery/Juan_Pablo_Montoya/Juan_Pablo_Montoya_0005.jpg,Juan_Pablo_Montoya_0005.jpg,250,250,JPEG,RGB,11254,8f6b02c7d7368f37c966c2b5f7d027b9ca030eae4be5b707c3dd3e6ca09c8176
gallery,Juan_Pablo_Montoya,multi_image_gallery/Juan_Pablo_Montoya/Juan_Pablo_Montoya_0006.jpg,Juan_Pablo_Montoya_0006.jpg,250,250,JPEG,RGB,10214,2e86aaccc4e176387838e1a52657cad5ee6635cd3a252865494e006f42018d92
gallery,Juan_Pablo_Montoya,multi_image_gallery/Juan_Pablo_Montoya/Juan_Pablo_Montoya_0007.jpg,Juan_Pablo_Montoya_0007.jpg,250,250,JPEG,RGB,7885,466246050d991db36e800c209b2f4cb456376f05d536f2f9e95e52df1c1a85f0
gallery,Juan_Valencia_Osorio,multi_image_gallery/Juan_Valencia_Osorio/Juan_Valencia_Osorio_0001.jpg,Juan_Valencia_Osorio_0001.jpg,250,250,JPEG,RGB,8049,c31a2de1761f6e15efcf52c217ca19e846b980510c1dc7f4fecf062cf1d61c4e
gallery,Juanes,multi_image_gallery/Juanes/Juanes_0001.jpg,Juanes_0001.jpg,250,250,JPEG,RGB,10225,15212e146208649ff3f7edacc68f05d50e9079837a7a0d1076d6043ebc2e17ea
gallery,Juanes,multi_image_gallery/Juanes/Juanes_0002.jpg,Juanes_0002.jpg,250,250,JPEG,RGB,10444,e3d2d4373ad5ed9294d784833e0ed8253db9870fda1ef9806737fdd55a5f7a9b
gallery,Jude_Law,multi_image_gallery/Jude_Law/Jude_Law_0001.jpg,Jude_Law_0001.jpg,250,250,JPEG,RGB,8271,ad2e6a13421dc4cfdcc1163c4c674d35bcd10fc94de0888096453f9a04d2c751
gallery,Judi_Dench,multi_image_gallery/Judi_Dench/Judi_Dench_0001.jpg,Judi_Dench_0001.jpg,250,250,JPEG,RGB,7545,18b4b110595be0779acc740593fe4b5f98f37f876adb1d03f4facfe660e961d0
gallery,Judy_Genshaft,multi_image_gallery/Judy_Genshaft/Judy_Genshaft_0001.jpg,Judy_Genshaft_0001.jpg,250,250,JPEG,RGB,8544,8aef5f4ac7bd919372afaaa34c2179a9a0c8b1238728b1e04005293951b57602
gallery,Juergen_Peters,multi_image_gallery/Juergen_Peters/Juergen_Peters_0001.jpg,Juergen_Peters_0001.jpg,250,250,JPEG,RGB,8321,f7b5500037686d3462e3fd4fbc44db4a1f95557f146ea6bbb7503eeb7ef8b734
gallery,Julianna_Margulies,multi_image_gallery/Julianna_Margulies/Julianna_Margulies_0001.jpg,Julianna_Margulies_0001.jpg,250,250,JPEG,RGB,8201,5d00c8ce5ad34cbdc73c13ba2d17b0c24042a2b8716c531616f4d7701b44da49
gallery,Julianne_Moore,multi_image_gallery/Julianne_Moore/Julianne_Moore_0001.jpg,Julianne_Moore_0001.jpg,250,250,JPEG,RGB,8243,cc25f01c617a840dd803c195e3d007cfdcc3769606699154fe3a38b52998db7f
gallery,Julianne_Moore,multi_image_gallery/Julianne_Moore/Julianne_Moore_0002.jpg,Julianne_Moore_0002.jpg,250,250,JPEG,RGB,6891,1f127a85b0587ccf3124d384873e30e3ca100afc45dc971d8fad2db000e5896a
gallery,Julianne_Moore,multi_image_gallery/Julianne_Moore/Julianne_Moore_0003.jpg,Julianne_Moore_0003.jpg,250,250,JPEG,RGB,9034,f4c6b6b2d21cb05006ac401eae1db9d029c400474203b84b9c92c37be9af6cc9
gallery,Julianne_Moore,multi_image_gallery/Julianne_Moore/Julianne_Moore_0004.jpg,Julianne_Moore_0004.jpg,250,250,JPEG,RGB,9667,41e2310729135c4dfa0e2a3c61742eefea65ae7f8b6c5bd13eb301675ebc92f3
gallery,Julianne_Moore,multi_image_gallery/Julianne_Moore/Julianne_Moore_0005.jpg,Julianne_Moore_0005.jpg,250,250,JPEG,RGB,10692,b37b29ed5eb35546d598c65ee570ebf6881f41e13728118c1004c382c423a6ea
gallery,Julianne_Moore,multi_image_gallery/Julianne_Moore/Julianne_Moore_0006.jpg,Julianne_Moore_0006.jpg,250,250,JPEG,RGB,8481,cb14917e409db98e03d91794dfa6799e701522ab4e3c461872bb719325c652ae
gallery,Julianne_Moore,multi_image_gallery/Julianne_Moore/Julianne_Moore_0007.jpg,Julianne_Moore_0007.jpg,250,250,JPEG,RGB,9917,80968d57c1811dded113468dd9cb575ac634e5629a67419fe585fc5e251886e5
gallery,Julianne_Moore,multi_image_gallery/Julianne_Moore/Julianne_Moore_0008.jpg,Julianne_Moore_0008.jpg,250,250,JPEG,RGB,9299,eb4196772407e1da3f13a4d0d622832b2b75cf650766d570c4900963bb82fcf1
gallery,Julianne_Moore,multi_image_gallery/Julianne_Moore/Julianne_Moore_0009.jpg,Julianne_Moore_0009.jpg,250,250,JPEG,RGB,9862,2256c68dd64ff8e24df36b89e1a9e2721fd4e9c7571b51490753d0753a77f342
gallery,Julianne_Moore,multi_image_gallery/Julianne_Moore/Julianne_Moore_0010.jpg,Julianne_Moore_0010.jpg,250,250,JPEG,RGB,9235,b6d8cda824058ceb3b24c7ef00c1149f585c759ea1d876f59667208df786d20f
gallery,Julie_Gerberding,multi_image_gallery/Julie_Gerberding/Julie_Gerberding_0001.jpg,Julie_Gerberding_0001.jpg,250,250,JPEG,RGB,8551,31ed8b92323ae70320580cce91890a440e1d0316a7136998546587ca8e8240a7
gallery,Julie_Gerberding,multi_image_gallery/Julie_Gerberding/Julie_Gerberding_0002.jpg,Julie_Gerberding_0002.jpg,250,250,JPEG,RGB,7875,ddefb9c31dcb7b25da387cd3299e86c4dc47a4b90eab45db4d915d36784d1879
gallery,Julie_Gerberding,multi_image_gallery/Julie_Gerberding/Julie_Gerberding_0003.jpg,Julie_Gerberding_0003.jpg,250,250,JPEG,RGB,8176,6ef2e3bcd54b963b7c6afd90536a7d74ca4507e13dac897e0f88a82f5fd45c03
gallery,Julie_Gerberding,multi_image_gallery/Julie_Gerberding/Julie_Gerberding_0004.jpg,Julie_Gerberding_0004.jpg,250,250,JPEG,RGB,8264,cf05a614baddb7cca17c20f6aba3b55450b1f728075d955bf477897aaf744d4b
gallery,Julie_Gerberding,multi_image_gallery/Julie_Gerberding/Julie_Gerberding_0005.jpg,Julie_Gerberding_0005.jpg,250,250,JPEG,RGB,7639,dca7315606da17982621c931f565f0923d7ffefdd7a258d51b46b0fe668d1ec4
gallery,Julie_Gerberding,multi_image_gallery/Julie_Gerberding/Julie_Gerberding_0006.jpg,Julie_Gerberding_0006.jpg,250,250,JPEG,RGB,8974,932b689ffd0f809e21ef37af99b9d1a9143d2e228f78a7f70ae2777b5dd26867
gallery,Julie_Gerberding,multi_image_gallery/Julie_Gerberding/Julie_Gerberding_0007.jpg,Julie_Gerberding_0007.jpg,250,250,JPEG,RGB,8317,fa6731b938d49d7e1d6dffc8abee19acf9cbb31184cb3588df9c11ef7ea8c97a
gallery,Julie_Gerberding,multi_image_gallery/Julie_Gerberding/Julie_Gerberding_0008.jpg,Julie_Gerberding_0008.jpg,250,250,JPEG,RGB,8175,742702dc4b2a3c1cbff44278b0be2c6c63f0f6757e56a69b37ea68a0ca3e37c3
gallery,Julie_Gerberding,multi_image_gallery/Julie_Gerberding/Julie_Gerberding_0009.jpg,Julie_Gerberding_0009.jpg,250,250,JPEG,RGB,7689,2dce0fa65256f1a8508fefae8d0cccdf322b5783676137a970f3295d4a9771e6
gallery,Julie_Gerberding,multi_image_gallery/Julie_Gerberding/Julie_Gerberding_0010.jpg,Julie_Gerberding_0010.jpg,250,250,JPEG,RGB,8204,839b2a94cc6bbd7df15f1db36e5e6b8218e2930e8ccecea6c1964e44a6ea5dae
gallery,Julie_Taymor,multi_image_gallery/Julie_Taymor/Julie_Taymor_0001.jpg,Julie_Taymor_0001.jpg,250,250,JPEG,RGB,10263,ae2be4b8face70fdd07589cec92af057c0bd25b24949ee4fed728cfb702df0e6
gallery,Julio_Iglesias_Jr,multi_image_gallery/Julio_Iglesias_Jr/Julio_Iglesias_Jr_0001.jpg,Julio_Iglesias_Jr_0001.jpg,250,250,JPEG,RGB,9378,0ebf11a7ae2cbef27195fe85878f9d13b1505850e301f492874fed4a7033a888
gallery,Justin_Gatlin,multi_image_gallery/Justin_Gatlin/Justin_Gatlin_0001.jpg,Justin_Gatlin_0001.jpg,250,250,JPEG,RGB,9538,18622ed2b78d7f082519f4c128de361b41912a5c5f5e2d8ce9cae5fa44bf3095
gallery,Justin_Guarini,multi_image_gallery/Justin_Guarini/Justin_Guarini_0001.jpg,Justin_Guarini_0001.jpg,250,250,JPEG,RGB,10433,2900ea9176d409f04db5089b919944c303da31127c8e33a5d3f4b761c2a240fa
gallery,Justin_Guarini,multi_image_gallery/Justin_Guarini/Justin_Guarini_0002.jpg,Justin_Guarini_0002.jpg,250,250,JPEG,RGB,11083,3386c597d740736a9b45af792e9f500a893328bf63fda59286abdad274b8826b
gallery,Justin_Leonard,multi_image_gallery/Justin_Leonard/Justin_Leonard_0001.jpg,Justin_Leonard_0001.jpg,250,250,JPEG,RGB,8961,3d5b0854d1066572cec3b4a0d00b55d97399e8c9e514bc1466b118b700507ed0
gallery,Justin_Leonard,multi_image_gallery/Justin_Leonard/Justin_Leonard_0002.jpg,Justin_Leonard_0002.jpg,250,250,JPEG,RGB,8777,ba761e0e938f25a7a8fd90444c304ddb16c8e7975845b1f7aa7b82b0b1a43674
gallery,Justin_Leonard,multi_image_gallery/Justin_Leonard/Justin_Leonard_0003.jpg,Justin_Leonard_0003.jpg,250,250,JPEG,RGB,10449,5e82c5adf3050f43b82b0556682460cd577f9801506e742facb55dfd47613532
gallery,Justine_Henin,multi_image_gallery/Justine_Henin/Justine_Henin_0001.jpg,Justine_Henin_0001.jpg,250,250,JPEG,RGB,9928,298057d3d534f102d2ec1046207d773853541162a07158a36a6121633be30852
gallery,Justine_Henin,multi_image_gallery/Justine_Henin/Justine_Henin_0002.jpg,Justine_Henin_0002.jpg,250,250,JPEG,RGB,6966,8bf0207cf0ded3b9ef8aabc7faa9c8e2da5cfa022058fed0fb0f9d481de71b54
gallery,Kalpana_Chawla,multi_image_gallery/Kalpana_Chawla/Kalpana_Chawla_0001.jpg,Kalpana_Chawla_0001.jpg,250,250,JPEG,RGB,9023,89ba8e9e416b3773a8f959e883d026825214776cb04187c5a1866a52e345a951
gallery,Kalpana_Chawla,multi_image_gallery/Kalpana_Chawla/Kalpana_Chawla_0002.jpg,Kalpana_Chawla_0002.jpg,250,250,JPEG,RGB,10526,0b2eab3ff77ff0b961e00f3c69f3bd9ddf60d1269f43af2c248b57dc6893ec52
gallery,Kalpana_Chawla,multi_image_gallery/Kalpana_Chawla/Kalpana_Chawla_0003.jpg,Kalpana_Chawla_0003.jpg,250,250,JPEG,RGB,7747,e9941f8cdad7de4baffd1e8b263ec58cb8ad1656ce1ce7aa3ddff896d6d6a58c
gallery,Kalpana_Chawla,multi_image_gallery/Kalpana_Chawla/Kalpana_Chawla_0004.jpg,Kalpana_Chawla_0004.jpg,250,250,JPEG,RGB,8454,3b18b9a71f130b2a2db25712dba2d4ef74d6e11dfcca4de094a6dab63c2f482b
gallery,Karen_Mok,multi_image_gallery/Karen_Mok/Karen_Mok_0001.jpg,Karen_Mok_0001.jpg,250,250,JPEG,RGB,8660,8a51940a808367ff0874573a0bb2a3ddbb9295e4163c79df085fbf05ee9ecac9
gallery,Karin_Stoiber,multi_image_gallery/Karin_Stoiber/Karin_Stoiber_0001.jpg,Karin_Stoiber_0001.jpg,250,250,JPEG,RGB,10261,8cc444a3ddbd8868517e3a3f0d6807509419f22855a6e6385f2cb7956a391d30
gallery,Kate_Capshaw,multi_image_gallery/Kate_Capshaw/Kate_Capshaw_0001.jpg,Kate_Capshaw_0001.jpg,250,250,JPEG,RGB,8855,be7312765338fdfd01ad364cc5a1613e82e933c694aac17c6601dda766400f07
gallery,Kathleen_Glynn,multi_image_gallery/Kathleen_Glynn/Kathleen_Glynn_0001.jpg,Kathleen_Glynn_0001.jpg,250,250,JPEG,RGB,7490,d5b421fa5846162a89d3223160195a6e999adb948bba47bf0afc171ec58cef38
gallery,Kathleen_Kennedy_Townsend,multi_image_gallery/Kathleen_Kennedy_Townsend/Kathleen_Kennedy_Townsend_0001.jpg,Kathleen_Kennedy_Townsend_0001.jpg,250,250,JPEG,RGB,10827,b822c3526c89f678dd549519de82fae0a59b8b40795ad60da418c0b8764b5552
gallery,Kathleen_Kennedy_Townsend,multi_image_gallery/Kathleen_Kennedy_Townsend/Kathleen_Kennedy_Townsend_0002.jpg,Kathleen_Kennedy_Townsend_0002.jpg,250,250,JPEG,RGB,9915,a0c276a2802855e805af670382a21d0cc18b3572f4aef45a7b9e8c449af05f61
gallery,Kathleen_Kennedy_Townsend,multi_image_gallery/Kathleen_Kennedy_Townsend/Kathleen_Kennedy_Townsend_0003.jpg,Kathleen_Kennedy_Townsend_0003.jpg,250,250,JPEG,RGB,9790,734d067eccfbae6c149c2a6bebf5b4aba5d30e05b8532ef3133ff00e310152ae
gallery,Kathryn_Bigelow,multi_image_gallery/Kathryn_Bigelow/Kathryn_Bigelow_0001.jpg,Kathryn_Bigelow_0001.jpg,250,250,JPEG,RGB,8908,ee95adb2e97d81899abf241c64de3a5dc2ba1c1c1b7d88e46ba7fe52d71c2fd5
gallery,Kathy_Winters,multi_image_gallery/Kathy_Winters/Kathy_Winters_0001.jpg,Kathy_Winters_0001.jpg,250,250,JPEG,RGB,9905,ac39388ced71f2f45f75d916f3f4603a1fc21812baf25e9fe149dda77f278933
gallery,Katie_Harman,multi_image_gallery/Katie_Harman/Katie_Harman_0001.jpg,Katie_Harman_0001.jpg,250,250,JPEG,RGB,10061,72995dc1e3cae7847b1012b69a8123517c34d693e5a7fd157365d6755149862c
gallery,Katie_Harman,multi_image_gallery/Katie_Harman/Katie_Harman_0002.jpg,Katie_Harman_0002.jpg,250,250,JPEG,RGB,8792,26b4e6c817e56f880db511d40e174a6e46fc4b560529ec529fec8a11b38c25c1
gallery,Keira_Knightley,multi_image_gallery/Keira_Knightley/Keira_Knightley_0001.jpg,Keira_Knightley_0001.jpg,250,250,JPEG,RGB,10264,eb70dba00e86af1c730ae6ad94ff3174cd3a0704321bc023372183f5427d1bf7
gallery,Kelli_White,multi_image_gallery/Kelli_White/Kelli_White_0001.jpg,Kelli_White_0001.jpg,250,250,JPEG,RGB,9376,32a0dad8091676d22b6ce6998df0d112f802572ce6086eca25db1eb84fb46bb5
gallery,Kemal_Dervis,multi_image_gallery/Kemal_Dervis/Kemal_Dervis_0001.jpg,Kemal_Dervis_0001.jpg,250,250,JPEG,RGB,8179,d0f39fee242807dd143f5e462d7b676207ccafaf080fe41a838d538afa47800c
gallery,Kemal_Dervis,multi_image_gallery/Kemal_Dervis/Kemal_Dervis_0002.jpg,Kemal_Dervis_0002.jpg,250,250,JPEG,RGB,6242,d0e6a2c8d6a4eefc5cc4cae3bacc1f61cb4eef24b912542aecc4c492c3ecf1f3
gallery,Ken_Watanabe,multi_image_gallery/Ken_Watanabe/Ken_Watanabe_0001.jpg,Ken_Watanabe_0001.jpg,250,250,JPEG,RGB,9965,e6026b309812e4a6fefc41df98c276ee7cc8324f84e693fe5d757de05a11e013
gallery,Kenneth_Branagh,multi_image_gallery/Kenneth_Branagh/Kenneth_Branagh_0001.jpg,Kenneth_Branagh_0001.jpg,250,250,JPEG,RGB,7324,9b800711376755e9c49d53a82d90e9a9b38677239045c0ba85ecd60491af134d
gallery,Kenneth_Evans,multi_image_gallery/Kenneth_Evans/Kenneth_Evans_0001.jpg,Kenneth_Evans_0001.jpg,250,250,JPEG,RGB,9535,9b5220320c9ec3ae1553c0a5d1efeda0389e8da732c3df7fcb8f2a91c62d0da4
gallery,Kent_Rominger,multi_image_gallery/Kent_Rominger/Kent_Rominger_0001.jpg,Kent_Rominger_0001.jpg,250,250,JPEG,RGB,7490,8bf160e1e5c2a158960ca1ba54ac59f189fea486aaa5d376f70dcb88eb30e5bb
gallery,Kevin_Spacey,multi_image_gallery/Kevin_Spacey/Kevin_Spacey_0001.jpg,Kevin_Spacey_0001.jpg,250,250,JPEG,RGB,8635,d5c7ea12ef5369ac3314fad5b761426d1e52363e244408a9bd1ae5aeaf15d37a
gallery,Kevin_Spacey,multi_image_gallery/Kevin_Spacey/Kevin_Spacey_0002.jpg,Kevin_Spacey_0002.jpg,250,250,JPEG,RGB,9784,3650dad8c4216341b7b4075c9f2cc79c8d0bdcdeb1cbcf744efd2b95ffaf35b1
gallery,Kevin_Spacey,multi_image_gallery/Kevin_Spacey/Kevin_Spacey_0003.jpg,Kevin_Spacey_0003.jpg,250,250,JPEG,RGB,8604,6a20a097691b713cfd216917cea352ab4ceaa1f2d31737182b70011dda41f1fc
gallery,Kevin_Spacey,multi_image_gallery/Kevin_Spacey/Kevin_Spacey_0004.jpg,Kevin_Spacey_0004.jpg,250,250,JPEG,RGB,8790,6d673ab68cc4d34abea00384efed20500e6bc92c024dc801e032d727f45a4b7e
gallery,Kevin_Stallings,multi_image_gallery/Kevin_Stallings/Kevin_Stallings_0001.jpg,Kevin_Stallings_0001.jpg,250,250,JPEG,RGB,7650,355839d4bd0dd7a66480c1bac3afce054e92d65b2d3bc13b4b2a75859995ec53
gallery,Kieran_Prendergast,multi_image_gallery/Kieran_Prendergast/Kieran_Prendergast_0001.jpg,Kieran_Prendergast_0001.jpg,250,250,JPEG,RGB,7927,f92092b42528f20c563275bf91e73dd945117ec9526b3d205472fc6c439e81e8
gallery,Kifah_Ajouri,multi_image_gallery/Kifah_Ajouri/Kifah_Ajouri_0001.jpg,Kifah_Ajouri_0001.jpg,250,250,JPEG,RGB,8614,98792365aaa621df9aa581ede8536bcbd26bdfccfa5bb79e80cdef0ad98cce44
gallery,Kiki_Vandeweghe,multi_image_gallery/Kiki_Vandeweghe/Kiki_Vandeweghe_0001.jpg,Kiki_Vandeweghe_0001.jpg,250,250,JPEG,RGB,7767,2db9958c76764eeca11282efe766b2652d7475e191622ff96ded4c32ad2dad0e
gallery,Kim_Dae-jung,multi_image_gallery/Kim_Dae-jung/Kim_Dae-jung_0001.jpg,Kim_Dae-jung_0001.jpg,250,250,JPEG,RGB,8024,b9fa04a9b5eb7f6b1e988c3b0f9acedf3ff699b3c7c704f17f00d1aa11d35dbe
gallery,Kim_Dae-jung,multi_image_gallery/Kim_Dae-jung/Kim_Dae-jung_0002.jpg,Kim_Dae-jung_0002.jpg,250,250,JPEG,RGB,7352,9de5840bbd584b3f6bc97d589528b7bf382a8bb76e076410293a7fe28d022ebe
gallery,Kim_Dae-jung,multi_image_gallery/Kim_Dae-jung/Kim_Dae-jung_0003.jpg,Kim_Dae-jung_0003.jpg,250,250,JPEG,RGB,7259,f3783e825b990611b8933f5ea7d6dbc1e537977f2943183be568839879ce0fc5
gallery,Kim_Dae-jung,multi_image_gallery/Kim_Dae-jung/Kim_Dae-jung_0004.jpg,Kim_Dae-jung_0004.jpg,250,250,JPEG,RGB,8747,848e4aa86d95768f1b716742de05ab7b6f77080787e91e3dae3664119d5747a2
gallery,Kim_Dae-jung,multi_image_gallery/Kim_Dae-jung/Kim_Dae-jung_0005.jpg,Kim_Dae-jung_0005.jpg,250,250,JPEG,RGB,8491,b3ed69fd3d4f1adcfbf29ec3441e79a0dfd68108bd302d15fda682d00b9c1921
gallery,Kim_Dae-jung,multi_image_gallery/Kim_Dae-jung/Kim_Dae-jung_0006.jpg,Kim_Dae-jung_0006.jpg,250,250,JPEG,RGB,8290,4a443d6dc1e5f33a66be7515ca0574dd3b372b41c0ef4713fefabd822ddc8617
gallery,Kim_Dae-jung,multi_image_gallery/Kim_Dae-jung/Kim_Dae-jung_0007.jpg,Kim_Dae-jung_0007.jpg,250,250,JPEG,RGB,7736,bd0b7acb88ed185c4842d734e8d2877d1494d9b4d29597652e42e9c8e18f5a46
gallery,Kim_Jin-sun,multi_image_gallery/Kim_Jin-sun/Kim_Jin-sun_0001.jpg,Kim_Jin-sun_0001.jpg,250,250,JPEG,RGB,9898,99f3ff0e6d77ca3ee15dc80a5ecc2f89b13b4564d0e0893d142731dcf36560c4
gallery,Kim_Jong-Il,multi_image_gallery/Kim_Jong-Il/Kim_Jong-Il_0001.jpg,Kim_Jong-Il_0001.jpg,250,250,JPEG,RGB,9983,43b776ec5f1eb69de6c2d83fc45ba283365e72d34a8f9466a32ff9090b8211ab
gallery,Kim_Jong-Il,multi_image_gallery/Kim_Jong-Il/Kim_Jong-Il_0002.jpg,Kim_Jong-Il_0002.jpg,250,250,JPEG,RGB,9711,7316300bf580f9a033426c693ef595157080cde0b8da756ef13e47918f6bcade
gallery,Kim_Jong-Il,multi_image_gallery/Kim_Jong-Il/Kim_Jong-Il_0003.jpg,Kim_Jong-Il_0003.jpg,250,250,JPEG,RGB,8646,2d1c9abe7267828dba10c693ee1d6a3b380a77fd17cb778ae32750613dd0ea19
gallery,Kim_Ryong-sung,multi_image_gallery/Kim_Ryong-sung/Kim_Ryong-sung_0001.jpg,Kim_Ryong-sung_0001.jpg,250,250,JPEG,RGB,11520,6f819cf851bde63c6ffdd802eebb4ff45e0da1d0a87da84c568f9766f65cbc00
gallery,Kim_Ryong-sung,multi_image_gallery/Kim_Ryong-sung/Kim_Ryong-sung_0002.jpg,Kim_Ryong-sung_0002.jpg,250,250,JPEG,RGB,8523,c930ed71619a649f9e9f5ea92b72ace93b3cfd9a7f14468b947836c02450c777
gallery,Kim_Ryong-sung,multi_image_gallery/Kim_Ryong-sung/Kim_Ryong-sung_0003.jpg,Kim_Ryong-sung_0003.jpg,250,250,JPEG,RGB,8677,0dd6f8772b966024e0d6598df51161eba4feb90252b706138de91db74d253bf6
gallery,Kim_Ryong-sung,multi_image_gallery/Kim_Ryong-sung/Kim_Ryong-sung_0004.jpg,Kim_Ryong-sung_0004.jpg,250,250,JPEG,RGB,9176,f167787d52ccdf25b1b983ce344f6a99d326e5706e82da16d5a05948fc85dd67
gallery,Kim_Ryong-sung,multi_image_gallery/Kim_Ryong-sung/Kim_Ryong-sung_0005.jpg,Kim_Ryong-sung_0005.jpg,250,250,JPEG,RGB,8911,2034000433020dcbb04653c21b018eee8535053b3196a9083f43dc16765ffa4e
gallery,Kim_Ryong-sung,multi_image_gallery/Kim_Ryong-sung/Kim_Ryong-sung_0006.jpg,Kim_Ryong-sung_0006.jpg,250,250,JPEG,RGB,8353,f59ae02b8f22206eaa414ed15065a01db291d6471e36c776de0aaf317479fe60
gallery,Kim_Ryong-sung,multi_image_gallery/Kim_Ryong-sung/Kim_Ryong-sung_0007.jpg,Kim_Ryong-sung_0007.jpg,250,250,JPEG,RGB,8870,85fb89d15941e8e6f658398af0e1ff31f6839374f87457b5896dac6d8e194bdb
gallery,Kim_Ryong-sung,multi_image_gallery/Kim_Ryong-sung/Kim_Ryong-sung_0008.jpg,Kim_Ryong-sung_0008.jpg,250,250,JPEG,RGB,8315,6dc0dd2bfb163de26b0b9704bba5ea838f9a1df0f1d74166500b688c87f5538e
gallery,Kim_Ryong-sung,multi_image_gallery/Kim_Ryong-sung/Kim_Ryong-sung_0009.jpg,Kim_Ryong-sung_0009.jpg,250,250,JPEG,RGB,7079,a4eb0cd18e73fd3aab8a47ded5328134df6a3aae9960f3ba1e7ac3497dfd5028
gallery,Kim_Ryong-sung,multi_image_gallery/Kim_Ryong-sung/Kim_Ryong-sung_0010.jpg,Kim_Ryong-sung_0010.jpg,250,250,JPEG,RGB,9574,7e5b296d2789cce34642fd6f56643b16a9705e3cb50c42fd130830df75cd79e6
gallery,Kirk_Ferentz,multi_image_gallery/Kirk_Ferentz/Kirk_Ferentz_0001.jpg,Kirk_Ferentz_0001.jpg,250,250,JPEG,RGB,7550,eb5175b13da0557d2199ef9159e6fbefba361e8e70ca3ad9630651b19b99eea6
gallery,Kirk_Johnson,multi_image_gallery/Kirk_Johnson/Kirk_Johnson_0001.jpg,Kirk_Johnson_0001.jpg,250,250,JPEG,RGB,7856,eabd2b25386b3d3c48c59fd8621257ca78f43438375542f08e1a57641920a494
gallery,Kirk_Johnson,multi_image_gallery/Kirk_Johnson/Kirk_Johnson_0002.jpg,Kirk_Johnson_0002.jpg,250,250,JPEG,RGB,9513,74f64ce7017d6699435fdd7d06e0d220587b89871492a82847e55ba8c1444f22
gallery,Klaus_Zwickel,multi_image_gallery/Klaus_Zwickel/Klaus_Zwickel_0001.jpg,Klaus_Zwickel_0001.jpg,250,250,JPEG,RGB,9359,5de9186e9555576fa6a0728b5b45d3464cb16a13747f8f73d2d436f9d7f223bc
gallery,Kosuke_Kitajima,multi_image_gallery/Kosuke_Kitajima/Kosuke_Kitajima_0001.jpg,Kosuke_Kitajima_0001.jpg,250,250,JPEG,RGB,8534,6b249c61f1ae569d8fc8b6cf0aa300e9f626dcd4dcda3322118605b6a622b7c1
gallery,Kristanna_Loken,multi_image_gallery/Kristanna_Loken/Kristanna_Loken_0001.jpg,Kristanna_Loken_0001.jpg,250,250,JPEG,RGB,8232,7ca0a6e7e2653a41b9460720b15dd3a691e9e6c87415784ba2fd9bb051386897
gallery,Kristanna_Loken,multi_image_gallery/Kristanna_Loken/Kristanna_Loken_0002.jpg,Kristanna_Loken_0002.jpg,250,250,JPEG,RGB,8330,c47950ee49541822ecee9898249e2baa84ac546fc15a30edf42f0d30456fe717
gallery,Kristanna_Loken,multi_image_gallery/Kristanna_Loken/Kristanna_Loken_0003.jpg,Kristanna_Loken_0003.jpg,250,250,JPEG,RGB,8440,6d1fb623ec7fa6fa85922316dbeb5390a052e598947ea017d83d8edbcb336e09
gallery,Kristanna_Loken,multi_image_gallery/Kristanna_Loken/Kristanna_Loken_0004.jpg,Kristanna_Loken_0004.jpg,250,250,JPEG,RGB,7120,d8808e5f7de7830cbce297129a3b3e81ce297dd09c79f78c914e95fb80192f3e
gallery,Kristin_Davis,multi_image_gallery/Kristin_Davis/Kristin_Davis_0001.jpg,Kristin_Davis_0001.jpg,250,250,JPEG,RGB,11063,08d6d8ee14ed2c2475113fbed1e93335dd8086b448e303e3c08c742ff9bfd74e
gallery,Kristin_Davis,multi_image_gallery/Kristin_Davis/Kristin_Davis_0002.jpg,Kristin_Davis_0002.jpg,250,250,JPEG,RGB,7259,e4bb07537a82012f9110cc6b2a2953a93cb2a7933c9889242cad27b9afbc62df
gallery,Kurt_Busch,multi_image_gallery/Kurt_Busch/Kurt_Busch_0001.jpg,Kurt_Busch_0001.jpg,250,250,JPEG,RGB,10706,78ca3fac11e25526107706571302e5c2ae42ca6269f5520858fe7b610d6eb752
gallery,Kurt_Russell,multi_image_gallery/Kurt_Russell/Kurt_Russell_0001.jpg,Kurt_Russell_0001.jpg,250,250,JPEG,RGB,8630,0f5a8c74b073e163c753fab0aa818b20f718385ae758d536767bb750b5fa2a60
gallery,Kwon_Yang-sook,multi_image_gallery/Kwon_Yang-sook/Kwon_Yang-sook_0001.jpg,Kwon_Yang-sook_0001.jpg,250,250,JPEG,RGB,8435,8ed9b42e953a904f744ced85e6e75de8c64afc420476f48ac2bbe6f85e287d2d
gallery,Kwon_Yang-sook,multi_image_gallery/Kwon_Yang-sook/Kwon_Yang-sook_0002.jpg,Kwon_Yang-sook_0002.jpg,250,250,JPEG,RGB,8761,ef33e5de538074dbe848ba6b5922cfcb2bc392a106cc6138dc6a261198fd94b4
gallery,Laila_Ali,multi_image_gallery/Laila_Ali/Laila_Ali_0001.jpg,Laila_Ali_0001.jpg,250,250,JPEG,RGB,10087,16e3b51fd2b6e1ba6438c7eb5ef707261bb12fc68b7b43eae7af7d05f2236518
gallery,Laila_Ali,multi_image_gallery/Laila_Ali/Laila_Ali_0002.jpg,Laila_Ali_0002.jpg,250,250,JPEG,RGB,10057,f8f959c3d1a4b6f525a16c69a4ddbbd3ba5d85dd9eafe9326a31389b7f1feb68
gallery,Lana_Clarkson,multi_image_gallery/Lana_Clarkson/Lana_Clarkson_0001.jpg,Lana_Clarkson_0001.jpg,250,250,JPEG,RGB,11176,140cc466cf5ecd3f43c9f233c634cf776231304279caa269fb66d0d2173d21f9
gallery,Larry_Bowa,multi_image_gallery/Larry_Bowa/Larry_Bowa_0001.jpg,Larry_Bowa_0001.jpg,250,250,JPEG,RGB,7250,e25255fd683a3bac68ac30d43fa27bf4f4d0ee62f817d69ab8636c5b1c586a01
gallery,Larry_Brown,multi_image_gallery/Larry_Brown/Larry_Brown_0001.jpg,Larry_Brown_0001.jpg,250,250,JPEG,RGB,8801,ebe5f0a12b9f4e43460b5a921c8f6c29513906ae21e5f9355adba6f4862f2374
gallery,Larry_Brown,multi_image_gallery/Larry_Brown/Larry_Brown_0002.jpg,Larry_Brown_0002.jpg,250,250,JPEG,RGB,7448,660f34ce43d9a7b2ca0fbe353513dea34a354831d63db788c446f45af957a37c
gallery,Larry_Brown,multi_image_gallery/Larry_Brown/Larry_Brown_0003.jpg,Larry_Brown_0003.jpg,250,250,JPEG,RGB,8901,9b7bd6b7727915bef919675f36e10352eaed7706ef84f3fd53ff0e88a300424a
gallery,Larry_Brown,multi_image_gallery/Larry_Brown/Larry_Brown_0004.jpg,Larry_Brown_0004.jpg,250,250,JPEG,RGB,8964,140fc34678e4d86dac309c0ef049c31ccdd20a1dd21889f24d92fddad754832d
gallery,Larry_Brown,multi_image_gallery/Larry_Brown/Larry_Brown_0005.jpg,Larry_Brown_0005.jpg,250,250,JPEG,RGB,8435,a0ca4656d881724c8dd570680c601de48d2203cb6aa66508d458b04e081aea2a
gallery,Larry_Brown,multi_image_gallery/Larry_Brown/Larry_Brown_0006.jpg,Larry_Brown_0006.jpg,250,250,JPEG,RGB,8282,3f78540e0a2cb7b70825ba13af99f4617387c4fafa13bc5473e6176ba43e65de
gallery,Larry_Coker,multi_image_gallery/Larry_Coker/Larry_Coker_0001.jpg,Larry_Coker_0001.jpg,250,250,JPEG,RGB,7341,c358fd56b1073b8ac275e89449a75866702ffee2538ebe89dfa03a7c2d08ed1c
gallery,Larry_Coker,multi_image_gallery/Larry_Coker/Larry_Coker_0002.jpg,Larry_Coker_0002.jpg,250,250,JPEG,RGB,8712,08b9971481ab976f53f3515b6ba8bf167b8e99de77e7dff65b58ec4ebd7e2cbb
gallery,Larry_Coker,multi_image_gallery/Larry_Coker/Larry_Coker_0003.jpg,Larry_Coker_0003.jpg,250,250,JPEG,RGB,7023,2a6c70d4a703b376c52a30a2bb0ab60af4371cb1571906757aae5c3478bdfb8f
gallery,Larry_Ellison,multi_image_gallery/Larry_Ellison/Larry_Ellison_0001.jpg,Larry_Ellison_0001.jpg,250,250,JPEG,RGB,9203,6320ea348d8f44f657ef0a721ed4d43d6459dcdd8e456f9ae62d3d83720ec96b
gallery,Larry_Ellison,multi_image_gallery/Larry_Ellison/Larry_Ellison_0002.jpg,Larry_Ellison_0002.jpg,250,250,JPEG,RGB,8389,f87b43be73f705b096b8204ecf5fc49cb6b9edaa6520c9243ddc66d3b40fbe5b
gallery,Larry_Johnson,multi_image_gallery/Larry_Johnson/Larry_Johnson_0001.jpg,Larry_Johnson_0001.jpg,250,250,JPEG,RGB,8692,cf64764740d997210f63ad28fb8ef6a3098bf95336a88459517a9e51a9b32e8c
gallery,Larry_Lindsey,multi_image_gallery/Larry_Lindsey/Larry_Lindsey_0001.jpg,Larry_Lindsey_0001.jpg,250,250,JPEG,RGB,10827,fe571a0d318512bf479d274e3d3723a07e61dab439fde32e62083fa73557799f
gallery,Larry_Lucchino,multi_image_gallery/Larry_Lucchino/Larry_Lucchino_0001.jpg,Larry_Lucchino_0001.jpg,250,250,JPEG,RGB,9791,655b2d73f9787d3f5cd559edaff9b0c704e0021fb2cd9e0223b49e0717dd3bed
gallery,Latrell_Sprewell,multi_image_gallery/Latrell_Sprewell/Latrell_Sprewell_0001.jpg,Latrell_Sprewell_0001.jpg,250,250,JPEG,RGB,9735,bfe845176fef146b8cdee332f1306b0485da36a5d9bef79c893177172b85ea1e
gallery,Laura_Hernandez,multi_image_gallery/Laura_Hernandez/Laura_Hernandez_0001.jpg,Laura_Hernandez_0001.jpg,250,250,JPEG,RGB,8029,e9861a717bd1e96572d24d603f7a6d9d583fea59ab5a01664b186d183aee6160
gallery,Lauren_Hutton,multi_image_gallery/Lauren_Hutton/Lauren_Hutton_0001.jpg,Lauren_Hutton_0001.jpg,250,250,JPEG,RGB,9257,e06c4681119235f98c65415db079a8df4533ac1cdba488485002776ddfd59da8
gallery,Lauren_Killian,multi_image_gallery/Lauren_Killian/Lauren_Killian_0001.jpg,Lauren_Killian_0001.jpg,250,250,JPEG,RGB,9324,9b17b47d94b429789a481777b1fbe537440230ad3d88c99b7ece8d5d0befe948
gallery,Laurent_Gbagbo,multi_image_gallery/Laurent_Gbagbo/Laurent_Gbagbo_0001.jpg,Laurent_Gbagbo_0001.jpg,250,250,JPEG,RGB,7886,ffa92547866fe650bea0388867a61bcbea64f158bac64e07fb57d28e8fcc080c
gallery,Laurent_Jalabert,multi_image_gallery/Laurent_Jalabert/Laurent_Jalabert_0001.jpg,Laurent_Jalabert_0001.jpg,250,250,JPEG,RGB,15139,d18825e9f46daf27c46910e2f3fe5daf79ffdab778bfb12fe7b4d551fb38f866
gallery,Lawrence_MacAulay,multi_image_gallery/Lawrence_MacAulay/Lawrence_MacAulay_0001.jpg,Lawrence_MacAulay_0001.jpg,250,250,JPEG,RGB,8867,e56e1e3bf7bbdbd07bd6bd394dee9fb28d70c3855c2e5307d843cd716d4d4c11
gallery,LeAnn_Rimes,multi_image_gallery/LeAnn_Rimes/LeAnn_Rimes_0001.jpg,LeAnn_Rimes_0001.jpg,250,250,JPEG,RGB,10160,6deeec8bdf2e97aaffc58932597add933377cad5104afcc1836789b5e19a65ec
gallery,LeBron_James,multi_image_gallery/LeBron_James/LeBron_James_0001.jpg,LeBron_James_0001.jpg,250,250,JPEG,RGB,6884,9acf674abe44ebf3a83d7ae084154679e342025ea0b0433e0c5bc37960e182a1
gallery,LeBron_James,multi_image_gallery/LeBron_James/LeBron_James_0002.jpg,LeBron_James_0002.jpg,250,250,JPEG,RGB,8041,99aebf5092e1d24855b6016f970c1cbc00d47b24490f895cc9b745acd8764b08
gallery,LeBron_James,multi_image_gallery/LeBron_James/LeBron_James_0003.jpg,LeBron_James_0003.jpg,250,250,JPEG,RGB,7421,a77d050a49979f176838858c8b4a4ab5f83a6eeba65847e264500a93e40a9438
gallery,LeBron_James,multi_image_gallery/LeBron_James/LeBron_James_0004.jpg,LeBron_James_0004.jpg,250,250,JPEG,RGB,9279,ddc0904eba048d4624f93637647485c128b697854f6df2ac7844caa22972d701
gallery,Lea_Fastow,multi_image_gallery/Lea_Fastow/Lea_Fastow_0001.jpg,Lea_Fastow_0001.jpg,250,250,JPEG,RGB,9616,e5c646ddc24d7bbdcb5902ec11a44f4880ad5dbac4f69bd36ac87eac7002af73
gallery,Leander_Paes,multi_image_gallery/Leander_Paes/Leander_Paes_0001.jpg,Leander_Paes_0001.jpg,250,250,JPEG,RGB,9252,e34798645abddd616eda3094e046fd3b0af7c5abdaeb84c0b9549891398b9514
gallery,Lech_Walesa,multi_image_gallery/Lech_Walesa/Lech_Walesa_0001.jpg,Lech_Walesa_0001.jpg,250,250,JPEG,RGB,8358,a821a3f7e9086a74495c335247f403db8f0978fedc3869b5e8ff9421afbb97d4
gallery,Lee_Hoi-chang,multi_image_gallery/Lee_Hoi-chang/Lee_Hoi-chang_0001.jpg,Lee_Hoi-chang_0001.jpg,250,250,JPEG,RGB,7063,17286e96ee2bad9c7c7b81407fd49856b3b37dccf125498d80119b88abc3314b
gallery,Lee_Hoi-chang,multi_image_gallery/Lee_Hoi-chang/Lee_Hoi-chang_0002.jpg,Lee_Hoi-chang_0002.jpg,250,250,JPEG,RGB,9665,7c9e16f6daafb771da4005b760c400e1ec704309e92e57fc993dc9ee3b24a2c6
gallery,Lee_Hoi-chang,multi_image_gallery/Lee_Hoi-chang/Lee_Hoi-chang_0003.jpg,Lee_Hoi-chang_0003.jpg,250,250,JPEG,RGB,7456,9c920025a7166be45c0e777a5732e09fa9dee9e8c64720c483b13906e471df53
gallery,Lee_Jun,multi_image_gallery/Lee_Jun/Lee_Jun_0001.jpg,Lee_Jun_0001.jpg,250,250,JPEG,RGB,9589,72819113569cb49fee13a397442254493953b9ff1c59240083235d7817327f2d
gallery,Lee_Tae-sik,multi_image_gallery/Lee_Tae-sik/Lee_Tae-sik_0001.jpg,Lee_Tae-sik_0001.jpg,250,250,JPEG,RGB,7769,31d113948dd551ae382b445036534e2eb886f5a6e137c4ac6118c2fc418b2118
gallery,Leland_Chapman,multi_image_gallery/Leland_Chapman/Leland_Chapman_0001.jpg,Leland_Chapman_0001.jpg,250,250,JPEG,RGB,7104,df20a1290a70b988aebd242b15ecdbdbe5030025fa4bfe75101be77ce8e4f912
gallery,Len_Jenoff,multi_image_gallery/Len_Jenoff/Len_Jenoff_0001.jpg,Len_Jenoff_0001.jpg,250,250,JPEG,RGB,8936,94f1f19c908b134db039ad36c7b3e63a65fce74f07d9196e20409f10223534b4
gallery,Leon_LaPorte,multi_image_gallery/Leon_LaPorte/Leon_LaPorte_0001.jpg,Leon_LaPorte_0001.jpg,250,250,JPEG,RGB,10166,916e5f1cd54e9423e8870473a0609b55c004dfd7b80bf6f79b59db2ba538e72c
gallery,Leonard_Hamilton,multi_image_gallery/Leonard_Hamilton/Leonard_Hamilton_0001.jpg,Leonard_Hamilton_0001.jpg,250,250,JPEG,RGB,8972,d178ff990b78f7d82671fdebdcccf6a77aaafee4ce7c7ed00eca6a9d2712456e
gallery,Leslie_Ann_Woodward,multi_image_gallery/Leslie_Ann_Woodward/Leslie_Ann_Woodward_0001.jpg,Leslie_Ann_Woodward_0001.jpg,250,250,JPEG,RGB,10215,6b3d40754a082edcbf8fda3b60d5cec44b6bab922dad76c24b7e4a9f96808916
gallery,Leslie_Moonves,multi_image_gallery/Leslie_Moonves/Leslie_Moonves_0001.jpg,Leslie_Moonves_0001.jpg,250,250,JPEG,RGB,8962,bed6aefe66659fe8fd231cf10821421957410fc51898500b48ab969c66d6ef7a
gallery,Leszek_Miller,multi_image_gallery/Leszek_Miller/Leszek_Miller_0001.jpg,Leszek_Miller_0001.jpg,250,250,JPEG,RGB,7277,6b4daa5a0b90302b7179d8f4b507b1218ca92694f037a930dfefee7ac4ad1b6a
gallery,Leszek_Miller,multi_image_gallery/Leszek_Miller/Leszek_Miller_0002.jpg,Leszek_Miller_0002.jpg,250,250,JPEG,RGB,8880,9b26dfaa11ff2082848ee8ccc8e8fa0370be1753418ca490ebd54197b6f5e0ca
gallery,Li_Peng,multi_image_gallery/Li_Peng/Li_Peng_0001.jpg,Li_Peng_0001.jpg,250,250,JPEG,RGB,9176,bfc1b89493736cb87758738610d1fe4a4f5515c443e5ebeb61f9d885aef6c6a2
gallery,Li_Peng,multi_image_gallery/Li_Peng/Li_Peng_0002.jpg,Li_Peng_0002.jpg,250,250,JPEG,RGB,10558,5ab9b69bcd699736d2e356d36bb7f19b08cd7f484fa75c598a13457a3952bb14
gallery,Li_Peng,multi_image_gallery/Li_Peng/Li_Peng_0003.jpg,Li_Peng_0003.jpg,250,250,JPEG,RGB,9010,cfc473ef5ef162f16778ed297f135cae3baef47f77685850fe52eb20e559043a
gallery,Li_Peng,multi_image_gallery/Li_Peng/Li_Peng_0004.jpg,Li_Peng_0004.jpg,250,250,JPEG,RGB,11162,13a161f2bd7d8c630ced6ef13426b6c7a4d6ad213432af10e932848e76d844fc
gallery,Li_Peng,multi_image_gallery/Li_Peng/Li_Peng_0005.jpg,Li_Peng_0005.jpg,250,250,JPEG,RGB,8219,fc5d7015c450fdc6f3c88e843aebce3bff552d126eb25a46ddd254594e90a51f
gallery,Li_Peng,multi_image_gallery/Li_Peng/Li_Peng_0006.jpg,Li_Peng_0006.jpg,250,250,JPEG,RGB,9600,2c4c671dfe2840c0056a465cbb2ebf1841f2c8b4e536a2abbe3c7edec6903c61
gallery,Li_Peng,multi_image_gallery/Li_Peng/Li_Peng_0007.jpg,Li_Peng_0007.jpg,250,250,JPEG,RGB,8388,f5b2d477817c3f32af71a8c970cc6429c78c6b3b17c1b08d00fed770a2b19f5c
gallery,Li_Peng,multi_image_gallery/Li_Peng/Li_Peng_0008.jpg,Li_Peng_0008.jpg,250,250,JPEG,RGB,7796,af11f139edf8c72e300dd217aa07a7c04cdf90e6f238e912c0fe922dd15c44ea
gallery,Lili_Taylor,multi_image_gallery/Lili_Taylor/Lili_Taylor_0001.jpg,Lili_Taylor_0001.jpg,250,250,JPEG,RGB,8003,5707789842b74098e30e566ec64d5f28d466fda302a72a64d62bd119d137a85c
gallery,Lily_Tomlin,multi_image_gallery/Lily_Tomlin/Lily_Tomlin_0001.jpg,Lily_Tomlin_0001.jpg,250,250,JPEG,RGB,9379,08867c0be9e0ff452958f927d8a651f2ea2bb81f1549557091df39071991b1dd
gallery,Lim_Dong-won,multi_image_gallery/Lim_Dong-won/Lim_Dong-won_0001.jpg,Lim_Dong-won_0001.jpg,250,250,JPEG,RGB,6392,9d04c4b17ee69b9a26f8a6aadae6f6cd3c56f32d365a5d704f73cbe995e8ecab
gallery,Lina_Krasnoroutskaya,multi_image_gallery/Lina_Krasnoroutskaya/Lina_Krasnoroutskaya_0001.jpg,Lina_Krasnoroutskaya_0001.jpg,250,250,JPEG,RGB,9697,81a927e0a3371ad41a711c0ccb06ad4fa9731f7f5a5149a16394e96e8af7a538
gallery,Lindsay_Benko,multi_image_gallery/Lindsay_Benko/Lindsay_Benko_0001.jpg,Lindsay_Benko_0001.jpg,250,250,JPEG,RGB,9575,bc88a92c5eb6fcf8f9b631eb905e91fd5c1dd9f759d9600f12249b1b73df5433
gallery,Lindsay_Davenport,multi_image_gallery/Lindsay_Davenport/Lindsay_Davenport_0001.jpg,Lindsay_Davenport_0001.jpg,250,250,JPEG,RGB,9507,a9524881d2bda35c2c4093b994df21d37b4c94b7592035941fdba3545be4389e
gallery,Lindsay_Davenport,multi_image_gallery/Lindsay_Davenport/Lindsay_Davenport_0002.jpg,Lindsay_Davenport_0002.jpg,250,250,JPEG,RGB,7038,745f07ab14f1c58a9fa9149232299b9295abe7557a2893987b1702a9e23d99b1
gallery,Lindsay_Davenport,multi_image_gallery/Lindsay_Davenport/Lindsay_Davenport_0003.jpg,Lindsay_Davenport_0003.jpg,250,250,JPEG,RGB,8107,b10107287d8d6366a54e576e67f14bcbe8ab4d7498b04f9e382b80217149fe8f
gallery,Lindsay_Davenport,multi_image_gallery/Lindsay_Davenport/Lindsay_Davenport_0004.jpg,Lindsay_Davenport_0004.jpg,250,250,JPEG,RGB,11175,f08a8fae2a2fea1b8a956817e01c9d47722f11b7a0db994546f192be29851756
gallery,Lindsay_Davenport,multi_image_gallery/Lindsay_Davenport/Lindsay_Davenport_0005.jpg,Lindsay_Davenport_0005.jpg,250,250,JPEG,RGB,9677,f6f008e31ba5ce2e36351fd5cb62b2143f79cb8a079854caafc88420254da906
gallery,Lindsay_Davenport,multi_image_gallery/Lindsay_Davenport/Lindsay_Davenport_0006.jpg,Lindsay_Davenport_0006.jpg,250,250,JPEG,RGB,7147,eb6dc19b7a1577d8ee3aa8f9359809211f27bb7564b7907604859f9466ff78d2
gallery,Lindsay_Davenport,multi_image_gallery/Lindsay_Davenport/Lindsay_Davenport_0007.jpg,Lindsay_Davenport_0007.jpg,250,250,JPEG,RGB,8898,0f7d8c3cee4a9d26e99fe8c1ab91838f030dfdaa59d253ac19bf52faec425bdc
gallery,Lindsay_Davenport,multi_image_gallery/Lindsay_Davenport/Lindsay_Davenport_0008.jpg,Lindsay_Davenport_0008.jpg,250,250,JPEG,RGB,7705,e5274c643228ddf4c5c596a9dbd44723ceb77a38fcbe14083afc74b8a6d9d0eb
gallery,Lindsay_Davenport,multi_image_gallery/Lindsay_Davenport/Lindsay_Davenport_0009.jpg,Lindsay_Davenport_0009.jpg,250,250,JPEG,RGB,8488,fd1e79105998e34381005e511d51c8a706313e7689dd3b655541d9bf1c3dd472
gallery,Lindsay_Davenport,multi_image_gallery/Lindsay_Davenport/Lindsay_Davenport_0010.jpg,Lindsay_Davenport_0010.jpg,250,250,JPEG,RGB,8208,1b5e8b32af53ede9b3646c8487b3d0b8e8b219cc4bbc714650a68ddf8ca7ce0a
gallery,Lindsey_Graham,multi_image_gallery/Lindsey_Graham/Lindsey_Graham_0001.jpg,Lindsey_Graham_0001.jpg,250,250,JPEG,RGB,7051,87b5b18467f3c7bd0a587d69eb65bf7de3b64a47e27efbe60714d583c7419a17
gallery,Lino_Oviedo,multi_image_gallery/Lino_Oviedo/Lino_Oviedo_0001.jpg,Lino_Oviedo_0001.jpg,250,250,JPEG,RGB,11236,df243e9a9cbe478f770888bd843821dffd7303fae76932e01d3ba07a1fe3efe1
gallery,Lino_Oviedo,multi_image_gallery/Lino_Oviedo/Lino_Oviedo_0002.jpg,Lino_Oviedo_0002.jpg,250,250,JPEG,RGB,10909,8bacc4be85110ecf9882080ce96486c5f930776109610b021ceac5fa4f04090a
gallery,Lionel_Richie,multi_image_gallery/Lionel_Richie/Lionel_Richie_0001.jpg,Lionel_Richie_0001.jpg,250,250,JPEG,RGB,9637,d403680aa1de2c48b4e37d40e2b70d0cdfb916d5da1ed8c9b843ed37e3f85c02
gallery,Lisa_Gottsegen,multi_image_gallery/Lisa_Gottsegen/Lisa_Gottsegen_0001.jpg,Lisa_Gottsegen_0001.jpg,250,250,JPEG,RGB,9235,356a2a61e31c7213118432d99d7a3974b7ddc28e7f4f10540210ce307f7223c0
gallery,Lisa_Ling,multi_image_gallery/Lisa_Ling/Lisa_Ling_0001.jpg,Lisa_Ling_0001.jpg,250,250,JPEG,RGB,9738,ac90a88f0a6bf3666b4424aaaeb7972b184c5e487271315d0b951349a54381b8
gallery,Lisa_Raymond,multi_image_gallery/Lisa_Raymond/Lisa_Raymond_0001.jpg,Lisa_Raymond_0001.jpg,250,250,JPEG,RGB,7313,ec41fa63483c2f3fd47a240500b638f660a0c7a5748a9fb0b955d594fba0fe77
gallery,Liu_Mingkang,multi_image_gallery/Liu_Mingkang/Liu_Mingkang_0001.jpg,Liu_Mingkang_0001.jpg,250,250,JPEG,RGB,10460,2bf794f37a8b7edfd9b07e60355cdf85aa496c671fc93be1ee242e1df2370727
gallery,Liza_Minnelli,multi_image_gallery/Liza_Minnelli/Liza_Minnelli_0001.jpg,Liza_Minnelli_0001.jpg,250,250,JPEG,RGB,9095,f97fa2cce4b23a20dfec4dc839a8c59b0a6a3a95815798081448dde06d180f5d
gallery,Liza_Minnelli,multi_image_gallery/Liza_Minnelli/Liza_Minnelli_0002.jpg,Liza_Minnelli_0002.jpg,250,250,JPEG,RGB,8154,9f775b74afd2c358629fd9bcafe93ec093b84a6c0ed65f49b338886596a99aa5
gallery,Liza_Minnelli,multi_image_gallery/Liza_Minnelli/Liza_Minnelli_0003.jpg,Liza_Minnelli_0003.jpg,250,250,JPEG,RGB,8175,3678f1381d30dd9a83220b8ed1bbdf1fd6232688674514bd366156b6a3a776da
gallery,Liza_Minnelli,multi_image_gallery/Liza_Minnelli/Liza_Minnelli_0004.jpg,Liza_Minnelli_0004.jpg,250,250,JPEG,RGB,8303,00e3d548ece8d6b0a27f7201ddc6e6c1b538981fea62549e2333310e12c5a0a4
gallery,Liza_Minnelli,multi_image_gallery/Liza_Minnelli/Liza_Minnelli_0005.jpg,Liza_Minnelli_0005.jpg,250,250,JPEG,RGB,7835,b666946ad3f5554eaba1aa22499d1ffd358dbf8f167f237f595c4bedb8565a9d
gallery,Liza_Minnelli,multi_image_gallery/Liza_Minnelli/Liza_Minnelli_0006.jpg,Liza_Minnelli_0006.jpg,250,250,JPEG,RGB,6336,494f4c863d61a493462d65f70d24cc5b12dd1bd4797b1ca9fb6bd9b38fc330e7
gallery,Lloyd_Ward,multi_image_gallery/Lloyd_Ward/Lloyd_Ward_0001.jpg,Lloyd_Ward_0001.jpg,250,250,JPEG,RGB,7972,8454cc2a91a3d4d602bed845ff79fcd9ce16e02c9ed153b546227b033a8fd711
gallery,Lon_Kruger,multi_image_gallery/Lon_Kruger/Lon_Kruger_0001.jpg,Lon_Kruger_0001.jpg,250,250,JPEG,RGB,9044,dbe96cc278045d8776ec8fc43298eb1c82a6c27de06870ebd8f3a1a399c07882
gallery,Lord_Hutton,multi_image_gallery/Lord_Hutton/Lord_Hutton_0001.jpg,Lord_Hutton_0001.jpg,250,250,JPEG,RGB,11324,4c3bc51446a1951aad32471b23f85bec14d3d6b5887dd866be1cf110d70c15c9
gallery,Lou_Piniella,multi_image_gallery/Lou_Piniella/Lou_Piniella_0001.jpg,Lou_Piniella_0001.jpg,250,250,JPEG,RGB,8486,2ad36a2f2d2ac1db97b80dfe64e2b3d1d789bd9df583c0d6dcd5ef7d9ac1fd13
gallery,Lou_Piniella,multi_image_gallery/Lou_Piniella/Lou_Piniella_0002.jpg,Lou_Piniella_0002.jpg,250,250,JPEG,RGB,7836,29ae81ae8e1ec2d5b79ca90f91e47aa3072cbbb8d564278f0bbf5c2913d91962
gallery,Luciano_Pavarotti,multi_image_gallery/Luciano_Pavarotti/Luciano_Pavarotti_0001.jpg,Luciano_Pavarotti_0001.jpg,250,250,JPEG,RGB,7435,7fd05e973d6cda1c95d32b054365ec11a72d4aba13624712ac367e73b43656ca
gallery,Luciano_Pavarotti,multi_image_gallery/Luciano_Pavarotti/Luciano_Pavarotti_0002.jpg,Luciano_Pavarotti_0002.jpg,250,250,JPEG,RGB,9244,aa6655fb3655f544e45198f5aadb2151df08040b6b5305103095b375e4115352
gallery,Luis_Figo,multi_image_gallery/Luis_Figo/Luis_Figo_0001.jpg,Luis_Figo_0001.jpg,250,250,JPEG,RGB,7884,6fe146528e7f19a801ff06d25edd5d8b2f7092f024ad6f9c38a56fad6011f6cb
gallery,Luis_Figo,multi_image_gallery/Luis_Figo/Luis_Figo_0002.jpg,Luis_Figo_0002.jpg,250,250,JPEG,RGB,10903,8f6a2d82590bf512f8303e858fe6757adfe7b49031cfcfbbe40b636d0eefe50c
gallery,Luis_Figo,multi_image_gallery/Luis_Figo/Luis_Figo_0003.jpg,Luis_Figo_0003.jpg,250,250,JPEG,RGB,8152,00f6599498ea45f0d5760cc6db1c40397f1c83a865545375b0bf29f90662b0c8
gallery,Luis_Gonzalez_Macchi,multi_image_gallery/Luis_Gonzalez_Macchi/Luis_Gonzalez_Macchi_0001.jpg,Luis_Gonzalez_Macchi_0001.jpg,250,250,JPEG,RGB,7069,daceb62e63ae3d8ab92505f5a8d42edc82ae4e08206837ddf5c1424f824e2640
gallery,Luis_Gonzalez_Macchi,multi_image_gallery/Luis_Gonzalez_Macchi/Luis_Gonzalez_Macchi_0002.jpg,Luis_Gonzalez_Macchi_0002.jpg,250,250,JPEG,RGB,8038,fef407f3b953ef229af6dcb07d285be9787706d3634642ae495e4b5ac372d261
gallery,Luis_Gonzalez_Macchi,multi_image_gallery/Luis_Gonzalez_Macchi/Luis_Gonzalez_Macchi_0003.jpg,Luis_Gonzalez_Macchi_0003.jpg,250,250,JPEG,RGB,7536,f6be5c506dd21bc4840db8136fe4872bbbee8a23d53e010bf88c7fd265708ee7
gallery,Luis_Gonzalez_Macchi,multi_image_gallery/Luis_Gonzalez_Macchi/Luis_Gonzalez_Macchi_0004.jpg,Luis_Gonzalez_Macchi_0004.jpg,250,250,JPEG,RGB,9071,cf283957e91418f4433dc4937eefca26a04dbcea5935a6e62e0e2804cebc2e0d
gallery,Luis_Horna,multi_image_gallery/Luis_Horna/Luis_Horna_0001.jpg,Luis_Horna_0001.jpg,250,250,JPEG,RGB,8016,9feb58d8134210093a1ec00892f73728b78d6695bb327b7128ef8245fa689788
gallery,Luis_Horna,multi_image_gallery/Luis_Horna/Luis_Horna_0002.jpg,Luis_Horna_0002.jpg,250,250,JPEG,RGB,8650,966648f4847adcef00fb54b0ea9ec4df010f96dc413454ddabac6a5c1c1cf185
gallery,Luis_Horna,multi_image_gallery/Luis_Horna/Luis_Horna_0003.jpg,Luis_Horna_0003.jpg,250,250,JPEG,RGB,7754,097e074e23cf9fec57b3b2995208a4d44bddd12c266ea8e648844b6329615a4f
gallery,Luis_Horna,multi_image_gallery/Luis_Horna/Luis_Horna_0004.jpg,Luis_Horna_0004.jpg,250,250,JPEG,RGB,8146,2102dbaab75c5541a9b6209db92b5de91918c703116372622b6b3d165e06c15d
gallery,Luis_Horna,multi_image_gallery/Luis_Horna/Luis_Horna_0005.jpg,Luis_Horna_0005.jpg,250,250,JPEG,RGB,7447,6386a49b7f5681450b9a415a148e5faa332d6571129c7940005c9eaa5eb823fa
gallery,Luiz_Felipe_Scolari,multi_image_gallery/Luiz_Felipe_Scolari/Luiz_Felipe_Scolari_0001.jpg,Luiz_Felipe_Scolari_0001.jpg,250,250,JPEG,RGB,10201,e4263c8f46be7d4904f4f5a61b091843213b24ab6dd3c35b8f4fd300ab4e5c4c
gallery,Luke_Walton,multi_image_gallery/Luke_Walton/Luke_Walton_0001.jpg,Luke_Walton_0001.jpg,250,250,JPEG,RGB,8995,0d018a8b17f241b0e1e2a8cd0e23b117ac993edfdca8162af86c4b3f13e3857a
gallery,Lyle_Vanclief,multi_image_gallery/Lyle_Vanclief/Lyle_Vanclief_0001.jpg,Lyle_Vanclief_0001.jpg,250,250,JPEG,RGB,7732,7db8c1d79ecc63b5df3db43d2785a544d547b7962a2a2ff851bc8ea5410985c6
gallery,Lynn_Abraham,multi_image_gallery/Lynn_Abraham/Lynn_Abraham_0001.jpg,Lynn_Abraham_0001.jpg,250,250,JPEG,RGB,10427,6c11cfa5741ce9a61367cf74a63ee51c57bdaca50d012cd048d00aad72a4dfa4
gallery,Lynne_Cheney,multi_image_gallery/Lynne_Cheney/Lynne_Cheney_0001.jpg,Lynne_Cheney_0001.jpg,250,250,JPEG,RGB,8786,dfb83c3d30c80b5cb02ae21f69be94035d7cb0380f491a52f69987cbdfeb3784
gallery,Lynne_Cheney,multi_image_gallery/Lynne_Cheney/Lynne_Cheney_0002.jpg,Lynne_Cheney_0002.jpg,250,250,JPEG,RGB,8380,a99a094deba608244f2758f56aba5738f4fc217d6c4867fe0125674dd51d8828
gallery,Mack_Brown,multi_image_gallery/Mack_Brown/Mack_Brown_0001.jpg,Mack_Brown_0001.jpg,250,250,JPEG,RGB,10701,d1b47d31bf66a7e07a749c8123842619f0950224f8d54ab0c60d61f4bc5f5b0c
gallery,Madonna,multi_image_gallery/Madonna/Madonna_0001.jpg,Madonna_0001.jpg,250,250,JPEG,RGB,5861,590fedb633575152e36c7fe128b548e50a4bbc29ed3b8637806cbf97ac6dffe7
gallery,Madonna,multi_image_gallery/Madonna/Madonna_0002.jpg,Madonna_0002.jpg,250,250,JPEG,RGB,7842,3e7ea4f5466d402a335486987a0230ab1a12f2883ccb77092711da02f076302f
gallery,Madonna,multi_image_gallery/Madonna/Madonna_0003.jpg,Madonna_0003.jpg,250,250,JPEG,RGB,10907,991a599739ed55e4128561fcce4a90547b4af2073c679b98a60abc2c76b3c9db
gallery,Madonna,multi_image_gallery/Madonna/Madonna_0004.jpg,Madonna_0004.jpg,250,250,JPEG,RGB,9267,c8e342756bc0ecb8c351552b2805ec338647840ffc894b8785113a5fd41aa44c
gallery,Maggie_Smith,multi_image_gallery/Maggie_Smith/Maggie_Smith_0001.jpg,Maggie_Smith_0001.jpg,250,250,JPEG,RGB,10279,ada43086fa8721f7d1c7ac0b9187695749112ad77ccdb7ca2f93c3f0d49de9af
gallery,Magui_Serna,multi_image_gallery/Magui_Serna/Magui_Serna_0001.jpg,Magui_Serna_0001.jpg,250,250,JPEG,RGB,8414,8ee991de526451bcd32999a9d38385b315925362699e657bfda6b2ee5e3da961
gallery,Manfred_Stolpe,multi_image_gallery/Manfred_Stolpe/Manfred_Stolpe_0001.jpg,Manfred_Stolpe_0001.jpg,250,250,JPEG,RGB,9190,6e845b9d9c1e6297b48828699c453cd5dcca66b2edb41ddfa31d625288c31539
gallery,Manuel_Poggiali,multi_image_gallery/Manuel_Poggiali/Manuel_Poggiali_0001.jpg,Manuel_Poggiali_0001.jpg,250,250,JPEG,RGB,10019,1f9afe990fcb81426957c27221af757625566a07c1f97b8c0fe5717aa4dadb4e
gallery,Marat_Safin,multi_image_gallery/Marat_Safin/Marat_Safin_0001.jpg,Marat_Safin_0001.jpg,250,250,JPEG,RGB,11086,327c1f7d7304b4dc84b05428a3f0e821b49426ae6c62cff835285464979dc816
gallery,Marat_Safin,multi_image_gallery/Marat_Safin/Marat_Safin_0002.jpg,Marat_Safin_0002.jpg,250,250,JPEG,RGB,8867,4c075f9039659a0b94a5bfb39149c5250e26a479760aa9a63ae1f238bb9704b0
gallery,Marc-Andre_Fleury,multi_image_gallery/Marc-Andre_Fleury/Marc-Andre_Fleury_0001.jpg,Marc-Andre_Fleury_0001.jpg,250,250,JPEG,RGB,8829,6966fb580c3999065796ca849226b9610dea34afb7a7d1557b2ab9360c1a89b1
gallery,Marc_Grossman,multi_image_gallery/Marc_Grossman/Marc_Grossman_0001.jpg,Marc_Grossman_0001.jpg,250,250,JPEG,RGB,7345,f21244f1c0c30c159793a326e39cf6e7c0e458f26d2e6467e45c92e7801192f3
gallery,Marc_Grossman,multi_image_gallery/Marc_Grossman/Marc_Grossman_0002.jpg,Marc_Grossman_0002.jpg,250,250,JPEG,RGB,9737,2a0098c25e71b7f4958518030912925a64bf523e957ebde4852396b10c9d0b03
gallery,Marc_Grossman,multi_image_gallery/Marc_Grossman/Marc_Grossman_0003.jpg,Marc_Grossman_0003.jpg,250,250,JPEG,RGB,9730,95079605de6d0ab6fe9abb74a0eb061d3caecbd662f55680710e629890eb230b
gallery,Marcelo_Salas,multi_image_gallery/Marcelo_Salas/Marcelo_Salas_0001.jpg,Marcelo_Salas_0001.jpg,250,250,JPEG,RGB,7962,70c1d4c96d36550a8140ba314c7fdf68e55195a69b073b40cf62646407812b3c
gallery,Marcelo_Salas,multi_image_gallery/Marcelo_Salas/Marcelo_Salas_0002.jpg,Marcelo_Salas_0002.jpg,250,250,JPEG,RGB,10472,384e1723453581b9d37ead368c1a35f6e13ff9d922b83d73620dd7fc9d658eee
gallery,Marco_Antonio_Barrera,multi_image_gallery/Marco_Antonio_Barrera/Marco_Antonio_Barrera_0001.jpg,Marco_Antonio_Barrera_0001.jpg,250,250,JPEG,RGB,8588,25be42260558b66ee96ed97e396e27bb9bd3e39104731f553883e2dbc89a0680
gallery,Marco_Antonio_Barrera,multi_image_gallery/Marco_Antonio_Barrera/Marco_Antonio_Barrera_0002.jpg,Marco_Antonio_Barrera_0002.jpg,250,250,JPEG,RGB,11045,dcf55b8bb1ccdec512f83ff7322f719b5f35d55e3d6f296c35ea68ddd00ff2b0
gallery,Marco_Antonio_Barrera,multi_image_gallery/Marco_Antonio_Barrera/Marco_Antonio_Barrera_0003.jpg,Marco_Antonio_Barrera_0003.jpg,250,250,JPEG,RGB,8187,c4542dedb7021258c694e418a2be80839876004035fc23842987c68c6edaa971
gallery,Marco_Antonio_Barrera,multi_image_gallery/Marco_Antonio_Barrera/Marco_Antonio_Barrera_0004.jpg,Marco_Antonio_Barrera_0004.jpg,250,250,JPEG,RGB,8874,d400ecd4927bc620862cf9811385090d85c6a9f3f8c43ada505eee18e65ef7d1
gallery,Marco_Antonio_Barrera,multi_image_gallery/Marco_Antonio_Barrera/Marco_Antonio_Barrera_0005.jpg,Marco_Antonio_Barrera_0005.jpg,250,250,JPEG,RGB,10593,a48995fd6d1706145ca67b2abe48e25a6f46086770ce774ede366060e3020041
gallery,Marcus_Gronholm,multi_image_gallery/Marcus_Gronholm/Marcus_Gronholm_0001.jpg,Marcus_Gronholm_0001.jpg,250,250,JPEG,RGB,5994,6602ba83635026650ebb2f84f6b7acb745b3ae184e86bdd4143a886622e86225
gallery,Margaret_Thatcher,multi_image_gallery/Margaret_Thatcher/Margaret_Thatcher_0001.jpg,Margaret_Thatcher_0001.jpg,250,250,JPEG,RGB,9292,ee0dd95fffc7feca701fbd140032b72e782cd17f1040fd34d2833cd16a35a60d
gallery,Maria_Luisa_Mendonca,multi_image_gallery/Maria_Luisa_Mendonca/Maria_Luisa_Mendonca_0001.jpg,Maria_Luisa_Mendonca_0001.jpg,250,250,JPEG,RGB,9737,03594493f7324656b8cf9eaf789a8472788832b2de7ed16b3247695564259272
gallery,Mariah_Carey,multi_image_gallery/Mariah_Carey/Mariah_Carey_0001.jpg,Mariah_Carey_0001.jpg,250,250,JPEG,RGB,10450,663ddc2886e66ac631a967ae45c9c46d47df996ade6c564c826f2c38f0f6fe9e
gallery,Mariah_Carey,multi_image_gallery/Mariah_Carey/Mariah_Carey_0002.jpg,Mariah_Carey_0002.jpg,250,250,JPEG,RGB,11059,46556133539c446991b04ec95cfc693ff15ef7ee5e75c1c0513ea26878413868
gallery,Mariah_Carey,multi_image_gallery/Mariah_Carey/Mariah_Carey_0003.jpg,Mariah_Carey_0003.jpg,250,250,JPEG,RGB,8908,0900db6304eda640f6a0cbaa5adb995cc2466bbd2467e577e8a9ce5ccf112904
gallery,Mariah_Carey,multi_image_gallery/Mariah_Carey/Mariah_Carey_0004.jpg,Mariah_Carey_0004.jpg,250,250,JPEG,RGB,10236,9a6c9aa4da616d26e77e48d0318d77aac224b02e4e4268299a13bddc64ddfd66
gallery,Mariah_Carey,multi_image_gallery/Mariah_Carey/Mariah_Carey_0005.jpg,Mariah_Carey_0005.jpg,250,250,JPEG,RGB,10434,bdb7e42f2dd04825c32e0aefa2bfc2c6ceb7c3f0e531249003d6bab2090f38ec
gallery,Mariah_Carey,multi_image_gallery/Mariah_Carey/Mariah_Carey_0006.jpg,Mariah_Carey_0006.jpg,250,250,JPEG,RGB,9295,11b99009131cc74d4eca5f0d8b6e3a44f4b8569156c9649363e86eeff7f36e4f
gallery,Mariangel_Ruiz_Torrealba,multi_image_gallery/Mariangel_Ruiz_Torrealba/Mariangel_Ruiz_Torrealba_0001.jpg,Mariangel_Ruiz_Torrealba_0001.jpg,250,250,JPEG,RGB,6583,cb7c01875485d44dd7f50d896b32898c017e75b751f8bc9238a163498492f0cc
gallery,Mariangel_Ruiz_Torrealba,multi_image_gallery/Mariangel_Ruiz_Torrealba/Mariangel_Ruiz_Torrealba_0002.jpg,Mariangel_Ruiz_Torrealba_0002.jpg,250,250,JPEG,RGB,7008,3d7308a19addb49f9e9be4e39ec2e7fb7a76eb6c00d1365f5b87792dcce5ba96
gallery,Marie-Reine_Le_Gougne,multi_image_gallery/Marie-Reine_Le_Gougne/Marie-Reine_Le_Gougne_0001.jpg,Marie-Reine_Le_Gougne_0001.jpg,250,250,JPEG,RGB,7688,b696a02d909471c643816317e22cacc0deab95784bf78ca13f90e38e6c4a35f5
gallery,Marilyn_Monroe,multi_image_gallery/Marilyn_Monroe/Marilyn_Monroe_0001.jpg,Marilyn_Monroe_0001.jpg,250,250,JPEG,RGB,9283,f7ab8c26f302454d4f69177ce2f1ae8ef0284afd57b8a0af05aafb3136fac89c
gallery,Marina_Anissina,multi_image_gallery/Marina_Anissina/Marina_Anissina_0001.jpg,Marina_Anissina_0001.jpg,250,250,JPEG,RGB,10511,bd2606a93d82735f6ec3fb68fe98f3bbcaffaa6c3c84fadc2355ec39c4f67bda
gallery,Mario_Cipollini,multi_image_gallery/Mario_Cipollini/Mario_Cipollini_0001.jpg,Mario_Cipollini_0001.jpg,250,250,JPEG,RGB,8929,5884ae510b33550049ec5d88c9fbd1801daf9a362386ffd44d608f8d115df5ea
gallery,Mario_Dumont,multi_image_gallery/Mario_Dumont/Mario_Dumont_0001.jpg,Mario_Dumont_0001.jpg,250,250,JPEG,RGB,7134,ec4b1b5aa96f26a1e67190d419799c1fb87edb8fac43e6d4b3bfc5172b61385d
gallery,Mario_Kreutzberger,multi_image_gallery/Mario_Kreutzberger/Mario_Kreutzberger_0001.jpg,Mario_Kreutzberger_0001.jpg,250,250,JPEG,RGB,7662,47f9a3719df674b583aff2863265d78e1fdf6592a99620761b790e56004778de
gallery,Marisa_Tomei,multi_image_gallery/Marisa_Tomei/Marisa_Tomei_0001.jpg,Marisa_Tomei_0001.jpg,250,250,JPEG,RGB,7828,b582f56c9693b5cb074052ebe6c003f6e2beb424aa8ead8be96c104d92ccd943
gallery,Marissa_Jaret_Winokur,multi_image_gallery/Marissa_Jaret_Winokur/Marissa_Jaret_Winokur_0001.jpg,Marissa_Jaret_Winokur_0001.jpg,250,250,JPEG,RGB,12417,4e2f7e9fece1797b778d3950b9a034690b4392acb66c5f802f4895d895e91a25
gallery,Mark_Cuban,multi_image_gallery/Mark_Cuban/Mark_Cuban_0001.jpg,Mark_Cuban_0001.jpg,250,250,JPEG,RGB,8197,d707e571b73bff1922087ca1c03ddae066c0d7743474309b607e86b0e567a638
gallery,Mark_Dacey,multi_image_gallery/Mark_Dacey/Mark_Dacey_0001.jpg,Mark_Dacey_0001.jpg,250,250,JPEG,RGB,7742,3a5ccef6fe348174f591b4f8f560d3c4946bde4d15648baaddcce7bb83ce51b1
gallery,Mark_Geragos,multi_image_gallery/Mark_Geragos/Mark_Geragos_0001.jpg,Mark_Geragos_0001.jpg,250,250,JPEG,RGB,8959,0f40df1166593983b95d41112bec7023e534d839669b639eca4d724b681d4bec
gallery,Mark_Hamister,multi_image_gallery/Mark_Hamister/Mark_Hamister_0001.jpg,Mark_Hamister_0001.jpg,250,250,JPEG,RGB,10506,02c415648037b496b8588cba532b0a95ff0bef5369b240e81af4e0fc7a0bb9df
gallery,Mark_Heller,multi_image_gallery/Mark_Heller/Mark_Heller_0001.jpg,Mark_Heller_0001.jpg,250,250,JPEG,RGB,7539,2358a21c553a05c57f31149c395a8f7715da914ba92e77d31e7c530464fc606f
gallery,Mark_Schweiker,multi_image_gallery/Mark_Schweiker/Mark_Schweiker_0001.jpg,Mark_Schweiker_0001.jpg,250,250,JPEG,RGB,8870,53e967a76265e1eac592c86d648c3276a246fcdd05e66e59fc7d1a87dceeb15a
gallery,Mark_Warner,multi_image_gallery/Mark_Warner/Mark_Warner_0001.jpg,Mark_Warner_0001.jpg,250,250,JPEG,RGB,8711,ef7da3786ce453e81feb1baf79b24b690b0667d8b307c3048d0fb44d48166c6a
gallery,Marlene_Weingartner,multi_image_gallery/Marlene_Weingartner/Marlene_Weingartner_0001.jpg,Marlene_Weingartner_0001.jpg,250,250,JPEG,RGB,8235,4452a799904e5121076ef607fec4f08c3f45451b5d7520d1232b438da02dbb31
gallery,Martha_Beatriz_Roque,multi_image_gallery/Martha_Beatriz_Roque/Martha_Beatriz_Roque_0001.jpg,Martha_Beatriz_Roque_0001.jpg,250,250,JPEG,RGB,8566,6b699f6a52518fa3615571708254b99c2c518afcaca26f9defebcecef6195504
gallery,Martha_Bowen,multi_image_gallery/Martha_Bowen/Martha_Bowen_0001.jpg,Martha_Bowen_0001.jpg,250,250,JPEG,RGB,10529,368c1ebea6e0a4dc1dfe9eaa3049297751f4c8a0fd36e75a3f4c575f68a8a286
gallery,Martha_Burk,multi_image_gallery/Martha_Burk/Martha_Burk_0001.jpg,Martha_Burk_0001.jpg,250,250,JPEG,RGB,9979,6d9b1fd90c48cd92c494850de142d5ef1fdd4bc2f1ff683eebcbd92170f584cc
gallery,Martha_Burk,multi_image_gallery/Martha_Burk/Martha_Burk_0002.jpg,Martha_Burk_0002.jpg,250,250,JPEG,RGB,8483,428c5a2086305e6493df222b9d69c9b3ce50b765e6a1cef32436b9f56fdf6f24
gallery,Martha_Burk,multi_image_gallery/Martha_Burk/Martha_Burk_0003.jpg,Martha_Burk_0003.jpg,250,250,JPEG,RGB,11309,96d13856956ffcb89f401eef268f08b8f959f1184d915562f9938bda57c73a64
gallery,Martin_Brodeur,multi_image_gallery/Martin_Brodeur/Martin_Brodeur_0001.jpg,Martin_Brodeur_0001.jpg,250,250,JPEG,RGB,10035,94d0246538f142fc1bdcc3d6e4f25215364baa6ccfe49c0f0fc089eeb7075500
gallery,Martin_Scorsese,multi_image_gallery/Martin_Scorsese/Martin_Scorsese_0001.jpg,Martin_Scorsese_0001.jpg,250,250,JPEG,RGB,8645,16b2039e84884e5714fa5904283fa23722c1733ace73ab091d50d6cf352a86b1
gallery,Martin_Scorsese,multi_image_gallery/Martin_Scorsese/Martin_Scorsese_0002.jpg,Martin_Scorsese_0002.jpg,250,250,JPEG,RGB,7186,690eccbc175227aa6f6bc81045b5fd100091031da109ca6efa821cef5a2a2d89
gallery,Martin_Scorsese,multi_image_gallery/Martin_Scorsese/Martin_Scorsese_0003.jpg,Martin_Scorsese_0003.jpg,250,250,JPEG,RGB,8228,207672d1b888be251606f563cc4c3c40331a67df0fe3f1b292aff4693d5a8f2d
gallery,Martin_Scorsese,multi_image_gallery/Martin_Scorsese/Martin_Scorsese_0004.jpg,Martin_Scorsese_0004.jpg,250,250,JPEG,RGB,7871,4974a92d13445170024b2e06d5fd3b47af03a4ab5ce835984e643de3cc727896
gallery,Martin_Scorsese,multi_image_gallery/Martin_Scorsese/Martin_Scorsese_0005.jpg,Martin_Scorsese_0005.jpg,250,250,JPEG,RGB,11518,cd71232319e45c3dec85ad4db841ac1d8fb9c81085ae29618d56534bd3eacbe3
gallery,Martin_Scorsese,multi_image_gallery/Martin_Scorsese/Martin_Scorsese_0006.jpg,Martin_Scorsese_0006.jpg,250,250,JPEG,RGB,6496,8a813f7cbeb7c47990eebd2f9f43be840fc803e9b04eec5eeed7198dc86165bf
gallery,Martin_Verkerk,multi_image_gallery/Martin_Verkerk/Martin_Verkerk_0001.jpg,Martin_Verkerk_0001.jpg,250,250,JPEG,RGB,8801,04a5903fd8b3f8e4d46109eb0ba17ffeb86152ed1906818a52c9210bb5c17a74
gallery,Martin_Verkerk,multi_image_gallery/Martin_Verkerk/Martin_Verkerk_0002.jpg,Martin_Verkerk_0002.jpg,250,250,JPEG,RGB,7877,bddb0bf01624f2b71e2c2a11fd9f697c5f240c1286fd10bd2453f7d731366efb
gallery,Martina_Hingis,multi_image_gallery/Martina_Hingis/Martina_Hingis_0001.jpg,Martina_Hingis_0001.jpg,250,250,JPEG,RGB,8365,269e1e45b1af150932225a5b9e3c873c93a4403326025d3800718f4f516db807
gallery,Martina_Hingis,multi_image_gallery/Martina_Hingis/Martina_Hingis_0002.jpg,Martina_Hingis_0002.jpg,250,250,JPEG,RGB,8312,5ffe5960b3011b6d4263f0fcc520fcdb4213b0d5abc5bfa2df39cf7914b0f749
gallery,Martina_McBride,multi_image_gallery/Martina_McBride/Martina_McBride_0001.jpg,Martina_McBride_0001.jpg,250,250,JPEG,RGB,7824,ff4e857a89e18cef946034594dec90406a36f6c349a6c9fcccef9b5c27e5cdfd
gallery,Martina_McBride,multi_image_gallery/Martina_McBride/Martina_McBride_0002.jpg,Martina_McBride_0002.jpg,250,250,JPEG,RGB,10017,32bba79ef2953e4a81fc1ca3e13d282cbce873d26e5c1a79dbe5f8450b2f2d33
gallery,Martina_McBride,multi_image_gallery/Martina_McBride/Martina_McBride_0003.jpg,Martina_McBride_0003.jpg,250,250,JPEG,RGB,8516,6a31e25dc1ab66cba509cd8d7e9ad7025a03bc3be606ae8c49aed2fe8a44a042
gallery,Martina_McBride,multi_image_gallery/Martina_McBride/Martina_McBride_0004.jpg,Martina_McBride_0004.jpg,250,250,JPEG,RGB,9377,2885ef2f31502616165b0f06c20cc66170742b71d5742c03aa14fc40d87db294
gallery,Marwan_Barghouthi,multi_image_gallery/Marwan_Barghouthi/Marwan_Barghouthi_0001.jpg,Marwan_Barghouthi_0001.jpg,250,250,JPEG,RGB,8526,a392a7ba3751500d967ad4170894654ad0cf6f7cb08d4c2f804a67231b1d2586
gallery,Mary-Kate_Olsen,multi_image_gallery/Mary-Kate_Olsen/Mary-Kate_Olsen_0001.jpg,Mary-Kate_Olsen_0001.jpg,250,250,JPEG,RGB,11260,5e8e171e44cabf2667022f7b19761ad414a1dfeda99511505f7e91a7d804a624
gallery,Mary-Kate_Olsen,multi_image_gallery/Mary-Kate_Olsen/Mary-Kate_Olsen_0002.jpg,Mary-Kate_Olsen_0002.jpg,250,250,JPEG,RGB,10016,b41b7e5b9d65170f43c1cb5ef23a493f2a50012e1d8f11caed2113d9150c7352
gallery,Mary_Carey,multi_image_gallery/Mary_Carey/Mary_Carey_0001.jpg,Mary_Carey_0001.jpg,250,250,JPEG,RGB,9004,c12a6c6635186b10f89adfd66c417d283f8be7ac47a8145635a13ec725ab2042
gallery,Mary_Carey,multi_image_gallery/Mary_Carey/Mary_Carey_0002.jpg,Mary_Carey_0002.jpg,250,250,JPEG,RGB,9765,3a7991e7381c818bfb5fa7b567161ac3958045e8cb66e8a20bbd60599149d606
gallery,Mary_Carey,multi_image_gallery/Mary_Carey/Mary_Carey_0003.jpg,Mary_Carey_0003.jpg,250,250,JPEG,RGB,9316,e7f6a45cd166aecb3b0e5d1f850eba64e3bfd05e72dd66d593b8904a44f94d0d
gallery,Mary_Landrieu,multi_image_gallery/Mary_Landrieu/Mary_Landrieu_0001.jpg,Mary_Landrieu_0001.jpg,250,250,JPEG,RGB,10258,d0bac51eb110bcc325e8860dff24ebdab7bc0c715582afabb47735618f1c630b
gallery,Mary_Landrieu,multi_image_gallery/Mary_Landrieu/Mary_Landrieu_0002.jpg,Mary_Landrieu_0002.jpg,250,250,JPEG,RGB,7556,102286392690cc2005b9831484d989ee273b4ce273270d05765115e51ef177ab
gallery,Mary_Tyler_Moore,multi_image_gallery/Mary_Tyler_Moore/Mary_Tyler_Moore_0001.jpg,Mary_Tyler_Moore_0001.jpg,250,250,JPEG,RGB,8722,6abd190612b39e2a8ea93db10dd056f611771f92fe65a5f9bc19d818bed9c525
gallery,Masum_Turker,multi_image_gallery/Masum_Turker/Masum_Turker_0001.jpg,Masum_Turker_0001.jpg,250,250,JPEG,RGB,7789,ef666bb36cc83e0f5c4d2dfc808988fd8fae8cd10d9ee5a268a589aabbf7ec25
gallery,Masum_Turker,multi_image_gallery/Masum_Turker/Masum_Turker_0002.jpg,Masum_Turker_0002.jpg,250,250,JPEG,RGB,10040,ea7add201261b7dcb6fe680e93757b48db75998a90b8ed4ce0bd650c3e7de1a0
gallery,Mathias_Reichhold,multi_image_gallery/Mathias_Reichhold/Mathias_Reichhold_0001.jpg,Mathias_Reichhold_0001.jpg,250,250,JPEG,RGB,8617,f1692a361f9d42459385153d262fc1d1b4fbb73e7c72985aabb2e11bfebeb452
gallery,Mathias_Reichhold,multi_image_gallery/Mathias_Reichhold/Mathias_Reichhold_0002.jpg,Mathias_Reichhold_0002.jpg,250,250,JPEG,RGB,9313,9684a04bde44d3cb53564cdf911f1b6d8f3bb5d830aaa382076cff8cef3b2d6f
gallery,Matt_Doherty,multi_image_gallery/Matt_Doherty/Matt_Doherty_0001.jpg,Matt_Doherty_0001.jpg,250,250,JPEG,RGB,8644,f10fbd78fcaf7eec882cb1134b149e4915902344b80f1dbbdff203b21b161b5a
gallery,Matt_Doherty,multi_image_gallery/Matt_Doherty/Matt_Doherty_0002.jpg,Matt_Doherty_0002.jpg,250,250,JPEG,RGB,8998,750f70547554400c7d4f26bcde13c6ed7121ed4590541c4097f31f8aba6de6d4
gallery,Matthew_Perry,multi_image_gallery/Matthew_Perry/Matthew_Perry_0001.jpg,Matthew_Perry_0001.jpg,250,250,JPEG,RGB,11678,7fa9e815ec71c51180dcd98ed8da8a1d670da22ccbd66672dea743507034a66e
gallery,Matthew_Perry,multi_image_gallery/Matthew_Perry/Matthew_Perry_0002.jpg,Matthew_Perry_0002.jpg,250,250,JPEG,RGB,11804,ed4b90511f3433cadd7671f482703a31939757230ef1ffe20009b6310a39b7a8
gallery,Matthew_Perry,multi_image_gallery/Matthew_Perry/Matthew_Perry_0003.jpg,Matthew_Perry_0003.jpg,250,250,JPEG,RGB,7870,1117f227d18379ba23c2a86df3c2c7173a0df097775ae7891355a9053857b964
gallery,Matthew_Perry,multi_image_gallery/Matthew_Perry/Matthew_Perry_0004.jpg,Matthew_Perry_0004.jpg,250,250,JPEG,RGB,8502,504dc5ca1592f7f41ee817e59b258eb5207087f3d4b83a2dcd0ff848be8aa9da
gallery,Matthew_Perry,multi_image_gallery/Matthew_Perry/Matthew_Perry_0005.jpg,Matthew_Perry_0005.jpg,250,250,JPEG,RGB,9436,166a6744404b0333276d5db02968d4391b8bdfc80ea4ebef3876b358d5613ae0
gallery,Matthew_Perry,multi_image_gallery/Matthew_Perry/Matthew_Perry_0006.jpg,Matthew_Perry_0006.jpg,250,250,JPEG,RGB,8243,8c1bfcf3d5ee0f73f69704e6973229380fb1347058e2dbc59d3d3573fe23e78d
gallery,Max_Mayfield,multi_image_gallery/Max_Mayfield/Max_Mayfield_0001.jpg,Max_Mayfield_0001.jpg,250,250,JPEG,RGB,11473,178a301d2cd432e584003f7caaef9206ead813a87a62fb0007db13667fd05c12
gallery,Megawati_Sukarnoputri,multi_image_gallery/Megawati_Sukarnoputri/Megawati_Sukarnoputri_0001.jpg,Megawati_Sukarnoputri_0001.jpg,250,250,JPEG,RGB,9124,18c2d3d01877ffb52831a00253ec26a4fd5dd5f6ac71560171ec8d73c7cd2038
gallery,Megawati_Sukarnoputri,multi_image_gallery/Megawati_Sukarnoputri/Megawati_Sukarnoputri_0002.jpg,Megawati_Sukarnoputri_0002.jpg,250,250,JPEG,RGB,11604,7e636ed2097d3b682b9c7461649f5e8747e2aa2c01995acf1193304ed4406354
gallery,Megawati_Sukarnoputri,multi_image_gallery/Megawati_Sukarnoputri/Megawati_Sukarnoputri_0003.jpg,Megawati_Sukarnoputri_0003.jpg,250,250,JPEG,RGB,9375,37724b07cc52bbbc64c2ed3a72a43edee38a09cbc736daf0d09fba73f07c149f
gallery,Megawati_Sukarnoputri,multi_image_gallery/Megawati_Sukarnoputri/Megawati_Sukarnoputri_0004.jpg,Megawati_Sukarnoputri_0004.jpg,250,250,JPEG,RGB,10419,d6f15c7e59e53ddb0c6963900bef0137382ce0485f62a4a49d24b15e4b113d9f
gallery,Megawati_Sukarnoputri,multi_image_gallery/Megawati_Sukarnoputri/Megawati_Sukarnoputri_0005.jpg,Megawati_Sukarnoputri_0005.jpg,250,250,JPEG,RGB,11309,73663d60327fee268e5e5fa53f67018d246c11e5f40209bd808d7440b0ce4b48
gallery,Megawati_Sukarnoputri,multi_image_gallery/Megawati_Sukarnoputri/Megawati_Sukarnoputri_0006.jpg,Megawati_Sukarnoputri_0006.jpg,250,250,JPEG,RGB,9829,993d84756831be66f48c0778349230010ea14e85ec2e906f6f748f637e321dbd
gallery,Megawati_Sukarnoputri,multi_image_gallery/Megawati_Sukarnoputri/Megawati_Sukarnoputri_0007.jpg,Megawati_Sukarnoputri_0007.jpg,250,250,JPEG,RGB,9660,a29cf9a2f5b8420bced22041bbe92f350c3b82d94ed48b887ae44b8d6822ec00
gallery,Megawati_Sukarnoputri,multi_image_gallery/Megawati_Sukarnoputri/Megawati_Sukarnoputri_0008.jpg,Megawati_Sukarnoputri_0008.jpg,250,250,JPEG,RGB,10069,682a5a9c3505f20f72fd4abb258ffd4cb19ca803618dfe5513a962b571f07f6d
gallery,Megawati_Sukarnoputri,multi_image_gallery/Megawati_Sukarnoputri/Megawati_Sukarnoputri_0009.jpg,Megawati_Sukarnoputri_0009.jpg,250,250,JPEG,RGB,9806,9b1992483055d23df52ac131f981f9434eb4d7beaf8cb2742f048585bdde0023
gallery,Megawati_Sukarnoputri,multi_image_gallery/Megawati_Sukarnoputri/Megawati_Sukarnoputri_0010.jpg,Megawati_Sukarnoputri_0010.jpg,250,250,JPEG,RGB,7949,bccb51bed95ca4f521e73ae8c788ea68e6df6b4b00f58eae402919394dc9de7f
gallery,Meghann_Shaughnessy,multi_image_gallery/Meghann_Shaughnessy/Meghann_Shaughnessy_0001.jpg,Meghann_Shaughnessy_0001.jpg,250,250,JPEG,RGB,9036,db076751ba1912ea9019cbc2a42525bb1abd4671c7350c2f92e7910c6d2f9530
gallery,Mel_Brooks,multi_image_gallery/Mel_Brooks/Mel_Brooks_0001.jpg,Mel_Brooks_0001.jpg,250,250,JPEG,RGB,8609,dab5dc183d7ba2a3f91e9c586c33766e47bd5900c1dd942d1e5de399772c6621
gallery,Melanie_Griffith,multi_image_gallery/Melanie_Griffith/Melanie_Griffith_0001.jpg,Melanie_Griffith_0001.jpg,250,250,JPEG,RGB,8184,22c2e13d54d3567b0b2b29f6cd060a558bfcf24c113eb0987b295f7d94550c3f
gallery,Melanie_Griffith,multi_image_gallery/Melanie_Griffith/Melanie_Griffith_0002.jpg,Melanie_Griffith_0002.jpg,250,250,JPEG,RGB,11272,16fdb669dbc67b482ace97cdd380e090dfcb449c57af2a8ab8c06609ba877a32
gallery,Meryl_Streep,multi_image_gallery/Meryl_Streep/Meryl_Streep_0001.jpg,Meryl_Streep_0001.jpg,250,250,JPEG,RGB,10530,b10ff2ad868a10b284cf4577ded9b65cc3776381ac80907e3dbcb24e2fe62c94
gallery,Meryl_Streep,multi_image_gallery/Meryl_Streep/Meryl_Streep_0002.jpg,Meryl_Streep_0002.jpg,250,250,JPEG,RGB,8837,9a6a6f36d385e7ea7a2f84c4f146ccf8727e939658cff47f5013a21c0b3625d3
gallery,Meryl_Streep,multi_image_gallery/Meryl_Streep/Meryl_Streep_0003.jpg,Meryl_Streep_0003.jpg,250,250,JPEG,RGB,7658,7e1b7a0729a82cff2fe919904aec8dbb80c8e110bc606a34873221da201c261d
gallery,Meryl_Streep,multi_image_gallery/Meryl_Streep/Meryl_Streep_0004.jpg,Meryl_Streep_0004.jpg,250,250,JPEG,RGB,8362,968a581d0be0542b5e4d55c47752981ab19ccdbf866a5e66907a5d46ab6f7f62
gallery,Meryl_Streep,multi_image_gallery/Meryl_Streep/Meryl_Streep_0005.jpg,Meryl_Streep_0005.jpg,250,250,JPEG,RGB,9720,4539e2bc5b3a67a341cb02cab4840d779e19eca6fde49521769efd1b48355c26
gallery,Meryl_Streep,multi_image_gallery/Meryl_Streep/Meryl_Streep_0006.jpg,Meryl_Streep_0006.jpg,250,250,JPEG,RGB,7981,b3171f523ba32f9191838637d53d5209163ef5871fbf977cd519bd0b39dde4dd
gallery,Meryl_Streep,multi_image_gallery/Meryl_Streep/Meryl_Streep_0007.jpg,Meryl_Streep_0007.jpg,250,250,JPEG,RGB,7733,999e174ebfbf6ee0dd6fe4a5464d06ae2862a961dd56f0be349491fb3dc0289f
gallery,Meryl_Streep,multi_image_gallery/Meryl_Streep/Meryl_Streep_0008.jpg,Meryl_Streep_0008.jpg,250,250,JPEG,RGB,7322,6b38ca7bc42c4427794735d961097872c8311bc47711aafddef59326ae7cb969
gallery,Meryl_Streep,multi_image_gallery/Meryl_Streep/Meryl_Streep_0009.jpg,Meryl_Streep_0009.jpg,250,250,JPEG,RGB,8381,c5b89245e9e3052bff1d95aaba4dd5e83b819b0d7c902fdc855fc6b41e2bd972
gallery,Meryl_Streep,multi_image_gallery/Meryl_Streep/Meryl_Streep_0010.jpg,Meryl_Streep_0010.jpg,250,250,JPEG,RGB,8134,4aef8b4de49b9277881b155e53b4b35b9916207140152262ad592c22e56d91a1
gallery,Michael_Ballack,multi_image_gallery/Michael_Ballack/Michael_Ballack_0001.jpg,Michael_Ballack_0001.jpg,250,250,JPEG,RGB,13030,008e7cca23d4e884cd657f3b9c219fa361dd2353de55cd5470e67316bffb22fd
gallery,Michael_Ballack,multi_image_gallery/Michael_Ballack/Michael_Ballack_0002.jpg,Michael_Ballack_0002.jpg,250,250,JPEG,RGB,9172,122083f6aa8d824978418a69af19419b9d79916155e372ad20d044b4f60fb85c
gallery,Michael_Chang,multi_image_gallery/Michael_Chang/Michael_Chang_0001.jpg,Michael_Chang_0001.jpg,250,250,JPEG,RGB,7459,740cb52960c375b46437612ac576803405ca40d348859972be088caf560fde78
gallery,Michael_Chang,multi_image_gallery/Michael_Chang/Michael_Chang_0002.jpg,Michael_Chang_0002.jpg,250,250,JPEG,RGB,9284,fdf01c5c9dd0429b7a46caebd08f8d47b51636344c0be9cdddcc6daa158f9082
gallery,Michael_Chang,multi_image_gallery/Michael_Chang/Michael_Chang_0003.jpg,Michael_Chang_0003.jpg,250,250,JPEG,RGB,9427,c4641af791bdcd92fc9efd31615c9f6a46ff3b8b008b6828d310725a974d39c2
gallery,Michael_Chang,multi_image_gallery/Michael_Chang/Michael_Chang_0004.jpg,Michael_Chang_0004.jpg,250,250,JPEG,RGB,7250,dcbf2d1d7ab334ca62bd5071aa5fa7397f8b3fca7899d6c1111ffd39cf907077
gallery,Michael_Chang,multi_image_gallery/Michael_Chang/Michael_Chang_0005.jpg,Michael_Chang_0005.jpg,250,250,JPEG,RGB,9911,97cd6154fa1e536dd0f9df141111a2bbd854126dae94f40f7f8d03656c5f340d
gallery,Michael_Chang,multi_image_gallery/Michael_Chang/Michael_Chang_0006.jpg,Michael_Chang_0006.jpg,250,250,JPEG,RGB,8838,18c4c11d83293f5c582777a252a4e33bae09bb6dfd031e71cb99ea65e3d2c5dc
gallery,Michael_Chang,multi_image_gallery/Michael_Chang/Michael_Chang_0007.jpg,Michael_Chang_0007.jpg,250,250,JPEG,RGB,9630,d689e3c83848817f3e97bfde12077000917a54f2e67d1db87a11dfe5fb49978b
gallery,Michael_Chiklis,multi_image_gallery/Michael_Chiklis/Michael_Chiklis_0001.jpg,Michael_Chiklis_0001.jpg,250,250,JPEG,RGB,9285,b9ac91d88f87fc10764e8269183b35b8332342d687580bc8540385895b90a94b
gallery,Michael_Chiklis,multi_image_gallery/Michael_Chiklis/Michael_Chiklis_0002.jpg,Michael_Chiklis_0002.jpg,250,250,JPEG,RGB,7156,b0a0c02058c2143851311a7331188792076000a82aae07537c023aff413327ff
gallery,Michael_Chiklis,multi_image_gallery/Michael_Chiklis/Michael_Chiklis_0003.jpg,Michael_Chiklis_0003.jpg,250,250,JPEG,RGB,9961,1e09f2a3c847756b79a35f4c8f2b5189dba113ffdd8efaa4e5479c6b0746ebeb
gallery,Michael_Chiklis,multi_image_gallery/Michael_Chiklis/Michael_Chiklis_0004.jpg,Michael_Chiklis_0004.jpg,250,250,JPEG,RGB,8490,fa401bb384bb34906db061e9323465d22a9ac11883115299a126cb4e43479ff1
gallery,Michael_Douglas,multi_image_gallery/Michael_Douglas/Michael_Douglas_0001.jpg,Michael_Douglas_0001.jpg,250,250,JPEG,RGB,6927,5596b596a2e1f2c6585ec5986f4e2d5d7cabed8e75d3259fff59e4ebc853f44e
gallery,Michael_Douglas,multi_image_gallery/Michael_Douglas/Michael_Douglas_0002.jpg,Michael_Douglas_0002.jpg,250,250,JPEG,RGB,7072,9c5c49e4b35f80cefae6c94d6d4b9daa5389f14c8f2550313aeb459c56e50a98
gallery,Michael_Douglas,multi_image_gallery/Michael_Douglas/Michael_Douglas_0003.jpg,Michael_Douglas_0003.jpg,250,250,JPEG,RGB,8717,824a1ee09e1bbb418cdbad2bfdd1b279485c006752b3a0e0da1ca1026d803c8d
gallery,Michael_Douglas,multi_image_gallery/Michael_Douglas/Michael_Douglas_0004.jpg,Michael_Douglas_0004.jpg,250,250,JPEG,RGB,6949,40361418d715e97a6922d85c746ce58b21eb364a63f1f7f094f5a2ea7e311c44
gallery,Michael_Douglas,multi_image_gallery/Michael_Douglas/Michael_Douglas_0005.jpg,Michael_Douglas_0005.jpg,250,250,JPEG,RGB,7866,faa826995e83edaaf021d6a4385fa8239f7d74322c4d45e15461b7602cd6621f
gallery,Michael_J_Sheehan,multi_image_gallery/Michael_J_Sheehan/Michael_J_Sheehan_0001.jpg,Michael_J_Sheehan_0001.jpg,250,250,JPEG,RGB,7485,904eacc619f7f45c278484e357c79e8f4458aa8e1c1f845277073a117c01072a
gallery,Michael_Kostelnik,multi_image_gallery/Michael_Kostelnik/Michael_Kostelnik_0001.jpg,Michael_Kostelnik_0001.jpg,250,250,JPEG,RGB,8261,5f881f0da9af34f69dffbf3eb622439fc35802adf4b21338afbc8b4eb0c5ba3e
gallery,Michael_Phelps,multi_image_gallery/Michael_Phelps/Michael_Phelps_0001.jpg,Michael_Phelps_0001.jpg,250,250,JPEG,RGB,10267,85d569cc47c03c8bfda4952d820b2252c8af70bce0c15c57d0508c02d5b4cbcf
gallery,Michael_Phelps,multi_image_gallery/Michael_Phelps/Michael_Phelps_0002.jpg,Michael_Phelps_0002.jpg,250,250,JPEG,RGB,8705,74e8b672732a7494050ca5bbcf962269eb413961d3fff0db75475bc3e0efe3b0
gallery,Michael_Phelps,multi_image_gallery/Michael_Phelps/Michael_Phelps_0003.jpg,Michael_Phelps_0003.jpg,250,250,JPEG,RGB,7734,b5dc503dadbae9aac8b871aad8276221b3439f0e23260d8564ea582eb3184d77
gallery,Michael_Phelps,multi_image_gallery/Michael_Phelps/Michael_Phelps_0004.jpg,Michael_Phelps_0004.jpg,250,250,JPEG,RGB,9534,cd49cf8567c2279686291f5ec4e982ab832749179dec23b548cefd26f37e07e6
gallery,Michel_Temer,multi_image_gallery/Michel_Temer/Michel_Temer_0001.jpg,Michel_Temer_0001.jpg,250,250,JPEG,RGB,9247,3fed16fe51554e2c250c5d5e4b1c577b20424b9bcc785e0a5e8435f159299b67
gallery,Michelle_Pfeiffer,multi_image_gallery/Michelle_Pfeiffer/Michelle_Pfeiffer_0001.jpg,Michelle_Pfeiffer_0001.jpg,250,250,JPEG,RGB,10565,168b53dbb4508d78e05adb9771d312f9757e30645d8c73dc6d4283a4f2e2bd44
gallery,Michelle_Pfeiffer,multi_image_gallery/Michelle_Pfeiffer/Michelle_Pfeiffer_0002.jpg,Michelle_Pfeiffer_0002.jpg,250,250,JPEG,RGB,9505,9144ec226aa1d0ff2ac45cfd08eeca792a08e4691f419db6e32f1fecd1bbe18b
gallery,Michelle_Yeoh,multi_image_gallery/Michelle_Yeoh/Michelle_Yeoh_0001.jpg,Michelle_Yeoh_0001.jpg,250,250,JPEG,RGB,8748,143da2529e672e1c0ef7feb8842435ba0edd6c3229d4906e0cc297ef05c051c0
gallery,Michelle_Yeoh,multi_image_gallery/Michelle_Yeoh/Michelle_Yeoh_0002.jpg,Michelle_Yeoh_0002.jpg,250,250,JPEG,RGB,7534,c42c0d6e45d3b10d18cded853bcffe51cd7fd54ea74690511d9a93807746f2dc
gallery,Michelle_Yeoh,multi_image_gallery/Michelle_Yeoh/Michelle_Yeoh_0003.jpg,Michelle_Yeoh_0003.jpg,250,250,JPEG,RGB,9347,1b0f74025f0a2fbbaa76917fab467af879a32645aaecf6bf3e8e8dcd29154d57
gallery,Michelle_Yeoh,multi_image_gallery/Michelle_Yeoh/Michelle_Yeoh_0004.jpg,Michelle_Yeoh_0004.jpg,250,250,JPEG,RGB,9619,9ac55d5ce71f7d13d871c0914d3aa4314429a746248c18ff11024d662ddea9da
gallery,Miguel_Contreras,multi_image_gallery/Miguel_Contreras/Miguel_Contreras_0001.jpg,Miguel_Contreras_0001.jpg,250,250,JPEG,RGB,9863,f5810963302c8fb1fa02b1a2407338e0f76028a71a351ffcff97b856070ea2d0
gallery,Mike_Babcock,multi_image_gallery/Mike_Babcock/Mike_Babcock_0001.jpg,Mike_Babcock_0001.jpg,250,250,JPEG,RGB,10062,067b39c9eb3d0037828530263dd820658e6da81eb8e3ef11a71a426268f976d4
gallery,Mike_Holmgren,multi_image_gallery/Mike_Holmgren/Mike_Holmgren_0001.jpg,Mike_Holmgren_0001.jpg,250,250,JPEG,RGB,9953,ad6b6ced3b96e31aef17927c690c5f38954bcadda1a715d0cef837220ddac916
gallery,Mike_Miller,multi_image_gallery/Mike_Miller/Mike_Miller_0001.jpg,Mike_Miller_0001.jpg,250,250,JPEG,RGB,8777,4ca15bd5f34c9496505898d2e1ca3f031af61ea8a6c57ced49e21646528d88f7
gallery,Mike_Price,multi_image_gallery/Mike_Price/Mike_Price_0001.jpg,Mike_Price_0001.jpg,250,250,JPEG,RGB,10232,9ea7b16a7edc3541df530bfd38e88f7df827c6e8064843559350d199c81d52a9
gallery,Mike_Tyson,multi_image_gallery/Mike_Tyson/Mike_Tyson_0001.jpg,Mike_Tyson_0001.jpg,250,250,JPEG,RGB,9119,dee5bca8ca4b4bdbce1fa6cedb009be857291bef29cd8a618e698817a017d804
gallery,Mike_Tyson,multi_image_gallery/Mike_Tyson/Mike_Tyson_0002.jpg,Mike_Tyson_0002.jpg,250,250,JPEG,RGB,9652,6c3e446d4ec204a322012c680538ed3769dcbad78fa69c5f6d5218ce17e3d6b5
gallery,Mike_Tyson,multi_image_gallery/Mike_Tyson/Mike_Tyson_0003.jpg,Mike_Tyson_0003.jpg,250,250,JPEG,RGB,10538,4c2b7260e4899372a49037daf76d978cb80498cdb6eda40cde0f98bf07cacc23
gallery,Mike_Weir,multi_image_gallery/Mike_Weir/Mike_Weir_0001.jpg,Mike_Weir_0001.jpg,250,250,JPEG,RGB,8585,0afca7cb641ce0375a19f31a424617caef932736eb745efb57ee5890ec3b5ef9
gallery,Mike_Weir,multi_image_gallery/Mike_Weir/Mike_Weir_0002.jpg,Mike_Weir_0002.jpg,250,250,JPEG,RGB,6451,d7b4a57798bf6d2a1448d139c829033432e8509ad10a20cfcccbcfb426ffdeb2
gallery,Mike_Weir,multi_image_gallery/Mike_Weir/Mike_Weir_0003.jpg,Mike_Weir_0003.jpg,250,250,JPEG,RGB,8132,52109d7c1043c48e642a758598c4d448a0149a249ee6124664e356eba55288a6
gallery,Mike_Weir,multi_image_gallery/Mike_Weir/Mike_Weir_0004.jpg,Mike_Weir_0004.jpg,250,250,JPEG,RGB,8453,ab3d207d97cae5d44be5e649b86231d8723e88b8bb5c4ab0c3ce4bd6ad17dc91
gallery,Mike_Weir,multi_image_gallery/Mike_Weir/Mike_Weir_0005.jpg,Mike_Weir_0005.jpg,250,250,JPEG,RGB,6917,aec4229bf64c77ea52311cce85f370a2fd057852cfb41d5143ef4014d462af3a
gallery,Mike_Weir,multi_image_gallery/Mike_Weir/Mike_Weir_0006.jpg,Mike_Weir_0006.jpg,250,250,JPEG,RGB,6534,d3b643bc6e1fdee0c02156983c1b3da8602e59e03edc9eb20fe301d69e6b6bf2
gallery,Mike_Weir,multi_image_gallery/Mike_Weir/Mike_Weir_0007.jpg,Mike_Weir_0007.jpg,250,250,JPEG,RGB,8556,0594dade541123fbcb80cb0f1d4b7b1411362235ced67628df136cf11108ed48
gallery,Mike_Weir,multi_image_gallery/Mike_Weir/Mike_Weir_0008.jpg,Mike_Weir_0008.jpg,250,250,JPEG,RGB,8130,8d044d7db088285ba49aa508e434d574ad6e14fb9beefbd7754e959af5a2bf65
gallery,Mike_Weir,multi_image_gallery/Mike_Weir/Mike_Weir_0009.jpg,Mike_Weir_0009.jpg,250,250,JPEG,RGB,8226,dabd42989aaa9edb331209f70ef5a19c20f8be4293643f9d675d1dcfb70af8bc
gallery,Mike_Weir,multi_image_gallery/Mike_Weir/Mike_Weir_0010.jpg,Mike_Weir_0010.jpg,250,250,JPEG,RGB,9021,ad57a6c490c800df735dd4f974a7910feaee86e2af32dde36b2ba29507c77345
gallery,Mikhail_Kasyanov,multi_image_gallery/Mikhail_Kasyanov/Mikhail_Kasyanov_0001.jpg,Mikhail_Kasyanov_0001.jpg,250,250,JPEG,RGB,8328,beec26cd7086db7a0e39e610dd82f5d7734bec263fc99b24025bc70cd0b7d6c7
gallery,Mikhail_Kasyanov,multi_image_gallery/Mikhail_Kasyanov/Mikhail_Kasyanov_0002.jpg,Mikhail_Kasyanov_0002.jpg,250,250,JPEG,RGB,7514,0950dce1f22e493705e46b3b943ab8137885fd34f3273910a06642b421d1a0ca
gallery,Mikhail_Kasyanov,multi_image_gallery/Mikhail_Kasyanov/Mikhail_Kasyanov_0003.jpg,Mikhail_Kasyanov_0003.jpg,250,250,JPEG,RGB,7678,bacccb5aea2133441c4ab67823b04721e31bc0a904a66158494417a85f626d64
gallery,Mikhail_Youzhny,multi_image_gallery/Mikhail_Youzhny/Mikhail_Youzhny_0001.jpg,Mikhail_Youzhny_0001.jpg,250,250,JPEG,RGB,9989,a29ac82db116ad7acbb9a23e89880ffbdbaf6276a1a6902d292b3b39cb9d0845
gallery,Mikhail_Youzhny,multi_image_gallery/Mikhail_Youzhny/Mikhail_Youzhny_0002.jpg,Mikhail_Youzhny_0002.jpg,250,250,JPEG,RGB,9404,eaf184b35cd3a6c8152621e23b1f13d535c09a2f632a4507a4c84262bd28f210
gallery,Mikulas_Dzurinda,multi_image_gallery/Mikulas_Dzurinda/Mikulas_Dzurinda_0001.jpg,Mikulas_Dzurinda_0001.jpg,250,250,JPEG,RGB,7998,24b25014f21c68a9c65599b262579fb1dd31fb85b787cea6de0595da4b968b1c
gallery,Miroljub,multi_image_gallery/Miroljub/Miroljub_0001.jpg,Miroljub_0001.jpg,250,250,JPEG,RGB,7503,c9cf6e18d3629f3714e47b093f61d1fa48008e8210e9e11d571cdc07fc27460c
gallery,Mitchell_Daniels,multi_image_gallery/Mitchell_Daniels/Mitchell_Daniels_0001.jpg,Mitchell_Daniels_0001.jpg,250,250,JPEG,RGB,9041,97bed76371907e55d24a13ec348c457b1116af63f6374d9cc897924690bc2678
gallery,Mitchell_Daniels,multi_image_gallery/Mitchell_Daniels/Mitchell_Daniels_0002.jpg,Mitchell_Daniels_0002.jpg,250,250,JPEG,RGB,6883,e66bc5348211fb064512aa081899fc5c64a05b368ec162ed1eb10011bf73bb8c
gallery,Mitchell_Daniels,multi_image_gallery/Mitchell_Daniels/Mitchell_Daniels_0003.jpg,Mitchell_Daniels_0003.jpg,250,250,JPEG,RGB,6882,ed5ee4f9401ae04046ef732f9a38ea8013799eeb3153cffd56d33974ddae53db
gallery,Mitoji_Yabunaka,multi_image_gallery/Mitoji_Yabunaka/Mitoji_Yabunaka_0001.jpg,Mitoji_Yabunaka_0001.jpg,250,250,JPEG,RGB,10706,58e8317ecf0b196560bef19ad2426934c296dca6aabd9a77d88af0cea7c83657
gallery,Miyako_Miyazaki,multi_image_gallery/Miyako_Miyazaki/Miyako_Miyazaki_0001.jpg,Miyako_Miyazaki_0001.jpg,250,250,JPEG,RGB,8675,07b3aad97f96c5a5ad3f06fb96599bc77b74a15ed01a0f8198fd514cf39d3f40
gallery,Mohamed_Benaissa,multi_image_gallery/Mohamed_Benaissa/Mohamed_Benaissa_0001.jpg,Mohamed_Benaissa_0001.jpg,250,250,JPEG,RGB,9153,3e2c35ac1d8a513d381aa11c2b88adee3a3529792df9e13f845b287dbd45d525
gallery,Mohammad_Khatami,multi_image_gallery/Mohammad_Khatami/Mohammad_Khatami_0001.jpg,Mohammad_Khatami_0001.jpg,250,250,JPEG,RGB,8675,b979150dc503a9730304c101ae84e7bf3f92884fafefb66c6ddb55edc11e0271
gallery,Mohammad_Khatami,multi_image_gallery/Mohammad_Khatami/Mohammad_Khatami_0002.jpg,Mohammad_Khatami_0002.jpg,250,250,JPEG,RGB,9480,287dcd2d66dbfbe634f77f53d92831254723fff2d6455c50dc403216ddff55e8
gallery,Mohammad_Khatami,multi_image_gallery/Mohammad_Khatami/Mohammad_Khatami_0003.jpg,Mohammad_Khatami_0003.jpg,250,250,JPEG,RGB,7638,1560231882733d45dda00605d3bf22c24845acaa777c9edfebe3a249cd55eff3
gallery,Mohammad_Khatami,multi_image_gallery/Mohammad_Khatami/Mohammad_Khatami_0004.jpg,Mohammad_Khatami_0004.jpg,250,250,JPEG,RGB,10903,d8e164a1c8b96ddd9ad727411eaff17a84db5d1e2e7a4afb9765acb0f99a738b
gallery,Mohammad_Khatami,multi_image_gallery/Mohammad_Khatami/Mohammad_Khatami_0005.jpg,Mohammad_Khatami_0005.jpg,250,250,JPEG,RGB,10179,43a4ad14ca2f2a263e0a6a6420e5145baa186168ed81bbe111e8bb88d4dae81b
gallery,Mohammad_Khatami,multi_image_gallery/Mohammad_Khatami/Mohammad_Khatami_0006.jpg,Mohammad_Khatami_0006.jpg,250,250,JPEG,RGB,8394,96a7ea77d0007bb9208d034625c44b4268b959cabe80e7b4f90e96dc02fbbcef
gallery,Mohammad_Khatami,multi_image_gallery/Mohammad_Khatami/Mohammad_Khatami_0007.jpg,Mohammad_Khatami_0007.jpg,250,250,JPEG,RGB,9248,aa45c94574214674f04911b5f60428d874172eab33169dcda7f679e5880b947f
gallery,Mohammad_Khatami,multi_image_gallery/Mohammad_Khatami/Mohammad_Khatami_0008.jpg,Mohammad_Khatami_0008.jpg,250,250,JPEG,RGB,9903,2a45a0495231b6a952b5f368cdb73754aca13fe5656f5eeb5da42c5ea414cebc
gallery,Mohammad_Khatami,multi_image_gallery/Mohammad_Khatami/Mohammad_Khatami_0009.jpg,Mohammad_Khatami_0009.jpg,250,250,JPEG,RGB,10618,a03311124800c0ab5db3ae39155bf4591f5f2e1d751ade9afa3bca138dda7f1c
gallery,Monica_Bellucci,multi_image_gallery/Monica_Bellucci/Monica_Bellucci_0001.jpg,Monica_Bellucci_0001.jpg,250,250,JPEG,RGB,8260,5f5b5035e3f68a40224a21af91f35238d1dae9f7408ce68967199c484952cc48
gallery,Monica_Bellucci,multi_image_gallery/Monica_Bellucci/Monica_Bellucci_0002.jpg,Monica_Bellucci_0002.jpg,250,250,JPEG,RGB,8929,497b6ade4aba0e8e3f365e40828cd32524edf42bd3c8f37013290cc6a7695f58
gallery,Monica_Bellucci,multi_image_gallery/Monica_Bellucci/Monica_Bellucci_0003.jpg,Monica_Bellucci_0003.jpg,250,250,JPEG,RGB,9945,4d1a455f3d835579088789501c177617fdc65d1db0a92e2050c62d49331220bb
gallery,Monica_Seles,multi_image_gallery/Monica_Seles/Monica_Seles_0001.jpg,Monica_Seles_0001.jpg,250,250,JPEG,RGB,7892,6ba94bff7bf1860c0fcacdf595020882790d7b97a546c6e1132c89f0b5d04859
gallery,Monica_Seles,multi_image_gallery/Monica_Seles/Monica_Seles_0002.jpg,Monica_Seles_0002.jpg,250,250,JPEG,RGB,10301,ab290c60c32330ebe2dd3b28c20b97c04463f557a2f081a98f7df126ee47e38a
gallery,Monica_Seles,multi_image_gallery/Monica_Seles/Monica_Seles_0003.jpg,Monica_Seles_0003.jpg,250,250,JPEG,RGB,9886,34b6bae4d6a1adffe1afca8cdc0b16bec2b278d75ed5e69dead398bb77ecda0e
gallery,Monica_Seles,multi_image_gallery/Monica_Seles/Monica_Seles_0004.jpg,Monica_Seles_0004.jpg,250,250,JPEG,RGB,9518,780c5d2a86d34768b0d2ef3a670d05f042c2b3a0448048c541f4c22fef69173d
gallery,Monica_Seles,multi_image_gallery/Monica_Seles/Monica_Seles_0005.jpg,Monica_Seles_0005.jpg,250,250,JPEG,RGB,9569,d46ccbf0e224cb7afcc3faf20bb56b6e554b40323ae14c19fb0c60347e4c2250
gallery,Morgan_Freeman,multi_image_gallery/Morgan_Freeman/Morgan_Freeman_0001.jpg,Morgan_Freeman_0001.jpg,250,250,JPEG,RGB,7309,d01c77cad4eb89137192a5fca3f97a2297282fda523600604f5fd4eb887ba0f9
gallery,Munir_Akram,multi_image_gallery/Munir_Akram/Munir_Akram_0001.jpg,Munir_Akram_0001.jpg,250,250,JPEG,RGB,9915,4e7fdb2d4d9f45fec0f26b58a04c624d51f5a88cfcea535d8b20b2bc96adf329
gallery,Nabil_Shaath,multi_image_gallery/Nabil_Shaath/Nabil_Shaath_0001.jpg,Nabil_Shaath_0001.jpg,250,250,JPEG,RGB,9213,44bd5a772fff9de6a5e4ab854860047a405c66bda3a1a7c49aea371f6562492d
gallery,Nabil_Shaath,multi_image_gallery/Nabil_Shaath/Nabil_Shaath_0002.jpg,Nabil_Shaath_0002.jpg,250,250,JPEG,RGB,10100,244103f982db2f40ae9bcced57bc25bfc7812168ec7f1c5176c01d5498a7382b
gallery,Nadia_Petrova,multi_image_gallery/Nadia_Petrova/Nadia_Petrova_0001.jpg,Nadia_Petrova_0001.jpg,250,250,JPEG,RGB,8046,300d9f9a5c70ed508c8a9ac42d3fbfe1a3074ccac65ee5e3fc73534906b30810
gallery,Nadia_Petrova,multi_image_gallery/Nadia_Petrova/Nadia_Petrova_0002.jpg,Nadia_Petrova_0002.jpg,250,250,JPEG,RGB,7443,7a64a33b80caacda1fabeab6339cbdbd605762ec6a73f5deff4c0c45c371b4f2
gallery,Nadia_Petrova,multi_image_gallery/Nadia_Petrova/Nadia_Petrova_0003.jpg,Nadia_Petrova_0003.jpg,250,250,JPEG,RGB,9188,f139695cef3b24c8afd99f29946c5db2185e24a845ea0c48cdfc1868ce672117
gallery,Nadia_Petrova,multi_image_gallery/Nadia_Petrova/Nadia_Petrova_0004.jpg,Nadia_Petrova_0004.jpg,250,250,JPEG,RGB,8422,841392761eff3ab20484e98075bc1ea81b05fa5e3cbfc344da6c01cf5ed6e558
gallery,Nadine_Vinzens,multi_image_gallery/Nadine_Vinzens/Nadine_Vinzens_0001.jpg,Nadine_Vinzens_0001.jpg,250,250,JPEG,RGB,8294,ccb1d4ac2403b1d4c39b81fbba1b4d49de2cb42f145fb63c0159f3e543248054
gallery,Nancy_Pelosi,multi_image_gallery/Nancy_Pelosi/Nancy_Pelosi_0001.jpg,Nancy_Pelosi_0001.jpg,250,250,JPEG,RGB,9458,08ea6f68cfc6a550866b922052709bdd91442bbd94192c936328156605861dc3
gallery,Nancy_Pelosi,multi_image_gallery/Nancy_Pelosi/Nancy_Pelosi_0002.jpg,Nancy_Pelosi_0002.jpg,250,250,JPEG,RGB,6964,30c3e72421f948085fbf8261d39d98b95b99dd59b4b82925c32c04a5eb86b6ec
gallery,Nancy_Pelosi,multi_image_gallery/Nancy_Pelosi/Nancy_Pelosi_0003.jpg,Nancy_Pelosi_0003.jpg,250,250,JPEG,RGB,8874,34106c7e1520a86a3f44989fda6f4cd30022d06d452fc1cc4b2e7bc2c6428365
gallery,Nancy_Pelosi,multi_image_gallery/Nancy_Pelosi/Nancy_Pelosi_0004.jpg,Nancy_Pelosi_0004.jpg,250,250,JPEG,RGB,9513,d08e448ae7a2285c059cb703c5843274bb60880947986149ff0a22178babc5ea
gallery,Nancy_Pelosi,multi_image_gallery/Nancy_Pelosi/Nancy_Pelosi_0005.jpg,Nancy_Pelosi_0005.jpg,250,250,JPEG,RGB,10659,7d40f37b5b73a11a1b38cd18b5ddbfc0ad2f314364d88e8848244b49b0f9026e
gallery,Nancy_Pelosi,multi_image_gallery/Nancy_Pelosi/Nancy_Pelosi_0006.jpg,Nancy_Pelosi_0006.jpg,250,250,JPEG,RGB,10693,6644113d46e5ae9cf7422b97f9870f2cd08141fc07fd2afb429eee4068bd494e
gallery,Nancy_Pelosi,multi_image_gallery/Nancy_Pelosi/Nancy_Pelosi_0007.jpg,Nancy_Pelosi_0007.jpg,250,250,JPEG,RGB,9438,eb92c93be3156e0419869bfbe3cc7820a1a80a101a2fe8d7cb303a2276512d7f
gallery,Nancy_Pelosi,multi_image_gallery/Nancy_Pelosi/Nancy_Pelosi_0008.jpg,Nancy_Pelosi_0008.jpg,250,250,JPEG,RGB,9412,d2c35c7212a6ab77ab2d3839384c2f73d162188461afe95a87146044ec165cfe
gallery,Nancy_Pelosi,multi_image_gallery/Nancy_Pelosi/Nancy_Pelosi_0009.jpg,Nancy_Pelosi_0009.jpg,250,250,JPEG,RGB,10980,916b4e311e55197ecf18d72bd818ecc0a5ab6c97672a76b2356915ac78a0583b
gallery,Nancy_Pelosi,multi_image_gallery/Nancy_Pelosi/Nancy_Pelosi_0010.jpg,Nancy_Pelosi_0010.jpg,250,250,JPEG,RGB,8285,40dad5477120f23e459c1476b9093fe51e39b51521c719d7b1743b39f9648a92
gallery,Nancy_Reagan,multi_image_gallery/Nancy_Reagan/Nancy_Reagan_0001.jpg,Nancy_Reagan_0001.jpg,250,250,JPEG,RGB,8084,cd8eeb094dd30a1ee0c060849cab754cba13066361876bd869ed91ec87df8df5
gallery,Nanni_Moretti,multi_image_gallery/Nanni_Moretti/Nanni_Moretti_0001.jpg,Nanni_Moretti_0001.jpg,250,250,JPEG,RGB,9123,047083bfa03a66d1c4fa8a500af04bc3aac9b0d8c3cdfdaa302401e00238a7cf
gallery,Nasser_al-Kidwa,multi_image_gallery/Nasser_al-Kidwa/Nasser_al-Kidwa_0001.jpg,Nasser_al-Kidwa_0001.jpg,250,250,JPEG,RGB,9106,cf26427635a8978c35330df089663e931cc259eb8f18d6e8880393fa7bf4ca33
gallery,Nastassia_Kinski,multi_image_gallery/Nastassia_Kinski/Nastassia_Kinski_0001.jpg,Nastassia_Kinski_0001.jpg,250,250,JPEG,RGB,7582,1a4b61a691777a62c4fba6ec4ed86ec3f1b240753b09d2e9c631e325cb87a6e4
gallery,Natalie_Coughlin,multi_image_gallery/Natalie_Coughlin/Natalie_Coughlin_0001.jpg,Natalie_Coughlin_0001.jpg,250,250,JPEG,RGB,9377,2184f777db69b2d297ac862345e3c0f43de1a8eb2d9ab71cc3a31d3d3cd97936
gallery,Natalie_Coughlin,multi_image_gallery/Natalie_Coughlin/Natalie_Coughlin_0002.jpg,Natalie_Coughlin_0002.jpg,250,250,JPEG,RGB,12254,37a3b8e2613c5365c1e9e734ddc5ae2e9fbbb618dea4365ff7955765da8fce5b
gallery,Natalie_Coughlin,multi_image_gallery/Natalie_Coughlin/Natalie_Coughlin_0003.jpg,Natalie_Coughlin_0003.jpg,250,250,JPEG,RGB,10426,71efd036bdc3a22874c04d427ca347a6bbdbf63b22143c73a0a0d641918460b1
gallery,Natalie_Coughlin,multi_image_gallery/Natalie_Coughlin/Natalie_Coughlin_0004.jpg,Natalie_Coughlin_0004.jpg,250,250,JPEG,RGB,9985,15c56375160ee65d67c522c8b21a309295b0869771cfed8551ccef1e0db0db41
gallery,Natalie_Coughlin,multi_image_gallery/Natalie_Coughlin/Natalie_Coughlin_0005.jpg,Natalie_Coughlin_0005.jpg,250,250,JPEG,RGB,10398,f23ce5541ae9463d941165fa53e3844be992b94a0d475d05e2ee7365fbad9e7e
gallery,Natalie_Maines,multi_image_gallery/Natalie_Maines/Natalie_Maines_0001.jpg,Natalie_Maines_0001.jpg,250,250,JPEG,RGB,10663,9422a7bb8964ae0b6523d136a4ff13c8b1516bcc57ed5ac750e0ee80ed3d4e7c
gallery,Natalie_Maines,multi_image_gallery/Natalie_Maines/Natalie_Maines_0002.jpg,Natalie_Maines_0002.jpg,250,250,JPEG,RGB,8598,c4183bc5e76d539cc085e7f987be0af5882aa22bb36f374c9969579e706a09e8
gallery,Natalie_Maines,multi_image_gallery/Natalie_Maines/Natalie_Maines_0003.jpg,Natalie_Maines_0003.jpg,250,250,JPEG,RGB,8310,cbaeeb8efdc7337f3abc5cadceec842d5f912686ec5522a9a2678f28d69c68d7
gallery,Natalie_Maines,multi_image_gallery/Natalie_Maines/Natalie_Maines_0004.jpg,Natalie_Maines_0004.jpg,250,250,JPEG,RGB,9371,c4cbbbe95a891c8adadd4d5feba9154195e47587bc671960be4985a4df75aab9
gallery,Nelson_Mandela,multi_image_gallery/Nelson_Mandela/Nelson_Mandela_0001.jpg,Nelson_Mandela_0001.jpg,250,250,JPEG,RGB,7788,8cc677519f7a7b8aa33d7f4dfa44dbe58fc888ccb6be68e41d56e2b8d507f422
gallery,Nelson_Mandela,multi_image_gallery/Nelson_Mandela/Nelson_Mandela_0002.jpg,Nelson_Mandela_0002.jpg,250,250,JPEG,RGB,8946,2a1e9f4b6e543b7d6f273903da3224f2ae8351e4d0fb47a397209f42ffc89861
gallery,Nelson_Mandela,multi_image_gallery/Nelson_Mandela/Nelson_Mandela_0003.jpg,Nelson_Mandela_0003.jpg,250,250,JPEG,RGB,9321,37fd60981f472dd39985817f1684f853032f5920c46b7a752f0e117b4f3c2de0
gallery,Nestor_Kirchner,multi_image_gallery/Nestor_Kirchner/Nestor_Kirchner_0001.jpg,Nestor_Kirchner_0001.jpg,250,250,JPEG,RGB,11122,ddb1ce01ba2162625e2b0fb8558a1b43721570c51180043345910128c0302824
gallery,Nestor_Kirchner,multi_image_gallery/Nestor_Kirchner/Nestor_Kirchner_0002.jpg,Nestor_Kirchner_0002.jpg,250,250,JPEG,RGB,8248,f4df5f457557287a535c30abda2beda97a375f5f1dc9354ed8bc051f631305f3
gallery,Nestor_Kirchner,multi_image_gallery/Nestor_Kirchner/Nestor_Kirchner_0003.jpg,Nestor_Kirchner_0003.jpg,250,250,JPEG,RGB,9067,f62ca625935980780fe29d9e1dfaf77a96df7bb54f8eda3b5493a6ec5f50535a
gallery,Nestor_Kirchner,multi_image_gallery/Nestor_Kirchner/Nestor_Kirchner_0004.jpg,Nestor_Kirchner_0004.jpg,250,250,JPEG,RGB,10567,19bd70d8c36d2b4e3b9160c693e4bff3646948801256bbcd2e01c49df37f5bc0
gallery,Nestor_Kirchner,multi_image_gallery/Nestor_Kirchner/Nestor_Kirchner_0005.jpg,Nestor_Kirchner_0005.jpg,250,250,JPEG,RGB,8907,cc6c6570bed4b91db1768d517b1f4739d3fa4dc3fb5f380f0905ad0335e40b46
gallery,Nestor_Kirchner,multi_image_gallery/Nestor_Kirchner/Nestor_Kirchner_0006.jpg,Nestor_Kirchner_0006.jpg,250,250,JPEG,RGB,5014,e850fa78460490c18ed8ca42945883b7b112d3a5f5993ca92bd69048a44012db
gallery,Nestor_Kirchner,multi_image_gallery/Nestor_Kirchner/Nestor_Kirchner_0007.jpg,Nestor_Kirchner_0007.jpg,250,250,JPEG,RGB,7201,7f89cd03d9ffd8e21e605ac842e730d40ba2ba4b84ed937a6a5d12b0096c70ff
gallery,Nestor_Kirchner,multi_image_gallery/Nestor_Kirchner/Nestor_Kirchner_0008.jpg,Nestor_Kirchner_0008.jpg,250,250,JPEG,RGB,8467,e352afb1200114e149fa5dbbcb97a3aa28615248db05aece6ac6387f70cc83db
gallery,Nestor_Kirchner,multi_image_gallery/Nestor_Kirchner/Nestor_Kirchner_0009.jpg,Nestor_Kirchner_0009.jpg,250,250,JPEG,RGB,7412,72ef31ec9a758902d732c903f4d4bceae88f17ebae154140a87035c7b4e24e9e
gallery,Nestor_Kirchner,multi_image_gallery/Nestor_Kirchner/Nestor_Kirchner_0010.jpg,Nestor_Kirchner_0010.jpg,250,250,JPEG,RGB,7204,5b4430d647d02a0f69697bf0e87e72979a0be32c2afc4a7688b853a344b1ebd1
gallery,Nia_Vardalos,multi_image_gallery/Nia_Vardalos/Nia_Vardalos_0001.jpg,Nia_Vardalos_0001.jpg,250,250,JPEG,RGB,8901,cd1faf0ad3be5e6897460d8970672021bca061ecdc9f1b0e83f060049bae6ba4
gallery,Nia_Vardalos,multi_image_gallery/Nia_Vardalos/Nia_Vardalos_0002.jpg,Nia_Vardalos_0002.jpg,250,250,JPEG,RGB,8635,070741d73aa5f9d286f1898d81a718b154d1ca58987fe34ee690adb9a4066ada
gallery,Nia_Vardalos,multi_image_gallery/Nia_Vardalos/Nia_Vardalos_0003.jpg,Nia_Vardalos_0003.jpg,250,250,JPEG,RGB,9378,15233ca80313de31b5220f335c6461fcce63c6f26c1967104584bb174e0aa785
gallery,Nia_Vardalos,multi_image_gallery/Nia_Vardalos/Nia_Vardalos_0004.jpg,Nia_Vardalos_0004.jpg,250,250,JPEG,RGB,7894,9d533b654bc4bfb569a54e814283d9f03c0dd31ee6f7f6c1025012412015e515
gallery,Nicanor_Duarte_Frutos,multi_image_gallery/Nicanor_Duarte_Frutos/Nicanor_Duarte_Frutos_0001.jpg,Nicanor_Duarte_Frutos_0001.jpg,250,250,JPEG,RGB,7461,3a723855125c9816e6af28331bf0e3b6271e5166af023db547eed20fa1af60d7
gallery,Nicanor_Duarte_Frutos,multi_image_gallery/Nicanor_Duarte_Frutos/Nicanor_Duarte_Frutos_0002.jpg,Nicanor_Duarte_Frutos_0002.jpg,250,250,JPEG,RGB,7664,f4b6fc4385939dc2358a70d56d25c9602938e085d25a0c31c59434000f5aa00a
gallery,Nicanor_Duarte_Frutos,multi_image_gallery/Nicanor_Duarte_Frutos/Nicanor_Duarte_Frutos_0003.jpg,Nicanor_Duarte_Frutos_0003.jpg,250,250,JPEG,RGB,9813,358e08799ff4b356eef6a307e4ab38586061ce86c86a474a721e7a41564789f8
gallery,Nicanor_Duarte_Frutos,multi_image_gallery/Nicanor_Duarte_Frutos/Nicanor_Duarte_Frutos_0004.jpg,Nicanor_Duarte_Frutos_0004.jpg,250,250,JPEG,RGB,8427,20ec138fa7ef8593e2d22ac4d69722c2f97201a8482484c94e02e38f7c8beff2
gallery,Nicanor_Duarte_Frutos,multi_image_gallery/Nicanor_Duarte_Frutos/Nicanor_Duarte_Frutos_0005.jpg,Nicanor_Duarte_Frutos_0005.jpg,250,250,JPEG,RGB,9521,c0a91096a224a01fe3d29f1ef31ed52bfcc088a6e68e75a291f190fe68910cf6
gallery,Nicanor_Duarte_Frutos,multi_image_gallery/Nicanor_Duarte_Frutos/Nicanor_Duarte_Frutos_0006.jpg,Nicanor_Duarte_Frutos_0006.jpg,250,250,JPEG,RGB,9441,4a042d200e449531976af3da4e2183cf9042bb760d29a86d34530223f605cc08
gallery,Nicanor_Duarte_Frutos,multi_image_gallery/Nicanor_Duarte_Frutos/Nicanor_Duarte_Frutos_0007.jpg,Nicanor_Duarte_Frutos_0007.jpg,250,250,JPEG,RGB,12040,22d1c408e22e23ef2ef99b0b29923be036bb87211039243cb05599b316a76094
gallery,Nicanor_Duarte_Frutos,multi_image_gallery/Nicanor_Duarte_Frutos/Nicanor_Duarte_Frutos_0008.jpg,Nicanor_Duarte_Frutos_0008.jpg,250,250,JPEG,RGB,8700,561645a30d3a7f65cae73d052e288986090ec959c3e22ff2d6abe7a10a086c89
gallery,Nicanor_Duarte_Frutos,multi_image_gallery/Nicanor_Duarte_Frutos/Nicanor_Duarte_Frutos_0009.jpg,Nicanor_Duarte_Frutos_0009.jpg,250,250,JPEG,RGB,9863,e2e19b820e9cc6452b1ddc6c0cd5128466154e755202a7e5e82428db5bae2272
gallery,Nicanor_Duarte_Frutos,multi_image_gallery/Nicanor_Duarte_Frutos/Nicanor_Duarte_Frutos_0010.jpg,Nicanor_Duarte_Frutos_0010.jpg,250,250,JPEG,RGB,7251,b000fb84f73bc7909b9fec891fd8ba992f22ffff76ce4aa53333a6738eeead66
gallery,Nick_Nolte,multi_image_gallery/Nick_Nolte/Nick_Nolte_0001.jpg,Nick_Nolte_0001.jpg,250,250,JPEG,RGB,11351,aac2ec41c538a157f48826d81d510868ffed768857e9c949cbcf89cf6d1d685b
gallery,Nick_Nolte,multi_image_gallery/Nick_Nolte/Nick_Nolte_0002.jpg,Nick_Nolte_0002.jpg,250,250,JPEG,RGB,10059,dee68296b251ecc9f16cca1628f530331dfb001d4cacd5f1812103e7f60ac6a3
gallery,Nick_Nolte,multi_image_gallery/Nick_Nolte/Nick_Nolte_0003.jpg,Nick_Nolte_0003.jpg,250,250,JPEG,RGB,9612,2b95820fb9439b7b775364d3a88ecb1ed1429c48f6dfcbf755b077583775d459
gallery,Nick_Nolte,multi_image_gallery/Nick_Nolte/Nick_Nolte_0004.jpg,Nick_Nolte_0004.jpg,250,250,JPEG,RGB,8550,10389a025e56fb4dd66024f476c63ae8da70370490c4883c8d46e7f8380cf7ce
gallery,Nicolas_Lapentti,multi_image_gallery/Nicolas_Lapentti/Nicolas_Lapentti_0001.jpg,Nicolas_Lapentti_0001.jpg,250,250,JPEG,RGB,7529,db9b3d93083417af13a24ca235ae9e164be935a760331404350899e8c7656b3f
gallery,Noah_Wyle,multi_image_gallery/Noah_Wyle/Noah_Wyle_0001.jpg,Noah_Wyle_0001.jpg,250,250,JPEG,RGB,7946,fb198a88838c842e916142882c15170c11d1700ce318c1f97b83e4e571c2072f
gallery,Noah_Wyle,multi_image_gallery/Noah_Wyle/Noah_Wyle_0002.jpg,Noah_Wyle_0002.jpg,250,250,JPEG,RGB,8818,c3fc07f906b26db83a04afc3e7be8d08b4e64bda37602fc5f3bd94c71b9c1bb0
gallery,Nora_Bendijo,multi_image_gallery/Nora_Bendijo/Nora_Bendijo_0001.jpg,Nora_Bendijo_0001.jpg,250,250,JPEG,RGB,7629,206a9a381854c262f7fc6d6b2c8191765f42d74de3c1b4a97510168f731c276e
gallery,OJ_Simpson,multi_image_gallery/OJ_Simpson/OJ_Simpson_0001.jpg,OJ_Simpson_0001.jpg,250,250,JPEG,RGB,8219,2b8d6345445dcde79f4df572676a95cc5d0cb985ffb2ce749b4783171aac5c6c
gallery,Olesya_Bonabarenko,multi_image_gallery/Olesya_Bonabarenko/Olesya_Bonabarenko_0001.jpg,Olesya_Bonabarenko_0001.jpg,250,250,JPEG,RGB,7138,25638c1e958784a60fda08a55d3df10c0e627a2e3da73e4d8daac14d101e329f
gallery,Olivia_Newton-John,multi_image_gallery/Olivia_Newton-John/Olivia_Newton-John_0001.jpg,Olivia_Newton-John_0001.jpg,250,250,JPEG,RGB,8232,efa269f1e350c7f0e69755c8a2e5b41417dbfd5be82a08dcb0ee962efe358023
gallery,Omar_Sharif,multi_image_gallery/Omar_Sharif/Omar_Sharif_0001.jpg,Omar_Sharif_0001.jpg,250,250,JPEG,RGB,9789,565efa849c27d570feda423b34e657f809d926039039a15750a574f5f7d8b536
gallery,Omar_Sharif,multi_image_gallery/Omar_Sharif/Omar_Sharif_0002.jpg,Omar_Sharif_0002.jpg,250,250,JPEG,RGB,8735,15da7d463f214b1d3b4f328ff153c3028ad83f02e07379c739845308c7fbcc90
gallery,Omar_Sharif,multi_image_gallery/Omar_Sharif/Omar_Sharif_0003.jpg,Omar_Sharif_0003.jpg,250,250,JPEG,RGB,9073,3e676450e027d58d768262dd96b6b1eaed9959fa5849b741a7c72051e3f3ecac
gallery,Orlando_Bloom,multi_image_gallery/Orlando_Bloom/Orlando_Bloom_0001.jpg,Orlando_Bloom_0001.jpg,250,250,JPEG,RGB,9117,4b4dbaa339012ae11149a76ccb1ef8dd73a970cd16cbd2cceec5dde0999337af
gallery,Orlando_Bloom,multi_image_gallery/Orlando_Bloom/Orlando_Bloom_0002.jpg,Orlando_Bloom_0002.jpg,250,250,JPEG,RGB,10020,873f7b6109d418e1ae6cb9d178fb4d9b74d34f86757b48cd8213e335da3ac04a
gallery,Osama_bin_Laden,multi_image_gallery/Osama_bin_Laden/Osama_bin_Laden_0001.jpg,Osama_bin_Laden_0001.jpg,250,250,JPEG,RGB,10206,27b6a4fda5620776a6b1d89130d1749bd1b433d210f6f9e2e424e4da01e803b2
gallery,Osama_bin_Laden,multi_image_gallery/Osama_bin_Laden/Osama_bin_Laden_0002.jpg,Osama_bin_Laden_0002.jpg,250,250,JPEG,RGB,10235,d50ec51d7ae667d41b66a64958adeec0f54b48dab25592cd3012086b36a1c72a
gallery,Osama_bin_Laden,multi_image_gallery/Osama_bin_Laden/Osama_bin_Laden_0003.jpg,Osama_bin_Laden_0003.jpg,250,250,JPEG,RGB,10684,ef1ed5d28764fac7aff24ee0b067ccccb27ab2547b818c8ed439dc2b50540543
gallery,Oscar_De_La_Hoya,multi_image_gallery/Oscar_De_La_Hoya/Oscar_De_La_Hoya_0001.jpg,Oscar_De_La_Hoya_0001.jpg,250,250,JPEG,RGB,7942,b3c2fc755c0da04df0be83d19c1843d7b5e2aa281f510d65647b55070c134e16
gallery,Oscar_De_La_Hoya,multi_image_gallery/Oscar_De_La_Hoya/Oscar_De_La_Hoya_0002.jpg,Oscar_De_La_Hoya_0002.jpg,250,250,JPEG,RGB,8357,415e1ae70042c69469ac635409aff79b33ee1f382f48e34bb3dcc0a566f70b67
gallery,Oscar_De_La_Hoya,multi_image_gallery/Oscar_De_La_Hoya/Oscar_De_La_Hoya_0003.jpg,Oscar_De_La_Hoya_0003.jpg,250,250,JPEG,RGB,10729,101464db4208e6d2cc0d387b4dc46109d59ccd4845b755a6c69403faf72598a4
gallery,Oscar_De_La_Hoya,multi_image_gallery/Oscar_De_La_Hoya/Oscar_De_La_Hoya_0004.jpg,Oscar_De_La_Hoya_0004.jpg,250,250,JPEG,RGB,8546,09355985c1909e9863e4f47e9c527a94c4d9f37f4234c6f5eda191ffebed8191
gallery,Oscar_De_La_Hoya,multi_image_gallery/Oscar_De_La_Hoya/Oscar_De_La_Hoya_0005.jpg,Oscar_De_La_Hoya_0005.jpg,250,250,JPEG,RGB,8372,25479a48e7a6bd85aa0fab802350ab8b8bd1babfa9e125de9e4f67e4ec257ff7
gallery,Oscar_De_La_Hoya,multi_image_gallery/Oscar_De_La_Hoya/Oscar_De_La_Hoya_0006.jpg,Oscar_De_La_Hoya_0006.jpg,250,250,JPEG,RGB,10798,81b30705a17b64aec117a9bc87cb3670b46a45b01fd80ee6881effeb4eb4ff69
gallery,Oswaldo_Paya,multi_image_gallery/Oswaldo_Paya/Oswaldo_Paya_0001.jpg,Oswaldo_Paya_0001.jpg,250,250,JPEG,RGB,8407,45e572e04a14f6765668075d910bfd85c96670333a597d99189941577dd02ba3
gallery,Oswaldo_Paya,multi_image_gallery/Oswaldo_Paya/Oswaldo_Paya_0002.jpg,Oswaldo_Paya_0002.jpg,250,250,JPEG,RGB,9886,c122ab08d8e9cdfa046c3b73cafb0fc432b8154d95d1a575cf006db8b0399635
gallery,Oswaldo_Paya,multi_image_gallery/Oswaldo_Paya/Oswaldo_Paya_0003.jpg,Oswaldo_Paya_0003.jpg,250,250,JPEG,RGB,9630,be82878ec208394f2cd7c8ef5d251ce853268a330076a4c91b7f43ed58f69ea8
gallery,Oswaldo_Paya,multi_image_gallery/Oswaldo_Paya/Oswaldo_Paya_0004.jpg,Oswaldo_Paya_0004.jpg,250,250,JPEG,RGB,10609,c1da398c60c188aeece82ef7c3fa1d3e69f469a8998d1661de6c8c80a43e8554
gallery,Owen_Wilson,multi_image_gallery/Owen_Wilson/Owen_Wilson_0001.jpg,Owen_Wilson_0001.jpg,250,250,JPEG,RGB,6956,1d3386aa550ba43793e3be33a658c47ee68a3a77db70ea7df26209fb56323e31
gallery,Ozzy_Osbourne,multi_image_gallery/Ozzy_Osbourne/Ozzy_Osbourne_0001.jpg,Ozzy_Osbourne_0001.jpg,250,250,JPEG,RGB,10409,c54c44042044205cf68c6f692b59b74df7dd0a72bd28e4ef9da0e2b9054ab999
gallery,Ozzy_Osbourne,multi_image_gallery/Ozzy_Osbourne/Ozzy_Osbourne_0002.jpg,Ozzy_Osbourne_0002.jpg,250,250,JPEG,RGB,9646,c005f1bc0409348a352b5cbff0936b04f4e6c52f4180585bbc50fcedd9c2996c
gallery,Padraig_Harrington,multi_image_gallery/Padraig_Harrington/Padraig_Harrington_0001.jpg,Padraig_Harrington_0001.jpg,250,250,JPEG,RGB,6885,ee4a7c02848c7a35b38659b4b65be782fc5e60d39349fa0e3ea324afa2241aba
gallery,Padraig_Harrington,multi_image_gallery/Padraig_Harrington/Padraig_Harrington_0002.jpg,Padraig_Harrington_0002.jpg,250,250,JPEG,RGB,8768,c0783ed07c7a478c4194372c774a3012280060feccdd9a4f8994726177dab099
gallery,Padraig_Harrington,multi_image_gallery/Padraig_Harrington/Padraig_Harrington_0003.jpg,Padraig_Harrington_0003.jpg,250,250,JPEG,RGB,7622,0d04a5d1e940c2a2d64e65675bd68b1e933ecc903ef5c5a2af6605ef74e3c371
gallery,Pamela_Anderson,multi_image_gallery/Pamela_Anderson/Pamela_Anderson_0001.jpg,Pamela_Anderson_0001.jpg,250,250,JPEG,RGB,11468,ee64a9cd09ed3c353c638d73520c238793d595f30c4b13c96af83331afcefd69
gallery,Pamela_Anderson,multi_image_gallery/Pamela_Anderson/Pamela_Anderson_0002.jpg,Pamela_Anderson_0002.jpg,250,250,JPEG,RGB,10534,238e58a8e2b657ae89c82ac2b9c10a76b2a3c22982a3a6f9bea60ff356922b38
gallery,Pamela_Anderson,multi_image_gallery/Pamela_Anderson/Pamela_Anderson_0003.jpg,Pamela_Anderson_0003.jpg,250,250,JPEG,RGB,11314,944025df722370fbe7938e55869014d23d400e18894614936d49b993a68fab7c
gallery,Pamela_Anderson,multi_image_gallery/Pamela_Anderson/Pamela_Anderson_0004.jpg,Pamela_Anderson_0004.jpg,250,250,JPEG,RGB,9115,df959c5aadff5f4836db37690b4190fd549b6cd31ebde5692ef8ea0b8c578f17
gallery,Pascal_Lamy,multi_image_gallery/Pascal_Lamy/Pascal_Lamy_0001.jpg,Pascal_Lamy_0001.jpg,250,250,JPEG,RGB,10505,e21b6e7eefdd8c3b51392e38acf6fa2d7d6c33984094dbc4047b69eac90f5087
gallery,Pascal_Quignard,multi_image_gallery/Pascal_Quignard/Pascal_Quignard_0001.jpg,Pascal_Quignard_0001.jpg,250,250,JPEG,RGB,8344,98da89af1ab6b5582f10da64e10b71742be0aae8b69d63341a05d31e4ce85294
gallery,Pascal_Quignard,multi_image_gallery/Pascal_Quignard/Pascal_Quignard_0002.jpg,Pascal_Quignard_0002.jpg,250,250,JPEG,RGB,7419,34be5148a1b7d3ab9ad220ff759c52512cac4ec8b4f7168372ff1d3c6386de27
gallery,Pat_Cox,multi_image_gallery/Pat_Cox/Pat_Cox_0001.jpg,Pat_Cox_0001.jpg,250,250,JPEG,RGB,10798,8bfa9c89c46a786537ecee9fe5809ce6e9978a355a1bf6acbfbdf92d71e05edd
gallery,Patrice_Chereau,multi_image_gallery/Patrice_Chereau/Patrice_Chereau_0001.jpg,Patrice_Chereau_0001.jpg,250,250,JPEG,RGB,6736,3f0d5e27bdea7da9daff59c452a5ebf90d04e93302780e99a36269a7632147e2
gallery,Patricia_Clarkson,multi_image_gallery/Patricia_Clarkson/Patricia_Clarkson_0001.jpg,Patricia_Clarkson_0001.jpg,250,250,JPEG,RGB,9458,8e63f74d8b587d57a3a4dba1cc2b8ee16b7797eaa9865329132fb73dcbca1a46
gallery,Patricia_Clarkson,multi_image_gallery/Patricia_Clarkson/Patricia_Clarkson_0002.jpg,Patricia_Clarkson_0002.jpg,250,250,JPEG,RGB,9721,32929352869e37c5348b80e3f5b1538271ba9891ce3f4e896b73a4f786e0c47c
gallery,Patricia_Clarkson,multi_image_gallery/Patricia_Clarkson/Patricia_Clarkson_0003.jpg,Patricia_Clarkson_0003.jpg,250,250,JPEG,RGB,12561,7c287a1102e3bc49f2f01a7815b4458a223aab8e38b6cee0b9426c79c908b102
gallery,Patricia_Heaton,multi_image_gallery/Patricia_Heaton/Patricia_Heaton_0001.jpg,Patricia_Heaton_0001.jpg,250,250,JPEG,RGB,11325,cd4a70f6b7886d3fdee20d7219fbb28b042d1fad78feb7a48c1c507a880f3613
gallery,Patrick_Ewing,multi_image_gallery/Patrick_Ewing/Patrick_Ewing_0001.jpg,Patrick_Ewing_0001.jpg,250,250,JPEG,RGB,8251,c629ddfe3c84b09f5bee50a0b359b37486feeb31e1908e04592ff24881f1928b
gallery,Patrick_Leahy,multi_image_gallery/Patrick_Leahy/Patrick_Leahy_0001.jpg,Patrick_Leahy_0001.jpg,250,250,JPEG,RGB,7512,a06b2e026b0ba799c7193c1af8df4f5bef99cd77f9d6d7a43380e5239dfce482
gallery,Patti_Labelle,multi_image_gallery/Patti_Labelle/Patti_Labelle_0001.jpg,Patti_Labelle_0001.jpg,250,250,JPEG,RGB,10076,cafa89c5c7dfe89957bb9258b9a00931e5870eccfb48f742d5a451e0b3601dba
gallery,Patti_Labelle,multi_image_gallery/Patti_Labelle/Patti_Labelle_0002.jpg,Patti_Labelle_0002.jpg,250,250,JPEG,RGB,9748,4710b827425d6c69fc262c6a9e061011837615365e3fe29717cfbb41959cdb40
gallery,Patty_Schnyder,multi_image_gallery/Patty_Schnyder/Patty_Schnyder_0001.jpg,Patty_Schnyder_0001.jpg,250,250,JPEG,RGB,11124,9f64a52656bed24c49a04012837834f370e168e139ea943b7943d5fbba655009
gallery,Patty_Schnyder,multi_image_gallery/Patty_Schnyder/Patty_Schnyder_0002.jpg,Patty_Schnyder_0002.jpg,250,250,JPEG,RGB,9695,c9820f1b6038794e9c8dd6304eecd1fec52de7e38893d0e78f275cf7fb677425
gallery,Patty_Schnyder,multi_image_gallery/Patty_Schnyder/Patty_Schnyder_0003.jpg,Patty_Schnyder_0003.jpg,250,250,JPEG,RGB,8864,3b11bab7305cd97d62d757306e44f98c45909609a9517052eacf9feb9f47c39e
gallery,Paul-Henri_Mathieu,multi_image_gallery/Paul-Henri_Mathieu/Paul-Henri_Mathieu_0001.jpg,Paul-Henri_Mathieu_0001.jpg,250,250,JPEG,RGB,8783,245bf33accfa21f88d8a0057f35bbd72aec21c13bcb6f68d6f6127f4b59a7b42
gallery,Paul-Henri_Mathieu,multi_image_gallery/Paul-Henri_Mathieu/Paul-Henri_Mathieu_0002.jpg,Paul-Henri_Mathieu_0002.jpg,250,250,JPEG,RGB,9928,7820de97ba065ac6d5a0a9601889f4b4af45d9afa1d30476ce4af4d75b73d35f
gallery,Paul_Bremer,multi_image_gallery/Paul_Bremer/Paul_Bremer_0001.jpg,Paul_Bremer_0001.jpg,250,250,JPEG,RGB,9319,19f0b789b5e61edbf3e6983a4f537f36b48862237e5da4340084729bee4adc53
gallery,Paul_Bremer,multi_image_gallery/Paul_Bremer/Paul_Bremer_0002.jpg,Paul_Bremer_0002.jpg,250,250,JPEG,RGB,8994,b2c2bfbe7f840373eb438adb16d7f04b502b399d2826526618e353efc7839ee6
gallery,Paul_Bremer,multi_image_gallery/Paul_Bremer/Paul_Bremer_0003.jpg,Paul_Bremer_0003.jpg,250,250,JPEG,RGB,9683,94fec58c4aa43cac65940d522dedef91d80a5b26b099d52e034bc5f6c6af41c8
gallery,Paul_Bremer,multi_image_gallery/Paul_Bremer/Paul_Bremer_0004.jpg,Paul_Bremer_0004.jpg,250,250,JPEG,RGB,9425,402d16b071b77cb3c5ece5bbd89c5687ea94760b5ab5cdfddad6f9a6e7292450
gallery,Paul_Bremer,multi_image_gallery/Paul_Bremer/Paul_Bremer_0005.jpg,Paul_Bremer_0005.jpg,250,250,JPEG,RGB,10172,f163468d3ee7d500f7e163df484ee65ddf97a3cef87656238670cdcc778eff1e
gallery,Paul_Bremer,multi_image_gallery/Paul_Bremer/Paul_Bremer_0006.jpg,Paul_Bremer_0006.jpg,250,250,JPEG,RGB,6636,4ba47b1b7532a551543fc16ada0b3fd1d121d27b0e74605da1b3b245beaf08bf
gallery,Paul_Bremer,multi_image_gallery/Paul_Bremer/Paul_Bremer_0007.jpg,Paul_Bremer_0007.jpg,250,250,JPEG,RGB,8685,e782787ece216a1474b56138e2136fe40c3917d4276fabc2237f93abe9d122d8
gallery,Paul_Bremer,multi_image_gallery/Paul_Bremer/Paul_Bremer_0008.jpg,Paul_Bremer_0008.jpg,250,250,JPEG,RGB,8382,1e64b1592c2f186a6837513b8638f56e239fbdef9fc1c860e6a386888e775d72
gallery,Paul_Bremer,multi_image_gallery/Paul_Bremer/Paul_Bremer_0009.jpg,Paul_Bremer_0009.jpg,250,250,JPEG,RGB,7267,b84c01432122d59028fea4e64156b07153af740aae1dce7f44cad15c89eb4ae8
gallery,Paul_Bremer,multi_image_gallery/Paul_Bremer/Paul_Bremer_0010.jpg,Paul_Bremer_0010.jpg,250,250,JPEG,RGB,9516,03cd3c4d26757d268cc8a2ea11e74e0723b82eef107836dd557bd2bcc61dd65f
gallery,Paul_Byrd,multi_image_gallery/Paul_Byrd/Paul_Byrd_0001.jpg,Paul_Byrd_0001.jpg,250,250,JPEG,RGB,9061,36fd7206249bdd4fe9c67c496706de237d97ef79167acfdf54c0eab71c6daa66
gallery,Paul_McCartney,multi_image_gallery/Paul_McCartney/Paul_McCartney_0001.jpg,Paul_McCartney_0001.jpg,250,250,JPEG,RGB,8293,8cc9f06184d5e70253af03d35462518faf7db30259a9e3189fcdda045a840e04
gallery,Paul_McCartney,multi_image_gallery/Paul_McCartney/Paul_McCartney_0002.jpg,Paul_McCartney_0002.jpg,250,250,JPEG,RGB,10123,dfe23f5535e3c24c067ecfe127766bac179ed27293f2eeb1511c12ab6a9cbc86
gallery,Paul_McCartney,multi_image_gallery/Paul_McCartney/Paul_McCartney_0003.jpg,Paul_McCartney_0003.jpg,250,250,JPEG,RGB,10621,24a1aaec9639e19a3738d9f389d1f41606ac71598070764a0ab3e8e9018cf67e
gallery,Paul_McCartney,multi_image_gallery/Paul_McCartney/Paul_McCartney_0004.jpg,Paul_McCartney_0004.jpg,250,250,JPEG,RGB,9610,c64dfb8350aa4c4a5c23b33a7479c5f229ed7c65d66d69f5b03852489aacc5de
gallery,Paul_McCartney,multi_image_gallery/Paul_McCartney/Paul_McCartney_0005.jpg,Paul_McCartney_0005.jpg,250,250,JPEG,RGB,8227,2d5ba00b5d332b0298e1d8caeb6ea947bf7a12f6e05f3a669d0e926ae4237ccd
gallery,Paul_McCartney,multi_image_gallery/Paul_McCartney/Paul_McCartney_0006.jpg,Paul_McCartney_0006.jpg,250,250,JPEG,RGB,10137,de121851096fc8302d721c70a5f066bf423f47866f73c9729914449c07b64af2
gallery,Paul_McNulty,multi_image_gallery/Paul_McNulty/Paul_McNulty_0001.jpg,Paul_McNulty_0001.jpg,250,250,JPEG,RGB,8446,48ed8630bd55982a1405e7296dd61ace81ea20791fd4ec3cb9156b39b37ac0e8
gallery,Paul_ONeill,multi_image_gallery/Paul_ONeill/Paul_ONeill_0001.jpg,Paul_ONeill_0001.jpg,250,250,JPEG,RGB,8291,640effefb095f75e959dc643a7c30297e54cc4e9565d5bf20dccc970b5f5162a
gallery,Paul_ONeill,multi_image_gallery/Paul_ONeill/Paul_ONeill_0002.jpg,Paul_ONeill_0002.jpg,250,250,JPEG,RGB,8006,6f2cd799b5c62adbd9283923624bcea1d107d67e4b899331c751c656a740ad18
gallery,Paul_ONeill,multi_image_gallery/Paul_ONeill/Paul_ONeill_0003.jpg,Paul_ONeill_0003.jpg,250,250,JPEG,RGB,8504,7037e90f34cdfde32b6d7d81b654e09f5ab22df0e3273c0d9afe966d13d6eb45
gallery,Paul_ONeill,multi_image_gallery/Paul_ONeill/Paul_ONeill_0004.jpg,Paul_ONeill_0004.jpg,250,250,JPEG,RGB,9087,cf53584674b6e3389352aa14bfa1dc460a3b61c6de1b976267dc8467e04a35b2
gallery,Paul_ONeill,multi_image_gallery/Paul_ONeill/Paul_ONeill_0005.jpg,Paul_ONeill_0005.jpg,250,250,JPEG,RGB,7244,32675e4f5c561988720df175e4cdf2b8d8a74311a860dd1e987f6fa0c7c30e80
gallery,Paul_ONeill,multi_image_gallery/Paul_ONeill/Paul_ONeill_0006.jpg,Paul_ONeill_0006.jpg,250,250,JPEG,RGB,8717,04cee69383172f39f80c35843ae8e1239264934734fe7d5d0df04324ce04c4a4
gallery,Paul_ONeill,multi_image_gallery/Paul_ONeill/Paul_ONeill_0007.jpg,Paul_ONeill_0007.jpg,250,250,JPEG,RGB,6902,d95df647116a5f5043867f5ed9274c437b594617dff1ab24952453d184621f93
gallery,Paul_ONeill,multi_image_gallery/Paul_ONeill/Paul_ONeill_0008.jpg,Paul_ONeill_0008.jpg,250,250,JPEG,RGB,8321,d987464323a67909b2cd5ed9e2ff9791a3bbbfc97e0278f8114dece08a4f1ea3
gallery,Paul_Patton,multi_image_gallery/Paul_Patton/Paul_Patton_0001.jpg,Paul_Patton_0001.jpg,250,250,JPEG,RGB,7572,75d434c3368343f6e6029d74586c7fec97d7b6841c0613fc1b9b3bb73c8f6c56
gallery,Paul_Pierce,multi_image_gallery/Paul_Pierce/Paul_Pierce_0001.jpg,Paul_Pierce_0001.jpg,250,250,JPEG,RGB,8141,e963c50100647405ab973055db39589e06d17136fd1becbc36f36934b6f47372
gallery,Paul_William_Hurley,multi_image_gallery/Paul_William_Hurley/Paul_William_Hurley_0001.jpg,Paul_William_Hurley_0001.jpg,250,250,JPEG,RGB,8245,25b6a704b674294eb97c90d31467a1fe484c9f5586c298b60f19697c2083a9b3
gallery,Paula_Radcliffe,multi_image_gallery/Paula_Radcliffe/Paula_Radcliffe_0001.jpg,Paula_Radcliffe_0001.jpg,250,250,JPEG,RGB,9953,11d6d3db0a9272baaa7165b6ec5a1fcaddda692669cff6aa201faa81e34f891c
gallery,Paula_Radcliffe,multi_image_gallery/Paula_Radcliffe/Paula_Radcliffe_0002.jpg,Paula_Radcliffe_0002.jpg,250,250,JPEG,RGB,9333,fd0ff339a4c2d2ddb0fe08356a734779bd6587d1e56d5a4bae4c1660b9a09bfd
gallery,Paula_Radcliffe,multi_image_gallery/Paula_Radcliffe/Paula_Radcliffe_0003.jpg,Paula_Radcliffe_0003.jpg,250,250,JPEG,RGB,7387,711cd3a11c8c6f4741b5bb6b45ad387a7616829dae85ad1d3ff7db30b25cdd10
gallery,Paula_Radcliffe,multi_image_gallery/Paula_Radcliffe/Paula_Radcliffe_0004.jpg,Paula_Radcliffe_0004.jpg,250,250,JPEG,RGB,10095,e9f71c1c58dd7b6b1f7b60d055a65c31ac51f5c321ecc31ac7526e626e3856b2
gallery,Paula_Radcliffe,multi_image_gallery/Paula_Radcliffe/Paula_Radcliffe_0005.jpg,Paula_Radcliffe_0005.jpg,250,250,JPEG,RGB,9201,aa3348e3e25456f281865fedb1ce24481a5cf81c1d298f74f53200e212fb7949
gallery,Paula_Zahn,multi_image_gallery/Paula_Zahn/Paula_Zahn_0001.jpg,Paula_Zahn_0001.jpg,250,250,JPEG,RGB,7997,9c3d4baf25b65fda3c0a6a1c9820ed9e5f65e8e4aeb545dfa717d5bf87519f66
gallery,Paulo_Cesar_Pinheiro,multi_image_gallery/Paulo_Cesar_Pinheiro/Paulo_Cesar_Pinheiro_0001.jpg,Paulo_Cesar_Pinheiro_0001.jpg,250,250,JPEG,RGB,8128,ae4a8c84a0d821647f14e6b6119dca3a50cda063ed8b496f04d476b24cde137d
gallery,Pedro_Malan,multi_image_gallery/Pedro_Malan/Pedro_Malan_0001.jpg,Pedro_Malan_0001.jpg,250,250,JPEG,RGB,8861,336c53b892620ab19947835051f91ed548cb8e9c6d31af958cb8a879844e2fe7
gallery,Pedro_Malan,multi_image_gallery/Pedro_Malan/Pedro_Malan_0002.jpg,Pedro_Malan_0002.jpg,250,250,JPEG,RGB,8890,0cc08ffd08a482ae1a40ada3730cc80a640ae819ac8cff241a82a03057ebb645
gallery,Pedro_Malan,multi_image_gallery/Pedro_Malan/Pedro_Malan_0003.jpg,Pedro_Malan_0003.jpg,250,250,JPEG,RGB,6523,039e8143ee9fd34a15e75a3aed610640204be3d01d803efdd2647b435caf9f61
gallery,Pedro_Malan,multi_image_gallery/Pedro_Malan/Pedro_Malan_0004.jpg,Pedro_Malan_0004.jpg,250,250,JPEG,RGB,10266,a1ebea8c136cd4f8b706f9c9a1527e43c7a8cf3eda81dc38a686f4c77c5ab9f5
gallery,Pedro_Solbes,multi_image_gallery/Pedro_Solbes/Pedro_Solbes_0001.jpg,Pedro_Solbes_0001.jpg,250,250,JPEG,RGB,7335,cbb10a95733dc070612593dd28c009d86111e55eff7a96f3574c98b51c8b0146
gallery,Pedro_Solbes,multi_image_gallery/Pedro_Solbes/Pedro_Solbes_0002.jpg,Pedro_Solbes_0002.jpg,250,250,JPEG,RGB,8484,e1ee1685fffe8357853ffd1cb93d163dba2f3b37c073377d1366c978692d1307
gallery,Pedro_Solbes,multi_image_gallery/Pedro_Solbes/Pedro_Solbes_0003.jpg,Pedro_Solbes_0003.jpg,250,250,JPEG,RGB,7108,e4b43a6cc8f61c86c38d84cb6447a7f1ae29cadc8c78c97c0e13285d942fbb28
gallery,Penelope_Ann_Miller,multi_image_gallery/Penelope_Ann_Miller/Penelope_Ann_Miller_0001.jpg,Penelope_Ann_Miller_0001.jpg,250,250,JPEG,RGB,7996,93e379d677da7b29e1657e436e3228e80a468045134a03b919d2b612676c61f2
gallery,Pete_Rose,multi_image_gallery/Pete_Rose/Pete_Rose_0001.jpg,Pete_Rose_0001.jpg,250,250,JPEG,RGB,9570,ccf018a2ea926e62fc84fff62971d653d58a22f58753728ce3be3538d2a24b20
gallery,Pete_Sampras,multi_image_gallery/Pete_Sampras/Pete_Sampras_0001.jpg,Pete_Sampras_0001.jpg,250,250,JPEG,RGB,11424,1513feab1767f0461e2fb6222750752bf3369a4b0628154bacf190a388b7ff39
gallery,Pete_Sampras,multi_image_gallery/Pete_Sampras/Pete_Sampras_0002.jpg,Pete_Sampras_0002.jpg,250,250,JPEG,RGB,9426,d78dbcc6a303a9d9418a7c65f0390b4df33dd7833e42c87a8ecc517979c1c477
gallery,Pete_Sampras,multi_image_gallery/Pete_Sampras/Pete_Sampras_0003.jpg,Pete_Sampras_0003.jpg,250,250,JPEG,RGB,10124,ec6be848b1a6e6acc58dd873443d072520e5db2f667bd16c77d0d8fad57d27db
gallery,Pete_Sampras,multi_image_gallery/Pete_Sampras/Pete_Sampras_0004.jpg,Pete_Sampras_0004.jpg,250,250,JPEG,RGB,9015,7356ccb2bfae97a74f48312dc659dddaeff5e54d07cbfe91212e25f8e72b6cce
gallery,Pete_Sampras,multi_image_gallery/Pete_Sampras/Pete_Sampras_0005.jpg,Pete_Sampras_0005.jpg,250,250,JPEG,RGB,9178,277e1e857bcf02333e4d9b21bc74a0ea1216d0456297859c8232732e4d88f672
gallery,Pete_Sampras,multi_image_gallery/Pete_Sampras/Pete_Sampras_0006.jpg,Pete_Sampras_0006.jpg,250,250,JPEG,RGB,9236,ecba4ed8d11485e1243359445344ad4b7b7d8bd2ff8112569216e6fb8e0263d1
gallery,Pete_Sampras,multi_image_gallery/Pete_Sampras/Pete_Sampras_0007.jpg,Pete_Sampras_0007.jpg,250,250,JPEG,RGB,11637,84d904f11e03050283032bc9ac05429e17a2f85107f7d4ac2b6963609c30e1a5
gallery,Pete_Sampras,multi_image_gallery/Pete_Sampras/Pete_Sampras_0008.jpg,Pete_Sampras_0008.jpg,250,250,JPEG,RGB,6511,c3b0cf665fda920aadd91fa6bdcbd61deeace0cce1e013d9c99c1667c72ed242
gallery,Pete_Sampras,multi_image_gallery/Pete_Sampras/Pete_Sampras_0009.jpg,Pete_Sampras_0009.jpg,250,250,JPEG,RGB,10749,f8044541ac987d0a6930fb866933d2312fd3b934897dbf97ba3b822d106a8f4e
gallery,Pete_Sampras,multi_image_gallery/Pete_Sampras/Pete_Sampras_0010.jpg,Pete_Sampras_0010.jpg,250,250,JPEG,RGB,10016,35c3c9c549d6b39c8b6927bcaaaf8bf2912f8762273a2ce751713c5559076e1d
gallery,Peter_Arnett,multi_image_gallery/Peter_Arnett/Peter_Arnett_0001.jpg,Peter_Arnett_0001.jpg,250,250,JPEG,RGB,9737,270b4900b943c66a87026c8f9c15dd1a1e6df6f9fb360912dfc6ea08f9467ddc
gallery,Peter_Arnett,multi_image_gallery/Peter_Arnett/Peter_Arnett_0002.jpg,Peter_Arnett_0002.jpg,250,250,JPEG,RGB,9781,caf9623cd8e675182613a125d6ed19f5ad4e04c3cdc92a7508a88157aba50fc0
gallery,Peter_Bacanovic,multi_image_gallery/Peter_Bacanovic/Peter_Bacanovic_0001.jpg,Peter_Bacanovic_0001.jpg,250,250,JPEG,RGB,9964,76de2936a4cd1b49a84ca096fda6aae35749a66f8ee6b298819d2ed5e0f061f9
gallery,Peter_Greenaway,multi_image_gallery/Peter_Greenaway/Peter_Greenaway_0001.jpg,Peter_Greenaway_0001.jpg,250,250,JPEG,RGB,8853,c91951119b577c5498aa9e644e6dc832a60f7613b55b4ea67e2ec7ec931c2925
gallery,Peter_Harrison,multi_image_gallery/Peter_Harrison/Peter_Harrison_0001.jpg,Peter_Harrison_0001.jpg,250,250,JPEG,RGB,8494,c032cca1229f8c055ebe675c5369f3d48f2cf5be5e82ff6b0ce7150e932acf72
gallery,Peter_Hillary,multi_image_gallery/Peter_Hillary/Peter_Hillary_0001.jpg,Peter_Hillary_0001.jpg,250,250,JPEG,RGB,10543,3f711025dcc54a8cc53c2d5a466001330b8653d94da48e14f082582019bd14c7
gallery,Peter_Struck,multi_image_gallery/Peter_Struck/Peter_Struck_0001.jpg,Peter_Struck_0001.jpg,250,250,JPEG,RGB,8190,947976886b7661c16890c000dfcaf7ea1c15f6fae55618200442181b4fd5be2c
gallery,Peter_Struck,multi_image_gallery/Peter_Struck/Peter_Struck_0002.jpg,Peter_Struck_0002.jpg,250,250,JPEG,RGB,8157,1cf580f586c2b5fe2430f083b08e302ddc42d81a6df9c9d55c41c2bb1f591785
gallery,Peter_Struck,multi_image_gallery/Peter_Struck/Peter_Struck_0003.jpg,Peter_Struck_0003.jpg,250,250,JPEG,RGB,11419,0f1d1d06594d72543e78448976dcc87fdeeb79c148a8d39d61fe008422ba32cc
gallery,Peter_Struck,multi_image_gallery/Peter_Struck/Peter_Struck_0004.jpg,Peter_Struck_0004.jpg,250,250,JPEG,RGB,8389,fb2acd46d82184e9e4ed0a816335221be29e2c699217b083571c71b0d795860f
gallery,Phil_Mickelson,multi_image_gallery/Phil_Mickelson/Phil_Mickelson_0001.jpg,Phil_Mickelson_0001.jpg,250,250,JPEG,RGB,8407,96f06190aa9e22adaca07ad5a83228e55ca8cd598359af4a040b2f8fa5163987
gallery,Phil_Vassar,multi_image_gallery/Phil_Vassar/Phil_Vassar_0001.jpg,Phil_Vassar_0001.jpg,250,250,JPEG,RGB,9414,a273330aa9fd00b28ce3633d2b0993f9d1769c491f1ce2adbf3a30e01c2d6876
gallery,Prince_Edward,multi_image_gallery/Prince_Edward/Prince_Edward_0001.jpg,Prince_Edward_0001.jpg,250,250,JPEG,RGB,8246,363123983f06527af9033bc0aa44906f50beaf5700b2f8fa893dce8ba32f50fe
gallery,Prince_Harry,multi_image_gallery/Prince_Harry/Prince_Harry_0001.jpg,Prince_Harry_0001.jpg,250,250,JPEG,RGB,11227,1f7be2f14359e72710123f89a1e1cf9face9da6cb137b33503aea00ac6ea34ff
gallery,Prince_Harry,multi_image_gallery/Prince_Harry/Prince_Harry_0002.jpg,Prince_Harry_0002.jpg,250,250,JPEG,RGB,9079,9e3edb950e9e671e59d854c67ca318f6b6dadfff849a245259d6c153897835a5
gallery,Prince_Naruhito,multi_image_gallery/Prince_Naruhito/Prince_Naruhito_0001.jpg,Prince_Naruhito_0001.jpg,250,250,JPEG,RGB,9267,95a95f0a70cacbaab0a6abe312d70bfbe2b047d9504b8816722c33a27bafffe7
gallery,Prince_Naruhito,multi_image_gallery/Prince_Naruhito/Prince_Naruhito_0002.jpg,Prince_Naruhito_0002.jpg,250,250,JPEG,RGB,8977,eec5763084df351dd679fff23c9f9af0144b6ba465dd0b3bed457353bcc15380
gallery,Prince_Willem-Alexander,multi_image_gallery/Prince_Willem-Alexander/Prince_Willem-Alexander_0001.jpg,Prince_Willem-Alexander_0001.jpg,250,250,JPEG,RGB,9305,2c88c9788895be5ff0df05b92e3c492646dab9c8c3a9191d6ca99698aaf67b35
gallery,Prince_Willem-Alexander,multi_image_gallery/Prince_Willem-Alexander/Prince_Willem-Alexander_0002.jpg,Prince_Willem-Alexander_0002.jpg,250,250,JPEG,RGB,9161,79227df24828bce36f4959a0092c149729df4621f6d320791920b3d15d9637c6
gallery,Princess_Aiko,multi_image_gallery/Princess_Aiko/Princess_Aiko_0001.jpg,Princess_Aiko_0001.jpg,250,250,JPEG,RGB,7730,28e1fcd909b9055493e7cf7c7be0f56d8d7d5ebeaf097f05cf83ab0d8aae9803
gallery,Priscilla_Owen,multi_image_gallery/Priscilla_Owen/Priscilla_Owen_0001.jpg,Priscilla_Owen_0001.jpg,250,250,JPEG,RGB,8160,db99a05b6d2c1c9ec5cf2122ac80699b6266725129ca7572e5523a510bae9525
gallery,Priscilla_Presley,multi_image_gallery/Priscilla_Presley/Priscilla_Presley_0001.jpg,Priscilla_Presley_0001.jpg,250,250,JPEG,RGB,9788,bf4e84fc031f59e96d655abc7d39f910a5ebbf1747aa1cfb5478894864d861f5
gallery,Pupi_Avati,multi_image_gallery/Pupi_Avati/Pupi_Avati_0001.jpg,Pupi_Avati_0001.jpg,250,250,JPEG,RGB,9656,b1197b2d5336897b574a2d644b7c52311695017d55edd2a651dd3a558c6bf6c4
gallery,Pupi_Avati,multi_image_gallery/Pupi_Avati/Pupi_Avati_0002.jpg,Pupi_Avati_0002.jpg,250,250,JPEG,RGB,8976,a1d93c9b5f12fa9165dba9489d451f637ea74f86451117140ed7676f309ee923
gallery,Pupi_Avati,multi_image_gallery/Pupi_Avati/Pupi_Avati_0003.jpg,Pupi_Avati_0003.jpg,250,250,JPEG,RGB,9067,b3f185eecac80beda53d361db03e720f3543923a0c06e269f49c0c810aa7417f
gallery,Queen_Beatrix,multi_image_gallery/Queen_Beatrix/Queen_Beatrix_0001.jpg,Queen_Beatrix_0001.jpg,250,250,JPEG,RGB,10588,96fa43fcffdeb54b3d374a00b3d3aaa4ce371bcf41762328051d264ef343180f
gallery,Queen_Beatrix,multi_image_gallery/Queen_Beatrix/Queen_Beatrix_0002.jpg,Queen_Beatrix_0002.jpg,250,250,JPEG,RGB,11286,bcdaa9e390572cf244ef165a39b693d2d317765060f98df6b0b51e24a57fa0ef
gallery,Queen_Beatrix,multi_image_gallery/Queen_Beatrix/Queen_Beatrix_0003.jpg,Queen_Beatrix_0003.jpg,250,250,JPEG,RGB,8386,6be2db95c90bde37fefb61c076a3b0c6d3b0845c368a2635e3526d932e895ca7
gallery,Raghad_Saddam_Hussein,multi_image_gallery/Raghad_Saddam_Hussein/Raghad_Saddam_Hussein_0001.jpg,Raghad_Saddam_Hussein_0001.jpg,250,250,JPEG,RGB,10635,31a65f6326768b4350c84045daf507d62f10a1ab28c36a332ae002ab39b9a813
gallery,Ralph_Lauren,multi_image_gallery/Ralph_Lauren/Ralph_Lauren_0001.jpg,Ralph_Lauren_0001.jpg,250,250,JPEG,RGB,7470,53f83f0f782a1ff86012d6871b96721565334f1cfb4c3aa18b3bea51b34e6dae
gallery,Raquel_Welch,multi_image_gallery/Raquel_Welch/Raquel_Welch_0001.jpg,Raquel_Welch_0001.jpg,250,250,JPEG,RGB,10876,ad9d30033f44e947b6f6ac9b1f57ec299069e172258f5ccb9f6a49c70e820811
gallery,Ray_Nagin,multi_image_gallery/Ray_Nagin/Ray_Nagin_0001.jpg,Ray_Nagin_0001.jpg,250,250,JPEG,RGB,8847,63d74c61fca4a940375bcd53c410a5022c1b79b749a0c145b7272fb642c715c9
gallery,Reese_Witherspoon,multi_image_gallery/Reese_Witherspoon/Reese_Witherspoon_0001.jpg,Reese_Witherspoon_0001.jpg,250,250,JPEG,RGB,8659,2bbab251bc9d77d1bb8f746dc9767e4d8735fcb2a53085e103c27586131eb3df
gallery,Reese_Witherspoon,multi_image_gallery/Reese_Witherspoon/Reese_Witherspoon_0002.jpg,Reese_Witherspoon_0002.jpg,250,250,JPEG,RGB,9495,b3536733ad2910c5933909f068148174e004dea9b44d2d010c4933e4c6526082
gallery,Reese_Witherspoon,multi_image_gallery/Reese_Witherspoon/Reese_Witherspoon_0003.jpg,Reese_Witherspoon_0003.jpg,250,250,JPEG,RGB,9200,3ba1284cd498e83414e5695e09c33ffd5907f86a937d97cf83425fe2c1569c6b
gallery,Ricardo_Maduro,multi_image_gallery/Ricardo_Maduro/Ricardo_Maduro_0001.jpg,Ricardo_Maduro_0001.jpg,250,250,JPEG,RGB,10109,a5fd338e21c468bbdb2437d4299fbd04a7d341243f8f9d700f46bf01713b924a
gallery,Rich_Gannon,multi_image_gallery/Rich_Gannon/Rich_Gannon_0001.jpg,Rich_Gannon_0001.jpg,250,250,JPEG,RGB,10392,c3c8bb13500fe29189abd63ce6e585199d617a6baf635665ee0e9a504d4938d0
gallery,Richard_Branson,multi_image_gallery/Richard_Branson/Richard_Branson_0001.jpg,Richard_Branson_0001.jpg,250,250,JPEG,RGB,10465,c604729e4b56af287adc5fa3cc4f9cd4e82fdfc1fd8dcc47137cfe90ea0c620a
gallery,Richard_Crenna,multi_image_gallery/Richard_Crenna/Richard_Crenna_0001.jpg,Richard_Crenna_0001.jpg,250,250,JPEG,RGB,9225,97bb5d74852b8ae593f0f6abf23d36c213deab78f49bfa6da828929b73b87377
gallery,Richard_Gephardt,multi_image_gallery/Richard_Gephardt/Richard_Gephardt_0001.jpg,Richard_Gephardt_0001.jpg,250,250,JPEG,RGB,7828,41ad3576406520058ca05bc25745414369250655a44148b7dd15ca60ca2bdd19
gallery,Richard_Gephardt,multi_image_gallery/Richard_Gephardt/Richard_Gephardt_0002.jpg,Richard_Gephardt_0002.jpg,250,250,JPEG,RGB,7215,0052517478527c462f10dc54af37299f56b1b99c97b480f41a6e2a17eabd2865
gallery,Richard_Gephardt,multi_image_gallery/Richard_Gephardt/Richard_Gephardt_0003.jpg,Richard_Gephardt_0003.jpg,250,250,JPEG,RGB,7465,a46cc84b9d6e41d12cdc7c149f9065299407a7647800c55c12fd6cf7c6d83d8a
gallery,Richard_Gephardt,multi_image_gallery/Richard_Gephardt/Richard_Gephardt_0004.jpg,Richard_Gephardt_0004.jpg,250,250,JPEG,RGB,8320,ee0d32682605f7bec7957129cb67c94c73faf9a09029a8a6f6f96472d82b1410
gallery,Richard_Gephardt,multi_image_gallery/Richard_Gephardt/Richard_Gephardt_0005.jpg,Richard_Gephardt_0005.jpg,250,250,JPEG,RGB,8402,b4353ae30e6c2ab0c39715128138e7d982902bf9101093667e6326a656037bde
gallery,Richard_Gephardt,multi_image_gallery/Richard_Gephardt/Richard_Gephardt_0006.jpg,Richard_Gephardt_0006.jpg,250,250,JPEG,RGB,7002,6b49bb0b4e2316372baf23422b3d9f0913ff6fec8706fcf59a3f2b4582af25be
gallery,Richard_Gephardt,multi_image_gallery/Richard_Gephardt/Richard_Gephardt_0007.jpg,Richard_Gephardt_0007.jpg,250,250,JPEG,RGB,6029,f6a702c04a85903840240c6c2498c522db600a8d17b32a13a856048374e19847
gallery,Richard_Gephardt,multi_image_gallery/Richard_Gephardt/Richard_Gephardt_0008.jpg,Richard_Gephardt_0008.jpg,250,250,JPEG,RGB,9435,bd1c5063fa56e9a80daaa6ca4c1d7e6b30c384b54c2f6b18ae90dc2114382a4c
gallery,Richard_Gephardt,multi_image_gallery/Richard_Gephardt/Richard_Gephardt_0009.jpg,Richard_Gephardt_0009.jpg,250,250,JPEG,RGB,7045,4622e3f3c5466ccf68ac15b5914e8380787421155d2ca4a2c56c79b9716274af
gallery,Richard_Gephardt,multi_image_gallery/Richard_Gephardt/Richard_Gephardt_0010.jpg,Richard_Gephardt_0010.jpg,250,250,JPEG,RGB,7459,c41b4e65a3acdac7beecb95e652f53c2c97261aad5b80033fc999b203be3d6f6
gallery,Richard_Krajicek,multi_image_gallery/Richard_Krajicek/Richard_Krajicek_0001.jpg,Richard_Krajicek_0001.jpg,250,250,JPEG,RGB,8842,4b0ae151b3d101effec1ed8d154c180beab181f4307fe3e56d9b3f32d1db5a81
gallery,Richard_Krajicek,multi_image_gallery/Richard_Krajicek/Richard_Krajicek_0002.jpg,Richard_Krajicek_0002.jpg,250,250,JPEG,RGB,8936,995e9dfe0e068cea3e9bc336327c3b198dcb189c0f07be8b4381f2cb58f160ac
gallery,Richard_Norton-Taylor,multi_image_gallery/Richard_Norton-Taylor/Richard_Norton-Taylor_0001.jpg,Richard_Norton-Taylor_0001.jpg,250,250,JPEG,RGB,9099,b3dc48b27b5a4267f54610a564ac12cff391c36467ff59b4d2cf00f5d1292238
gallery,Richard_Sambrook,multi_image_gallery/Richard_Sambrook/Richard_Sambrook_0001.jpg,Richard_Sambrook_0001.jpg,250,250,JPEG,RGB,7403,eecc0812ba70f6ab8d447247597eda69ceed27d631ddcafa3e167823fd815712
gallery,Richard_Shelby,multi_image_gallery/Richard_Shelby/Richard_Shelby_0001.jpg,Richard_Shelby_0001.jpg,250,250,JPEG,RGB,7725,1f6772af3c7ddef1abf85d397f3db5e1c23ef10546a821214014f0f83e134347
gallery,Richie_Adubato,multi_image_gallery/Richie_Adubato/Richie_Adubato_0001.jpg,Richie_Adubato_0001.jpg,250,250,JPEG,RGB,7022,11c55eb212c7f8956c78e4d6588026c135106ce371a05d598d25a056e0858b5a
gallery,Rick_Romley,multi_image_gallery/Rick_Romley/Rick_Romley_0001.jpg,Rick_Romley_0001.jpg,250,250,JPEG,RGB,7877,5f40acbb2cd8efd26442f33c683dae7c2475d8147d78bdc30d9d9d006623e4cf
gallery,Rick_Romley,multi_image_gallery/Rick_Romley/Rick_Romley_0002.jpg,Rick_Romley_0002.jpg,250,250,JPEG,RGB,7880,beaa377d2fd9e815f8c57353ef39a3c345026080a5e9aff06470b732dba7f315
gallery,Ricky_Barnes,multi_image_gallery/Ricky_Barnes/Ricky_Barnes_0001.jpg,Ricky_Barnes_0001.jpg,250,250,JPEG,RGB,6693,b18b31e1eb4f017c23222cc6ce22fcdeeda6798daef31959e7844a80503d9b05
gallery,Ricky_Ponting,multi_image_gallery/Ricky_Ponting/Ricky_Ponting_0001.jpg,Ricky_Ponting_0001.jpg,250,250,JPEG,RGB,8122,4560334b9700ceec82c45029832f9319ef1a7a68c7af1c186a54106e858a7cdb
gallery,Rita_Moreno,multi_image_gallery/Rita_Moreno/Rita_Moreno_0001.jpg,Rita_Moreno_0001.jpg,250,250,JPEG,RGB,9607,e47c52299c851c1f7b817209e5139641abee1f25cdfa5fe2f68ef386c63e96ec
gallery,Rita_Wilson,multi_image_gallery/Rita_Wilson/Rita_Wilson_0001.jpg,Rita_Wilson_0001.jpg,250,250,JPEG,RGB,9902,903b4c79c7752d284cbad3d37097258b3b8902a671f75f2b8839892a599cc5f9
gallery,Rita_Wilson,multi_image_gallery/Rita_Wilson/Rita_Wilson_0002.jpg,Rita_Wilson_0002.jpg,250,250,JPEG,RGB,9008,3b4e6fad28b1aec0d022b7bd15249dfefa66a40bf789e23624262d6f14ef2807
gallery,Rita_Wilson,multi_image_gallery/Rita_Wilson/Rita_Wilson_0003.jpg,Rita_Wilson_0003.jpg,250,250,JPEG,RGB,8987,b09e961b2f183433e185504f7aa17bdbd518a7a7b1de0af4fb51bbc1f7930a14
gallery,Rob_Schneider,multi_image_gallery/Rob_Schneider/Rob_Schneider_0001.jpg,Rob_Schneider_0001.jpg,250,250,JPEG,RGB,7565,9136dc30767b62af7c3fc72f17d319c1a8aca0c6f237e6ce828ec6c3a535b63f
gallery,Robbie_Fowler,multi_image_gallery/Robbie_Fowler/Robbie_Fowler_0001.jpg,Robbie_Fowler_0001.jpg,250,250,JPEG,RGB,9139,fe2994b6cc65dc60e0041941c70f4b2e9db886c424c8758f4fc56e1900590f61
gallery,Robby_Ginepri,multi_image_gallery/Robby_Ginepri/Robby_Ginepri_0001.jpg,Robby_Ginepri_0001.jpg,250,250,JPEG,RGB,9623,696532248280692835ffe6cd950dd2cb31cc18d2cb3c2773fd0c2223c20850f6
gallery,Robert_Bonner,multi_image_gallery/Robert_Bonner/Robert_Bonner_0001.jpg,Robert_Bonner_0001.jpg,250,250,JPEG,RGB,7820,52512cf4f23616631e3e51a9aae3eda5252cc644ceaa8d80412dd173edc57bc3
gallery,Robert_Bonner,multi_image_gallery/Robert_Bonner/Robert_Bonner_0002.jpg,Robert_Bonner_0002.jpg,250,250,JPEG,RGB,10554,a8cd9f3cd7f476f697d3d549baff4f2bc9978d9356e776a09693e5cab5924a2e
gallery,Robert_DeFraites,multi_image_gallery/Robert_DeFraites/Robert_DeFraites_0001.jpg,Robert_DeFraites_0001.jpg,250,250,JPEG,RGB,9297,5692ecb2a6a5075fce5123463ba1533607ac1804c99b3e2d8e4d2666295bbf99
gallery,Robert_De_Niro,multi_image_gallery/Robert_De_Niro/Robert_De_Niro_0001.jpg,Robert_De_Niro_0001.jpg,250,250,JPEG,RGB,7384,59f1ef9133ccc326974ae7bd9ac7ae86c1b559526404a7096efc3ea4fc380331
gallery,Robert_De_Niro,multi_image_gallery/Robert_De_Niro/Robert_De_Niro_0002.jpg,Robert_De_Niro_0002.jpg,250,250,JPEG,RGB,7770,cc1710b4095f968bd10426a33f3d80e9adc795ae0143366279bd0c4189a8de93
gallery,Robert_De_Niro,multi_image_gallery/Robert_De_Niro/Robert_De_Niro_0003.jpg,Robert_De_Niro_0003.jpg,250,250,JPEG,RGB,8560,1e46f6034a4fd10ce27c1883d9291913f63cff585b3c25260c9500b56a17f58d
gallery,Robert_De_Niro,multi_image_gallery/Robert_De_Niro/Robert_De_Niro_0004.jpg,Robert_De_Niro_0004.jpg,250,250,JPEG,RGB,8660,96d88908b3a6578c9b6adfb1c8f2b34a7bde11df467b3f96f69ee5b1ad930e79
gallery,Robert_De_Niro,multi_image_gallery/Robert_De_Niro/Robert_De_Niro_0005.jpg,Robert_De_Niro_0005.jpg,250,250,JPEG,RGB,8242,4ea602c65329e5cdebb5ce2ed96792267ff45b53ee66a1dc1c724e1b28aabce1
gallery,Robert_Duvall,multi_image_gallery/Robert_Duvall/Robert_Duvall_0001.jpg,Robert_Duvall_0001.jpg,250,250,JPEG,RGB,6964,238839db4628019f647516b86391d8259640ed4e665d4118a70f509e8b25ae6c
gallery,Robert_Duvall,multi_image_gallery/Robert_Duvall/Robert_Duvall_0002.jpg,Robert_Duvall_0002.jpg,250,250,JPEG,RGB,8281,40ab8e1c555862fe3a1324df81eae2880fcf333a26c0d7fd05bf38c4d88b7390
gallery,Robert_Duvall,multi_image_gallery/Robert_Duvall/Robert_Duvall_0003.jpg,Robert_Duvall_0003.jpg,250,250,JPEG,RGB,7116,68ffee870420d405903ff7c673ae28760de0bece64ac65e68874e79f91656608
gallery,Robert_Duvall,multi_image_gallery/Robert_Duvall/Robert_Duvall_0004.jpg,Robert_Duvall_0004.jpg,250,250,JPEG,RGB,9662,8bf92c4700b1919a5a327da525ad4f7c6df388bc3c99446add11d46b8d30266b
gallery,Robert_Duvall,multi_image_gallery/Robert_Duvall/Robert_Duvall_0005.jpg,Robert_Duvall_0005.jpg,250,250,JPEG,RGB,9307,a44994a495331cb2b0a63cbfa9824c654421e6f8eb77afc8c37a748b3b4be525
gallery,Robert_Duvall,multi_image_gallery/Robert_Duvall/Robert_Duvall_0006.jpg,Robert_Duvall_0006.jpg,250,250,JPEG,RGB,7948,f93032f3071fe243e873857be9cab9b83b619af9849aba9e7f6f8ead3163eae6
gallery,Robert_Duvall,multi_image_gallery/Robert_Duvall/Robert_Duvall_0007.jpg,Robert_Duvall_0007.jpg,250,250,JPEG,RGB,8126,a5ee2bdc4ee448b611ea3cb9412ac15747157b488f0f8dce3cf09cb035a92731
gallery,Robert_Kocharian,multi_image_gallery/Robert_Kocharian/Robert_Kocharian_0001.jpg,Robert_Kocharian_0001.jpg,250,250,JPEG,RGB,7662,c406411e9e7e0fa4b46c84b3de61f109338454c01f18d272b9862f669e302f5b
gallery,Robert_Kocharian,multi_image_gallery/Robert_Kocharian/Robert_Kocharian_0002.jpg,Robert_Kocharian_0002.jpg,250,250,JPEG,RGB,10446,e830246c5f280bdcdea312410df3856bbe73a3d2fe301bb7e37c2f87a6d3b278
gallery,Robert_Kocharian,multi_image_gallery/Robert_Kocharian/Robert_Kocharian_0003.jpg,Robert_Kocharian_0003.jpg,250,250,JPEG,RGB,7788,8d165d56440dd20428416b65f334b49ddc6e4498409725318e4d4ac3d8076dc8
gallery,Robert_Kocharian,multi_image_gallery/Robert_Kocharian/Robert_Kocharian_0004.jpg,Robert_Kocharian_0004.jpg,250,250,JPEG,RGB,5673,37de589818612b8492be7374b4afa0b16ea3b504fb1c2cf9852abd35aab76dfd
gallery,Robert_Mueller,multi_image_gallery/Robert_Mueller/Robert_Mueller_0001.jpg,Robert_Mueller_0001.jpg,250,250,JPEG,RGB,9488,b6a8e606b823c432f88a50f9ad205151877265cbe96ac90e96873dcf12576e1c
gallery,Robert_Mueller,multi_image_gallery/Robert_Mueller/Robert_Mueller_0002.jpg,Robert_Mueller_0002.jpg,250,250,JPEG,RGB,9172,f57a4e13cb4a9b5cfc5fa7374cac6f8977e72b345780ac9773b6365395357d8c
gallery,Robert_Mueller,multi_image_gallery/Robert_Mueller/Robert_Mueller_0003.jpg,Robert_Mueller_0003.jpg,250,250,JPEG,RGB,6315,175252182122911af7fc189ff6b03cafe5227aba59659c223d29ec2e025a7b39
gallery,Robert_Mueller,multi_image_gallery/Robert_Mueller/Robert_Mueller_0004.jpg,Robert_Mueller_0004.jpg,250,250,JPEG,RGB,7087,b5b135040b8279af38bf8beb79dcf18c1dbac794348272ea39eba04e6bb9f59f
gallery,Robert_Mugabe,multi_image_gallery/Robert_Mugabe/Robert_Mugabe_0001.jpg,Robert_Mugabe_0001.jpg,250,250,JPEG,RGB,9545,46112a6f2ed208b1d0529e5be343a1bfbe5991e717d9aa6ea59492ccdb2d8dba
gallery,Robert_Stack,multi_image_gallery/Robert_Stack/Robert_Stack_0001.jpg,Robert_Stack_0001.jpg,250,250,JPEG,RGB,7808,8a8bfa0a53e5da366a4d2a7e792454ed5460fa3f9e49e4d4f500e965df6a4f5e
gallery,Robert_Zoellick,multi_image_gallery/Robert_Zoellick/Robert_Zoellick_0001.jpg,Robert_Zoellick_0001.jpg,250,250,JPEG,RGB,7942,af03e02a607f2a883200a18162d666c3b64f4b1ccb2ab0adb23cf16917b0e15e
gallery,Robert_Zoellick,multi_image_gallery/Robert_Zoellick/Robert_Zoellick_0002.jpg,Robert_Zoellick_0002.jpg,250,250,JPEG,RGB,9209,2ac611612f4d6a57ec1507a82dd650d0b69e51d720524cb8c166eaba654782ba
gallery,Robert_Zoellick,multi_image_gallery/Robert_Zoellick/Robert_Zoellick_0003.jpg,Robert_Zoellick_0003.jpg,250,250,JPEG,RGB,8933,7446531f2c54e7ff841ca756b9e09646c838f3cb3238f58497dcc7f66fb16e58
gallery,Robert_Zoellick,multi_image_gallery/Robert_Zoellick/Robert_Zoellick_0004.jpg,Robert_Zoellick_0004.jpg,250,250,JPEG,RGB,8436,38d965f8c3d9a17fccc640bab2c68fcd1c2f8d6f14063f74f59ff30bce3698c0
gallery,Robert_Zoellick,multi_image_gallery/Robert_Zoellick/Robert_Zoellick_0005.jpg,Robert_Zoellick_0005.jpg,250,250,JPEG,RGB,8478,224f321cccf0b20d560afe0b899d47cd5dc6cf4770871404a724bedb0f18886e
gallery,Robert_Zoellick,multi_image_gallery/Robert_Zoellick/Robert_Zoellick_0006.jpg,Robert_Zoellick_0006.jpg,250,250,JPEG,RGB,6858,29875917ec76e1643a5729f854c68b563034dd9b3c1ff07c3cee68926293be9c
gallery,Robin_Cook,multi_image_gallery/Robin_Cook/Robin_Cook_0001.jpg,Robin_Cook_0001.jpg,250,250,JPEG,RGB,10082,bc83ec2b677e4277ab75e132909827d88d973644853cbeb48cbb64098f1d13db
gallery,Robin_McLaurin_Williams,multi_image_gallery/Robin_McLaurin_Williams/Robin_McLaurin_Williams_0001.jpg,Robin_McLaurin_Williams_0001.jpg,250,250,JPEG,RGB,7630,cedbcd9fc35fa0ffbac4abc9b1f0af38f4534f3c321114c22b62ae1456025923
gallery,Rolf_Eckrodt,multi_image_gallery/Rolf_Eckrodt/Rolf_Eckrodt_0001.jpg,Rolf_Eckrodt_0001.jpg,250,250,JPEG,RGB,6828,efe216a4d679ae0a26df4ca422beb0a66987dc30271676a0f78f85605ea969c9
gallery,Roman_Polanski,multi_image_gallery/Roman_Polanski/Roman_Polanski_0001.jpg,Roman_Polanski_0001.jpg,250,250,JPEG,RGB,10075,79d2e6534fc61184915fc4b22a8355ca0b59bf32cb96a5081cdb30476d6a375f
gallery,Roman_Polanski,multi_image_gallery/Roman_Polanski/Roman_Polanski_0002.jpg,Roman_Polanski_0002.jpg,250,250,JPEG,RGB,9831,afa461d1f39e8a5e3e2a9ad4fbdb9d5182b2b4f9f6863883be9886d7d63b4ef4
gallery,Roman_Polanski,multi_image_gallery/Roman_Polanski/Roman_Polanski_0003.jpg,Roman_Polanski_0003.jpg,250,250,JPEG,RGB,10663,9b84b3407110d8d847603821ed29a4d7bed5c75459a29ba2d6cd97529c272b23
gallery,Roman_Polanski,multi_image_gallery/Roman_Polanski/Roman_Polanski_0004.jpg,Roman_Polanski_0004.jpg,250,250,JPEG,RGB,8208,bff7588131fed24384427d92d09ffa97129bfd7d38bbf8339e5ca7c5352737a7
gallery,Roman_Polanski,multi_image_gallery/Roman_Polanski/Roman_Polanski_0005.jpg,Roman_Polanski_0005.jpg,250,250,JPEG,RGB,7534,66f3c0cb76c184e4d2d1e2b6f4d23333e7358a5ec1b9e990d382442865dcb568
gallery,Ron_Dittemore,multi_image_gallery/Ron_Dittemore/Ron_Dittemore_0001.jpg,Ron_Dittemore_0001.jpg,250,250,JPEG,RGB,7626,aa7d756e5852e9a57d84fe2ddee9640cc89350525a1832968cdd49368c3d5dc2
gallery,Ron_Dittemore,multi_image_gallery/Ron_Dittemore/Ron_Dittemore_0002.jpg,Ron_Dittemore_0002.jpg,250,250,JPEG,RGB,7244,c6a7ed5584c51409dd13c4195cbc3301cca40595abc8567aaa2d899645a52548
gallery,Ron_Dittemore,multi_image_gallery/Ron_Dittemore/Ron_Dittemore_0003.jpg,Ron_Dittemore_0003.jpg,250,250,JPEG,RGB,7972,5a5374e41f1b4cf9cfe09aedf6383df28b41399548705a3de26caee6cb55f368
gallery,Ron_Dittemore,multi_image_gallery/Ron_Dittemore/Ron_Dittemore_0004.jpg,Ron_Dittemore_0004.jpg,250,250,JPEG,RGB,7465,aaff568a08d9157c4f03a33e18f99abdd6c372f208034a122ef4fe74225e494b
gallery,Ron_Dittemore,multi_image_gallery/Ron_Dittemore/Ron_Dittemore_0005.jpg,Ron_Dittemore_0005.jpg,250,250,JPEG,RGB,8118,1cdf4ada00f912c9a764835a303df7884878fb541bb243bdd429eed160af4c12
gallery,Ron_Dittemore,multi_image_gallery/Ron_Dittemore/Ron_Dittemore_0006.jpg,Ron_Dittemore_0006.jpg,250,250,JPEG,RGB,9661,588fd2c45efc515e2f8244bd9e891c2c7a4f40f17d0a37baa6248e0ae2cbf9a9
gallery,Ron_Dittemore,multi_image_gallery/Ron_Dittemore/Ron_Dittemore_0007.jpg,Ron_Dittemore_0007.jpg,250,250,JPEG,RGB,7002,50d7e8e90f2ce1169090eb8f7ba108fc65076018dbcefb10914817c6d7d49189
gallery,Ron_Howard,multi_image_gallery/Ron_Howard/Ron_Howard_0001.jpg,Ron_Howard_0001.jpg,250,250,JPEG,RGB,7719,23ce65ad5c92d39c5cc3fbd1cc3c4cb19b66e19cb5e8dcc7cede2ff3a07c0d21
gallery,Ronald_Reagan,multi_image_gallery/Ronald_Reagan/Ronald_Reagan_0001.jpg,Ronald_Reagan_0001.jpg,250,250,JPEG,RGB,7430,de2313c27f80718e0a11f0214948a75c93d379245ba00b228374290abb3a49e3
gallery,Ronald_Reagan,multi_image_gallery/Ronald_Reagan/Ronald_Reagan_0002.jpg,Ronald_Reagan_0002.jpg,250,250,JPEG,RGB,8146,2aced947bbe1376f5517fbcf8962b335a06d47f1fc6670fa146b37b04fd54f8a
gallery,Roy_Moore,multi_image_gallery/Roy_Moore/Roy_Moore_0001.jpg,Roy_Moore_0001.jpg,250,250,JPEG,RGB,6938,d06d4b5e74362fe2bc2535196b1c1fbd9fad7e989ce0fa8ba3224e4cae7442e4
gallery,Roy_Moore,multi_image_gallery/Roy_Moore/Roy_Moore_0002.jpg,Roy_Moore_0002.jpg,250,250,JPEG,RGB,10247,6490d5ef5a39a8f58416d83be247168078cb6c15effc5d34c8d06a6ed479b4b1
gallery,Roy_Moore,multi_image_gallery/Roy_Moore/Roy_Moore_0003.jpg,Roy_Moore_0003.jpg,250,250,JPEG,RGB,10530,f5432b574cdb5d212fd456008f148701125f3d2f82dcc2328e632b9dfbfd3e7e
gallery,Roy_Moore,multi_image_gallery/Roy_Moore/Roy_Moore_0004.jpg,Roy_Moore_0004.jpg,250,250,JPEG,RGB,10624,9f69f8c8d98dfbb01ffa451c141706195cd3700b2b238fbf333bacf0b0a105e6
gallery,Roy_Moore,multi_image_gallery/Roy_Moore/Roy_Moore_0005.jpg,Roy_Moore_0005.jpg,250,250,JPEG,RGB,10081,164b77d7b24f6968dfc6cc7a1182e53d226e994d869a4f63aaf01cc050090a4a
gallery,Roy_Williams,multi_image_gallery/Roy_Williams/Roy_Williams_0001.jpg,Roy_Williams_0001.jpg,250,250,JPEG,RGB,7597,d96bb8e996a932b4df1f09de6f37b1bd5558d24d5a719fa3e11eb2d9fbee98a1
gallery,Roy_Williams,multi_image_gallery/Roy_Williams/Roy_Williams_0002.jpg,Roy_Williams_0002.jpg,250,250,JPEG,RGB,7847,587031d01175f5959b879dbe41a73ebaa448607db18a7faf3af1b985d9ccffe1
gallery,Roy_Williams,multi_image_gallery/Roy_Williams/Roy_Williams_0003.jpg,Roy_Williams_0003.jpg,250,250,JPEG,RGB,7862,cf8977e1ff2ef50e2d948b415fdac19d3d6f1e87c8bfb51587790d8e73b711b2
gallery,Ruben_Studdard,multi_image_gallery/Ruben_Studdard/Ruben_Studdard_0001.jpg,Ruben_Studdard_0001.jpg,250,250,JPEG,RGB,9699,1d980909b0df35078efc16f9b13c63aef5d7b5ecbc17ecab1e93fa4b785b5c58
gallery,Rupert_Grint,multi_image_gallery/Rupert_Grint/Rupert_Grint_0001.jpg,Rupert_Grint_0001.jpg,250,250,JPEG,RGB,8312,c11b7a5a037986ca1429b87b5a478e99766d665aedd98f89cb0e8f4d64f4406f
gallery,Rupert_Grint,multi_image_gallery/Rupert_Grint/Rupert_Grint_0002.jpg,Rupert_Grint_0002.jpg,250,250,JPEG,RGB,7946,e4b887b8ab60939e1d2362da11ecb918ff0d568f2034bcb7332e471cf5894ec7
gallery,S_Jayakumar,multi_image_gallery/S_Jayakumar/S_Jayakumar_0001.jpg,S_Jayakumar_0001.jpg,250,250,JPEG,RGB,7321,260cbe5d74e4c603df80fc1fd7c6e46fd587f158eea45e44e30543bbf18c6076
gallery,Sachiko_Yamada,multi_image_gallery/Sachiko_Yamada/Sachiko_Yamada_0001.jpg,Sachiko_Yamada_0001.jpg,250,250,JPEG,RGB,9320,5e0b217c60782fd77ad0dbc4f4fb221df26ac532a15910550b034732de392cfc
gallery,Sachiko_Yamada,multi_image_gallery/Sachiko_Yamada/Sachiko_Yamada_0002.jpg,Sachiko_Yamada_0002.jpg,250,250,JPEG,RGB,9054,b0fe3f360b44f2dc2e5677b1cb341b45d89f76ebc3b1673bd17531fc34f46134
gallery,Sachiko_Yamada,multi_image_gallery/Sachiko_Yamada/Sachiko_Yamada_0003.jpg,Sachiko_Yamada_0003.jpg,250,250,JPEG,RGB,10356,68a373468275a47bb170f554d1732bd4e438d326295dac7a51501d47105e073f
gallery,Saddam_Hussein,multi_image_gallery/Saddam_Hussein/Saddam_Hussein_0001.jpg,Saddam_Hussein_0001.jpg,250,250,JPEG,RGB,8679,b55ad703f5db96ee821265974a2919ba848f7b5edeb1fd7392aca017efc9a7a5
gallery,Saddam_Hussein,multi_image_gallery/Saddam_Hussein/Saddam_Hussein_0002.jpg,Saddam_Hussein_0002.jpg,250,250,JPEG,RGB,10116,e8b53a4eb8ba9891b8f6218c92a922526d59e5800ef8da3192d5a5f65742e0d5
gallery,Saddam_Hussein,multi_image_gallery/Saddam_Hussein/Saddam_Hussein_0003.jpg,Saddam_Hussein_0003.jpg,250,250,JPEG,RGB,11858,8f54dd2c9ca866ffa350461a9915e4f69b615064270cd31fc8702db65d45f385
gallery,Saddam_Hussein,multi_image_gallery/Saddam_Hussein/Saddam_Hussein_0004.jpg,Saddam_Hussein_0004.jpg,250,250,JPEG,RGB,7842,2c6c92e80490e1104fdb56d6616eeedc0405009a987caffe8719b2801d18d4d9
gallery,Saddam_Hussein,multi_image_gallery/Saddam_Hussein/Saddam_Hussein_0005.jpg,Saddam_Hussein_0005.jpg,250,250,JPEG,RGB,9907,08606118c0ac7c7cfad56aa5ef0ce876b1bafc38b60f4d59e1703dda6bec1795
gallery,Saddam_Hussein,multi_image_gallery/Saddam_Hussein/Saddam_Hussein_0006.jpg,Saddam_Hussein_0006.jpg,250,250,JPEG,RGB,7485,587d0d334cd7ea503b3389e6b8f32a31a2f2c17a164dd40bf87c6621d77ee91a
gallery,Saddam_Hussein,multi_image_gallery/Saddam_Hussein/Saddam_Hussein_0007.jpg,Saddam_Hussein_0007.jpg,250,250,JPEG,RGB,6200,de2721b0e023d0dc2e9969a5fcf200722a7120ed26c32a6d99d777b56c0e9250
gallery,Saddam_Hussein,multi_image_gallery/Saddam_Hussein/Saddam_Hussein_0008.jpg,Saddam_Hussein_0008.jpg,250,250,JPEG,RGB,7808,33ba470dfbb692eb87599da70c60d0400f1f76c283bbe9a04d1007201ee35459
gallery,Saddam_Hussein,multi_image_gallery/Saddam_Hussein/Saddam_Hussein_0009.jpg,Saddam_Hussein_0009.jpg,250,250,JPEG,RGB,7621,5c756eedea1ca00432aae596b5e3e6f5e15b53223e5e0734ed0c044e65542928
gallery,Saddam_Hussein,multi_image_gallery/Saddam_Hussein/Saddam_Hussein_0010.jpg,Saddam_Hussein_0010.jpg,250,250,JPEG,RGB,8801,82ab7f2f00b8a135223807923b87ec5412eb926b9dec8a3f22a919b7069f6000
gallery,Saeb_Erekat,multi_image_gallery/Saeb_Erekat/Saeb_Erekat_0001.jpg,Saeb_Erekat_0001.jpg,250,250,JPEG,RGB,8298,ae9afeb1f8c843bff2b6698b142be830391075ee238a5ad57784d0d811a90683
gallery,Sally_Kirkland,multi_image_gallery/Sally_Kirkland/Sally_Kirkland_0001.jpg,Sally_Kirkland_0001.jpg,250,250,JPEG,RGB,8760,78f15c83200dfcaa400875dd56fb83e1e44a6d0f13fa6e05c14b08d8950834a9
gallery,Sally_Kirkland,multi_image_gallery/Sally_Kirkland/Sally_Kirkland_0002.jpg,Sally_Kirkland_0002.jpg,250,250,JPEG,RGB,9706,0cbdfeebeb5d74d916b73eda67dfaacba89f9d2a16af3bf87719fc0fe5e55b3b
gallery,Sally_Kirkland,multi_image_gallery/Sally_Kirkland/Sally_Kirkland_0003.jpg,Sally_Kirkland_0003.jpg,250,250,JPEG,RGB,11480,c25a0d0f09e20cee079d68228b0b94a63194dc99f672dbe394cb70882e2bbff2
gallery,Sam_Bith,multi_image_gallery/Sam_Bith/Sam_Bith_0001.jpg,Sam_Bith_0001.jpg,250,250,JPEG,RGB,8943,38f07ef7bfb23d66c40ee13e0787a88d05aa16fdc9707d435e80fcfc8f15b63c
gallery,Sam_Bith,multi_image_gallery/Sam_Bith/Sam_Bith_0002.jpg,Sam_Bith_0002.jpg,250,250,JPEG,RGB,10464,d96a5a39ab6ed3af649d2768ad1d09623c34c3edbd27434f1a0fdb231505a10b
gallery,Sam_Torrance,multi_image_gallery/Sam_Torrance/Sam_Torrance_0001.jpg,Sam_Torrance_0001.jpg,250,250,JPEG,RGB,9000,bd3314209c9c250e4746cf719881c06476ab100c872588fa2b203382ba9ae10e
gallery,Sam_Torrance,multi_image_gallery/Sam_Torrance/Sam_Torrance_0002.jpg,Sam_Torrance_0002.jpg,250,250,JPEG,RGB,8027,970702b6a434c9fd84ed8d641b5952646fbecaacdd1ae0064c442a385f812b0c
gallery,Sandra_Bullock,multi_image_gallery/Sandra_Bullock/Sandra_Bullock_0001.jpg,Sandra_Bullock_0001.jpg,250,250,JPEG,RGB,7504,c1d556fa27455fddaa14ca2d5c2e11749833204758829cbb89156c64eacc80a6
gallery,Sandra_Bullock,multi_image_gallery/Sandra_Bullock/Sandra_Bullock_0002.jpg,Sandra_Bullock_0002.jpg,250,250,JPEG,RGB,8319,26b4144ededf327fb1a075800759591a7b17a1da80ea5589c1d1a822f79d1f3b
gallery,Sandra_Bullock,multi_image_gallery/Sandra_Bullock/Sandra_Bullock_0003.jpg,Sandra_Bullock_0003.jpg,250,250,JPEG,RGB,10158,1da14887785ab2565965ad85ad0c4eba9b9a2c35dd4d601c42d6c480bba1aa28
gallery,Saparmurat_Niyazov,multi_image_gallery/Saparmurat_Niyazov/Saparmurat_Niyazov_0001.jpg,Saparmurat_Niyazov_0001.jpg,250,250,JPEG,RGB,8679,e3eef7cb8c06bdaa34ee037c5e4fc3c51a1075b52bd1c9777526104f53c9b1e3
gallery,Sarah_Jessica_Parker,multi_image_gallery/Sarah_Jessica_Parker/Sarah_Jessica_Parker_0001.jpg,Sarah_Jessica_Parker_0001.jpg,250,250,JPEG,RGB,8620,d1e7ae10febbcc775e5825f6e9963e3e67409dd5a1e26fcb7c782157a7955e69
gallery,Sarah_Jessica_Parker,multi_image_gallery/Sarah_Jessica_Parker/Sarah_Jessica_Parker_0002.jpg,Sarah_Jessica_Parker_0002.jpg,250,250,JPEG,RGB,8224,012b5e75d078b3054e7800fdde1d897c056c2c254935c57d0b7cbc87a2f6cd94
gallery,Sarah_Jessica_Parker,multi_image_gallery/Sarah_Jessica_Parker/Sarah_Jessica_Parker_0003.jpg,Sarah_Jessica_Parker_0003.jpg,250,250,JPEG,RGB,11289,08daf259c229673367c4c10970cee36a26798216fab8a7ca8b7e31e9c90ca98a
gallery,Sarah_Jessica_Parker,multi_image_gallery/Sarah_Jessica_Parker/Sarah_Jessica_Parker_0004.jpg,Sarah_Jessica_Parker_0004.jpg,250,250,JPEG,RGB,7552,e7d92af92495aa29a1f6f7e834b081e7d1c9e9243223107c500637578515ffef
gallery,Sarah_Jessica_Parker,multi_image_gallery/Sarah_Jessica_Parker/Sarah_Jessica_Parker_0005.jpg,Sarah_Jessica_Parker_0005.jpg,250,250,JPEG,RGB,9710,41aaea896e62504558a6f08fc9b08fd6785c05c0d9ea400984c62612f93cb08f
gallery,Scott_McClellan,multi_image_gallery/Scott_McClellan/Scott_McClellan_0001.jpg,Scott_McClellan_0001.jpg,250,250,JPEG,RGB,9406,f6fb69e53e908b50d86083214522c5e1bdd356ca0f526dd81a2990363e24f970
gallery,Scott_McClellan,multi_image_gallery/Scott_McClellan/Scott_McClellan_0002.jpg,Scott_McClellan_0002.jpg,250,250,JPEG,RGB,10204,bb09b2771f6d6c6790b60f74da162bf5df6ba2264275cf2ec0a0bf06913d3eb4
gallery,Scott_McClellan,multi_image_gallery/Scott_McClellan/Scott_McClellan_0003.jpg,Scott_McClellan_0003.jpg,250,250,JPEG,RGB,7484,a94a0f4cd9c7d9cfb6430d7adf2f6c038eb96e3c4b0d942af756d6b82721bdf2
gallery,Scott_McClellan,multi_image_gallery/Scott_McClellan/Scott_McClellan_0004.jpg,Scott_McClellan_0004.jpg,250,250,JPEG,RGB,9485,f30aae1fb3deb1f3dc3405d8e3be29f58cc88ecae4099a9c83d0440d2306a8ec
gallery,Scott_McNealy,multi_image_gallery/Scott_McNealy/Scott_McNealy_0001.jpg,Scott_McNealy_0001.jpg,250,250,JPEG,RGB,7151,d232c05328a4afe6430c6b5c7278d92b6626ae3504049312f5df98d190889242
gallery,Scott_Rudin,multi_image_gallery/Scott_Rudin/Scott_Rudin_0001.jpg,Scott_Rudin_0001.jpg,250,250,JPEG,RGB,10027,4794b9e2275112b94b31b665a46f655c5c143e1bd0ee8af58fc82a52c6168945
gallery,Sean_Astin,multi_image_gallery/Sean_Astin/Sean_Astin_0001.jpg,Sean_Astin_0001.jpg,250,250,JPEG,RGB,8635,a97f8b6ebfffa7fba2ef01a799f2927ea5794a4b5069aecb81b6aca920c8bdcd
gallery,Sean_Astin,multi_image_gallery/Sean_Astin/Sean_Astin_0002.jpg,Sean_Astin_0002.jpg,250,250,JPEG,RGB,9563,3a4531ff30339f7a4fdbd9021052189c5ad3845eb404d95b74070dec7aa9e992
gallery,Sean_Patrick_OMalley,multi_image_gallery/Sean_Patrick_OMalley/Sean_Patrick_OMalley_0001.jpg,Sean_Patrick_OMalley_0001.jpg,250,250,JPEG,RGB,7293,68e383c86de4e8a54ab5b42055699d13fed91220b8f638cf9b24bc216b76944d
gallery,Sean_Patrick_OMalley,multi_image_gallery/Sean_Patrick_OMalley/Sean_Patrick_OMalley_0002.jpg,Sean_Patrick_OMalley_0002.jpg,250,250,JPEG,RGB,8328,fc0fc5721d1fcd926582c59ffcdfbb99fe334bf5bee45cb44bb4bdf0bd3eee53
gallery,Sean_Penn,multi_image_gallery/Sean_Penn/Sean_Penn_0001.jpg,Sean_Penn_0001.jpg,250,250,JPEG,RGB,8139,34ba001710ddaf33ca5923d9092a6cf07eb1458f2d82f83a0cce5610fd43ea95
gallery,Sean_Penn,multi_image_gallery/Sean_Penn/Sean_Penn_0002.jpg,Sean_Penn_0002.jpg,250,250,JPEG,RGB,9447,79e66986d65dc214451ca50e7b4c3e4139ca11b950fbea5325c421171cea92c1
gallery,Serena_Williams,multi_image_gallery/Serena_Williams/Serena_Williams_0001.jpg,Serena_Williams_0001.jpg,250,250,JPEG,RGB,8492,8ec9477361637d4d5c2b803892ca5f7663bfde7516d2a76fdd62d93c4dbdaff9
gallery,Serena_Williams,multi_image_gallery/Serena_Williams/Serena_Williams_0002.jpg,Serena_Williams_0002.jpg,250,250,JPEG,RGB,8821,1d8c5f2f287c3c3635a77ce131579917be28acb7db8226bc10147ff9a88728b9
gallery,Serena_Williams,multi_image_gallery/Serena_Williams/Serena_Williams_0003.jpg,Serena_Williams_0003.jpg,250,250,JPEG,RGB,10329,30130601a75c82b6e94deda194f42ead5eaa56e9627ea94fbbcc5083aef1b94d
gallery,Serena_Williams,multi_image_gallery/Serena_Williams/Serena_Williams_0004.jpg,Serena_Williams_0004.jpg,250,250,JPEG,RGB,9395,fc88ed93a486f7133fa407a9900d8eba513038697a7216d99d03fc003c99bf55
gallery,Serena_Williams,multi_image_gallery/Serena_Williams/Serena_Williams_0005.jpg,Serena_Williams_0005.jpg,250,250,JPEG,RGB,7997,7602aec169bbe25eb3712980b97809f2a02150e3addc04a0f93656d227171547
gallery,Serena_Williams,multi_image_gallery/Serena_Williams/Serena_Williams_0006.jpg,Serena_Williams_0006.jpg,250,250,JPEG,RGB,10084,75c676ef603986d05ab78a28082045ae10f2c2ddf4271aaff2883ac2e2ab8dc5
gallery,Serena_Williams,multi_image_gallery/Serena_Williams/Serena_Williams_0007.jpg,Serena_Williams_0007.jpg,250,250,JPEG,RGB,10529,785694e41ac916bd82257d41880f136bf4c1c42f5cf64082e2bcada19803c7f4
gallery,Serena_Williams,multi_image_gallery/Serena_Williams/Serena_Williams_0008.jpg,Serena_Williams_0008.jpg,250,250,JPEG,RGB,9741,503fd7315c8bafe697284353e78ea748ea9d6c6ca4b69d13a8369c8d4f14adb9
gallery,Serena_Williams,multi_image_gallery/Serena_Williams/Serena_Williams_0009.jpg,Serena_Williams_0009.jpg,250,250,JPEG,RGB,8633,3cc1a1fd061eaf359adcf6b0b7c21cdb12cc5c765b61c26faa9c9aa3a30ab98c
gallery,Serena_Williams,multi_image_gallery/Serena_Williams/Serena_Williams_0010.jpg,Serena_Williams_0010.jpg,250,250,JPEG,RGB,9995,4fe09ef5f5b30ba6619839882b53e0f96851f246da80532638a6bfad8578a99d
gallery,Shannon_OBrien,multi_image_gallery/Shannon_OBrien/Shannon_OBrien_0001.jpg,Shannon_OBrien_0001.jpg,250,250,JPEG,RGB,10594,90d3f41ee5880e3f5b2f231d2a3eaa7493b19a9ae40186a7d01db0b6bfd5fa52
gallery,Sharon_Frey,multi_image_gallery/Sharon_Frey/Sharon_Frey_0001.jpg,Sharon_Frey_0001.jpg,250,250,JPEG,RGB,8443,b369421853b46c70797cf22c44ec1eb408e66fb3d4f7bef3cb874cdd0fb25e2d
gallery,Shaukat_Aziz,multi_image_gallery/Shaukat_Aziz/Shaukat_Aziz_0001.jpg,Shaukat_Aziz_0001.jpg,250,250,JPEG,RGB,8017,10a896843cede6c647f00bcda3275800e390f251e9e8b5d1b345f10d2c6e29f5
gallery,Sheila_Copps,multi_image_gallery/Sheila_Copps/Sheila_Copps_0001.jpg,Sheila_Copps_0001.jpg,250,250,JPEG,RGB,11460,c94bea11d98a2495c39f12176cbd6303f995149e3da3090e4e284e5c8a91a8fb
gallery,Sheila_Copps,multi_image_gallery/Sheila_Copps/Sheila_Copps_0002.jpg,Sheila_Copps_0002.jpg,250,250,JPEG,RGB,7527,06a8e988780b721dc8099d94a888eab0f8c9f5ff1a255aa8f6ea70ae681d9b8a
gallery,Sheila_Copps,multi_image_gallery/Sheila_Copps/Sheila_Copps_0003.jpg,Sheila_Copps_0003.jpg,250,250,JPEG,RGB,7573,2e83b2fd0d39dd1b2393e98bd89f9705b47b928dfdbb8404f50a64d1461273ca
gallery,Sheila_Wellstone,multi_image_gallery/Sheila_Wellstone/Sheila_Wellstone_0001.jpg,Sheila_Wellstone_0001.jpg,250,250,JPEG,RGB,6781,a0e8f8d453f415e762c92b6ea99408a15feaec4d18aead6b9665391688ea4d58
gallery,Silvan_Shalom,multi_image_gallery/Silvan_Shalom/Silvan_Shalom_0001.jpg,Silvan_Shalom_0001.jpg,250,250,JPEG,RGB,7941,e7eba3bd9855dc2fe733cd350baff6f155bfd00e696398b98897a1c88aff7ebc
gallery,Silvan_Shalom,multi_image_gallery/Silvan_Shalom/Silvan_Shalom_0002.jpg,Silvan_Shalom_0002.jpg,250,250,JPEG,RGB,8895,fd997337b32855487028b5a9ca3f25e3875e57f42937c39c07058d49592c9bec
gallery,Silvan_Shalom,multi_image_gallery/Silvan_Shalom/Silvan_Shalom_0003.jpg,Silvan_Shalom_0003.jpg,250,250,JPEG,RGB,11316,2372c0d735456cebdfe4684b2c42a6e0aea5e9b613beb985475ab0bf77c5365d
gallery,Silvan_Shalom,multi_image_gallery/Silvan_Shalom/Silvan_Shalom_0004.jpg,Silvan_Shalom_0004.jpg,250,250,JPEG,RGB,10039,25893c6d58ff7e3e7b6fd24afce4ee65ea0946c0bf0343b095abefb99b08a462
gallery,Silvan_Shalom,multi_image_gallery/Silvan_Shalom/Silvan_Shalom_0005.jpg,Silvan_Shalom_0005.jpg,250,250,JPEG,RGB,9704,e31d1cf16cb0ca468ce7b5d55cbafdad23d47b7c6da5e0e037e14ff1ee2cd034
gallery,Silvia_Farina_Elia,multi_image_gallery/Silvia_Farina_Elia/Silvia_Farina_Elia_0001.jpg,Silvia_Farina_Elia_0001.jpg,250,250,JPEG,RGB,9431,f66b72437fd2d2ad82686086d9b98d2f84c583e459b5f12acb0046c9e69ee49c
gallery,Silvia_Farina_Elia,multi_image_gallery/Silvia_Farina_Elia/Silvia_Farina_Elia_0002.jpg,Silvia_Farina_Elia_0002.jpg,250,250,JPEG,RGB,8391,bfb9734fe699a5491d85bf1b8acecc170e9802139d8ef6b350561ac9574172a4
gallery,Silvio_Berlusconi,multi_image_gallery/Silvio_Berlusconi/Silvio_Berlusconi_0001.jpg,Silvio_Berlusconi_0001.jpg,250,250,JPEG,RGB,8699,fb3276260a7d868672a6ca6dd9836524a4d12af9be1612eeff6ac45f78e0d952
gallery,Silvio_Berlusconi,multi_image_gallery/Silvio_Berlusconi/Silvio_Berlusconi_0002.jpg,Silvio_Berlusconi_0002.jpg,250,250,JPEG,RGB,7606,7b30e4e33c9f20e98af91e2cd50a779287b4997c98e579597e0a7b77bc772b54
gallery,Silvio_Berlusconi,multi_image_gallery/Silvio_Berlusconi/Silvio_Berlusconi_0003.jpg,Silvio_Berlusconi_0003.jpg,250,250,JPEG,RGB,7757,7b0146eeac4081577bf58d5cb33184343572cb8735de602fa93e5af417d20b7b
gallery,Silvio_Berlusconi,multi_image_gallery/Silvio_Berlusconi/Silvio_Berlusconi_0004.jpg,Silvio_Berlusconi_0004.jpg,250,250,JPEG,RGB,9517,93381b760ccf7f9dddf7da4765633685cf20ceb97144306ee61cde25158eb77b
gallery,Silvio_Berlusconi,multi_image_gallery/Silvio_Berlusconi/Silvio_Berlusconi_0005.jpg,Silvio_Berlusconi_0005.jpg,250,250,JPEG,RGB,7154,4ab1650d835e6ea1c962af7448c6661017c3bc89c937689070ead3a5329766c8
gallery,Silvio_Berlusconi,multi_image_gallery/Silvio_Berlusconi/Silvio_Berlusconi_0006.jpg,Silvio_Berlusconi_0006.jpg,250,250,JPEG,RGB,7879,20654e74c9cdd353ce1ec11e9c6739d8ae2959df0e277c3fa42fbcb21713ee87
gallery,Silvio_Berlusconi,multi_image_gallery/Silvio_Berlusconi/Silvio_Berlusconi_0007.jpg,Silvio_Berlusconi_0007.jpg,250,250,JPEG,RGB,8754,cd2bf1963fe618afd43078a73ef5bc2a095b8946a7ea6708ebf5ab0143bca84f
gallery,Silvio_Berlusconi,multi_image_gallery/Silvio_Berlusconi/Silvio_Berlusconi_0008.jpg,Silvio_Berlusconi_0008.jpg,250,250,JPEG,RGB,9157,cdb3340c89f77bfb0300b6620e56245c4337be284199ff456ca90f3b475b436a
gallery,Silvio_Berlusconi,multi_image_gallery/Silvio_Berlusconi/Silvio_Berlusconi_0009.jpg,Silvio_Berlusconi_0009.jpg,250,250,JPEG,RGB,8831,7f937144285c38b35f3410b6ecfcee5307d433e9cc09284273b17e526f1e5298
gallery,Silvio_Berlusconi,multi_image_gallery/Silvio_Berlusconi/Silvio_Berlusconi_0010.jpg,Silvio_Berlusconi_0010.jpg,250,250,JPEG,RGB,9527,47499681a5583872bcdd20f9b555bb4fb348db9a1671e28345ffd0132cb9560e
gallery,Simon_Cowell,multi_image_gallery/Simon_Cowell/Simon_Cowell_0001.jpg,Simon_Cowell_0001.jpg,250,250,JPEG,RGB,8719,5fbb707607b9e92efa403bd01e0778e5660b6da1caef30c89b47c6133565416c
gallery,Slobodan_Milosevic,multi_image_gallery/Slobodan_Milosevic/Slobodan_Milosevic_0001.jpg,Slobodan_Milosevic_0001.jpg,250,250,JPEG,RGB,7318,304f19b450ac420104e0e075525450cc72c227b05a1afb56f878d357262b2c67
gallery,Slobodan_Milosevic,multi_image_gallery/Slobodan_Milosevic/Slobodan_Milosevic_0002.jpg,Slobodan_Milosevic_0002.jpg,250,250,JPEG,RGB,7883,487f610b40b8bd815eff2d384e1d8ba6d31bfd5447578de0234e8b7932e55402
gallery,Slobodan_Milosevic,multi_image_gallery/Slobodan_Milosevic/Slobodan_Milosevic_0003.jpg,Slobodan_Milosevic_0003.jpg,250,250,JPEG,RGB,9609,f6e6757e9f92399ab8674acc684de44d5cf553bdd5f464214870668f7f557d93
gallery,Sophia_Loren,multi_image_gallery/Sophia_Loren/Sophia_Loren_0001.jpg,Sophia_Loren_0001.jpg,250,250,JPEG,RGB,7419,2e46ef9a12bb8f422d34049b4c9ab9d68faf6985c13a9f53fa348e568f863581
gallery,Sophia_Loren,multi_image_gallery/Sophia_Loren/Sophia_Loren_0002.jpg,Sophia_Loren_0002.jpg,250,250,JPEG,RGB,9974,35657158ede056aecf7e8018affc7ca6a35a9692f5d849686530688dd2bff51f
gallery,Sophia_Loren,multi_image_gallery/Sophia_Loren/Sophia_Loren_0003.jpg,Sophia_Loren_0003.jpg,250,250,JPEG,RGB,9452,6271bace820e5a16c08429eba8d50df1cdbf89f305f77ab43238a714b47885d9
gallery,Sophia_Loren,multi_image_gallery/Sophia_Loren/Sophia_Loren_0004.jpg,Sophia_Loren_0004.jpg,250,250,JPEG,RGB,13062,1a87e71b3cc8b58ccc9fd65d4ac889f4a3c2903fc2c24789885380841788b39b
gallery,Sophia_Loren,multi_image_gallery/Sophia_Loren/Sophia_Loren_0005.jpg,Sophia_Loren_0005.jpg,250,250,JPEG,RGB,8398,da25e27a9acf70fb43329d4c72d030aba83fa97929cfd69a0d27de704ec0928f
gallery,Sophia_Loren,multi_image_gallery/Sophia_Loren/Sophia_Loren_0006.jpg,Sophia_Loren_0006.jpg,250,250,JPEG,RGB,9853,3bd4a2b1285e0d264b2f063bf4a9a540ebe0bb33f1658783cc4658f7f1eeb4c3
gallery,Sourav_Ganguly,multi_image_gallery/Sourav_Ganguly/Sourav_Ganguly_0001.jpg,Sourav_Ganguly_0001.jpg,250,250,JPEG,RGB,9043,1da1efe81feb015b7b04526374e53fc2b0301eddcaca8a86f52636ee9f830237
gallery,Sourav_Ganguly,multi_image_gallery/Sourav_Ganguly/Sourav_Ganguly_0002.jpg,Sourav_Ganguly_0002.jpg,250,250,JPEG,RGB,5113,7c134196edbce5c82ece22c8dc60694a4a56ccc35a1c3eff58dc44f7e303d153
gallery,Sourav_Ganguly,multi_image_gallery/Sourav_Ganguly/Sourav_Ganguly_0003.jpg,Sourav_Ganguly_0003.jpg,250,250,JPEG,RGB,10208,73e297d6b830026f8e646a3742a8800d26d98ba395b812b5df4be393b663bda4
gallery,Sourav_Ganguly,multi_image_gallery/Sourav_Ganguly/Sourav_Ganguly_0004.jpg,Sourav_Ganguly_0004.jpg,250,250,JPEG,RGB,9308,c58fbcbbb946e19727e1f9b734aa2b25362db2ada72d9cee14748f58cbb5d595
gallery,Spencer_Abraham,multi_image_gallery/Spencer_Abraham/Spencer_Abraham_0001.jpg,Spencer_Abraham_0001.jpg,250,250,JPEG,RGB,8458,1b0a9dd18d603837782256a2e85919938abe387ed89876e40f0d999e8f8a90eb
gallery,Spencer_Abraham,multi_image_gallery/Spencer_Abraham/Spencer_Abraham_0002.jpg,Spencer_Abraham_0002.jpg,250,250,JPEG,RGB,10122,53dfd6e8f5d4960610315304807098d7b83814714f41a0f7876e535c7856154e
gallery,Spencer_Abraham,multi_image_gallery/Spencer_Abraham/Spencer_Abraham_0003.jpg,Spencer_Abraham_0003.jpg,250,250,JPEG,RGB,6083,c2cf36514c8a015306da5675ad9190564ca256aebd103de47907bee79d1250c8
gallery,Spencer_Abraham,multi_image_gallery/Spencer_Abraham/Spencer_Abraham_0004.jpg,Spencer_Abraham_0004.jpg,250,250,JPEG,RGB,7415,d58d8c3ec1a52a86e139c7ad5e0ab362aee44f12a0ae7608d6c32ddeebb94d0c
gallery,Spencer_Abraham,multi_image_gallery/Spencer_Abraham/Spencer_Abraham_0005.jpg,Spencer_Abraham_0005.jpg,250,250,JPEG,RGB,8520,066c08ec2f2a07bc2565f2ca16a61a85ca03c0f7cd4dca86e2a1f02fa207c7a7
gallery,Spencer_Abraham,multi_image_gallery/Spencer_Abraham/Spencer_Abraham_0006.jpg,Spencer_Abraham_0006.jpg,250,250,JPEG,RGB,6862,34ebbd080872295292704ecbd65bfadce0019ea3aabbfa4f6c48b90b3ed316b3
gallery,Spencer_Abraham,multi_image_gallery/Spencer_Abraham/Spencer_Abraham_0007.jpg,Spencer_Abraham_0007.jpg,250,250,JPEG,RGB,7862,881f03a7fe250b243663dc8e2aa9f4867c7a4d833a4a0265c6280b4337d55df1
gallery,Spencer_Abraham,multi_image_gallery/Spencer_Abraham/Spencer_Abraham_0008.jpg,Spencer_Abraham_0008.jpg,250,250,JPEG,RGB,9430,c6f173670b0a39ff5626511f639b93710833831e80b25324b08929c24f0f5498
gallery,Spencer_Abraham,multi_image_gallery/Spencer_Abraham/Spencer_Abraham_0009.jpg,Spencer_Abraham_0009.jpg,250,250,JPEG,RGB,6677,20c5b55e574ac02011f8e54155520a730ddf2748b11f46ba8b0a33e14f22e820
gallery,Spencer_Abraham,multi_image_gallery/Spencer_Abraham/Spencer_Abraham_0010.jpg,Spencer_Abraham_0010.jpg,250,250,JPEG,RGB,9048,797d99adf7ff801960335fa80c307d5e4f2a6de1b4e3b964c660662edc58be28
gallery,Stacy_Dragila,multi_image_gallery/Stacy_Dragila/Stacy_Dragila_0001.jpg,Stacy_Dragila_0001.jpg,250,250,JPEG,RGB,8907,08739033532a20dec9e5ed27353060680190e19f29bb96154e63ce09edfd8537
gallery,Stanley_McChrystal,multi_image_gallery/Stanley_McChrystal/Stanley_McChrystal_0001.jpg,Stanley_McChrystal_0001.jpg,250,250,JPEG,RGB,9961,3e1a06c3814294531d3808ae080f0fb1bfdbbc9d4ece20fff92ab115498cf0b5
gallery,Stanley_McChrystal,multi_image_gallery/Stanley_McChrystal/Stanley_McChrystal_0002.jpg,Stanley_McChrystal_0002.jpg,250,250,JPEG,RGB,7870,5c356ca2384992c37e1c74f4d6d1f33af4423fc6f901d6c6eacea5589d299db1
gallery,Stanley_Tong,multi_image_gallery/Stanley_Tong/Stanley_Tong_0001.jpg,Stanley_Tong_0001.jpg,250,250,JPEG,RGB,11626,13ffbe93a22dd6e2c4d34d13a35ee4d87735bf58dabceed681c7f92c03e402e5
gallery,Stellan_Skarsgard,multi_image_gallery/Stellan_Skarsgard/Stellan_Skarsgard_0001.jpg,Stellan_Skarsgard_0001.jpg,250,250,JPEG,RGB,7994,d749b6bc24a7007dee176b9dc327d1174c3909cfe745d8b965fbee19c2aee5b8
gallery,Stephen_Friedman,multi_image_gallery/Stephen_Friedman/Stephen_Friedman_0001.jpg,Stephen_Friedman_0001.jpg,250,250,JPEG,RGB,7604,ca8b69e318bf50363f1e1a23bd7bfad3fc2b5d79519d6e328547a03adce62372
gallery,Steve_Park,multi_image_gallery/Steve_Park/Steve_Park_0001.jpg,Steve_Park_0001.jpg,250,250,JPEG,RGB,10159,035111bb7f2891dd1d62ae55e6fb48a033cf73b99ec896be584884b486a23112
gallery,Steve_Spurrier,multi_image_gallery/Steve_Spurrier/Steve_Spurrier_0001.jpg,Steve_Spurrier_0001.jpg,250,250,JPEG,RGB,9229,ff393dd2be4baab059442153b5c0f26b334c93981e34473bf5c8c20fe2fc41da
gallery,Steve_Waugh,multi_image_gallery/Steve_Waugh/Steve_Waugh_0001.jpg,Steve_Waugh_0001.jpg,250,250,JPEG,RGB,10749,fe165c786e6043b1e6c945ad6f62c54151c2a25ad64e16db566860e60ad679ef
gallery,Steven_Spielberg,multi_image_gallery/Steven_Spielberg/Steven_Spielberg_0001.jpg,Steven_Spielberg_0001.jpg,250,250,JPEG,RGB,10290,cf8631a1a8785719f8ac2bfa1c52a283b9ce385a1a54b701a11bd5d7e75051c8
gallery,Steven_Spielberg,multi_image_gallery/Steven_Spielberg/Steven_Spielberg_0002.jpg,Steven_Spielberg_0002.jpg,250,250,JPEG,RGB,6847,ccebd5bf86c3134e472eb14e99b4a975e861d5dda6bb3f4e4edc887e2d6dbab7
gallery,Steven_Spielberg,multi_image_gallery/Steven_Spielberg/Steven_Spielberg_0003.jpg,Steven_Spielberg_0003.jpg,250,250,JPEG,RGB,7768,7a28a53f30da43d43fe347af35037b79d1281f9f4e57aa09aa6824c30a0f4705
gallery,Steven_Spielberg,multi_image_gallery/Steven_Spielberg/Steven_Spielberg_0004.jpg,Steven_Spielberg_0004.jpg,250,250,JPEG,RGB,8792,5d6487c4025b22e2a82f5d088c51641e94e470dcf57711c51653a41790d727e7
gallery,Steven_Spielberg,multi_image_gallery/Steven_Spielberg/Steven_Spielberg_0005.jpg,Steven_Spielberg_0005.jpg,250,250,JPEG,RGB,6232,1802a48b69b8262c20479f54e4fe3c9f6b61ded39945ef7bc6950316174506e6
gallery,Steven_Spielberg,multi_image_gallery/Steven_Spielberg/Steven_Spielberg_0006.jpg,Steven_Spielberg_0006.jpg,250,250,JPEG,RGB,7506,fe617560c465fd9d7f2706f6beeff260349076f9cc6fda79fbbbffe1ae0d4a4c
gallery,Stockard_Channing,multi_image_gallery/Stockard_Channing/Stockard_Channing_0001.jpg,Stockard_Channing_0001.jpg,250,250,JPEG,RGB,8253,e5acb7174b0b3980ca581e63a7a06dc1e88514ccc64fa2ccebd080d9df252c65
gallery,Stockard_Channing,multi_image_gallery/Stockard_Channing/Stockard_Channing_0002.jpg,Stockard_Channing_0002.jpg,250,250,JPEG,RGB,8118,e0625d704e69d9d8bb7c3fd5072947ef8f1828dbc8d7a7def1412a0de033ad01
gallery,Sue_Wicks,multi_image_gallery/Sue_Wicks/Sue_Wicks_0001.jpg,Sue_Wicks_0001.jpg,250,250,JPEG,RGB,8587,d24ca54f7db1ee13b70b68cf34ca5a59c8acbeb96602a0971e0567af87def03a
gallery,Susan_Collins,multi_image_gallery/Susan_Collins/Susan_Collins_0001.jpg,Susan_Collins_0001.jpg,250,250,JPEG,RGB,8492,d90256cb5b9a7d83d65ffabaad8a2a630a4ad509fbe6a7bfc2eb73089889751a
gallery,Takashi_Sorimachi,multi_image_gallery/Takashi_Sorimachi/Takashi_Sorimachi_0001.jpg,Takashi_Sorimachi_0001.jpg,250,250,JPEG,RGB,9298,629f6821b4c5e7194e2106ab464cca0da2e5cc65c6618995adac778a90020f70
gallery,Tamara_Brooks,multi_image_gallery/Tamara_Brooks/Tamara_Brooks_0001.jpg,Tamara_Brooks_0001.jpg,250,250,JPEG,RGB,10575,2c818a4377556e0dfde9531b2fd66d17f8072e608025b6a29d90eccfcf277fa1
gallery,Tammy_Lynn_Michaels,multi_image_gallery/Tammy_Lynn_Michaels/Tammy_Lynn_Michaels_0001.jpg,Tammy_Lynn_Michaels_0001.jpg,250,250,JPEG,RGB,10535,d2b1b132ab084ff1ebe79b3d7d8613f2e648eacdeec166fe514d5f388b1bb36e
gallery,Taufik_Hidayat,multi_image_gallery/Taufik_Hidayat/Taufik_Hidayat_0001.jpg,Taufik_Hidayat_0001.jpg,250,250,JPEG,RGB,9786,7890dee7c31d1086cb082d74405f4b6a4e9d1c2a177b09f5372623e5d8717ebe
gallery,Taufik_Hidayat,multi_image_gallery/Taufik_Hidayat/Taufik_Hidayat_0002.jpg,Taufik_Hidayat_0002.jpg,250,250,JPEG,RGB,10937,074c855274a390d8e5d7c533465003339835ae954fae8640b84130b4318a919d
gallery,Thabo_Mbeki,multi_image_gallery/Thabo_Mbeki/Thabo_Mbeki_0001.jpg,Thabo_Mbeki_0001.jpg,250,250,JPEG,RGB,7405,237cfba4f98ae30154e2fcde88469bf4b8ce7cb0afb15e6577f77be8325913bb
gallery,Thabo_Mbeki,multi_image_gallery/Thabo_Mbeki/Thabo_Mbeki_0002.jpg,Thabo_Mbeki_0002.jpg,250,250,JPEG,RGB,6432,39f81b80f1b5ef0300891096df00d653a56882dc0b0b55c0c359194236f7ddb2
gallery,Thabo_Mbeki,multi_image_gallery/Thabo_Mbeki/Thabo_Mbeki_0003.jpg,Thabo_Mbeki_0003.jpg,250,250,JPEG,RGB,7047,1d47d020d8d1fb6e80b180bf09b67db46c57e41d5173ec0d1fe65195ddfe532b
gallery,Thabo_Mbeki,multi_image_gallery/Thabo_Mbeki/Thabo_Mbeki_0004.jpg,Thabo_Mbeki_0004.jpg,250,250,JPEG,RGB,9438,cb87a396ae301a8e371d54a52472e2b080f69b28508d2d0ec89a367d6b61163e
gallery,Thaksin_Shinawatra,multi_image_gallery/Thaksin_Shinawatra/Thaksin_Shinawatra_0001.jpg,Thaksin_Shinawatra_0001.jpg,250,250,JPEG,RGB,9729,994b1753ca43724c2f728620c6dce4f04f4c9e1d3b75984f00cb225229ff9dc5
gallery,Thaksin_Shinawatra,multi_image_gallery/Thaksin_Shinawatra/Thaksin_Shinawatra_0002.jpg,Thaksin_Shinawatra_0002.jpg,250,250,JPEG,RGB,9896,776a128905119ce551822e9f8bdc55f896cde6b6d7ed7599f8ee010e2e42518a
gallery,Thaksin_Shinawatra,multi_image_gallery/Thaksin_Shinawatra/Thaksin_Shinawatra_0003.jpg,Thaksin_Shinawatra_0003.jpg,250,250,JPEG,RGB,7927,10b39c5dafde54074e492006be0269aa977f049dc4a787c86229ea5012ce0475
gallery,Thaksin_Shinawatra,multi_image_gallery/Thaksin_Shinawatra/Thaksin_Shinawatra_0004.jpg,Thaksin_Shinawatra_0004.jpg,250,250,JPEG,RGB,9279,a0bfc031334c4b72b76cc5c6ffc13923a19e1fa26d5a4fe5493dcc3ec4668c78
gallery,Thaksin_Shinawatra,multi_image_gallery/Thaksin_Shinawatra/Thaksin_Shinawatra_0005.jpg,Thaksin_Shinawatra_0005.jpg,250,250,JPEG,RGB,6538,6c8e3be79e5ab99a38cb07e1e30c836bca78f73d88a256f337740a4dcd5f2607
gallery,Theo_Epstein,multi_image_gallery/Theo_Epstein/Theo_Epstein_0001.jpg,Theo_Epstein_0001.jpg,250,250,JPEG,RGB,7240,d9522dbf930106d65b2237ad09188e0f4f2e38fc5d36dc872358edc45c356a5d
gallery,Thierry_Falise,multi_image_gallery/Thierry_Falise/Thierry_Falise_0001.jpg,Thierry_Falise_0001.jpg,250,250,JPEG,RGB,7406,a3bced239dbcd783a3f429a3792f21c10ee86582d08b9edbec9bb2864e9a52ca
gallery,Thierry_Falise,multi_image_gallery/Thierry_Falise/Thierry_Falise_0002.jpg,Thierry_Falise_0002.jpg,250,250,JPEG,RGB,8335,eab9e9470213b4e5bafba50b0ef92b35563b47745700cb650014b98185eb08e1
gallery,Thomas_Birmingham,multi_image_gallery/Thomas_Birmingham/Thomas_Birmingham_0001.jpg,Thomas_Birmingham_0001.jpg,250,250,JPEG,RGB,7762,a446fac6e7a42f9afb5a3aa4c95796230688f1d4c2a85f178b6c7bf9b813d8fc
gallery,Thomas_Fargo,multi_image_gallery/Thomas_Fargo/Thomas_Fargo_0001.jpg,Thomas_Fargo_0001.jpg,250,250,JPEG,RGB,6487,2e361ed2ac7c0ba2f67cab9f6a65ba05d81c500acfd157e3e322e2724b1e11cf
gallery,Thomas_Fargo,multi_image_gallery/Thomas_Fargo/Thomas_Fargo_0002.jpg,Thomas_Fargo_0002.jpg,250,250,JPEG,RGB,7870,751740ded152c8c61a70f2e27abc7b1c9c47e53c640d0a56773303abc425a6af
gallery,Thomas_Fargo,multi_image_gallery/Thomas_Fargo/Thomas_Fargo_0003.jpg,Thomas_Fargo_0003.jpg,250,250,JPEG,RGB,9176,cf93b80d4480e243c97febfc53e457735dba2acf15cbf9138c034dbf84c64bdc
gallery,Thomas_OBrien,multi_image_gallery/Thomas_OBrien/Thomas_OBrien_0001.jpg,Thomas_OBrien_0001.jpg,250,250,JPEG,RGB,7308,64059970395318426fd088ea1ab24c44ca750fc54771202bb9c1587f8e48e5fe
gallery,Thomas_OBrien,multi_image_gallery/Thomas_OBrien/Thomas_OBrien_0002.jpg,Thomas_OBrien_0002.jpg,250,250,JPEG,RGB,7148,66bcadc36b0814904b97ef65837c93085c852585f849253e8cc7f31c23a7a0de
gallery,Thomas_OBrien,multi_image_gallery/Thomas_OBrien/Thomas_OBrien_0003.jpg,Thomas_OBrien_0003.jpg,250,250,JPEG,RGB,7127,51ea0c387b4722c9c0ea6dccfcf5b0c1435fac87ed3569266bd3ec75427297c4
gallery,Thomas_OBrien,multi_image_gallery/Thomas_OBrien/Thomas_OBrien_0004.jpg,Thomas_OBrien_0004.jpg,250,250,JPEG,RGB,8040,21ab12f4cdbbd6807a855774d34d2257822db72d172aaa04cbdbfd084b6f17b9
gallery,Thomas_OBrien,multi_image_gallery/Thomas_OBrien/Thomas_OBrien_0005.jpg,Thomas_OBrien_0005.jpg,250,250,JPEG,RGB,6932,979999770ddcb190e4e1ab0c68b05688cbfcb46e3597e5e3e7a9df38513d3af0
gallery,Thomas_OBrien,multi_image_gallery/Thomas_OBrien/Thomas_OBrien_0006.jpg,Thomas_OBrien_0006.jpg,250,250,JPEG,RGB,7063,2729ddffca10b03cd6100bde7f7195140ca52b9a07c28b9910109da893e4ca68
gallery,Thomas_OBrien,multi_image_gallery/Thomas_OBrien/Thomas_OBrien_0007.jpg,Thomas_OBrien_0007.jpg,250,250,JPEG,RGB,8422,edb2e57f78f6328f2f43154157cb41db5736e81ae029c42b7f93233eac187d37
gallery,Thomas_OBrien,multi_image_gallery/Thomas_OBrien/Thomas_OBrien_0008.jpg,Thomas_OBrien_0008.jpg,250,250,JPEG,RGB,9788,82c4d717ad07ca0f0be409e37ca782e53a81f74430a73bbad4cf30f7b87759bd
gallery,Thomas_Rupprath,multi_image_gallery/Thomas_Rupprath/Thomas_Rupprath_0001.jpg,Thomas_Rupprath_0001.jpg,250,250,JPEG,RGB,10560,cfdcd1c9ca6597ad798aea3d3bd8ca3235f75336450865c771e0d0a8d71444f9
gallery,Thomas_Rupprath,multi_image_gallery/Thomas_Rupprath/Thomas_Rupprath_0002.jpg,Thomas_Rupprath_0002.jpg,250,250,JPEG,RGB,9707,29208ed2277c4ed3cc1b5797b05ebed3e54226e21ce31a0ac002ce099db25a9a
gallery,Tim_Allen,multi_image_gallery/Tim_Allen/Tim_Allen_0001.jpg,Tim_Allen_0001.jpg,250,250,JPEG,RGB,10366,68dfaa48ce9079c125f8d8a93c14b4ad1063286c5e5b0fddb6d6cecbc6c338d3
gallery,Tim_Allen,multi_image_gallery/Tim_Allen/Tim_Allen_0002.jpg,Tim_Allen_0002.jpg,250,250,JPEG,RGB,9916,91a884c7a867c636f0eeb02c91ccb8dc97ee867aa5370547fbd64fcae64a1db7
gallery,Tim_Allen,multi_image_gallery/Tim_Allen/Tim_Allen_0003.jpg,Tim_Allen_0003.jpg,250,250,JPEG,RGB,8792,6ddeb03d3066fca2dfb1bbe998193c514bb2d53a994d9a53ef3ea3ce5fff1225
gallery,Tim_Floyd,multi_image_gallery/Tim_Floyd/Tim_Floyd_0001.jpg,Tim_Floyd_0001.jpg,250,250,JPEG,RGB,8004,88bdabbca425a770517064b3cdf632e6c8770d3786f2211a02706a52793002df
gallery,Todd_Haynes,multi_image_gallery/Todd_Haynes/Todd_Haynes_0001.jpg,Todd_Haynes_0001.jpg,250,250,JPEG,RGB,8687,17db72c3dfa0f97cccd3776a23fb01fe760c2e93dd048211e883e89a626f6231
gallery,Todd_Haynes,multi_image_gallery/Todd_Haynes/Todd_Haynes_0002.jpg,Todd_Haynes_0002.jpg,250,250,JPEG,RGB,7985,3aa9b0ba7f5f50435a758784c71c91a8f04d9b5bf96b256de43658319f23db2f
gallery,Todd_Haynes,multi_image_gallery/Todd_Haynes/Todd_Haynes_0003.jpg,Todd_Haynes_0003.jpg,250,250,JPEG,RGB,8112,b2af6852ae3652add4b13aca4c05349b0c4a42ed472f93a2660bf85014567617
gallery,Tom_Brady,multi_image_gallery/Tom_Brady/Tom_Brady_0001.jpg,Tom_Brady_0001.jpg,250,250,JPEG,RGB,9261,b44279d507ff6d943740319f16ada00b9c519572ac21d330585f80a38cc139ec
gallery,Tom_Craddick,multi_image_gallery/Tom_Craddick/Tom_Craddick_0001.jpg,Tom_Craddick_0001.jpg,250,250,JPEG,RGB,8951,a455065f30e9ea009df3591202ca28797d6d3d94b215de1de099c198b38e4e60
gallery,Tom_Craddick,multi_image_gallery/Tom_Craddick/Tom_Craddick_0002.jpg,Tom_Craddick_0002.jpg,250,250,JPEG,RGB,8178,fefa48c676e81d6cda9cf6ee0e22eac893255b83316f31d8353dafdaf1b84e9c
gallery,Tom_Craddick,multi_image_gallery/Tom_Craddick/Tom_Craddick_0003.jpg,Tom_Craddick_0003.jpg,250,250,JPEG,RGB,9295,7dabbb5cd113e96998cdbec092b3485ef268e194350bdcc59ee8d3bc8816116f
gallery,Tom_Crean,multi_image_gallery/Tom_Crean/Tom_Crean_0001.jpg,Tom_Crean_0001.jpg,250,250,JPEG,RGB,8336,f06c9fec0ab758ff2fc5b21480556cfcc0d5a4be2cfc5d9c0f69c12b570d46fb
gallery,Tom_Crean,multi_image_gallery/Tom_Crean/Tom_Crean_0002.jpg,Tom_Crean_0002.jpg,250,250,JPEG,RGB,7748,242fcb4a232c799471dcb1ba022d604990afbbb1ee6b10dd648d7aad2f0aeac7
gallery,Tom_Crean,multi_image_gallery/Tom_Crean/Tom_Crean_0003.jpg,Tom_Crean_0003.jpg,250,250,JPEG,RGB,6982,5718908fcbeb8a25ca18b8dbdf76f56d8f6b57630ddf0a6700a1d4c82304ab54
gallery,Tom_Crean,multi_image_gallery/Tom_Crean/Tom_Crean_0004.jpg,Tom_Crean_0004.jpg,250,250,JPEG,RGB,7087,30f5386bef19b8a6d7c7bbb703ce4e595872007eaf6dd736d4775a3b85ebbd10
gallery,Tom_Cruise,multi_image_gallery/Tom_Cruise/Tom_Cruise_0001.jpg,Tom_Cruise_0001.jpg,250,250,JPEG,RGB,10011,3dbfcb954d9d0700f0f57776499c732d163ffa64af881303271c74699038c9f5
gallery,Tom_Cruise,multi_image_gallery/Tom_Cruise/Tom_Cruise_0002.jpg,Tom_Cruise_0002.jpg,250,250,JPEG,RGB,10373,9706c63b26cb43312022203a2c4c5a31afca8c79ec755c05ed202ce3ef218a6c
gallery,Tom_Cruise,multi_image_gallery/Tom_Cruise/Tom_Cruise_0003.jpg,Tom_Cruise_0003.jpg,250,250,JPEG,RGB,8255,646f8f3cddbe8d23c25c02ce68caafdcf6051faed7589e20f27d6ce4fede4b7d
gallery,Tom_Cruise,multi_image_gallery/Tom_Cruise/Tom_Cruise_0004.jpg,Tom_Cruise_0004.jpg,250,250,JPEG,RGB,8225,e6963fbde7605ecb660d5363ce43e95c262dbdc7d8ee0dbe4f6a055c80ac4ef9
gallery,Tom_Cruise,multi_image_gallery/Tom_Cruise/Tom_Cruise_0005.jpg,Tom_Cruise_0005.jpg,250,250,JPEG,RGB,7665,172c7d44b020f824b55746bfb864733c6b27428f0c70a58131776022117e2bbe
gallery,Tom_Cruise,multi_image_gallery/Tom_Cruise/Tom_Cruise_0006.jpg,Tom_Cruise_0006.jpg,250,250,JPEG,RGB,11773,8de71ce87e9edfb1918c0f1483acd1f1ff0b6a2a272aced556b2acc1cd3d0618
gallery,Tom_Cruise,multi_image_gallery/Tom_Cruise/Tom_Cruise_0007.jpg,Tom_Cruise_0007.jpg,250,250,JPEG,RGB,10849,8ca699dc2d64dbd1b767ed93c2080bd86d170590d2142bee4aaccf87e9eabaf5
gallery,Tom_Cruise,multi_image_gallery/Tom_Cruise/Tom_Cruise_0008.jpg,Tom_Cruise_0008.jpg,250,250,JPEG,RGB,9506,efe662fe22d0e2516251fd8f5b4277b02e46f0a7010386ddb30d8772fde9dcc6
gallery,Tom_Cruise,multi_image_gallery/Tom_Cruise/Tom_Cruise_0009.jpg,Tom_Cruise_0009.jpg,250,250,JPEG,RGB,9242,f711333a67cb89a0351b3567b4f6f08d90ccad342523fc3b4b189d33fd9e5499
gallery,Tom_Daschle,multi_image_gallery/Tom_Daschle/Tom_Daschle_0001.jpg,Tom_Daschle_0001.jpg,250,250,JPEG,RGB,8837,f99060e71a70e47de639e3faa4839ec8a24042f5c29fe68c317bea57b5815017
gallery,Tom_Daschle,multi_image_gallery/Tom_Daschle/Tom_Daschle_0002.jpg,Tom_Daschle_0002.jpg,250,250,JPEG,RGB,8720,4ab0cad2f5bb8f333b82b52d7bb53e3520a4802fc044257f48c14122845ed6e5
gallery,Tom_Daschle,multi_image_gallery/Tom_Daschle/Tom_Daschle_0003.jpg,Tom_Daschle_0003.jpg,250,250,JPEG,RGB,8627,d4747d2234f49e6fc4d255a068426055bf69d6e15ee624054e37263ebea6a393
gallery,Tom_Daschle,multi_image_gallery/Tom_Daschle/Tom_Daschle_0004.jpg,Tom_Daschle_0004.jpg,250,250,JPEG,RGB,8393,00062a0d254e82d1f7e9fbe3f67fb9dcdf07608f4102a2795cde9b6b84516eb1
gallery,Tom_Daschle,multi_image_gallery/Tom_Daschle/Tom_Daschle_0005.jpg,Tom_Daschle_0005.jpg,250,250,JPEG,RGB,7705,225d847f16fea7127100e204533031a1d7a56b568d55527e88f79f3b89539228
gallery,Tom_Daschle,multi_image_gallery/Tom_Daschle/Tom_Daschle_0006.jpg,Tom_Daschle_0006.jpg,250,250,JPEG,RGB,9107,e9503fd359e484e06171243d69b2483d0a38df545694acdada7198e8821f72ab
gallery,Tom_Daschle,multi_image_gallery/Tom_Daschle/Tom_Daschle_0007.jpg,Tom_Daschle_0007.jpg,250,250,JPEG,RGB,9286,efeee63abe68f2090f5264060b6b27b112ace522ec5f9524a498dcf1b8e1e090
gallery,Tom_Daschle,multi_image_gallery/Tom_Daschle/Tom_Daschle_0008.jpg,Tom_Daschle_0008.jpg,250,250,JPEG,RGB,9277,1f12f3ce27af2b748bcad86ed07191cfc2fa96185b4cc2fcd022ad7300e7e494
gallery,Tom_Daschle,multi_image_gallery/Tom_Daschle/Tom_Daschle_0009.jpg,Tom_Daschle_0009.jpg,250,250,JPEG,RGB,9306,5a9ebe17541b2a4a864a3de86569a5f1c20dbd44b9c394e91f8a0d78c9863408
gallery,Tom_Daschle,multi_image_gallery/Tom_Daschle/Tom_Daschle_0010.jpg,Tom_Daschle_0010.jpg,250,250,JPEG,RGB,9051,067fc38618c864ae84ad93ecdf6c9920fdac59a0b0192f3e925558fd0536309c
gallery,Tom_Glavine,multi_image_gallery/Tom_Glavine/Tom_Glavine_0001.jpg,Tom_Glavine_0001.jpg,250,250,JPEG,RGB,9403,2bd87635c7e0730758b95799c63020b4f446b5fd45bac290b37ef73921a72b72
gallery,Tomoko_Hagiwara,multi_image_gallery/Tomoko_Hagiwara/Tomoko_Hagiwara_0001.jpg,Tomoko_Hagiwara_0001.jpg,250,250,JPEG,RGB,12500,83c28405de69680de1bfad09ede2ccc5e32fb4c6d391a0f5e0442ce13a613d32
gallery,Tony_Bennett,multi_image_gallery/Tony_Bennett/Tony_Bennett_0001.jpg,Tony_Bennett_0001.jpg,250,250,JPEG,RGB,8743,acf86077b2bcb1afe2f236a88b4442cda2b51cd3b7ec516307bff8de2fbb1152
gallery,Tony_Bennett,multi_image_gallery/Tony_Bennett/Tony_Bennett_0002.jpg,Tony_Bennett_0002.jpg,250,250,JPEG,RGB,8181,9f6712f646361fef4736cf60523d2aa0c189543270bbc2ad0e889d4ce9f3b4c3
gallery,Tony_Bennett,multi_image_gallery/Tony_Bennett/Tony_Bennett_0003.jpg,Tony_Bennett_0003.jpg,250,250,JPEG,RGB,10433,7474a61925e54843cfce5f72e90f8ad3563d16d048cd7e2f1109a117de35a50b
gallery,Tony_Curtis,multi_image_gallery/Tony_Curtis/Tony_Curtis_0001.jpg,Tony_Curtis_0001.jpg,250,250,JPEG,RGB,8993,6d31480eab513245e745d5a08acfd2556b36acd0bd4a8a7c441b49ada57322f8
gallery,Tracee_Ellis_Ross,multi_image_gallery/Tracee_Ellis_Ross/Tracee_Ellis_Ross_0001.jpg,Tracee_Ellis_Ross_0001.jpg,250,250,JPEG,RGB,9283,bfbaa2939399f9dc568e19a88807334d9706b40b247f5f3ec860f1d96295caf8
gallery,Trent_Lott,multi_image_gallery/Trent_Lott/Trent_Lott_0001.jpg,Trent_Lott_0001.jpg,250,250,JPEG,RGB,7654,d635f184a04dba624b7be3ab2e91cf73f6c70fd074b7a501079747709014ed47
gallery,Trent_Lott,multi_image_gallery/Trent_Lott/Trent_Lott_0002.jpg,Trent_Lott_0002.jpg,250,250,JPEG,RGB,7154,450b589fa4b98db381271ec2b90cddbd822c755d94e1a626cd733c5221429aa1
gallery,Trent_Lott,multi_image_gallery/Trent_Lott/Trent_Lott_0003.jpg,Trent_Lott_0003.jpg,250,250,JPEG,RGB,9966,a6bac6794a64b7fe8249371dbbcd9226197f2e6de0f5fabf8b14522676b427fb
gallery,Trent_Lott,multi_image_gallery/Trent_Lott/Trent_Lott_0004.jpg,Trent_Lott_0004.jpg,250,250,JPEG,RGB,6671,44f81ba0fdcc4f8df4d355198388e6668d52d88a606051dd1bd9edc6f764b38e
gallery,Trent_Lott,multi_image_gallery/Trent_Lott/Trent_Lott_0005.jpg,Trent_Lott_0005.jpg,250,250,JPEG,RGB,9229,5fe00cf0f6207dce5650387388f850d24b4e352433e90c69c4dc66ac2d46c34d
gallery,Trent_Lott,multi_image_gallery/Trent_Lott/Trent_Lott_0006.jpg,Trent_Lott_0006.jpg,250,250,JPEG,RGB,8867,eb1e4ea475e67ff5941ae7f0351f41d7a8e5e795ec5bc5cfc7ec4b4923e22d49
gallery,Trent_Lott,multi_image_gallery/Trent_Lott/Trent_Lott_0007.jpg,Trent_Lott_0007.jpg,250,250,JPEG,RGB,7766,132afcda7b9e8238a48e8e47a92f5b3c3d25823e1d789fbb1482cc797bd41031
gallery,Trent_Lott,multi_image_gallery/Trent_Lott/Trent_Lott_0008.jpg,Trent_Lott_0008.jpg,250,250,JPEG,RGB,9663,52c12b7d4ca30548a9ae3d8a32f8eabb7bc345c2a8c089141c4466ad57a86f36
gallery,Trent_Lott,multi_image_gallery/Trent_Lott/Trent_Lott_0009.jpg,Trent_Lott_0009.jpg,250,250,JPEG,RGB,9982,6db157ca5634150d759cf3f65a1a7b9ae6fe37d56d80816038dcd02375c873b1
gallery,Trent_Lott,multi_image_gallery/Trent_Lott/Trent_Lott_0010.jpg,Trent_Lott_0010.jpg,250,250,JPEG,RGB,9239,c8201046a1166ef2f3e2e67e4d37efe5c3eae0846e23795efd5e17c66cc58fc8
gallery,Tyler_Hamilton,multi_image_gallery/Tyler_Hamilton/Tyler_Hamilton_0001.jpg,Tyler_Hamilton_0001.jpg,250,250,JPEG,RGB,11073,2a3f6dbe82469cabaf38ac2c98fb0cc1f9caf3710c7e1e2ef127500d63e35e79
gallery,Tyra_Banks,multi_image_gallery/Tyra_Banks/Tyra_Banks_0001.jpg,Tyra_Banks_0001.jpg,250,250,JPEG,RGB,6767,ada531653887ae2f2ee6127a75072bd102f9ba0cc51f9eb610c33bcd7d6e8e49
gallery,Vaclav_Havel,multi_image_gallery/Vaclav_Havel/Vaclav_Havel_0001.jpg,Vaclav_Havel_0001.jpg,250,250,JPEG,RGB,8028,24ce8f89c4fb97ef3f3db1808813da44e44f93804245d87dead1c7f430e96c68
gallery,Vaclav_Havel,multi_image_gallery/Vaclav_Havel/Vaclav_Havel_0002.jpg,Vaclav_Havel_0002.jpg,250,250,JPEG,RGB,8562,8d71dfb8532097a52197004d406d2ef29eaa141e7bedbdc0f955dabb24befcb5
gallery,Vaclav_Havel,multi_image_gallery/Vaclav_Havel/Vaclav_Havel_0003.jpg,Vaclav_Havel_0003.jpg,250,250,JPEG,RGB,6471,a63d1c5cfc8e6ba9a0f6844ffeaeb19eb3ae7612f37def58e96dce989dad31e0
gallery,Vaclav_Havel,multi_image_gallery/Vaclav_Havel/Vaclav_Havel_0004.jpg,Vaclav_Havel_0004.jpg,250,250,JPEG,RGB,9035,2fda04bca545f7064c60cd52934436896cd9bc51250fb791ff304a171e895b15
gallery,Vaclav_Havel,multi_image_gallery/Vaclav_Havel/Vaclav_Havel_0005.jpg,Vaclav_Havel_0005.jpg,250,250,JPEG,RGB,7916,d610de36727f83d657b3d555cd1f3696a2fe549f7f7a6de243d9f7daf68eafe3
gallery,Vaclav_Havel,multi_image_gallery/Vaclav_Havel/Vaclav_Havel_0006.jpg,Vaclav_Havel_0006.jpg,250,250,JPEG,RGB,7619,a3a142103cb4b859416c425d475b2493f49ab8014c4210c433d5236a8c897f91
gallery,Vaclav_Havel,multi_image_gallery/Vaclav_Havel/Vaclav_Havel_0007.jpg,Vaclav_Havel_0007.jpg,250,250,JPEG,RGB,7521,1d04571d8789eafa455ac59940649dd1bb414603420d51e3486d83624afb4fca
gallery,Vaclav_Havel,multi_image_gallery/Vaclav_Havel/Vaclav_Havel_0008.jpg,Vaclav_Havel_0008.jpg,250,250,JPEG,RGB,9135,18582d053f68dc24718eec8ab4575747d182595aa44aed54f323b07ee7993bf8
gallery,Valdas_Adamkus,multi_image_gallery/Valdas_Adamkus/Valdas_Adamkus_0001.jpg,Valdas_Adamkus_0001.jpg,250,250,JPEG,RGB,8524,917a6caa1a69245d1e780a8a1046d7ee6aea0d9870e634189ce3e3d2d54f1fc7
gallery,Valerie_Harper,multi_image_gallery/Valerie_Harper/Valerie_Harper_0001.jpg,Valerie_Harper_0001.jpg,250,250,JPEG,RGB,9586,10198cd18c4aa662fc95090f1ee1a0d6282d33879a8f975a167a65dabe21fbf5
gallery,Valery_Giscard_dEstaing,multi_image_gallery/Valery_Giscard_dEstaing/Valery_Giscard_dEstaing_0001.jpg,Valery_Giscard_dEstaing_0001.jpg,250,250,JPEG,RGB,7949,f7184a7b5228dc6b8f97bcd593f789c9d0975ffaefc48b11faa78a3f7edc895e
gallery,Valery_Giscard_dEstaing,multi_image_gallery/Valery_Giscard_dEstaing/Valery_Giscard_dEstaing_0002.jpg,Valery_Giscard_dEstaing_0002.jpg,250,250,JPEG,RGB,9607,6cdeac80c805a4f8f241c2a8c153730eeddd49824a88d060032f4d70b27e7f24
gallery,Valery_Giscard_dEstaing,multi_image_gallery/Valery_Giscard_dEstaing/Valery_Giscard_dEstaing_0003.jpg,Valery_Giscard_dEstaing_0003.jpg,250,250,JPEG,RGB,9522,7d1974b0451c8c54371c3c1cb4fca39897fa6922b2f49d4cce8eeac5e9165e6f
gallery,Valery_Giscard_dEstaing,multi_image_gallery/Valery_Giscard_dEstaing/Valery_Giscard_dEstaing_0004.jpg,Valery_Giscard_dEstaing_0004.jpg,250,250,JPEG,RGB,8544,87d5f3723481cc19c25c86559a0ab603839e8b4ba72b7e11c200ca4518b2f2d9
gallery,Valery_Giscard_dEstaing,multi_image_gallery/Valery_Giscard_dEstaing/Valery_Giscard_dEstaing_0005.jpg,Valery_Giscard_dEstaing_0005.jpg,250,250,JPEG,RGB,8541,838ca88dd4495f2f875f6aed15d419eb2f602b1c38eebfb5fea326968c0f0d90
gallery,Vanessa_Incontrada,multi_image_gallery/Vanessa_Incontrada/Vanessa_Incontrada_0001.jpg,Vanessa_Incontrada_0001.jpg,250,250,JPEG,RGB,9639,6314e06ee22312f8b86cbbe28b16ee4e29505442e78efe48d7f3dc649c7117e0
gallery,Vanessa_Incontrada,multi_image_gallery/Vanessa_Incontrada/Vanessa_Incontrada_0002.jpg,Vanessa_Incontrada_0002.jpg,250,250,JPEG,RGB,10512,96fe861b6ed1bd0d73c2417801b15ee6682180463f53e2598c012c77e573a828
gallery,Vanessa_Incontrada,multi_image_gallery/Vanessa_Incontrada/Vanessa_Incontrada_0003.jpg,Vanessa_Incontrada_0003.jpg,250,250,JPEG,RGB,10148,b5ef10e751295ed2cb5bd83114d091908c429202dbf9e71f7439843560f9c450
gallery,Vanessa_Williams,multi_image_gallery/Vanessa_Williams/Vanessa_Williams_0001.jpg,Vanessa_Williams_0001.jpg,250,250,JPEG,RGB,9582,99a2e2e9a7357fce6ae5d8449fc27fc3efcf31ed2a5391acdbc8a64bed8c2ce7
gallery,Vanessa_Williams,multi_image_gallery/Vanessa_Williams/Vanessa_Williams_0002.jpg,Vanessa_Williams_0002.jpg,250,250,JPEG,RGB,11541,56bdf54dbdc514f24e98d8daf9bb34de6e23a6bc4a4bb2021cadf16ef4037c8e
gallery,Venus_Williams,multi_image_gallery/Venus_Williams/Venus_Williams_0001.jpg,Venus_Williams_0001.jpg,250,250,JPEG,RGB,8266,cebf4bb5d1784ad1b8fea97a0df16343edb2a6d29b4a92fd908c3f501a8ff1bf
gallery,Venus_Williams,multi_image_gallery/Venus_Williams/Venus_Williams_0002.jpg,Venus_Williams_0002.jpg,250,250,JPEG,RGB,7314,0385cd189902c51a4dbd90f97d36b10791fb0a1758c2cf6a273a231fbff91bf1
gallery,Venus_Williams,multi_image_gallery/Venus_Williams/Venus_Williams_0003.jpg,Venus_Williams_0003.jpg,250,250,JPEG,RGB,10538,5d3739ca4709d888c8359f6ee28ce878b058f5890270abffb9005b6df815267b
gallery,Venus_Williams,multi_image_gallery/Venus_Williams/Venus_Williams_0004.jpg,Venus_Williams_0004.jpg,250,250,JPEG,RGB,8772,934d34f176f9aa7f49f9f11dd9c82ad391d8239e98b14a737f870783c64cf318
gallery,Venus_Williams,multi_image_gallery/Venus_Williams/Venus_Williams_0005.jpg,Venus_Williams_0005.jpg,250,250,JPEG,RGB,9919,ef536502cf250a05c5d95548d312d68392c3f0e17b55c147bf60e5ab6f49f7af
gallery,Venus_Williams,multi_image_gallery/Venus_Williams/Venus_Williams_0006.jpg,Venus_Williams_0006.jpg,250,250,JPEG,RGB,9973,3b565b6a7276789cd3e4215bf0e613776fe32a5030ab06d29615b8c0be5cd98b
gallery,Venus_Williams,multi_image_gallery/Venus_Williams/Venus_Williams_0007.jpg,Venus_Williams_0007.jpg,250,250,JPEG,RGB,7821,2dfae71f780a53d1fb6d51aecdddff241a00a789ac9747d3862114ae55ad08ee
gallery,Venus_Williams,multi_image_gallery/Venus_Williams/Venus_Williams_0008.jpg,Venus_Williams_0008.jpg,250,250,JPEG,RGB,9617,adc2028d7b9d7938ba98019c43d913d238a9b40be82a89f87748aad094df91f2
gallery,Venus_Williams,multi_image_gallery/Venus_Williams/Venus_Williams_0009.jpg,Venus_Williams_0009.jpg,250,250,JPEG,RGB,7880,3a824402e5e6e194e8cfa7d16b5a12f231c007e214ce3c7b92fb7b48010019e8
gallery,Venus_Williams,multi_image_gallery/Venus_Williams/Venus_Williams_0010.jpg,Venus_Williams_0010.jpg,250,250,JPEG,RGB,8223,29319549403374898cb9aa991d772c818201c2e221eb4d85227808d0af8c5256
gallery,Vicente_Fernandez,multi_image_gallery/Vicente_Fernandez/Vicente_Fernandez_0001.jpg,Vicente_Fernandez_0001.jpg,250,250,JPEG,RGB,8724,b7fb4fb5de4c5d5844631136b6df6b98f9ae3db0f472e39f9d9456723792fc0a
gallery,Vicente_Fernandez,multi_image_gallery/Vicente_Fernandez/Vicente_Fernandez_0002.jpg,Vicente_Fernandez_0002.jpg,250,250,JPEG,RGB,10967,5d02d21bf632771bf792776de0567837187c3396f1c6c3a7ec64a87ae92170ad
gallery,Vicente_Fernandez,multi_image_gallery/Vicente_Fernandez/Vicente_Fernandez_0003.jpg,Vicente_Fernandez_0003.jpg,250,250,JPEG,RGB,7488,32798c738017340a25fd83b667154cd05bb22ffafa4b0a42ce34f8665dda2a17
gallery,Vicente_Fernandez,multi_image_gallery/Vicente_Fernandez/Vicente_Fernandez_0004.jpg,Vicente_Fernandez_0004.jpg,250,250,JPEG,RGB,8518,3ef05903d5e946cc78b558157099877e63d5b21cd3bbfb5bf4b5f4076a913f84
gallery,Vicki_Zhao_Wei,multi_image_gallery/Vicki_Zhao_Wei/Vicki_Zhao_Wei_0001.jpg,Vicki_Zhao_Wei_0001.jpg,250,250,JPEG,RGB,9572,8f1ce81d9b3471d1f9b5a11275691b05b5cc6534e302a6e2b0602300959804d2
gallery,Vidar_Helgesen,multi_image_gallery/Vidar_Helgesen/Vidar_Helgesen_0001.jpg,Vidar_Helgesen_0001.jpg,250,250,JPEG,RGB,8776,fe380785c76270385f8fac04297b34cd22870cb18a18f5b12f61fdacb42c7571
gallery,Vince_Carter,multi_image_gallery/Vince_Carter/Vince_Carter_0001.jpg,Vince_Carter_0001.jpg,250,250,JPEG,RGB,7338,1569ed1fcd01e65ac063971a8d7965f52dfd8ee09228fecd906cea1af8fc5b82
gallery,Vince_Carter,multi_image_gallery/Vince_Carter/Vince_Carter_0002.jpg,Vince_Carter_0002.jpg,250,250,JPEG,RGB,9647,757a827b3a9444e6b5f46911315575fcb096261513e796de81fadf11cb8054d5
gallery,Vince_Carter,multi_image_gallery/Vince_Carter/Vince_Carter_0003.jpg,Vince_Carter_0003.jpg,250,250,JPEG,RGB,6582,6b60dbec4376c356c262218821fa44139d3613bee6984fcad95eddc27898b9d2
gallery,Vincent_Brooks,multi_image_gallery/Vincent_Brooks/Vincent_Brooks_0001.jpg,Vincent_Brooks_0001.jpg,250,250,JPEG,RGB,6813,ea2c2e778eee9d0d55fc2e0e4676d86f1736c90301f715cc67afac0234f1b702
gallery,Vincent_Brooks,multi_image_gallery/Vincent_Brooks/Vincent_Brooks_0002.jpg,Vincent_Brooks_0002.jpg,250,250,JPEG,RGB,9571,fb12028c717e1455f8a2628ba518ac4244236463dd108a3135d5ca3f7d40d9ea
gallery,Vincent_Brooks,multi_image_gallery/Vincent_Brooks/Vincent_Brooks_0003.jpg,Vincent_Brooks_0003.jpg,250,250,JPEG,RGB,10483,a895d02f227a78110eec6560ffe132d158773abe8cf30bc78a41eeb92f30c196
gallery,Vincent_Brooks,multi_image_gallery/Vincent_Brooks/Vincent_Brooks_0004.jpg,Vincent_Brooks_0004.jpg,250,250,JPEG,RGB,8464,e6744697c7d5a6d16ae6d77064767c961bf7a9e716ee42ef507b6b80a850407d
gallery,Vincent_Brooks,multi_image_gallery/Vincent_Brooks/Vincent_Brooks_0005.jpg,Vincent_Brooks_0005.jpg,250,250,JPEG,RGB,9342,81fe246ad12945136801b1e7cb0200ca8e9564134ceb2d7d4289a772b2e9bcf0
gallery,Vincent_Brooks,multi_image_gallery/Vincent_Brooks/Vincent_Brooks_0006.jpg,Vincent_Brooks_0006.jpg,250,250,JPEG,RGB,8683,ef7f762d8257ac8630394abb2575b6a9ae5a531ec157e5fc28b53145d7f0e98e
gallery,Vitali_Klitschko,multi_image_gallery/Vitali_Klitschko/Vitali_Klitschko_0001.jpg,Vitali_Klitschko_0001.jpg,250,250,JPEG,RGB,7806,39320ccc39ff863f4fc363368f87e93ab7f99c87e6ad36fc9ebee65086d4672c
gallery,Vitali_Klitschko,multi_image_gallery/Vitali_Klitschko/Vitali_Klitschko_0002.jpg,Vitali_Klitschko_0002.jpg,250,250,JPEG,RGB,8129,d56bce3b98c1511b0f3f360c8d4a479fe0038bd3db2a909619295dcbfcf65315
gallery,Vitali_Klitschko,multi_image_gallery/Vitali_Klitschko/Vitali_Klitschko_0003.jpg,Vitali_Klitschko_0003.jpg,250,250,JPEG,RGB,8651,250326913532c8f9105b9dc6d5d0d92e2b6a6b10ce4ffa35716ef555e4b37fb1
gallery,Vladimir_Putin,multi_image_gallery/Vladimir_Putin/Vladimir_Putin_0001.jpg,Vladimir_Putin_0001.jpg,250,250,JPEG,RGB,10357,c7f892a598d34d0df83112c7b30068e00e0c421e7fb8ecadc7c3a9ecb28fc721
gallery,Vladimir_Putin,multi_image_gallery/Vladimir_Putin/Vladimir_Putin_0002.jpg,Vladimir_Putin_0002.jpg,250,250,JPEG,RGB,7762,e54f57473096e4681222d558661ae9a7586a79c617d9c8ee491d4bed33ed8258
gallery,Vladimir_Putin,multi_image_gallery/Vladimir_Putin/Vladimir_Putin_0003.jpg,Vladimir_Putin_0003.jpg,250,250,JPEG,RGB,7901,b9d181fb72e835b1c9a02e1209fc4099624ae89e67c42784eaf694931140113d
gallery,Vladimir_Putin,multi_image_gallery/Vladimir_Putin/Vladimir_Putin_0004.jpg,Vladimir_Putin_0004.jpg,250,250,JPEG,RGB,8488,777d655646aacf2d3c43c0a1e2793f0363d06071caa85c8adc4a3d00258292f7
gallery,Vladimir_Putin,multi_image_gallery/Vladimir_Putin/Vladimir_Putin_0005.jpg,Vladimir_Putin_0005.jpg,250,250,JPEG,RGB,7573,3ae8bb96d66b0daea717b3393005934b12bf4dcea0bd47aa28c5c9902004d5de
gallery,Vladimir_Putin,multi_image_gallery/Vladimir_Putin/Vladimir_Putin_0006.jpg,Vladimir_Putin_0006.jpg,250,250,JPEG,RGB,9873,4654f96bf79258db8072b8756781230a97e68d8fbd0165e7ff35da32fc0f7be7
gallery,Vladimir_Putin,multi_image_gallery/Vladimir_Putin/Vladimir_Putin_0007.jpg,Vladimir_Putin_0007.jpg,250,250,JPEG,RGB,7675,2ca6e83dd8954cb453c34988912ee8148ccd34267977536669d085025693e6f6
gallery,Vladimir_Putin,multi_image_gallery/Vladimir_Putin/Vladimir_Putin_0008.jpg,Vladimir_Putin_0008.jpg,250,250,JPEG,RGB,9075,f8a40982c7455e1bd4fe2dca327a6e840160d735e57488864cfb2d30b08bb1c0
gallery,Vladimir_Putin,multi_image_gallery/Vladimir_Putin/Vladimir_Putin_0009.jpg,Vladimir_Putin_0009.jpg,250,250,JPEG,RGB,8643,7946d86329300d026ff2c28df2afc621cd3434c20066241b5ddcee541d82802f
gallery,Vladimir_Putin,multi_image_gallery/Vladimir_Putin/Vladimir_Putin_0010.jpg,Vladimir_Putin_0010.jpg,250,250,JPEG,RGB,8755,c71347f4d8e62923a9a3445f1cfe45168cf44854ea3518f4ed69a40606d125d3
gallery,Wang_Yingfan,multi_image_gallery/Wang_Yingfan/Wang_Yingfan_0001.jpg,Wang_Yingfan_0001.jpg,250,250,JPEG,RGB,7228,241f2c850ec26de3d69a05cad952a35119a891023dece1983cf7194a398a9c06
gallery,Wang_Yingfan,multi_image_gallery/Wang_Yingfan/Wang_Yingfan_0002.jpg,Wang_Yingfan_0002.jpg,250,250,JPEG,RGB,8924,ed584f4c73a7f59c14cb3578e83b5eade3654edfd045020ce54938af19d0a8ec
gallery,Warren_Beatty,multi_image_gallery/Warren_Beatty/Warren_Beatty_0001.jpg,Warren_Beatty_0001.jpg,250,250,JPEG,RGB,8073,95a22dcc7a264671036e684b70ea88e5fee36ec7b20028966c0ae1a176c67092
gallery,Warren_Buffett,multi_image_gallery/Warren_Buffett/Warren_Buffett_0001.jpg,Warren_Buffett_0001.jpg,250,250,JPEG,RGB,7309,b815685f7b484456997b614c6accfdedbae66dc84da6b866cef444e8325c980d
gallery,Warren_Buffett,multi_image_gallery/Warren_Buffett/Warren_Buffett_0002.jpg,Warren_Buffett_0002.jpg,250,250,JPEG,RGB,8429,3de54bb1f18bba843d5642174476d3acd5a0229cf0f229e2feae21fab946263e
gallery,Wesley_Clark,multi_image_gallery/Wesley_Clark/Wesley_Clark_0001.jpg,Wesley_Clark_0001.jpg,250,250,JPEG,RGB,8347,fc01d25912abd397bff4e9fb19cbe4d5d27bbdeca144b6dafd040b1103869ad8
gallery,Will_Smith,multi_image_gallery/Will_Smith/Will_Smith_0001.jpg,Will_Smith_0001.jpg,250,250,JPEG,RGB,8684,10317af306653aa1b94c033133785b5b20b7cdb4bcb80eedc88b5d0f27193c71
gallery,William_Bratton,multi_image_gallery/William_Bratton/William_Bratton_0001.jpg,William_Bratton_0001.jpg,250,250,JPEG,RGB,9554,152883bd387b42886ab431117c11a84dcdde8cef7a690f6b3bec3c250a1f2363
gallery,William_Bratton,multi_image_gallery/William_Bratton/William_Bratton_0002.jpg,William_Bratton_0002.jpg,250,250,JPEG,RGB,7328,1ecf2b3d7c9ee4bc1f6883a7fa6101b21b88b70d2217dbb655127de54c261d85
gallery,William_Ford_Jr,multi_image_gallery/William_Ford_Jr/William_Ford_Jr_0001.jpg,William_Ford_Jr_0001.jpg,250,250,JPEG,RGB,9149,d50d2475986d2336e48affc81a0b133b13c7e0f489cb75feb2d4ce11df6ea0d2
gallery,William_Ford_Jr,multi_image_gallery/William_Ford_Jr/William_Ford_Jr_0002.jpg,William_Ford_Jr_0002.jpg,250,250,JPEG,RGB,10019,6ae01953f1707562157e8c73ea0f90a27984d2a29163f45ae0bbb5c132281f59
gallery,William_Ford_Jr,multi_image_gallery/William_Ford_Jr/William_Ford_Jr_0003.jpg,William_Ford_Jr_0003.jpg,250,250,JPEG,RGB,7402,5a81a0fe818da179347bc2f41648312fe3bc9844e95b92ea47c4df0aaf658d31
gallery,William_Ford_Jr,multi_image_gallery/William_Ford_Jr/William_Ford_Jr_0004.jpg,William_Ford_Jr_0004.jpg,250,250,JPEG,RGB,6786,b491d37b8dd65be5fa561b331b5e24a1b456c16524e86534f365c07ba9423339
gallery,William_Ford_Jr,multi_image_gallery/William_Ford_Jr/William_Ford_Jr_0005.jpg,William_Ford_Jr_0005.jpg,250,250,JPEG,RGB,7982,410abe780c5269a74a323b8c6a6e2b1c9783c906ebbc876cb38197f19b534038
gallery,William_Ford_Jr,multi_image_gallery/William_Ford_Jr/William_Ford_Jr_0006.jpg,William_Ford_Jr_0006.jpg,250,250,JPEG,RGB,6797,619f99f58c3cce75d31434c6a581f6700b3f11e143e79f73020e1912bfd5a1ee
gallery,William_Hochul,multi_image_gallery/William_Hochul/William_Hochul_0001.jpg,William_Hochul_0001.jpg,250,250,JPEG,RGB,10673,436ae55359cc768a781809472abf19cdc832070241d61a22437f6a44f393ade9
gallery,William_Martin,multi_image_gallery/William_Martin/William_Martin_0001.jpg,William_Martin_0001.jpg,250,250,JPEG,RGB,7727,be2cb919df3b992282c14aa060e566cfa52e4e8f0295ba16af45f41dacc41dc0
gallery,Xanana_Gusmao,multi_image_gallery/Xanana_Gusmao/Xanana_Gusmao_0001.jpg,Xanana_Gusmao_0001.jpg,250,250,JPEG,RGB,9032,a2df094863360db71299a3979524612d398d40c5af590a6412d8a35934c74bc5
gallery,Xanana_Gusmao,multi_image_gallery/Xanana_Gusmao/Xanana_Gusmao_0002.jpg,Xanana_Gusmao_0002.jpg,250,250,JPEG,RGB,9825,13d5032a218aa653c4c06a45d1f9d4f19a155b35ae8b5a85eb5412291daee757
gallery,Xanana_Gusmao,multi_image_gallery/Xanana_Gusmao/Xanana_Gusmao_0003.jpg,Xanana_Gusmao_0003.jpg,250,250,JPEG,RGB,10324,10053625bca9b030306631436999722106cb9f474d470c66ec6b0d5e7505c482
gallery,Xanana_Gusmao,multi_image_gallery/Xanana_Gusmao/Xanana_Gusmao_0004.jpg,Xanana_Gusmao_0004.jpg,250,250,JPEG,RGB,8494,fcc49760f4a6873c41916fbf53dec535e90730a9ff4122d377f04b6afcda1900
gallery,Yao_Ming,multi_image_gallery/Yao_Ming/Yao_Ming_0001.jpg,Yao_Ming_0001.jpg,250,250,JPEG,RGB,9114,cafc6c3c3a430fc42a4c2d2d4f9554c503c3adaa2b4fdf896ebf2db954f27a03
gallery,Yao_Ming,multi_image_gallery/Yao_Ming/Yao_Ming_0002.jpg,Yao_Ming_0002.jpg,250,250,JPEG,RGB,9776,7b765a984dde8335763b4117961ea3e8c2887919080ad661b85624217eae5882
gallery,Yao_Ming,multi_image_gallery/Yao_Ming/Yao_Ming_0003.jpg,Yao_Ming_0003.jpg,250,250,JPEG,RGB,8899,050d83ff4a5d38e3271ee6aa7268d9a9b1b0548d51c1645ba5d133f1a4b76cee
gallery,Yao_Ming,multi_image_gallery/Yao_Ming/Yao_Ming_0004.jpg,Yao_Ming_0004.jpg,250,250,JPEG,RGB,6520,a81fc2102c1ceade0299e6f3b20b90bcc1f2bca51493b8dee18bf041c9ca0356
gallery,Yao_Ming,multi_image_gallery/Yao_Ming/Yao_Ming_0005.jpg,Yao_Ming_0005.jpg,250,250,JPEG,RGB,10315,ccd63dd65f0242b612556c7373892599fa82b567132b8c73b96abbc8663c6b51
gallery,Yao_Ming,multi_image_gallery/Yao_Ming/Yao_Ming_0006.jpg,Yao_Ming_0006.jpg,250,250,JPEG,RGB,9529,f7f88af2b94d4c670477cdaa1bad1ced65d95ac9e0dd558fb92b5e55eb5cbb09
gallery,Yao_Ming,multi_image_gallery/Yao_Ming/Yao_Ming_0007.jpg,Yao_Ming_0007.jpg,250,250,JPEG,RGB,7771,03f684d61b10f6ee8131acea1cc08887651f02177f517e5722ed77282c3ebdf8
gallery,Yasar_Yakis,multi_image_gallery/Yasar_Yakis/Yasar_Yakis_0001.jpg,Yasar_Yakis_0001.jpg,250,250,JPEG,RGB,6456,477c6a4dbaea5f449fd62d8cd81a34643552eaa8488be3983841866dc1ee6e42
gallery,Yasar_Yakis,multi_image_gallery/Yasar_Yakis/Yasar_Yakis_0002.jpg,Yasar_Yakis_0002.jpg,250,250,JPEG,RGB,7847,d31d6e5d48c509f1bc83261411d30b0aa5f8305977c01d989e0703a628ca5140
gallery,Yasar_Yakis,multi_image_gallery/Yasar_Yakis/Yasar_Yakis_0003.jpg,Yasar_Yakis_0003.jpg,250,250,JPEG,RGB,7930,15562d628eaad061fd09ad26c5d63350149a224245d609c07a8ff3bdd2a3dcfc
gallery,Yasser_Arafat,multi_image_gallery/Yasser_Arafat/Yasser_Arafat_0001.jpg,Yasser_Arafat_0001.jpg,250,250,JPEG,RGB,11612,a35bfafa343b681e20d68e0f46fd7eee186c90ca93f048f0c2044bc0f6d8fe32
gallery,Yasser_Arafat,multi_image_gallery/Yasser_Arafat/Yasser_Arafat_0002.jpg,Yasser_Arafat_0002.jpg,250,250,JPEG,RGB,12868,1806aa86a94b2f4fa63f923fc776c7faf4f1cc0a814b19f97fc12f2bcc39ee1e
gallery,Yasser_Arafat,multi_image_gallery/Yasser_Arafat/Yasser_Arafat_0003.jpg,Yasser_Arafat_0003.jpg,250,250,JPEG,RGB,10812,d6073ed38a8f92cc33ddfd361087c62ff95190d349039fa598d5b6caa139ad4a
gallery,Yasser_Arafat,multi_image_gallery/Yasser_Arafat/Yasser_Arafat_0004.jpg,Yasser_Arafat_0004.jpg,250,250,JPEG,RGB,12838,c79a84cd249a19c85b9b16751ef32e923e857e5290776f774352e58258976579
gallery,Yasser_Arafat,multi_image_gallery/Yasser_Arafat/Yasser_Arafat_0005.jpg,Yasser_Arafat_0005.jpg,250,250,JPEG,RGB,9956,6b5e8220fe0996a4d73247f8247b4a8cb2e02bcdf37da83e382a8f8d86e30c37
gallery,Yasser_Arafat,multi_image_gallery/Yasser_Arafat/Yasser_Arafat_0006.jpg,Yasser_Arafat_0006.jpg,250,250,JPEG,RGB,12525,ce9a3db4f56467ef49e26d0ec34b481de2742206a700ceb67aa3dcbe5be33382
gallery,Yasser_Arafat,multi_image_gallery/Yasser_Arafat/Yasser_Arafat_0007.jpg,Yasser_Arafat_0007.jpg,250,250,JPEG,RGB,12976,53a759b65fc69bb79752e12000c99c8c86e8bb2b6defa294d54a2e9fd8cb886d
gallery,Yevgeny_Kafelnikov,multi_image_gallery/Yevgeny_Kafelnikov/Yevgeny_Kafelnikov_0001.jpg,Yevgeny_Kafelnikov_0001.jpg,250,250,JPEG,RGB,8846,167bcf081adb13e228fc0974e16c1aeac07311c34fda390a95ca8b8284635ba8
gallery,Yevgeny_Kafelnikov,multi_image_gallery/Yevgeny_Kafelnikov/Yevgeny_Kafelnikov_0002.jpg,Yevgeny_Kafelnikov_0002.jpg,250,250,JPEG,RGB,8668,a5d74b22548bca99355abd9c465c08af11c226d626d954d44d7be642357f492e
gallery,Yevgeny_Kafelnikov,multi_image_gallery/Yevgeny_Kafelnikov/Yevgeny_Kafelnikov_0003.jpg,Yevgeny_Kafelnikov_0003.jpg,250,250,JPEG,RGB,8918,2a7bd24cf2b7f086b58a43caca0c8e641cf294091a4412cac0df5b13c6b42629
gallery,Yoko_Ono,multi_image_gallery/Yoko_Ono/Yoko_Ono_0001.jpg,Yoko_Ono_0001.jpg,250,250,JPEG,RGB,9626,359dd9644a35f796c73df9a3e4d9c3b52139b8e331d3f6ceb1b1d426b03ea271
gallery,Yoko_Ono,multi_image_gallery/Yoko_Ono/Yoko_Ono_0002.jpg,Yoko_Ono_0002.jpg,250,250,JPEG,RGB,9347,c63661d81aaf2e619287dd8d411f49418abfe6ea6fbf4e02043056610ad07373
gallery,Yoko_Ono,multi_image_gallery/Yoko_Ono/Yoko_Ono_0003.jpg,Yoko_Ono_0003.jpg,250,250,JPEG,RGB,12178,c29f6cfb7649016e72bbac0868e08cdc35fefe8dc45bbd8ed0c1d995aadf156e
gallery,Yoko_Ono,multi_image_gallery/Yoko_Ono/Yoko_Ono_0004.jpg,Yoko_Ono_0004.jpg,250,250,JPEG,RGB,7879,093b2fad9768da9fa5c002e8bdf7e77f82734530efdc79a8463747a7f797c4d6
gallery,Yoko_Ono,multi_image_gallery/Yoko_Ono/Yoko_Ono_0005.jpg,Yoko_Ono_0005.jpg,250,250,JPEG,RGB,8094,4f7b2ca21b275232fd626a82917536d0939b20df9df460514176a78577be1723
gallery,Yukiko_Okudo,multi_image_gallery/Yukiko_Okudo/Yukiko_Okudo_0001.jpg,Yukiko_Okudo_0001.jpg,250,250,JPEG,RGB,8838,44ee9a2d1089fa44e6d774bfd941516ef0e148399ca91fcf79798e30537a1076
gallery,Zarai_Toledo,multi_image_gallery/Zarai_Toledo/Zarai_Toledo_0001.jpg,Zarai_Toledo_0001.jpg,250,250,JPEG,RGB,7870,40da55687fe469fdd381d0fd8717fc544b2e40dcf01a04aa49d6295b46731120
gallery,Zhang_Ziyi,multi_image_gallery/Zhang_Ziyi/Zhang_Ziyi_0001.jpg,Zhang_Ziyi_0001.jpg,250,250,JPEG,RGB,8356,a63692db26073be06f344c4f1f9a20ccdcc1de7150438d0369b5bdffe32dd2f2
gallery,Zhang_Ziyi,multi_image_gallery/Zhang_Ziyi/Zhang_Ziyi_0002.jpg,Zhang_Ziyi_0002.jpg,250,250,JPEG,RGB,8547,171c489ea265922b715b7c7252489a08436d01c2ae0e981d67a6b54639bdfcc0
gallery,Zhang_Ziyi,multi_image_gallery/Zhang_Ziyi/Zhang_Ziyi_0003.jpg,Zhang_Ziyi_0003.jpg,250,250,JPEG,RGB,9005,e6170857877ee9bf1b8f252efa6c3ffd9414c7d8872c73df87787b7116f9ea49
gallery,Zoran_Djindjic,multi_image_gallery/Zoran_Djindjic/Zoran_Djindjic_0001.jpg,Zoran_Djindjic_0001.jpg,250,250,JPEG,RGB,7570,aecbebc53409f11edf319388d449af115123ed1e6c19cf9ffb8e70fe93aecdbc
gallery,Zoran_Djindjic,multi_image_gallery/Zoran_Djindjic/Zoran_Djindjic_0002.jpg,Zoran_Djindjic_0002.jpg,250,250,JPEG,RGB,8164,bcceaa30f3f279f1d2a75776b0163996ce5759e23ba2e82d3c780e59d5d05336
gallery,Zoran_Djindjic,multi_image_gallery/Zoran_Djindjic/Zoran_Djindjic_0003.jpg,Zoran_Djindjic_0003.jpg,250,250,JPEG,RGB,8730,dbcbc5c77844f635b27af943cefc17d709f9664a98cbd6984bf13dd055d16441
probe,Aaron_Sorkin,probe/Aaron_Sorkin/Aaron_Sorkin_0002.jpg,Aaron_Sorkin_0002.jpg,250,250,JPEG,RGB,7253,2c803eaa2729111007eacc0f0a2e1207853c43c57f3b93725547075426760a64
probe,Abdel_Nasser_Assidi,probe/Abdel_Nasser_Assidi/Abdel_Nasser_Assidi_0002.jpg,Abdel_Nasser_Assidi_0002.jpg,250,250,JPEG,RGB,13427,a5eb9eb554d082924fa25f58ebeebe505d6c4a66856287c2cb0f9b9f26d5ac35
probe,Abdullah,probe/Abdullah/Abdullah_0002.jpg,Abdullah_0002.jpg,250,250,JPEG,RGB,6700,47771b04cd5d70d6c92bb5da446b9dec3b92ac720c0d4ac6b921e3962d0308b1
probe,Abdullah_Gul,probe/Abdullah_Gul/Abdullah_Gul_0002.jpg,Abdullah_Gul_0002.jpg,250,250,JPEG,RGB,8765,6e01dc59e98dc0db84da34237a34edc332a815ee5d87ddb28523684b8565a4f0
probe,Abdullah_al-Attiyah,probe/Abdullah_al-Attiyah/Abdullah_al-Attiyah_0002.jpg,Abdullah_al-Attiyah_0002.jpg,250,250,JPEG,RGB,8963,57c589ab25b95fa52b0969298041827199a2080329a4dc95ac4746b761237602
probe,Abdullatif_Sener,probe/Abdullatif_Sener/Abdullatif_Sener_0002.jpg,Abdullatif_Sener_0002.jpg,250,250,JPEG,RGB,8592,36019aad646c45a6ce339aa2a639c54f2aa5117f7675cddef6c4b65d0af7276a
probe,Abel_Pacheco,probe/Abel_Pacheco/Abel_Pacheco_0002.jpg,Abel_Pacheco_0002.jpg,250,250,JPEG,RGB,8785,2e42057c333382cc73300276ef0dbf9e2f6fdb84676a080c2edad9da94571572
probe,Adam_Scott,probe/Adam_Scott/Adam_Scott_0002.jpg,Adam_Scott_0002.jpg,250,250,JPEG,RGB,7148,9863ddbd37fcc50f68502dcabaf435c18149374ba5beda43bb70bfdfddd44015
probe,Adolfo_Aguilar_Zinser,probe/Adolfo_Aguilar_Zinser/Adolfo_Aguilar_Zinser_0002.jpg,Adolfo_Aguilar_Zinser_0002.jpg,250,250,JPEG,RGB,9479,53ed36b1c1e463dae3681a85e5bd4130af86da4d5db526643355ca9674e31865
probe,Adolfo_Rodriguez_Saa,probe/Adolfo_Rodriguez_Saa/Adolfo_Rodriguez_Saa_0002.jpg,Adolfo_Rodriguez_Saa_0002.jpg,250,250,JPEG,RGB,9360,e7ed666f774b66b3d00425c7cfdea19b6231565d1f939c78f12ab4533e3c329e
probe,Adrian_McPherson,probe/Adrian_McPherson/Adrian_McPherson_0002.jpg,Adrian_McPherson_0002.jpg,250,250,JPEG,RGB,8572,30ef7f06f9b0807d30fb8e5e75ee506796db1c8cdc5c99818815b6c60c48fef8
probe,Adrian_Nastase,probe/Adrian_Nastase/Adrian_Nastase_0002.jpg,Adrian_Nastase_0002.jpg,250,250,JPEG,RGB,7322,2e430bf504be922c2e328fdee14c034ac41e166821438822e777b87396d9e2af
probe,Ahmad_Masood,probe/Ahmad_Masood/Ahmad_Masood_0002.jpg,Ahmad_Masood_0002.jpg,250,250,JPEG,RGB,9833,e2ad6c55defb9f59f74b2ed64584c4b82b1817221ca44a0033d401a0d4fdd8bb
probe,Ahmet_Necdet_Sezer,probe/Ahmet_Necdet_Sezer/Ahmet_Necdet_Sezer_0002.jpg,Ahmet_Necdet_Sezer_0002.jpg,250,250,JPEG,RGB,7475,b118f173f39a5f3a6b714137f3c648aec2d72564e3d977babeda986310eecf5e
probe,Aitor_Gonzalez,probe/Aitor_Gonzalez/Aitor_Gonzalez_0002.jpg,Aitor_Gonzalez_0002.jpg,250,250,JPEG,RGB,10611,275ca0a982e5ea7633ca576d81cd6df1ab7ff1c1ae236c10f026418be370a78b
probe,Al_Davis,probe/Al_Davis/Al_Davis_0002.jpg,Al_Davis_0002.jpg,250,250,JPEG,RGB,9743,3435eca8e8d5d8e60e169e132020b9f9d9cc7fb8d3929163aa7bc5090926d4cc
probe,Alan_Ball,probe/Alan_Ball/Alan_Ball_0002.jpg,Alan_Ball_0002.jpg,250,250,JPEG,RGB,8652,2c4e712d0f45dac47af3d0e8e356e93b2185e979a94f9b69471d286aac520d1e
probe,Alan_Mulally,probe/Alan_Mulally/Alan_Mulally_0002.jpg,Alan_Mulally_0002.jpg,250,250,JPEG,RGB,8543,e28f3e9c5ad1460ef45444cb7de11c20c1be2cd7d4ebe2ceadc716bafb7507b9
probe,Alastair_Campbell,probe/Alastair_Campbell/Alastair_Campbell_0002.jpg,Alastair_Campbell_0002.jpg,250,250,JPEG,RGB,10489,2bd6518bb2dee285565e3181f9b08960bff385cbfad5316e711c816bcde4cbb0
probe,Albert_Costa,probe/Albert_Costa/Albert_Costa_0002.jpg,Albert_Costa_0002.jpg,250,250,JPEG,RGB,8526,b80c9acaf2b24237fe99d2c5319a04392ad1f6d6fe2bf1b66da00e2a76128926
probe,Alberto_Fujimori,probe/Alberto_Fujimori/Alberto_Fujimori_0002.jpg,Alberto_Fujimori_0002.jpg,250,250,JPEG,RGB,9802,f01814f804cecbe3850b456b8bd517cb60a1ebde03c04b503fb085ea5b7c470d
probe,Alberto_Ruiz_Gallardon,probe/Alberto_Ruiz_Gallardon/Alberto_Ruiz_Gallardon_0002.jpg,Alberto_Ruiz_Gallardon_0002.jpg,250,250,JPEG,RGB,6989,22ba5a085ace92921aff02c2335f55698c38ac19107be299e395c6395300a0c0
probe,Albrecht_Mentz,probe/Albrecht_Mentz/Albrecht_Mentz_0002.jpg,Albrecht_Mentz_0002.jpg,250,250,JPEG,RGB,7236,7bd02d059312d4a748d08bfefe0dfcdaae5dae67d5441c0ab19065f0ea66be05
probe,Aldo_Paredes,probe/Aldo_Paredes/Aldo_Paredes_0002.jpg,Aldo_Paredes_0002.jpg,250,250,JPEG,RGB,10598,4b90e0babfbf51d5523e7d6730d5b09c4d9a062bc2fa400a1586792679ba81f2
probe,Alec_Baldwin,probe/Alec_Baldwin/Alec_Baldwin_0002.jpg,Alec_Baldwin_0002.jpg,250,250,JPEG,RGB,10345,c9b7adb20dc3468fda999940518e264295f05ea45953158f488dd16507604d18
probe,Alejandro_Atchugarry,probe/Alejandro_Atchugarry/Alejandro_Atchugarry_0002.jpg,Alejandro_Atchugarry_0002.jpg,250,250,JPEG,RGB,9506,14d652c45aaa8f8e7e011011b9f4cc7d74657c766cb7e4c8bb21fc5f2f653a2d
probe,Alejandro_Avila,probe/Alejandro_Avila/Alejandro_Avila_0002.jpg,Alejandro_Avila_0002.jpg,250,250,JPEG,RGB,7200,9eb88267b598340a8a75a288e2a5c198d7cc781d83491af665620c6c573016f7
probe,Alejandro_Toledo,probe/Alejandro_Toledo/Alejandro_Toledo_0002.jpg,Alejandro_Toledo_0002.jpg,250,250,JPEG,RGB,9044,b0a343281127140433301aa11265a23301aa03e59229b98a88dbf3d882a386f7
probe,Aleksander_Kwasniewski,probe/Aleksander_Kwasniewski/Aleksander_Kwasniewski_0002.jpg,Aleksander_Kwasniewski_0002.jpg,250,250,JPEG,RGB,10604,53e8c64ff50dde8cfd88beb06b34af5f60c4fd6e1c02c608942f3d9637472365
probe,Alex_Barros,probe/Alex_Barros/Alex_Barros_0002.jpg,Alex_Barros_0002.jpg,250,250,JPEG,RGB,11041,faaaff3fa6433488ba8a593c0b0db1ba6f6150efe0c0a0fc78f523a5f6348ed6
probe,Alex_Penelas,probe/Alex_Penelas/Alex_Penelas_0002.jpg,Alex_Penelas_0002.jpg,250,250,JPEG,RGB,9466,b65c9c0bcf8a039b554c61b750cb69086a39e631ff4c3ccb5dc75ee03fa72b8c
probe,Alexander_Losyukov,probe/Alexander_Losyukov/Alexander_Losyukov_0002.jpg,Alexander_Losyukov_0002.jpg,250,250,JPEG,RGB,7596,9070c96e02796420727085af1ad87cb3c74fbf547dd944a8f02f8670e205cf81
probe,Alexander_Rumyantsev,probe/Alexander_Rumyantsev/Alexander_Rumyantsev_0002.jpg,Alexander_Rumyantsev_0002.jpg,250,250,JPEG,RGB,6774,83911497d718c79fccea6d2d0da60862a21eea673ad1b6b0d50f39acb2b98ddc
probe,Alexandra_Stevenson,probe/Alexandra_Stevenson/Alexandra_Stevenson_0002.jpg,Alexandra_Stevenson_0002.jpg,250,250,JPEG,RGB,8344,02b73e45eaa16027a7ca95760df6976f01adefef616a35d0a3309490e6dfebad
probe,Alexandra_Vodjanikova,probe/Alexandra_Vodjanikova/Alexandra_Vodjanikova_0002.jpg,Alexandra_Vodjanikova_0002.jpg,250,250,JPEG,RGB,8763,798cf4435619f41bfa2a8112e7c5d630760133f5bc7d69c880fc2e80f2dcd3d7
probe,Ali_Abbas,probe/Ali_Abbas/Ali_Abbas_0002.jpg,Ali_Abbas_0002.jpg,250,250,JPEG,RGB,8337,46a06758c7d4cc11ac807ae757d267defa256ff27e6e1b26e0676338937f6df2
probe,Ali_Khamenei,probe/Ali_Khamenei/Ali_Khamenei_0002.jpg,Ali_Khamenei_0002.jpg,250,250,JPEG,RGB,8276,5838d7a7651187dd6e779aa2b6833e37d09295e522bc48113df19c1b1e5c10e5
probe,Alice_Fisher,probe/Alice_Fisher/Alice_Fisher_0002.jpg,Alice_Fisher_0002.jpg,250,250,JPEG,RGB,7379,bc3ad859d114ea52960f2962f907b1a27f9c387dac1def9039a6de7ba8135b8d
probe,Alicia_Silverstone,probe/Alicia_Silverstone/Alicia_Silverstone_0002.jpg,Alicia_Silverstone_0002.jpg,250,250,JPEG,RGB,8908,a47ed0ab7b3eb9a7383fe3fb25daffe4f96dfdb1e7f8ae06f4a292c4af21a4bd
probe,Alimzhan_Tokhtakhounov,probe/Alimzhan_Tokhtakhounov/Alimzhan_Tokhtakhounov_0002.jpg,Alimzhan_Tokhtakhounov_0002.jpg,250,250,JPEG,RGB,8529,06f4373c75928c1569303c398a9b8eeb8e9c4a237d07cb6d7207ea98840b4e82
probe,Alison_Lohman,probe/Alison_Lohman/Alison_Lohman_0002.jpg,Alison_Lohman_0002.jpg,250,250,JPEG,RGB,9246,6c368ac48572a4f1fd730f744821a86ea5cea36512002a98fba832ac138742da
probe,Allen_Iverson,probe/Allen_Iverson/Allen_Iverson_0002.jpg,Allen_Iverson_0002.jpg,250,250,JPEG,RGB,8921,f6bd69137d095946d32ff62a24c3e7bfd5b4f222ffbd0cbacb4f52789abf9998
probe,Allison_Janney,probe/Allison_Janney/Allison_Janney_0002.jpg,Allison_Janney_0002.jpg,250,250,JPEG,RGB,9937,5adf339e1432db64cafece389c481ad2f214927b3061cbc6d44c39693f7298ab
probe,Alvaro_Noboa,probe/Alvaro_Noboa/Alvaro_Noboa_0002.jpg,Alvaro_Noboa_0002.jpg,250,250,JPEG,RGB,10537,fa06174803993a7095c22bbad410ffe9d1b6d94de122e52d36efe7f4d67a2bdf
probe,Alvaro_Uribe,probe/Alvaro_Uribe/Alvaro_Uribe_0002.jpg,Alvaro_Uribe_0002.jpg,250,250,JPEG,RGB,9932,e0a4ae12b2c2ebc66c06040fba3de64c12d7e88cbf3647e173bbe24e1eb956d7
probe,Amanda_Beard,probe/Amanda_Beard/Amanda_Beard_0002.jpg,Amanda_Beard_0002.jpg,250,250,JPEG,RGB,9637,573f12d1a9d04cd87f29f29f31b1e189b2f0854d58f40e5a1ecb253813784bab
probe,Amanda_Coetzer,probe/Amanda_Coetzer/Amanda_Coetzer_0002.jpg,Amanda_Coetzer_0002.jpg,250,250,JPEG,RGB,9377,f0f898d698e6a420ccd5f64a5d5e658ee6a276d0240f9d01549a42d073881eb7
probe,Amber_Tamblyn,probe/Amber_Tamblyn/Amber_Tamblyn_0002.jpg,Amber_Tamblyn_0002.jpg,250,250,JPEG,RGB,8702,61e79c0d9216ebe4001e01f9f0b58fe140c464ab86d1d6774f32ff3dad286775
probe,Amelia_Vega,probe/Amelia_Vega/Amelia_Vega_0002.jpg,Amelia_Vega_0002.jpg,250,250,JPEG,RGB,8557,03d041a241789f493070c8ef29230520bf122e99c2ddeed867e063113cf04905
probe,Amram_Mitzna,probe/Amram_Mitzna/Amram_Mitzna_0002.jpg,Amram_Mitzna_0002.jpg,250,250,JPEG,RGB,10815,a400f64ee93d8ef3cada6f8159b3b2ee9823b8f4f96dd602cba9328e6a74551d
probe,Anders_Ebbeson,probe/Anders_Ebbeson/Anders_Ebbeson_0002.jpg,Anders_Ebbeson_0002.jpg,250,250,JPEG,RGB,7266,7715b611769a470cfa11660412edbd051a7a6524615bd286cecf5434303f09a1
probe,Anders_Fogh_Rasmussen,probe/Anders_Fogh_Rasmussen/Anders_Fogh_Rasmussen_0002.jpg,Anders_Fogh_Rasmussen_0002.jpg,250,250,JPEG,RGB,6077,5baed86cd6f6a72d66ece431d838f51d427b556dbef7857d0407cf0c73408da8
probe,Andrei_Mikhnevich,probe/Andrei_Mikhnevich/Andrei_Mikhnevich_0002.jpg,Andrei_Mikhnevich_0002.jpg,250,250,JPEG,RGB,8142,533800c33b950dd3adb930cf9a6f6c93cda4d74eb82d6429be5d5ac03c0b7d48
probe,Andrew_Bunner,probe/Andrew_Bunner/Andrew_Bunner_0002.jpg,Andrew_Bunner_0002.jpg,250,250,JPEG,RGB,9387,73e1c2669ce86db49497815a6e1f921f6707aba2db4ad9e0fa754fca27c2ceed
probe,Andrew_Cuomo,probe/Andrew_Cuomo/Andrew_Cuomo_0002.jpg,Andrew_Cuomo_0002.jpg,250,250,JPEG,RGB,9311,1d8cf7c136dfbfac5464171089aaea02c0849581b6da35fc15cfa5b12d727b11
probe,Andrew_Niccol,probe/Andrew_Niccol/Andrew_Niccol_0002.jpg,Andrew_Niccol_0002.jpg,250,250,JPEG,RGB,9366,8ac91385ec32b404f2e94e2db636ac75a2966b3424c610f81a6ca5d07854259c
probe,Andy_Hebb,probe/Andy_Hebb/Andy_Hebb_0002.jpg,Andy_Hebb_0002.jpg,250,250,JPEG,RGB,9474,e169b332055e651f4b75d44e03a0c842c96dcd8400ec47c0d2bbd774744de3fa
probe,Angela_Lansbury,probe/Angela_Lansbury/Angela_Lansbury_0002.jpg,Angela_Lansbury_0002.jpg,250,250,JPEG,RGB,10130,284d609c85c3f115b8d4bf97c6778f808988049b7ef5f880af44e62ad5f687b8
probe,Angelo_Reyes,probe/Angelo_Reyes/Angelo_Reyes_0002.jpg,Angelo_Reyes_0002.jpg,250,250,JPEG,RGB,8105,2d627fc910ca793989589ee39f86fc08aa27b23334955c46aba52181643996b1
probe,Anibal_Ibarra,probe/Anibal_Ibarra/Anibal_Ibarra_0002.jpg,Anibal_Ibarra_0002.jpg,250,250,JPEG,RGB,8889,7afbd2622756229aca17ee92ae59c60f0ee3e9ab6c420c525e8bca536d9a7248
probe,Ann_Veneman,probe/Ann_Veneman/Ann_Veneman_0002.jpg,Ann_Veneman_0002.jpg,250,250,JPEG,RGB,10163,7534accdc81fd800ff80ca9cb59b306162f2e64df26f567fcfa4590d2cb8df3d
probe,Anna_Kournikova,probe/Anna_Kournikova/Anna_Kournikova_0002.jpg,Anna_Kournikova_0002.jpg,250,250,JPEG,RGB,10762,a8d10c82d2cda9601a9d82393cd9e00b69c6c7b720a89f1ce11e799333936cd0
probe,Anna_Nicole_Smith,probe/Anna_Nicole_Smith/Anna_Nicole_Smith_0002.jpg,Anna_Nicole_Smith_0002.jpg,250,250,JPEG,RGB,10198,73329a84bac01980e251a5d096f7f137c90663ed93a1cd00a15632b19b2da728
probe,Anneli_Jaatteenmaki,probe/Anneli_Jaatteenmaki/Anneli_Jaatteenmaki_0002.jpg,Anneli_Jaatteenmaki_0002.jpg,250,250,JPEG,RGB,10179,b8d5becbb1e39efe5a786c228ac83156f08dec847f97aed2663589b78feefce8
probe,Annette_Bening,probe/Annette_Bening/Annette_Bening_0002.jpg,Annette_Bening_0002.jpg,250,250,JPEG,RGB,6965,d98c4f281aa9625db93aa791898b238579b0c561645f49e340e2a0918613866a
probe,Annette_Lu,probe/Annette_Lu/Annette_Lu_0002.jpg,Annette_Lu_0002.jpg,250,250,JPEG,RGB,10399,0ea2441298b54b7f11c429067075a2121e15b95d60c9146e0e5cd9ee5f8630f3
probe,Anthony_Fauci,probe/Anthony_Fauci/Anthony_Fauci_0002.jpg,Anthony_Fauci_0002.jpg,250,250,JPEG,RGB,9393,955f52b41ce8b5f27b7aceffe37123af0ed4a4d0f147877e3fea7435a27eca2b
probe,Anthony_Hopkins,probe/Anthony_Hopkins/Anthony_Hopkins_0002.jpg,Anthony_Hopkins_0002.jpg,250,250,JPEG,RGB,8843,eaa3ebb13360c631458d379d378af08474b836aeb580ffd70e0b264aabc1a8b9
probe,Anthony_LaPaglia,probe/Anthony_LaPaglia/Anthony_LaPaglia_0002.jpg,Anthony_LaPaglia_0002.jpg,250,250,JPEG,RGB,8085,be30ce9e25a437562de3a9f1dbe1b8fc6f7b01cfac91f5dc31cae98401e19fa8
probe,Antonio_Banderas,probe/Antonio_Banderas/Antonio_Banderas_0002.jpg,Antonio_Banderas_0002.jpg,250,250,JPEG,RGB,10545,60c6c656d51df78aa7d0f771c3432ea6138d1344c969d8cc966a2fb0e446e06b
probe,Antony_Leung,probe/Antony_Leung/Antony_Leung_0002.jpg,Antony_Leung_0002.jpg,250,250,JPEG,RGB,9474,2447be05b6268c63324620f167949b89cc1558de80fc3758f4cce16d60c1c6a0
probe,Anwar_Ibrahim,probe/Anwar_Ibrahim/Anwar_Ibrahim_0002.jpg,Anwar_Ibrahim_0002.jpg,250,250,JPEG,RGB,9402,ff55f822335adf0b73b3a5aad3a855f4d72f3b1f1746d479ce5617a52d52e09f
probe,Arantxa_Sanchez-Vicario,probe/Arantxa_Sanchez-Vicario/Arantxa_Sanchez-Vicario_0002.jpg,Arantxa_Sanchez-Vicario_0002.jpg,250,250,JPEG,RGB,9774,34ca77cf2b1c5bdf68733b73a9f6677e1ca95eb00c247b6dd6193e8ccd51d680
probe,Arianna_Huffington,probe/Arianna_Huffington/Arianna_Huffington_0002.jpg,Arianna_Huffington_0002.jpg,250,250,JPEG,RGB,10394,c9585078c871038eb9a2b545a2ac63440d79eec1e12deb1ac9dcba12d3483498
probe,Arlen_Specter,probe/Arlen_Specter/Arlen_Specter_0002.jpg,Arlen_Specter_0002.jpg,250,250,JPEG,RGB,7822,b86218496a659516df8e0d5e989ac830e302cf43def3108fef64117a677d282a
probe,Arnaud_Clement,probe/Arnaud_Clement/Arnaud_Clement_0002.jpg,Arnaud_Clement_0002.jpg,250,250,JPEG,RGB,10350,80680ea8f2873328ccfdaae5eec908339083490a5b49817109067a9a4969fb47
probe,Arnold_Palmer,probe/Arnold_Palmer/Arnold_Palmer_0002.jpg,Arnold_Palmer_0002.jpg,250,250,JPEG,RGB,9017,26fced69e50040ee1dcb032eca055b3826abf9c5cb8a949aeb1e24d379661345
probe,Aron_Ralston,probe/Aron_Ralston/Aron_Ralston_0002.jpg,Aron_Ralston_0002.jpg,250,250,JPEG,RGB,8862,b5c9e54035117a3e8b9fed1404caf5a9be9626d73c26863b998bbd3659c9e4c5
probe,Arsinee_Khanjian,probe/Arsinee_Khanjian/Arsinee_Khanjian_0002.jpg,Arsinee_Khanjian_0002.jpg,250,250,JPEG,RGB,9120,54d6074bd14c8139904a2326d4f7846a3db127a2a90da77c78fd3c31a8a08a48
probe,Art_Hoffmann,probe/Art_Hoffmann/Art_Hoffmann_0002.jpg,Art_Hoffmann_0002.jpg,250,250,JPEG,RGB,9394,9c4ed509c03bddeeb11d972e1059cb03e7b16d345c292f48376422e8ce2d3aba
probe,Art_Howe,probe/Art_Howe/Art_Howe_0002.jpg,Art_Howe_0002.jpg,250,250,JPEG,RGB,11729,4c012a6780324adcc9499bff833f89b6f2798c8bedde44720e73bf8447fb3442
probe,Arye_Mekel,probe/Arye_Mekel/Arye_Mekel_0002.jpg,Arye_Mekel_0002.jpg,250,250,JPEG,RGB,8393,5f5fc8cd61e7ced139792f05b3ab02bd744cc6e1f5d08bc83ad3124a9f62f138
probe,Asa_Hutchinson,probe/Asa_Hutchinson/Asa_Hutchinson_0002.jpg,Asa_Hutchinson_0002.jpg,250,250,JPEG,RGB,9052,35a21ea284071667a0ce821336864ac67b8d57b1ec09b8098bb53feaa94ca7d1
probe,Ashanti,probe/Ashanti/Ashanti_0002.jpg,Ashanti_0002.jpg,250,250,JPEG,RGB,9702,adbc0e3154314ae31ae03c162cd8836fc531bc95dea8cf83d557450f1ee01e66
probe,Augustin_Calleri,probe/Augustin_Calleri/Augustin_Calleri_0002.jpg,Augustin_Calleri_0002.jpg,250,250,JPEG,RGB,9076,50c1c247aa0466394dcab0035c14695ce29830041e54bf7f4f824f8e2522db81
probe,Augusto_Pinochet,probe/Augusto_Pinochet/Augusto_Pinochet_0002.jpg,Augusto_Pinochet_0002.jpg,250,250,JPEG,RGB,7782,dc9a1ba6cedbbbf33795a544c3eb772ce44903525e5fdaa982f0df774c610cf8
probe,Augusto_Roa_Bastos,probe/Augusto_Roa_Bastos/Augusto_Roa_Bastos_0002.jpg,Augusto_Roa_Bastos_0002.jpg,250,250,JPEG,RGB,8281,f2ae344ad1ce90820efc3edc279fe18a6ef2e150b005189268c7694fce213791
probe,Aung_San_Suu_Kyi,probe/Aung_San_Suu_Kyi/Aung_San_Suu_Kyi_0002.jpg,Aung_San_Suu_Kyi_0002.jpg,250,250,JPEG,RGB,10099,48f84936cf1d4a3dc01135761e94cf1657439470c501857228c0aba6d675b206
probe,Barbara_Brezigar,probe/Barbara_Brezigar/Barbara_Brezigar_0002.jpg,Barbara_Brezigar_0002.jpg,250,250,JPEG,RGB,8323,404ad0aa11de4c95f1c01c02a5b1ccc2ca2896f00cdbd5b0d2c2800d3b6877c1
probe,Barbara_Walters,probe/Barbara_Walters/Barbara_Walters_0002.jpg,Barbara_Walters_0002.jpg,250,250,JPEG,RGB,9876,41c106d0b604073970cc7806fabff906efbf9f10f6fd0964f3e444cef773d959
probe,Barbra_Streisand,probe/Barbra_Streisand/Barbra_Streisand_0002.jpg,Barbra_Streisand_0002.jpg,250,250,JPEG,RGB,9401,d02780627095645387cfbe61bd1c3e57beb99d3bbcbb9fb20d6a5a49f5a27695
probe,Barrett_Jackman,probe/Barrett_Jackman/Barrett_Jackman_0002.jpg,Barrett_Jackman_0002.jpg,250,250,JPEG,RGB,7827,980856995afc8c2db416ee77c9bd0812f34015e09b9917521d934f225b557274
probe,Barry_Alvarez,probe/Barry_Alvarez/Barry_Alvarez_0002.jpg,Barry_Alvarez_0002.jpg,250,250,JPEG,RGB,7493,aeb270e0ac4d191d220a37901cab656cf3f4d914347212478b983bf633c75fa7
probe,Barry_Zito,probe/Barry_Zito/Barry_Zito_0002.jpg,Barry_Zito_0002.jpg,250,250,JPEG,RGB,8977,79305966dc3d7c2e519fc2256ff5d4a956c8c6c160a894db27194217a3692a59
probe,Bashar_Assad,probe/Bashar_Assad/Bashar_Assad_0002.jpg,Bashar_Assad_0002.jpg,250,250,JPEG,RGB,8139,bbe6b874be708866922ad94cae6a55935967c1c2b06c52ea4b65d649287c189a
probe,Begum_Khaleda_Zia,probe/Begum_Khaleda_Zia/Begum_Khaleda_Zia_0002.jpg,Begum_Khaleda_Zia_0002.jpg,250,250,JPEG,RGB,9347,131f2ba35281156e8e8e3994fcd93e9cf08e586b14e4363cd619fc29030e0088
probe,Ben_Curtis,probe/Ben_Curtis/Ben_Curtis_0002.jpg,Ben_Curtis_0002.jpg,250,250,JPEG,RGB,10955,e91c32e98ba1d000a2966628a909c32e8f2780974a21ced33e2976256c79e5e4
probe,Ben_Glisan,probe/Ben_Glisan/Ben_Glisan_0002.jpg,Ben_Glisan_0002.jpg,250,250,JPEG,RGB,8839,cff33116064a1ee7a50666aef9e7a51eb2e3404c6ef44e071f3fcc3538d40c61
probe,Benazir_Bhutto,probe/Benazir_Bhutto/Benazir_Bhutto_0002.jpg,Benazir_Bhutto_0002.jpg,250,250,JPEG,RGB,9237,e24118db40778df93409904f71550ca569ef77eed8b8c90215f7dc21ee4f09cc
probe,Benjamin_Netanyahu,probe/Benjamin_Netanyahu/Benjamin_Netanyahu_0002.jpg,Benjamin_Netanyahu_0002.jpg,250,250,JPEG,RGB,9027,a1dd48787a3ff658ef98de1f0e63bafb9b380e6470bb581f1a73b48f3916df92
probe,Bernard_Landry,probe/Bernard_Landry/Bernard_Landry_0002.jpg,Bernard_Landry_0002.jpg,250,250,JPEG,RGB,6983,0a8e8332c4466d6b962efc29bcce7b1c5f3385104ba1d6777f6437d0180ccd91
probe,Bernard_Lord,probe/Bernard_Lord/Bernard_Lord_0002.jpg,Bernard_Lord_0002.jpg,250,250,JPEG,RGB,8184,c33d5ee43f7d5f9536a2aa734a7228f407280ef897fe27c3353ad2ab27c68462
probe,Bernardo_Segura,probe/Bernardo_Segura/Bernardo_Segura_0002.jpg,Bernardo_Segura_0002.jpg,250,250,JPEG,RGB,7891,bba13a0d53b1a0352280dd0133667b1615df90c898b6177fc451c5bb42295696
probe,Bertrand_Bonello,probe/Bertrand_Bonello/Bertrand_Bonello_0002.jpg,Bertrand_Bonello_0002.jpg,250,250,JPEG,RGB,8499,df9b338ce12e900610f799cb6c5645fffcf8d11707b258050c4c21a0326745ef
probe,Beth_Jones,probe/Beth_Jones/Beth_Jones_0002.jpg,Beth_Jones_0002.jpg,250,250,JPEG,RGB,9184,66d19e37a0bffb5da402e4f50d86d96b3e1a894cef1039e20dfb61b2f21e804c
probe,Betsy_Smith,probe/Betsy_Smith/Betsy_Smith_0002.jpg,Betsy_Smith_0002.jpg,250,250,JPEG,RGB,9282,c9c387c2acfe08fc657411dcac03ec936010d42d671c141eb5afd02f6f69eb10
probe,Bijan_Namdar_Zangeneh,probe/Bijan_Namdar_Zangeneh/Bijan_Namdar_Zangeneh_0002.jpg,Bijan_Namdar_Zangeneh_0002.jpg,250,250,JPEG,RGB,7252,7f99593a2060dd7ce8a7b0ea2afe3a539d098822a29dbf87c1485a2c132ca12e
probe,Biljana_Plavsic,probe/Biljana_Plavsic/Biljana_Plavsic_0002.jpg,Biljana_Plavsic_0002.jpg,250,250,JPEG,RGB,11390,713409ec6bbdf989e590ffa7493cbf69b473bab7139611719e69b0f3d3d1944a
probe,Bill_Belichick,probe/Bill_Belichick/Bill_Belichick_0002.jpg,Bill_Belichick_0002.jpg,250,250,JPEG,RGB,8439,930906a71a27e2f4ea32e5d5806f821e9588c4a7d1c7a372d6541899819c1dc7
probe,Bill_Callahan,probe/Bill_Callahan/Bill_Callahan_0002.jpg,Bill_Callahan_0002.jpg,250,250,JPEG,RGB,10228,8031de437afbf41cb6f79779907d87a08f27622d06af2b3d918304dfb37a9e09
probe,Bill_Frist,probe/Bill_Frist/Bill_Frist_0002.jpg,Bill_Frist_0002.jpg,250,250,JPEG,RGB,9403,6fc5a54c10a9fccbf67037a252aa15793a7a95107a1a58657549c0c172e225ed
probe,Bill_Gates,probe/Bill_Gates/Bill_Gates_0002.jpg,Bill_Gates_0002.jpg,250,250,JPEG,RGB,7791,26bf2d67784b29f3469b733c1688fb0a7d4ecbb1cdc41f47ae7e771e7305018b
probe,Bill_Graham,probe/Bill_Graham/Bill_Graham_0002.jpg,Bill_Graham_0002.jpg,250,250,JPEG,RGB,7330,3b362881a45ad3b57e0e42bb255bd392358bf028b884cd001623eed6a336d62a
probe,Bill_Nelson,probe/Bill_Nelson/Bill_Nelson_0002.jpg,Bill_Nelson_0002.jpg,250,250,JPEG,RGB,9219,a73be6969cd43a49dce0a911ee9fbe7aa505a329c59aa45f3a5b8ab46559ad08
probe,Bill_Parcells,probe/Bill_Parcells/Bill_Parcells_0002.jpg,Bill_Parcells_0002.jpg,250,250,JPEG,RGB,9317,93506f98fb28b00d86158b1c2188203810f914d98732c011392ef32b3ecde735
probe,Bill_Simon,probe/Bill_Simon/Bill_Simon_0002.jpg,Bill_Simon_0002.jpg,250,250,JPEG,RGB,7893,8a81a555831fe5c1523c3f9030da7c5f0468085f391fc482108e5521467fcbaa
probe,Bill_Sizemore,probe/Bill_Sizemore/Bill_Sizemore_0002.jpg,Bill_Sizemore_0002.jpg,250,250,JPEG,RGB,8300,0ca5d2cf1ea9a0f938442f5a723234c667e57bc685e9c955a2ddde4a79f9240b
probe,Billy_Graham,probe/Billy_Graham/Billy_Graham_0002.jpg,Billy_Graham_0002.jpg,250,250,JPEG,RGB,8198,6c25b33e9748f209eea632b1f74e6813e54bf6573701a16a01a8c18005edb2a4
probe,Billy_Sollie,probe/Billy_Sollie/Billy_Sollie_0002.jpg,Billy_Sollie_0002.jpg,250,250,JPEG,RGB,8722,a1572d3eb77d155366c80bd13c707a48334744299a405081a69871a006f54608
probe,Blythe_Danner,probe/Blythe_Danner/Blythe_Danner_0002.jpg,Blythe_Danner_0002.jpg,250,250,JPEG,RGB,8744,69e24cfff449470dab255ebad1ed37ec59a687c80a877febd12384a83870a3c8
probe,Blythe_Hartley,probe/Blythe_Hartley/Blythe_Hartley_0002.jpg,Blythe_Hartley_0002.jpg,250,250,JPEG,RGB,5813,5b7ebadb54c49683340a7f79262ad90d987eaa1696a189ddf7ea24b8c7bb144c
probe,Bo_Pelini,probe/Bo_Pelini/Bo_Pelini_0002.jpg,Bo_Pelini_0002.jpg,250,250,JPEG,RGB,8004,225b39d0eab6c355ed1ab9c272f659b5034bda84dd89ea223ccaece652d38622
probe,Bo_Ryan,probe/Bo_Ryan/Bo_Ryan_0002.jpg,Bo_Ryan_0002.jpg,250,250,JPEG,RGB,8840,82d49f39375a315b65c0337437fbbd90fd651f2b19e4d5d33853d0e32f7a0b9e
probe,Bob_Beauprez,probe/Bob_Beauprez/Bob_Beauprez_0002.jpg,Bob_Beauprez_0002.jpg,250,250,JPEG,RGB,7134,f0b98e6d8e372810017a25f3f7afac0cb8c21b2917864a703d4f0e825b100bbb
probe,Bob_Colvin,probe/Bob_Colvin/Bob_Colvin_0002.jpg,Bob_Colvin_0002.jpg,250,250,JPEG,RGB,7142,418734ce91c9fab8273576f6313e9dea86f62da92fd1fd1b0da1d49396ca15bb
probe,Bob_Geldof,probe/Bob_Geldof/Bob_Geldof_0002.jpg,Bob_Geldof_0002.jpg,250,250,JPEG,RGB,9276,808a72e6edf026df1b9a85beb614d1a5656b4075b2af86ce0342dc10c5dbeda4
probe,Bob_Hope,probe/Bob_Hope/Bob_Hope_0002.jpg,Bob_Hope_0002.jpg,250,250,JPEG,RGB,8402,8f14f337b680e1b24b2ab1c652a1d326ec5f61a7a96b5952b2a9af3d522cd48f
probe,Bobby_Goldwater,probe/Bobby_Goldwater/Bobby_Goldwater_0002.jpg,Bobby_Goldwater_0002.jpg,250,250,JPEG,RGB,9389,a61da90be772ced2cd74365fb4f4046aa03e1152c06ade543a2affa0c052850f
probe,Bobby_Robson,probe/Bobby_Robson/Bobby_Robson_0002.jpg,Bobby_Robson_0002.jpg,250,250,JPEG,RGB,7867,53c38892552322804f1b8e2a477b359b08e94ce127f1448c32fa70a01929e2af
probe,Bode_Miller,probe/Bode_Miller/Bode_Miller_0002.jpg,Bode_Miller_0002.jpg,250,250,JPEG,RGB,12274,5ef80ac3049e57b62118ddffa83701be30ebf20210c06b3a4bccc8e2fcd6d178
probe,Boris_Becker,probe/Boris_Becker/Boris_Becker_0002.jpg,Boris_Becker_0002.jpg,250,250,JPEG,RGB,9426,fa7234a752a8fd9a8e3aefa6b79a2fecace094f31387627d0a87484ccf1298d2
probe,Boris_Berezovsky,probe/Boris_Berezovsky/Boris_Berezovsky_0002.jpg,Boris_Berezovsky_0002.jpg,250,250,JPEG,RGB,7604,bc52b4413800455c6b085401277ca6ca6c414ca1fe9558ae546d17141b4e6125
probe,Boris_Yeltsin,probe/Boris_Yeltsin/Boris_Yeltsin_0002.jpg,Boris_Yeltsin_0002.jpg,250,250,JPEG,RGB,8668,7be55a07c5e6908fefe2ad3ebf50ee09e5fcf9df80ec83302460fd695e191558
probe,Brad_Johnson,probe/Brad_Johnson/Brad_Johnson_0002.jpg,Brad_Johnson_0002.jpg,250,250,JPEG,RGB,8590,06ddc67fc1f85a3e8cec95137db55ca1b7c5ca162c03b22a45ba819bbc8b83cd
probe,Branko_Crvenkovski,probe/Branko_Crvenkovski/Branko_Crvenkovski_0002.jpg,Branko_Crvenkovski_0002.jpg,250,250,JPEG,RGB,9416,8ce98b1154bd34a7697b11257ab2a8fb928c5f2a6b21f5f599285c51a0f229ee
probe,Brendan_Hansen,probe/Brendan_Hansen/Brendan_Hansen_0002.jpg,Brendan_Hansen_0002.jpg,250,250,JPEG,RGB,7333,e9a8c267583ae24b00a7a67b667cd9edaf9b2f3237115ad680963992f5f263e2
probe,Brian_Cowen,probe/Brian_Cowen/Brian_Cowen_0002.jpg,Brian_Cowen_0002.jpg,250,250,JPEG,RGB,6105,f56cb688132da94d1389b37ac4cddffd8a8a61aefef584dabf2db0b753451bfe
probe,Brian_Griese,probe/Brian_Griese/Brian_Griese_0002.jpg,Brian_Griese_0002.jpg,250,250,JPEG,RGB,9082,e075791ca365b306379c6c21c6f9dbdad1e829fe496588b7b03f3485a79734c8
probe,Brian_Heidik,probe/Brian_Heidik/Brian_Heidik_0002.jpg,Brian_Heidik_0002.jpg,250,250,JPEG,RGB,11460,eeecf720f7b3f5512344865c08dccba936cc35fcd4a4bbdbe0b9c9e1ad4374c4
probe,Brian_Mulroney,probe/Brian_Mulroney/Brian_Mulroney_0002.jpg,Brian_Mulroney_0002.jpg,250,250,JPEG,RGB,7371,424f8eb9b9f9757d52f03cc5c35cff0e5e58c6906c82d5b24a01e0c0ca032bad
probe,Brian_Wells,probe/Brian_Wells/Brian_Wells_0002.jpg,Brian_Wells_0002.jpg,250,250,JPEG,RGB,8946,7fb140d72194f32b263e93a9d4bd33f18952291aa07fc9b7bf1bfb77137883f2
probe,Bridget_Fonda,probe/Bridget_Fonda/Bridget_Fonda_0002.jpg,Bridget_Fonda_0002.jpg,250,250,JPEG,RGB,8602,3b52df835e8559013778c3ef700c1e50bbe39a9727f869bf0c4c642f6d78d52d
probe,Brigitte_Boisselier,probe/Brigitte_Boisselier/Brigitte_Boisselier_0002.jpg,Brigitte_Boisselier_0002.jpg,250,250,JPEG,RGB,7314,99286ac717b45230292012c2020ea32080438b1d51833b1278114f181d8b8424
probe,Brooke_Shields,probe/Brooke_Shields/Brooke_Shields_0002.jpg,Brooke_Shields_0002.jpg,250,250,JPEG,RGB,7949,ce06e2b2e1b80f09fec4ab26e9f73a13cfe325995f56b0b190bf173ed1f4bfa6
probe,Bruce_Van_De_Velde,probe/Bruce_Van_De_Velde/Bruce_Van_De_Velde_0002.jpg,Bruce_Van_De_Velde_0002.jpg,250,250,JPEG,RGB,8998,d7b5a001d0c921172bfbebd036d822e5e0d4ca3d7c88236526f4cce3225b5d9c
probe,Bruce_Weber,probe/Bruce_Weber/Bruce_Weber_0002.jpg,Bruce_Weber_0002.jpg,250,250,JPEG,RGB,7294,55d1d3475aadd3ed3c2024e4ce20d61e1d352399b2feba95b0d46543f71ae4a6
probe,Bud_Selig,probe/Bud_Selig/Bud_Selig_0002.jpg,Bud_Selig_0002.jpg,250,250,JPEG,RGB,9052,a11be61cf5d77954af22c72bde0a7dac413428e6dce175a5b792807895d555bc
probe,Butch_Davis,probe/Butch_Davis/Butch_Davis_0002.jpg,Butch_Davis_0002.jpg,250,250,JPEG,RGB,9144,d69223992b483beb9d5f0f2b1b0ebe3a040eedc8389043a888b649e5340a3424
probe,Byron_Scott,probe/Byron_Scott/Byron_Scott_0002.jpg,Byron_Scott_0002.jpg,250,250,JPEG,RGB,6800,f62d8a4cd1b9ddc33550ef381244f0c4855fb816e6d586b153e4817b3e91de44
probe,Cameron_Diaz,probe/Cameron_Diaz/Cameron_Diaz_0002.jpg,Cameron_Diaz_0002.jpg,250,250,JPEG,RGB,6705,bf29619d6e895be0cf53ed83baef98d4dae898c631d2825cb1a5b199851b282f
probe,Camilla_Parker_Bowles,probe/Camilla_Parker_Bowles/Camilla_Parker_Bowles_0002.jpg,Camilla_Parker_Bowles_0002.jpg,250,250,JPEG,RGB,9741,408da2ffbb9ce47ab636743df333c77093c3bbb753fa7f709d3786e61f7cf96d
probe,Candie_Kung,probe/Candie_Kung/Candie_Kung_0002.jpg,Candie_Kung_0002.jpg,250,250,JPEG,RGB,8909,fc6e34514927e15af0b397f9664c0496820b35729adb13ae994716c23e59ef90
probe,Carl_Reiner,probe/Carl_Reiner/Carl_Reiner_0002.jpg,Carl_Reiner_0002.jpg,250,250,JPEG,RGB,8824,6fabd1072b51e7881e835fc5f180a6ef57f0167dfdfc6f01b0d2fa167236ac14
probe,Carla_Myers,probe/Carla_Myers/Carla_Myers_0002.jpg,Carla_Myers_0002.jpg,250,250,JPEG,RGB,9731,e348954c527a497ae722c212e5259bde00047afa5762053215f9c92af82e9717
probe,Carlo_Ancelotti,probe/Carlo_Ancelotti/Carlo_Ancelotti_0002.jpg,Carlo_Ancelotti_0002.jpg,250,250,JPEG,RGB,7995,e9bce7597e6983651d517e6f8f9179138098861e1efe162b4c99bbc3ccffa3ff
probe,Carlos_Bianchi,probe/Carlos_Bianchi/Carlos_Bianchi_0002.jpg,Carlos_Bianchi_0002.jpg,250,250,JPEG,RGB,7121,147ce0967111204e526eefa03f96f2111a9b12712a4fd8e00e13eef61f736bbb
probe,Carlos_Ghosn,probe/Carlos_Ghosn/Carlos_Ghosn_0002.jpg,Carlos_Ghosn_0002.jpg,250,250,JPEG,RGB,8522,b3b03c5afffb45a8fe1cfdd1608b0357adfd8954812e8aaa993d14e371eb73f3
probe,Carlos_Manuel_Pruneda,probe/Carlos_Manuel_Pruneda/Carlos_Manuel_Pruneda_0002.jpg,Carlos_Manuel_Pruneda_0002.jpg,250,250,JPEG,RGB,7352,6bb08416efc9e0d1c67615789d007ca0a97bbac148107be639659121b84f6a2b
probe,Carlos_Mesa,probe/Carlos_Mesa/Carlos_Mesa_0002.jpg,Carlos_Mesa_0002.jpg,250,250,JPEG,RGB,8209,bcc14f23e7e2cc2c91199267b6a5e1f48e6d983d4d28a97ed57b57f881da38af
probe,Carlos_Quintanilla_Schmidt,probe/Carlos_Quintanilla_Schmidt/Carlos_Quintanilla_Schmidt_0002.jpg,Carlos_Quintanilla_Schmidt_0002.jpg,250,250,JPEG,RGB,9621,63de7137b6944415d259c1c4864f89afce1cc55ffec734ec086229c734b1c15a
probe,Carmen_Electra,probe/Carmen_Electra/Carmen_Electra_0002.jpg,Carmen_Electra_0002.jpg,250,250,JPEG,RGB,9768,1dc96c8dc6a0aaf5f06f134b3a182da9cec957d37497b4f5189a3e4e8883ae8a
probe,Carol_Burnett,probe/Carol_Burnett/Carol_Burnett_0002.jpg,Carol_Burnett_0002.jpg,250,250,JPEG,RGB,8229,0ca011f91e303c75a63dd10dc1bf5fa313e40c7b2138759bd3918d6325ebb0dc
probe,Carol_Moseley_Braun,probe/Carol_Moseley_Braun/Carol_Moseley_Braun_0002.jpg,Carol_Moseley_Braun_0002.jpg,250,250,JPEG,RGB,11560,e900dd45d0e2769bbd35a7619e8c58b6c0eac7c1e59f29770b23df3e472e9d92
probe,Carolina_Moraes,probe/Carolina_Moraes/Carolina_Moraes_0002.jpg,Carolina_Moraes_0002.jpg,250,250,JPEG,RGB,8426,e34319bed6b9061e51f7e0521b2909326c233d57bae68e5ebea2d02ca4fd3a4c
probe,Carolyn_Dawn_Johnson,probe/Carolyn_Dawn_Johnson/Carolyn_Dawn_Johnson_0002.jpg,Carolyn_Dawn_Johnson_0002.jpg,250,250,JPEG,RGB,9059,699887ef3872e5899f8e1dd196cff4107650024cbf64b2d2a1ef7360a04c51ee
probe,Carson_Daly,probe/Carson_Daly/Carson_Daly_0002.jpg,Carson_Daly_0002.jpg,250,250,JPEG,RGB,7136,77e1b8e0a4c5164a7d0efa9bba18297d4b0cd578a2be4b0e444e34feae1e0493
probe,Cathy_Freeman,probe/Cathy_Freeman/Cathy_Freeman_0002.jpg,Cathy_Freeman_0002.jpg,250,250,JPEG,RGB,7879,f66d84ee5918351e32a8c6cccdd1213c675936a72e20100dc4a7380a9615c5da
probe,Celine_Dion,probe/Celine_Dion/Celine_Dion_0002.jpg,Celine_Dion_0002.jpg,250,250,JPEG,RGB,10848,5fee9df616ae1eb9f11cb209ae44e5bb5856f689ba0f8f21d5d7307310f333cd
probe,Celso_Amorim,probe/Celso_Amorim/Celso_Amorim_0002.jpg,Celso_Amorim_0002.jpg,250,250,JPEG,RGB,8251,fc13e3a99e339bf3104103306af6808193c42b3e8522376a4cac4cefb8e29dd8
probe,Cesar_Maia,probe/Cesar_Maia/Cesar_Maia_0002.jpg,Cesar_Maia_0002.jpg,250,250,JPEG,RGB,8346,a432327861c365818687647fba311e8cb4a35801b8ebc1c0e2beaaa2944aed5c
probe,Chakib_Khelil,probe/Chakib_Khelil/Chakib_Khelil_0002.jpg,Chakib_Khelil_0002.jpg,250,250,JPEG,RGB,9886,66a940bc7843e7344bbe4480bf2a8386e1b3e469f87357759ec32b1e6755063c
probe,Chanda_Rubin,probe/Chanda_Rubin/Chanda_Rubin_0002.jpg,Chanda_Rubin_0002.jpg,250,250,JPEG,RGB,8449,aa75a4d96f6db1b6e160de56297093ba4ff3244fdce0d85a468c72775758a706
probe,Chang_Dae-whan,probe/Chang_Dae-whan/Chang_Dae-whan_0002.jpg,Chang_Dae-whan_0002.jpg,250,250,JPEG,RGB,7861,1aba52585803264c86a85a6c02ad31fb586078509fcfde46e601e502e0b89741
probe,Charles_Grassley,probe/Charles_Grassley/Charles_Grassley_0002.jpg,Charles_Grassley_0002.jpg,250,250,JPEG,RGB,6884,1c4c60ac5b97884cb080d1b5137f638e90c753fa88b029f1bd8818b26e821b71
probe,Charles_Kartman,probe/Charles_Kartman/Charles_Kartman_0002.jpg,Charles_Kartman_0002.jpg,250,250,JPEG,RGB,9571,8a8359129ed6eb684e198b38bccfbccb41f5cdbb5a241a214522cb9c3b1b51ae
probe,Charles_Mathews,probe/Charles_Mathews/Charles_Mathews_0002.jpg,Charles_Mathews_0002.jpg,250,250,JPEG,RGB,9601,d71091b059bed47e2e2a747a8f19aafb8e5c4dc8241a400e635aa9b1fc196f15
probe,Charles_Schumer,probe/Charles_Schumer/Charles_Schumer_0002.jpg,Charles_Schumer_0002.jpg,250,250,JPEG,RGB,9951,733d73619aba6bb455956f2b16f73a97ebe70975327573c2a504ca3a6c92832e
probe,Charlie_Zaa,probe/Charlie_Zaa/Charlie_Zaa_0002.jpg,Charlie_Zaa_0002.jpg,250,250,JPEG,RGB,7397,c6af41be692c86a9f01c4ce39b94874c45aa9aeb9fdce5a552878e60a90c1097
probe,Charlotte_Rampling,probe/Charlotte_Rampling/Charlotte_Rampling_0002.jpg,Charlotte_Rampling_0002.jpg,250,250,JPEG,RGB,9866,bec55ed4b7bf92c48585ebf05b64d9de8590844f03d12251d3cd9546212deb52
probe,Charlton_Heston,probe/Charlton_Heston/Charlton_Heston_0002.jpg,Charlton_Heston_0002.jpg,250,250,JPEG,RGB,6933,56d804d0c9e24835d4e3ad9061c159fedf3141bc4987e79180850781f0a87236
probe,Chen_Liang_Yu,probe/Chen_Liang_Yu/Chen_Liang_Yu_0002.jpg,Chen_Liang_Yu_0002.jpg,250,250,JPEG,RGB,8662,88f5585e46b89a9bc3db045712a446df65d6c184a76e423b3da0119438790c94
probe,Chita_Rivera,probe/Chita_Rivera/Chita_Rivera_0002.jpg,Chita_Rivera_0002.jpg,250,250,JPEG,RGB,7339,97b19227fe4be781afae2b4fc05746a6189dcafa9773e3059ae9691088e36310
probe,Chok_Tong_Goh,probe/Chok_Tong_Goh/Chok_Tong_Goh_0002.jpg,Chok_Tong_Goh_0002.jpg,250,250,JPEG,RGB,8336,ea317ac8bbccfa67090bfba4e94dd8f97990ae1c1e6186e43cfa36b3bbbd72d9
probe,Chris_Bell,probe/Chris_Bell/Chris_Bell_0002.jpg,Chris_Bell_0002.jpg,250,250,JPEG,RGB,8393,47ac0cc5ea54220c597e3a971dee26afaf941b5957af57d707242ff9c190118f
probe,Chris_Byrd,probe/Chris_Byrd/Chris_Byrd_0002.jpg,Chris_Byrd_0002.jpg,250,250,JPEG,RGB,9607,4431b8eedf667e951d6ea6ec00f17eb6d1f0ed2041b5254487d1a07cec4db4d9
probe,Chris_Cooper,probe/Chris_Cooper/Chris_Cooper_0002.jpg,Chris_Cooper_0002.jpg,250,250,JPEG,RGB,6680,923b335fd4849eb3adfb9eb4e1868385107b069b982a8ccdbf129913b4f499c7
probe,Chris_Rock,probe/Chris_Rock/Chris_Rock_0002.jpg,Chris_Rock_0002.jpg,250,250,JPEG,RGB,7923,f3977780ec85d27e250cb6731ab8b8faa2e44b2cd931f400fdb4cc5b22b66689
probe,Chris_Tucker,probe/Chris_Tucker/Chris_Tucker_0002.jpg,Chris_Tucker_0002.jpg,250,250,JPEG,RGB,6737,bd959398f0cd93bf8b73dd520810f5148f8bcb62ee4c5d1dafa36f47c170d718
probe,Christian_Fittipaldi,probe/Christian_Fittipaldi/Christian_Fittipaldi_0002.jpg,Christian_Fittipaldi_0002.jpg,250,250,JPEG,RGB,9597,e350437649183a3e8ad0fda06653466b60170dc16ecb0452ff92b1b5185eb107
probe,Christian_Wulff,probe/Christian_Wulff/Christian_Wulff_0002.jpg,Christian_Wulff_0002.jpg,250,250,JPEG,RGB,9311,8ca05f3a9a93a86b5ace6248ea8f3709356d8cb877907448064bd0512cfb80ce
probe,Christina_Aguilera,probe/Christina_Aguilera/Christina_Aguilera_0002.jpg,Christina_Aguilera_0002.jpg,250,250,JPEG,RGB,9550,46005ff885198e14833a5ab3401759bd0f2bb450b3742f126aa35b9c888b5ec7
probe,Christine_Ebersole,probe/Christine_Ebersole/Christine_Ebersole_0002.jpg,Christine_Ebersole_0002.jpg,250,250,JPEG,RGB,9760,7b74d8a64f71d7cc5d546583ce15637330f4c21683d2c1668e4737892680ab8b
probe,Christine_Gregoire,probe/Christine_Gregoire/Christine_Gregoire_0002.jpg,Christine_Gregoire_0002.jpg,250,250,JPEG,RGB,10006,9f4f91b19a8dae04710d646d7a583c113a11b0f0149500c9d48648fd4ec36083
probe,Christopher_Patten,probe/Christopher_Patten/Christopher_Patten_0002.jpg,Christopher_Patten_0002.jpg,250,250,JPEG,RGB,9552,7adec751874877cbc2cc834509020494d76e1e6a28719e11a562063ae41f7cb8
probe,Christopher_Walken,probe/Christopher_Walken/Christopher_Walken_0002.jpg,Christopher_Walken_0002.jpg,250,250,JPEG,RGB,7674,5050c8de83b779a1dac6890298b519d61f6b4a8d2e0eb56841a1060f0bc663fc
probe,Chuck_Amato,probe/Chuck_Amato/Chuck_Amato_0002.jpg,Chuck_Amato_0002.jpg,250,250,JPEG,RGB,10017,90492d973dde1653a9c2c68c8179054686ee6bfd42be8ff090ab3c765c76f63d
probe,Chuck_Yeager,probe/Chuck_Yeager/Chuck_Yeager_0002.jpg,Chuck_Yeager_0002.jpg,250,250,JPEG,RGB,7759,431962a253b6c665a083997e79b6bf679207b1db32303f7d46a59ba77e408aa8
probe,Chung_Mong-hun,probe/Chung_Mong-hun/Chung_Mong-hun_0002.jpg,Chung_Mong-hun_0002.jpg,250,250,JPEG,RGB,10291,3472037836fa9ee53ee4ecb6ee1d85d0e907485cb886556f3cb45305d1f8e6bc
probe,Chung_Mong-joon,probe/Chung_Mong-joon/Chung_Mong-joon_0002.jpg,Chung_Mong-joon_0002.jpg,250,250,JPEG,RGB,7911,2585910501a178afb9cc0fc012041e9623af33cb989456a57ce128889a939f8b
probe,Cindy_Margolis,probe/Cindy_Margolis/Cindy_Margolis_0002.jpg,Cindy_Margolis_0002.jpg,250,250,JPEG,RGB,9350,0cfc926216621145f5e0b7db4339bc90cdd8aab4a744bd1b96fc843e2c445498
probe,Claire_Danes,probe/Claire_Danes/Claire_Danes_0002.jpg,Claire_Danes_0002.jpg,250,250,JPEG,RGB,8725,ad7a31af2c5eec5fa2d3aa7795719676888822f9679789f286f33ff27f0edd06
probe,Claire_Hentzen,probe/Claire_Hentzen/Claire_Hentzen_0002.jpg,Claire_Hentzen_0002.jpg,250,250,JPEG,RGB,7929,49e18acfa90cafbce24f463cb15661534079ac6abc9bb612ceb7ce992fa9997e
probe,Claire_Leger,probe/Claire_Leger/Claire_Leger_0002.jpg,Claire_Leger_0002.jpg,250,250,JPEG,RGB,9096,f2461affb908fea481ed0157151eae04dfa29e4a9a2d005bba26bc18d6a64415
probe,Colin_Jackson,probe/Colin_Jackson/Colin_Jackson_0002.jpg,Colin_Jackson_0002.jpg,250,250,JPEG,RGB,8245,4fac5c99067573c4de45ed4b5a99389552ce8d16e421f986f7c2edce83b27407
probe,Conchita_Martinez,probe/Conchita_Martinez/Conchita_Martinez_0002.jpg,Conchita_Martinez_0002.jpg,250,250,JPEG,RGB,9382,c23305d2c7d5ad6fecd7ca6e705c22e7cf28e69d0af9581528536315a6dccc24
probe,Coretta_Scott_King,probe/Coretta_Scott_King/Coretta_Scott_King_0002.jpg,Coretta_Scott_King_0002.jpg,250,250,JPEG,RGB,8950,53b1ee689dc624f7343d19c3ef7de7037a6d46e12f22edaa1a3adc8dbba7204d
probe,Corinne_Coman,probe/Corinne_Coman/Corinne_Coman_0002.jpg,Corinne_Coman_0002.jpg,250,250,JPEG,RGB,11112,09a275be5a41b9dc0776bd203975e0983f0b407ed6760ccf4410dd6ef436d6d7
probe,Costas_Simitis,probe/Costas_Simitis/Costas_Simitis_0002.jpg,Costas_Simitis_0002.jpg,250,250,JPEG,RGB,9555,e74f635de522c900070c53732951180d59c2e63a05fe8fc2cede2cd429817d53
probe,Courtney_Love,probe/Courtney_Love/Courtney_Love_0002.jpg,Courtney_Love_0002.jpg,250,250,JPEG,RGB,8916,66adaaff6d015651e2a0201f6d3e35ef016749bfa6f3e6366bf8406c8eb11445
probe,Cristina_Fernandez,probe/Cristina_Fernandez/Cristina_Fernandez_0002.jpg,Cristina_Fernandez_0002.jpg,250,250,JPEG,RGB,7976,8a88b6c091b9f7d33c99634966a897cb8518ed9c46b860a12f4de3b8e52d20a2
probe,Cristina_Saralegui,probe/Cristina_Saralegui/Cristina_Saralegui_0002.jpg,Cristina_Saralegui_0002.jpg,250,250,JPEG,RGB,8124,1409e37353a0940fd8fa70351459ba3c0fb210b7c0d96cdbd0de629bdd4cf9c7
probe,Cruz_Bustamante,probe/Cruz_Bustamante/Cruz_Bustamante_0002.jpg,Cruz_Bustamante_0002.jpg,250,250,JPEG,RGB,8595,5763b4797d5be393d538397df61cc704a388a37c00e739a6917f924d0cf5480c
probe,Cyndi_Thompson,probe/Cyndi_Thompson/Cyndi_Thompson_0002.jpg,Cyndi_Thompson_0002.jpg,250,250,JPEG,RGB,8609,269ce94a2bf95f144f932e68134e64990c05a7e0c1e75ca32ea714358cbb16f5
probe,Dai_Bachtiar,probe/Dai_Bachtiar/Dai_Bachtiar_0002.jpg,Dai_Bachtiar_0002.jpg,250,250,JPEG,RGB,9278,8b38ed456a499797cb9eb5ffc82535ec32633f9ed4f85167f5e81455aabfdc9d
probe,Daisy_Fuentes,probe/Daisy_Fuentes/Daisy_Fuentes_0002.jpg,Daisy_Fuentes_0002.jpg,250,250,JPEG,RGB,9954,c4982b734646254f8fa9c28905b89cd88c97b50dbcfa64a504fb32bfebefa997
probe,Dalai_Lama,probe/Dalai_Lama/Dalai_Lama_0002.jpg,Dalai_Lama_0002.jpg,250,250,JPEG,RGB,8357,2913dca19c748e0ef41622ff74c9239450289876f1d0cf1b23b9d4a8d3880bfb
probe,Dale_Earnhardt_Jr,probe/Dale_Earnhardt_Jr/Dale_Earnhardt_Jr_0002.jpg,Dale_Earnhardt_Jr_0002.jpg,250,250,JPEG,RGB,11804,73ade5b5ab1a8325d32f42b60ffe281dbcd62d2e13dde23c6c9abc32e9177da5
probe,Damon_van_Dam,probe/Damon_van_Dam/Damon_van_Dam_0002.jpg,Damon_van_Dam_0002.jpg,250,250,JPEG,RGB,8814,5518b221304fb334aeb34e5215ba55589cfc5268dda3a4f4ecb9fdf9a2903513
probe,Dan_Wheldon,probe/Dan_Wheldon/Dan_Wheldon_0002.jpg,Dan_Wheldon_0002.jpg,250,250,JPEG,RGB,9933,ddc90f10c56f332615d9dc9b5d561f76ebb734554fd73295ee7a9faba27fdc8b
probe,Daniel_Day-Lewis,probe/Daniel_Day-Lewis/Daniel_Day-Lewis_0002.jpg,Daniel_Day-Lewis_0002.jpg,250,250,JPEG,RGB,8546,20a6910dcf3e539a6e03c47e50543f63755d35b62b24fe797a39442ce605c22f
probe,Daniela_Hantuchova,probe/Daniela_Hantuchova/Daniela_Hantuchova_0002.jpg,Daniela_Hantuchova_0002.jpg,250,250,JPEG,RGB,7742,658c9e3acbc8bc8ede31a6cf04b15741844507e171fc5b713711234ff6d96024
probe,Darrell_Issa,probe/Darrell_Issa/Darrell_Issa_0002.jpg,Darrell_Issa_0002.jpg,250,250,JPEG,RGB,8402,26a5efd5c80448ae52bfbff9373d7874329d12f31140d1ca33036ac1d8e2e651
probe,Darrell_Porter,probe/Darrell_Porter/Darrell_Porter_0002.jpg,Darrell_Porter_0002.jpg,250,250,JPEG,RGB,6566,ff1a6be3d3da10d4979e3c861b920293ce2f8e6b0ed5055bd7603e2097780bf9
probe,Darren_Clarke,probe/Darren_Clarke/Darren_Clarke_0002.jpg,Darren_Clarke_0002.jpg,250,250,JPEG,RGB,8429,a3773fd249578026470e2c6e24967076f1f825319c693d5d725b41d0b064ae9c
probe,Daryl_Hannah,probe/Daryl_Hannah/Daryl_Hannah_0002.jpg,Daryl_Hannah_0002.jpg,250,250,JPEG,RGB,8712,74337bafede97133f300aef787f7c02c5b42d31361260961c81caaa9bd8410c7
probe,Dave_Campo,probe/Dave_Campo/Dave_Campo_0002.jpg,Dave_Campo_0002.jpg,250,250,JPEG,RGB,8592,1e43afa78a13555f7f4179aa6effd315de295fe64b4cc88c0dfd944be58d8898
probe,David_Bell,probe/David_Bell/David_Bell_0002.jpg,David_Bell_0002.jpg,250,250,JPEG,RGB,10935,fea5a1dd9e1ac95abd941949d3e07a154c65f8c8a9d87556199f54296117bd8b
probe,David_Caraway,probe/David_Caraway/David_Caraway_0002.jpg,David_Caraway_0002.jpg,250,250,JPEG,RGB,7199,97c6100091bc3e2810622c5aba1fea5f41d9b11479b149069939e9fac5aa0178
probe,David_Coulthard,probe/David_Coulthard/David_Coulthard_0002.jpg,David_Coulthard_0002.jpg,250,250,JPEG,RGB,8577,ce3248ba4ea50769ade481094ffe7750eb76a4d7f69cde44c0970a07cec2cddc
probe,David_Dodge,probe/David_Dodge/David_Dodge_0002.jpg,David_Dodge_0002.jpg,250,250,JPEG,RGB,8753,95072b9ffda5b09311035046f17dde2e47b20436b4986fc2ba0b55fbacd63c73
probe,David_Heyman,probe/David_Heyman/David_Heyman_0002.jpg,David_Heyman_0002.jpg,250,250,JPEG,RGB,8164,3dea083c55dd84d41af17c5dd791f61db9af8ff8f9e8f13c213b0c26f5007691
probe,David_Heymann,probe/David_Heymann/David_Heymann_0002.jpg,David_Heymann_0002.jpg,250,250,JPEG,RGB,9856,901a08bd0292b8072c6438776b2006fac25b35b99eb5fd68c7397107261f4501
probe,David_Kelley,probe/David_Kelley/David_Kelley_0002.jpg,David_Kelley_0002.jpg,250,250,JPEG,RGB,8570,4ae8198c804999943bdc717cd7abab1be64c94afd1a224dbde0c494136140fae
probe,David_Leahy,probe/David_Leahy/David_Leahy_0002.jpg,David_Leahy_0002.jpg,250,250,JPEG,RGB,8932,f53bd3459161ffb9c2b2aa79862418ee33db737414ddf0806af3689078b509ca
probe,David_Myers,probe/David_Myers/David_Myers_0002.jpg,David_Myers_0002.jpg,250,250,JPEG,RGB,8280,d052d7c08af272ee544dc090244f64229435014640443b401c47081080639831
probe,David_Nalbandian,probe/David_Nalbandian/David_Nalbandian_0002.jpg,David_Nalbandian_0002.jpg,250,250,JPEG,RGB,9613,76c714d683f0e65bbb16ef04b107970dd79473a22af27f2a5b5bda4c68784d23
probe,David_Spade,probe/David_Spade/David_Spade_0002.jpg,David_Spade_0002.jpg,250,250,JPEG,RGB,8864,c834b2cdebe78663f167518d7ab52a5ebbef8399ef6e7f022fa8c4fc932dc4da
probe,David_Trimble,probe/David_Trimble/David_Trimble_0002.jpg,David_Trimble_0002.jpg,250,250,JPEG,RGB,8314,b30ff438233118917e2b3f05dedd0606f5b1bb92aded95c41a809e1e5a6d1e51
probe,David_Wolf,probe/David_Wolf/David_Wolf_0002.jpg,David_Wolf_0002.jpg,250,250,JPEG,RGB,6716,d35d6dbdf4558cdf791f6d4ceb7ef948fcd6b9d9e084c04bc3b5c282df6f5000
probe,Debra_Brown,probe/Debra_Brown/Debra_Brown_0002.jpg,Debra_Brown_0002.jpg,250,250,JPEG,RGB,8787,aa441a083c07c86cb008b764b95037da8f6bcb1851db28dfe7819a85718cbe3c
probe,Demetrius_Ferraciu,probe/Demetrius_Ferraciu/Demetrius_Ferraciu_0002.jpg,Demetrius_Ferraciu_0002.jpg,250,250,JPEG,RGB,11750,150e28e3d742443486f3ec3ca26d6f9f90ac3d8ed39232e5edc6454b7d2ada86
probe,Denise_Johnson,probe/Denise_Johnson/Denise_Johnson_0002.jpg,Denise_Johnson_0002.jpg,250,250,JPEG,RGB,10028,b3b31d22dce9c0e8333b00b2a3c33baa67e4870bc2eb4b920ea089ff23156a52
probe,Dennis_Erickson,probe/Dennis_Erickson/Dennis_Erickson_0002.jpg,Dennis_Erickson_0002.jpg,250,250,JPEG,RGB,8082,1ac488aa99e7d6cb38db5503ca0ce2b7b13b88e793b3f2c52571af48aaf32459
probe,Dennis_Kozlowski,probe/Dennis_Kozlowski/Dennis_Kozlowski_0002.jpg,Dennis_Kozlowski_0002.jpg,250,250,JPEG,RGB,7649,df9df5ed0ffb1b7220f826b5d1c6345b27d6e7f3c9e20122b13085f3278de434
probe,Dennis_Kucinich,probe/Dennis_Kucinich/Dennis_Kucinich_0002.jpg,Dennis_Kucinich_0002.jpg,250,250,JPEG,RGB,7648,d86e4863fdc87e3b897df4747abe4d0e4636fbe6c85465196ab4252fd580e38a
probe,Dennis_Powell,probe/Dennis_Powell/Dennis_Powell_0002.jpg,Dennis_Powell_0002.jpg,250,250,JPEG,RGB,6956,98f7dc87d82144ca94faddd731cd222013b6bddc56e12c24e259c1eb4aa5f76c
probe,Derek_Lowe,probe/Derek_Lowe/Derek_Lowe_0002.jpg,Derek_Lowe_0002.jpg,250,250,JPEG,RGB,7437,b272949ca70c927ba36ba5e28320f5613d8c40d1f342b22939b3920d61fd1ebd
probe,Desiree_Lemosi,probe/Desiree_Lemosi/Desiree_Lemosi_0002.jpg,Desiree_Lemosi_0002.jpg,250,250,JPEG,RGB,13827,b64cea7be945163eb9a125de64a1159b6f0fcd62af6d0c93e5a821a5d645b76f
probe,Dexter_Jackson,probe/Dexter_Jackson/Dexter_Jackson_0002.jpg,Dexter_Jackson_0002.jpg,250,250,JPEG,RGB,7781,b62a605554ff05cee59cce9ce52ac9509bd6107428e9422b00cf265c173cc9f7
probe,Diana_Taurasi,probe/Diana_Taurasi/Diana_Taurasi_0002.jpg,Diana_Taurasi_0002.jpg,250,250,JPEG,RGB,8282,e9a8a27ea26f689ca8af611b4ce0c5b9098ec665cdad320e9be8a18a389dfbf4
probe,Diane_Green,probe/Diane_Green/Diane_Green_0002.jpg,Diane_Green_0002.jpg,250,250,JPEG,RGB,10286,19b0d1ffb070c56e742be0623ce24c617079e5d894341afd710133d9bc2bb2d7
probe,Dick_Cheney,probe/Dick_Cheney/Dick_Cheney_0002.jpg,Dick_Cheney_0002.jpg,250,250,JPEG,RGB,9063,ff9616fa8126a0b956ffc1327d60531a000ffc5949d73835656b368bc9d0c01e
probe,Dick_Clark,probe/Dick_Clark/Dick_Clark_0002.jpg,Dick_Clark_0002.jpg,250,250,JPEG,RGB,7324,4201b67378826abc36401b76936ab6bbf9393f646244a3263fe3f387e5343910
probe,Dick_Latessa,probe/Dick_Latessa/Dick_Latessa_0002.jpg,Dick_Latessa_0002.jpg,250,250,JPEG,RGB,7115,eadfc53837474c1d01f4e241bd57f328d2f5ef5ed63b09b2f2f1d2b76652cf9e
probe,Dick_Vermeil,probe/Dick_Vermeil/Dick_Vermeil_0002.jpg,Dick_Vermeil_0002.jpg,250,250,JPEG,RGB,10213,fce1659300b5ed92e0bacde077f7984ba1467c21f368c52a6d12c5829527c38f
probe,Dino_de_Laurentis,probe/Dino_de_Laurentis/Dino_de_Laurentis_0002.jpg,Dino_de_Laurentis_0002.jpg,250,250,JPEG,RGB,7966,d25b098bb996aa5ec5ab4b84cb0da198bd54ad445dd9d10150bf2b7ff40c394f
probe,Dolly_Parton,probe/Dolly_Parton/Dolly_Parton_0002.jpg,Dolly_Parton_0002.jpg,250,250,JPEG,RGB,10650,c51eaf87dc98d55468cb470e2a3ea2b0e0683af6b695433fd72c9f6ec0b0b4e9
probe,Dolma_Tsering,probe/Dolma_Tsering/Dolma_Tsering_0002.jpg,Dolma_Tsering_0002.jpg,250,250,JPEG,RGB,11330,6c8306807c9de824ff14271699b35858e5db224c3906adb0a831138d7dec13fb
probe,Dominik_Garcia-Lorido,probe/Dominik_Garcia-Lorido/Dominik_Garcia-Lorido_0002.jpg,Dominik_Garcia-Lorido_0002.jpg,250,250,JPEG,RGB,10458,b12ccbb82142511cccca3692718642f5cf5a6b11f03c54c542cbfad53bfdfae6
probe,Don_Nickles,probe/Don_Nickles/Don_Nickles_0002.jpg,Don_Nickles_0002.jpg,250,250,JPEG,RGB,7827,b433913f0fa66efb248fbaf061345584b4a8dae7bb6faf33aa224dc9b2c51c6e
probe,Donald_Evans,probe/Donald_Evans/Donald_Evans_0002.jpg,Donald_Evans_0002.jpg,250,250,JPEG,RGB,7305,636fb6face4f6f6de6632b3cb6b1e612266bf443c1407bf7852622ca4e6c8f58
probe,Donatella_Versace,probe/Donatella_Versace/Donatella_Versace_0002.jpg,Donatella_Versace_0002.jpg,250,250,JPEG,RGB,6780,c3bddf72c0a5992df9e4a3aac640e00d52f7f5b4cfa90f2089a78276bf216b5b
probe,Donna_Shalala,probe/Donna_Shalala/Donna_Shalala_0002.jpg,Donna_Shalala_0002.jpg,250,250,JPEG,RGB,7599,606cb683a5474510cbb1bbfe05be99813ef5c6f418fcc2b1920d56cdb247e988
probe,Doris_Roberts,probe/Doris_Roberts/Doris_Roberts_0002.jpg,Doris_Roberts_0002.jpg,250,250,JPEG,RGB,7567,24e7bc6cc404bd78abce9f92a93c0440997dc4f100ea7b6ed8a7978a28fcd5dc
probe,Doris_Schroeder,probe/Doris_Schroeder/Doris_Schroeder_0002.jpg,Doris_Schroeder_0002.jpg,250,250,JPEG,RGB,6646,3f9f68b25771b366fca77d3f2a54031dd3ac076fff6e49c0ec0e87c667905f1b
probe,Dorthy_Moxley,probe/Dorthy_Moxley/Dorthy_Moxley_0002.jpg,Dorthy_Moxley_0002.jpg,250,250,JPEG,RGB,9873,0d6c063c1e3261afd5bc20ff530eee2164fc0623a2f7f8541bbb3880fa0fff0e
probe,Doug_Collins,probe/Doug_Collins/Doug_Collins_0002.jpg,Doug_Collins_0002.jpg,250,250,JPEG,RGB,7773,ff41b08b66736f4ba0c729b8e45ecfe147709cdd23772e6b702250dd77ed31c9
probe,Doug_Duncan,probe/Doug_Duncan/Doug_Duncan_0002.jpg,Doug_Duncan_0002.jpg,250,250,JPEG,RGB,8282,8e945ef85c9cdbe22c4c28ee847cdc6a0f39d411db2b261c407e68e39cda1784
probe,Drew_Barrymore,probe/Drew_Barrymore/Drew_Barrymore_0002.jpg,Drew_Barrymore_0002.jpg,250,250,JPEG,RGB,7174,860fc01bfe0a5ff4a6be0989c6b713f7b6298e68825bc12c2eda3bc84f6dbb6c
probe,Duane_Lee_Chapman,probe/Duane_Lee_Chapman/Duane_Lee_Chapman_0002.jpg,Duane_Lee_Chapman_0002.jpg,250,250,JPEG,RGB,10926,487f41cd52c461ca8c0c614f45ef7de519e67dcef1e26d7868b74af69c43c3cf
probe,Dwayne_Johnson,probe/Dwayne_Johnson/Dwayne_Johnson_0002.jpg,Dwayne_Johnson_0002.jpg,250,250,JPEG,RGB,7212,ba840ca860af8fe1a90328bc120addaaf55537053f2c8517fbcaa99cf1c3ae0f
probe,Eddie_Sutton,probe/Eddie_Sutton/Eddie_Sutton_0002.jpg,Eddie_Sutton_0002.jpg,250,250,JPEG,RGB,8183,2aa2a2eebcbc8ab1e55b66c78ae1a8a0cf011320d65a809b28421d9bfdda1eb5
probe,Eddy_Merckx,probe/Eddy_Merckx/Eddy_Merckx_0002.jpg,Eddy_Merckx_0002.jpg,250,250,JPEG,RGB,9110,3d27a7de7eefeb54da6691ed231a8ce043ef285010d1b36a1c4f1ce8d8e351b5
probe,Edie_Falco,probe/Edie_Falco/Edie_Falco_0002.jpg,Edie_Falco_0002.jpg,250,250,JPEG,RGB,9136,ad630d082579271be782ae080030f1ed690cc3672de5bd5e8c82de9e2a658611
probe,Eduardo_Duhalde,probe/Eduardo_Duhalde/Eduardo_Duhalde_0002.jpg,Eduardo_Duhalde_0002.jpg,250,250,JPEG,RGB,8302,eb5bc725d1a01ab4a4e9e9763631133775abf2ad80dedc88209501b57525674c
probe,Edward_James_Olmos,probe/Edward_James_Olmos/Edward_James_Olmos_0002.jpg,Edward_James_Olmos_0002.jpg,250,250,JPEG,RGB,9954,0857b5bf52a910b61f595dfb3864b1517e29108d67a1551145383ebe159f8ec6
probe,Edward_Lu,probe/Edward_Lu/Edward_Lu_0002.jpg,Edward_Lu_0002.jpg,250,250,JPEG,RGB,10214,dcba4e7367a76a62750c56d095c4e6ab811e79b777498df8f4789f219f595e0d
probe,Edward_Norton,probe/Edward_Norton/Edward_Norton_0002.jpg,Edward_Norton_0002.jpg,250,250,JPEG,RGB,7148,8c8ad13bf5210f05780623e435fae1334ba6209f698a93e30651d859c6222673
probe,Edward_Said,probe/Edward_Said/Edward_Said_0002.jpg,Edward_Said_0002.jpg,250,250,JPEG,RGB,9401,778614b0f755c1dd18dbb0a256cee322fddb37900051624087a097c18f8276f8
probe,Elijah_Wood,probe/Elijah_Wood/Elijah_Wood_0002.jpg,Elijah_Wood_0002.jpg,250,250,JPEG,RGB,7480,f0383aec96f8f5ae38d552d962916727082ce95cc83fce1e74b342fa410f2db1
probe,Elin_Nordegren,probe/Elin_Nordegren/Elin_Nordegren_0002.jpg,Elin_Nordegren_0002.jpg,250,250,JPEG,RGB,10822,d3b52eff0eaa72cbe5bcc06687a51a9ccee3cb87bf21b88b6a8b5677a54187e9
probe,Elinor_Caplan,probe/Elinor_Caplan/Elinor_Caplan_0002.jpg,Elinor_Caplan_0002.jpg,250,250,JPEG,RGB,8410,2dd3786abca0532f78b42ac76a631dff8772720a7baacc50f0334cbf1ea20e83
probe,Elisabeth_Schumacher,probe/Elisabeth_Schumacher/Elisabeth_Schumacher_0002.jpg,Elisabeth_Schumacher_0002.jpg,250,250,JPEG,RGB,10994,c26465ddd876a2ead6ab61efce0ea1bd5696aa8598c4fe7b7477ed4bd49e47ce
probe,Elizabeth_Dole,probe/Elizabeth_Dole/Elizabeth_Dole_0002.jpg,Elizabeth_Dole_0002.jpg,250,250,JPEG,RGB,8633,eed6995b66feeb9a580c7622a56e91dc4ab00eacf3f56a28395ead29dde18fbf
probe,Elizabeth_Shue,probe/Elizabeth_Shue/Elizabeth_Shue_0002.jpg,Elizabeth_Shue_0002.jpg,250,250,JPEG,RGB,9850,7235baad656e08396b99ffa2441ce6d8afaf7bc698a251f2ad4b4c63fee39a2b
probe,Elizabeth_Smart,probe/Elizabeth_Smart/Elizabeth_Smart_0002.jpg,Elizabeth_Smart_0002.jpg,250,250,JPEG,RGB,9669,e7b74c15c07ea7edfccd17e2da09df0787cae25005f8ceb5934bb15c66083fce
probe,Elizabeth_Taylor,probe/Elizabeth_Taylor/Elizabeth_Taylor_0002.jpg,Elizabeth_Taylor_0002.jpg,250,250,JPEG,RGB,8276,c2decc144dce54b672cd6ec9367dfc0b3f0e1cddb944305bc2febd976ae7dba4
probe,Ellen_DeGeneres,probe/Ellen_DeGeneres/Ellen_DeGeneres_0002.jpg,Ellen_DeGeneres_0002.jpg,250,250,JPEG,RGB,8175,14c1dd3761a14e3501fc416a3ded03c2728954757ed689cb5c374e766fe7d9d2
probe,Ellen_Engleman,probe/Ellen_Engleman/Ellen_Engleman_0002.jpg,Ellen_Engleman_0002.jpg,250,250,JPEG,RGB,9956,6d6513d07e8ccc0d76c7003113ce5327d3ccea89e064a978fe6192473f02619b
probe,Elsa_Zylberstein,probe/Elsa_Zylberstein/Elsa_Zylberstein_0002.jpg,Elsa_Zylberstein_0002.jpg,250,250,JPEG,RGB,8285,1fa86b5e294ee53ac3a7844e6b100bf27a1008bb16a837c8ecb6f2862723ed1f
probe,Elvis_Presley,probe/Elvis_Presley/Elvis_Presley_0002.jpg,Elvis_Presley_0002.jpg,250,250,JPEG,RGB,9850,256cd36c10bd4ede6bef3f261a6af4d556d69fde4138b3fbb46ffdfa216faafd
probe,Emanuel_Ginobili,probe/Emanuel_Ginobili/Emanuel_Ginobili_0002.jpg,Emanuel_Ginobili_0002.jpg,250,250,JPEG,RGB,7833,eb86e7a2dcd25e6dbe0d4b7ead53c5326a93e37b397a1ddc24b28190347100be
probe,Emile_Lahoud,probe/Emile_Lahoud/Emile_Lahoud_0002.jpg,Emile_Lahoud_0002.jpg,250,250,JPEG,RGB,8475,8bb308313519e894b7a97c3f0d30b94a65e83e49c5c2f580437d124e8f8f8615
probe,Emily_Robison,probe/Emily_Robison/Emily_Robison_0002.jpg,Emily_Robison_0002.jpg,250,250,JPEG,RGB,7698,9bfc41acbe21a5cbeb7eb49b0e170b59dfb47caeb6bf5861992d023cba20050d
probe,Emma_Thompson,probe/Emma_Thompson/Emma_Thompson_0002.jpg,Emma_Thompson_0002.jpg,250,250,JPEG,RGB,8524,e87ce04e3212b8b1fc9b34f6d1ff6df3d6f5af10fadff80eaf0b4646acb93b61
probe,Emmanuelle_Beart,probe/Emmanuelle_Beart/Emmanuelle_Beart_0002.jpg,Emmanuelle_Beart_0002.jpg,250,250,JPEG,RGB,9786,4670bd2775c6ba9795e905334368547da4109b3b5f31e9b23e7ea8faeef7d39f
probe,Emmit_Smith,probe/Emmit_Smith/Emmit_Smith_0002.jpg,Emmit_Smith_0002.jpg,250,250,JPEG,RGB,7500,4e6a748935d4230d5edfecc2a44f45c59caa0c7ffac082da3255cc5053308afa
probe,Eric_Clapton,probe/Eric_Clapton/Eric_Clapton_0002.jpg,Eric_Clapton_0002.jpg,250,250,JPEG,RGB,11253,68ead16cf94a81995e1e8ec50838e31ec80230e4f82569f50dcbb60204a1c4f3
probe,Eric_Hinske,probe/Eric_Hinske/Eric_Hinske_0002.jpg,Eric_Hinske_0002.jpg,250,250,JPEG,RGB,10021,dae9cf548f979a24cce84d3415c03a32ab76efca42f9be47ef88830f7e081450
probe,Eric_Rosser,probe/Eric_Rosser/Eric_Rosser_0002.jpg,Eric_Rosser_0002.jpg,250,250,JPEG,RGB,9361,0b91367dfb0db3851916d308ae1aba2b3d27616c87b4e79e8e3d8f5ea172ce89
probe,Erika_Christensen,probe/Erika_Christensen/Erika_Christensen_0002.jpg,Erika_Christensen_0002.jpg,250,250,JPEG,RGB,9123,75fca59bd71195af6a53c8831c11f7344e65fd6c69b57a8f57428c43a6ac39f2
probe,Ernesto_Zedillo,probe/Ernesto_Zedillo/Ernesto_Zedillo_0002.jpg,Ernesto_Zedillo_0002.jpg,250,250,JPEG,RGB,10264,eba6f6b057cf8eb78f49aefbbb70269c76a4265bceedbea7808dc73cda24a96d
probe,Ernie_Eves,probe/Ernie_Eves/Ernie_Eves_0002.jpg,Ernie_Eves_0002.jpg,250,250,JPEG,RGB,8911,89416e37a7242d337b614aa9fd370fa7e1e49b9b7567432870bc7eb98e86b102
probe,Ernie_Fletcher,probe/Ernie_Fletcher/Ernie_Fletcher_0002.jpg,Ernie_Fletcher_0002.jpg,250,250,JPEG,RGB,8837,104c995662ce9ce44753524535e8dd5c6aebacdbeb8cca1b56c2e84e9e401aa3
probe,Eunice_Barber,probe/Eunice_Barber/Eunice_Barber_0002.jpg,Eunice_Barber_0002.jpg,250,250,JPEG,RGB,9297,7d160d3886b0b3776fe74f5d4fa3ada93c4facfae9a4fd42cdb41e6c7f48a5f7
probe,Eva_Dimas,probe/Eva_Dimas/Eva_Dimas_0002.jpg,Eva_Dimas_0002.jpg,250,250,JPEG,RGB,10243,bb78ed5f4fccd3ba1b14e14fe7ed9a8be00385691ea86dd71124d35d14980670
probe,Evan_Rachel_Wood,probe/Evan_Rachel_Wood/Evan_Rachel_Wood_0002.jpg,Evan_Rachel_Wood_0002.jpg,250,250,JPEG,RGB,9280,775955c9dda1804960bb8d5685d0d637c2ba64668d228b3a1647a0f243e2a5bc
probe,Evander_Holyfield,probe/Evander_Holyfield/Evander_Holyfield_0002.jpg,Evander_Holyfield_0002.jpg,250,250,JPEG,RGB,9251,0c012b4e6bf95649c117e290852bc6a22c328067e30ae06f8226861d39d2cb2f
probe,Eve_Pelletier,probe/Eve_Pelletier/Eve_Pelletier_0002.jpg,Eve_Pelletier_0002.jpg,250,250,JPEG,RGB,9014,16b42758fdfb86ed3e4e2e3c98d63b476d3c49660bbdfa6dd0c50a349fdf4d48
probe,Fabiola_Zuluaga,probe/Fabiola_Zuluaga/Fabiola_Zuluaga_0002.jpg,Fabiola_Zuluaga_0002.jpg,250,250,JPEG,RGB,7915,2217b561977e94bd170fc5d2b8a8933e34cd292d22ddd65447f8eb63749a28ca
probe,Fayssal_Mekdad,probe/Fayssal_Mekdad/Fayssal_Mekdad_0002.jpg,Fayssal_Mekdad_0002.jpg,250,250,JPEG,RGB,7591,270d6923cc63ecad07942f137824ae963656d9ef5ecc11a5cb6c928650259a53
probe,Federico_Trillo,probe/Federico_Trillo/Federico_Trillo_0002.jpg,Federico_Trillo_0002.jpg,250,250,JPEG,RGB,8195,b5a3a6351762e0db9aa7229997d56ea07e6c1a8974c865219f46c83f3a24bb3d
probe,Felix_Mantilla,probe/Felix_Mantilla/Felix_Mantilla_0002.jpg,Felix_Mantilla_0002.jpg,250,250,JPEG,RGB,8684,7b0fd537a3b152117f02235aafcc52a5cb3381a6dd624a80903a7f3ab7c24f95
probe,Ferenc_Madl,probe/Ferenc_Madl/Ferenc_Madl_0002.jpg,Ferenc_Madl_0002.jpg,250,250,JPEG,RGB,7999,d7c5ea0ebaf6663c9dbd63a01da691560dbd410b62ef76bbce4be679505cc26f
probe,Fidel_Castro,probe/Fidel_Castro/Fidel_Castro_0002.jpg,Fidel_Castro_0002.jpg,250,250,JPEG,RGB,5410,e51060e4d2f9ab21ae82eab87bc13eb122e70e94966a1813dd4a97a6cdea4809
probe,Flavia_Delaroli,probe/Flavia_Delaroli/Flavia_Delaroli_0002.jpg,Flavia_Delaroli_0002.jpg,250,250,JPEG,RGB,9412,0a91976a9aceb02fb64e6209e7515be38af887eb9dcfdc0dbfb32ebfb784f70b
probe,Flor_Montulo,probe/Flor_Montulo/Flor_Montulo_0002.jpg,Flor_Montulo_0002.jpg,250,250,JPEG,RGB,8258,bfcaf85c3f27c31d06f0a9fdff81fb2c23427f69594e6a4c9a316bec9d2b36ac
probe,Fran_Drescher,probe/Fran_Drescher/Fran_Drescher_0002.jpg,Fran_Drescher_0002.jpg,250,250,JPEG,RGB,9061,b1d1ac1e68172408d788d75147221645c855917dcd28fffb6fd822fe4fffec79
probe,Frances_Fisher,probe/Frances_Fisher/Frances_Fisher_0002.jpg,Frances_Fisher_0002.jpg,250,250,JPEG,RGB,10474,a6b8fa64e498c0c135fdf5113cee24ae42456a9361100fe9cfcf6b323454ad8b
probe,Francis_Ford_Coppola,probe/Francis_Ford_Coppola/Francis_Ford_Coppola_0002.jpg,Francis_Ford_Coppola_0002.jpg,250,250,JPEG,RGB,9413,e6fcc3de79ff2c7bba6849f59cd481d7ee033a90fae48bd2603d9fed0439433b
probe,Francis_George,probe/Francis_George/Francis_George_0002.jpg,Francis_George_0002.jpg,250,250,JPEG,RGB,7285,77941ee8c0d46811b2de12cedbdf125b834527f015dd49aa3a5d0a7cb6623328
probe,Francis_Mer,probe/Francis_Mer/Francis_Mer_0002.jpg,Francis_Mer_0002.jpg,250,250,JPEG,RGB,9800,eaf4bab5dc6cc12144e4716708adcd7c511720b97e6e823320eb2d1f4863ad45
probe,Franco_Dragone,probe/Franco_Dragone/Franco_Dragone_0002.jpg,Franco_Dragone_0002.jpg,250,250,JPEG,RGB,9756,3063cefcf45dfe49ddc20398585b2f1cd93add6cc0b38df8399b709e9b6f365e
probe,Frank_Cassell,probe/Frank_Cassell/Frank_Cassell_0002.jpg,Frank_Cassell_0002.jpg,250,250,JPEG,RGB,7979,3663e7ed79fef43e20801a7ccefa866e0f142036a8b3c41e2f01eed594835b13
probe,Frank_Dunham_Jr,probe/Frank_Dunham_Jr/Frank_Dunham_Jr_0002.jpg,Frank_Dunham_Jr_0002.jpg,250,250,JPEG,RGB,6769,557bf0a667a85a9ce59235043c3983f8ff7d3a756c12ab6245e413809a4dc86e
probe,Frank_Griswold,probe/Frank_Griswold/Frank_Griswold_0002.jpg,Frank_Griswold_0002.jpg,250,250,JPEG,RGB,8954,daa19c1080cda135a67dd5d37f0a8c87c7ff0acb0ae5cae8ec6c626f0bfdbcc9
probe,Frank_Lautenberg,probe/Frank_Lautenberg/Frank_Lautenberg_0002.jpg,Frank_Lautenberg_0002.jpg,250,250,JPEG,RGB,9041,a4ae4d7bc62de01ea8227ebfd42febeb90b1d21aa327668155de7db7610039f7
probe,Frank_Solich,probe/Frank_Solich/Frank_Solich_0002.jpg,Frank_Solich_0002.jpg,250,250,JPEG,RGB,8224,f9701b4144b429d5cda4b25f0b5d73bee31c55b0140a52ba0de125f1a14c59de
probe,Frank_Stallone,probe/Frank_Stallone/Frank_Stallone_0002.jpg,Frank_Stallone_0002.jpg,250,250,JPEG,RGB,9274,8508a80a5167f0e6fea8a3e4b586a9861867b5189ed3e5b6f3750c778284873c
probe,Franko_Simatovic,probe/Franko_Simatovic/Franko_Simatovic_0002.jpg,Franko_Simatovic_0002.jpg,250,250,JPEG,RGB,7690,3581b1a2d0f8e30c25878cf84eaae68db81dcfdb40d4677520265c64f422b05b
probe,Franz_Beckenbauer,probe/Franz_Beckenbauer/Franz_Beckenbauer_0002.jpg,Franz_Beckenbauer_0002.jpg,250,250,JPEG,RGB,9131,07bdf796d171e7a4db29b8693cb30d1caeb5a69182718a53d1ffe08ff54eca09
probe,Franz_Muentefering,probe/Franz_Muentefering/Franz_Muentefering_0002.jpg,Franz_Muentefering_0002.jpg,250,250,JPEG,RGB,10364,8531cfbc5bb649d37f93e7ba4f13742a4d64530860f5c1acc53d3547b1e8e515
probe,Fred_Eckhard,probe/Fred_Eckhard/Fred_Eckhard_0002.jpg,Fred_Eckhard_0002.jpg,250,250,JPEG,RGB,7228,10e89437b7d1372d06f8965feb724b1b80a7162dacf95d83877b269b6e693501
probe,Fred_Funk,probe/Fred_Funk/Fred_Funk_0002.jpg,Fred_Funk_0002.jpg,250,250,JPEG,RGB,5721,24bddb127971d122f4b694d4db6a99bc022c28c2d754245a6d74079154901ffa
probe,Freddy_Garcia,probe/Freddy_Garcia/Freddy_Garcia_0002.jpg,Freddy_Garcia_0002.jpg,250,250,JPEG,RGB,8513,86f07d3133e8c24b4856e73bbd59207abd0c9a67e155de63685041d9bcdb8805
probe,GL_Peiris,probe/GL_Peiris/GL_Peiris_0002.jpg,GL_Peiris_0002.jpg,250,250,JPEG,RGB,9335,d59ea3586034e67a5a7a0e376292b8be77dabade38e80776bdd3e27a651a41c4
probe,Gabriel_Batistuta,probe/Gabriel_Batistuta/Gabriel_Batistuta_0002.jpg,Gabriel_Batistuta_0002.jpg,250,250,JPEG,RGB,8728,28b93aad6bfe3d4b743a9b3430a066328e70586dc6fc200ec36baa506eb988d1
probe,Gabriel_Valdes,probe/Gabriel_Valdes/Gabriel_Valdes_0002.jpg,Gabriel_Valdes_0002.jpg,250,250,JPEG,RGB,9863,63fe8751fc1c9e8a1319e53ff0038b86b4bd27455ec526384fb4d063b10d3eb0
probe,Gao_Qiang,probe/Gao_Qiang/Gao_Qiang_0002.jpg,Gao_Qiang_0002.jpg,250,250,JPEG,RGB,10129,c7329cb07a1c4b920e80002240618d1700995a69c76caad8f81d1645c06c967a
probe,Garry_Kasparov,probe/Garry_Kasparov/Garry_Kasparov_0002.jpg,Garry_Kasparov_0002.jpg,250,250,JPEG,RGB,10218,4f34fc5625d3d88f5b46d72b7716fbe63941214e1d43a563f5db194f137dac73
probe,Garry_Trudeau,probe/Garry_Trudeau/Garry_Trudeau_0002.jpg,Garry_Trudeau_0002.jpg,250,250,JPEG,RGB,8978,b93d506f7270d18e4eceef7677efcdd7acb77a35230d11a25577646fe9972df0
probe,Gary_Bergeron,probe/Gary_Bergeron/Gary_Bergeron_0002.jpg,Gary_Bergeron_0002.jpg,250,250,JPEG,RGB,7966,b883f0617c913516f0233c93506215d586010e34c32059c06e54667b903f5b42
probe,Gary_Carter,probe/Gary_Carter/Gary_Carter_0002.jpg,Gary_Carter_0002.jpg,250,250,JPEG,RGB,7824,79cf94b73b4af3e6e123f1450de183b1cee0ab9891bb602ec11a4f826a1f0f7f
probe,Gary_Doer,probe/Gary_Doer/Gary_Doer_0002.jpg,Gary_Doer_0002.jpg,250,250,JPEG,RGB,7788,e1bb11a2f285453b5a8d556863981c4707fa10f813927216087eadbcf4084aff
probe,Gary_Forsee,probe/Gary_Forsee/Gary_Forsee_0002.jpg,Gary_Forsee_0002.jpg,250,250,JPEG,RGB,7149,191bfea3c13e675e7eb0ed74dd8d955f4a25796eee39b7021af9dcf60f23a020
probe,Gary_Locke,probe/Gary_Locke/Gary_Locke_0002.jpg,Gary_Locke_0002.jpg,250,250,JPEG,RGB,8006,ff6e8311598e5db05e6e506c469d8c75d28e846099fc616e238b0348d4e51838
probe,Gary_Williams,probe/Gary_Williams/Gary_Williams_0002.jpg,Gary_Williams_0002.jpg,250,250,JPEG,RGB,8997,0bc773653fa39027161a4b1ab7a127fb3b2e312e5bc30c0a4b35960ec1edf0c4
probe,Gary_Winnick,probe/Gary_Winnick/Gary_Winnick_0002.jpg,Gary_Winnick_0002.jpg,250,250,JPEG,RGB,5888,a285f866341521959295ad9198eabc1efa995b1ef2ceca819cc5981ac2f647fb
probe,Geno_Auriemma,probe/Geno_Auriemma/Geno_Auriemma_0002.jpg,Geno_Auriemma_0002.jpg,250,250,JPEG,RGB,9873,f8358e70627506c5c5d064d0961f75dd48b1e2417cac5d6a919dffb098420640
probe,Geoff_Hoon,probe/Geoff_Hoon/Geoff_Hoon_0002.jpg,Geoff_Hoon_0002.jpg,250,250,JPEG,RGB,7987,7e4eae7118de90ac7c6bdc2e30adca21790014b5bfe3f9e04b70242993090834
probe,George_Brumley,probe/George_Brumley/George_Brumley_0002.jpg,George_Brumley_0002.jpg,250,250,JPEG,RGB,7415,bd1c89182363ca8eaa1ff090da42046590154a7a2284211c3d07841b03aea664
probe,George_Foreman,probe/George_Foreman/George_Foreman_0002.jpg,George_Foreman_0002.jpg,250,250,JPEG,RGB,9592,09192506fe9eb6539c2cb9239586bd15877471eb92c2fa503deadf61041dcdbf
probe,George_Karl,probe/George_Karl/George_Karl_0002.jpg,George_Karl_0002.jpg,250,250,JPEG,RGB,8185,f09b50c88eba6b530abb1ecd35921ce252201eaf9444aeca13537eabe012caeb
probe,George_Lopez,probe/George_Lopez/George_Lopez_0002.jpg,George_Lopez_0002.jpg,250,250,JPEG,RGB,8715,e2d6b8d6c6cc448f6a4448e78ec1ee6eee965179a262cdbf56bbf9cd7d854d72
probe,George_P_Bush,probe/George_P_Bush/George_P_Bush_0002.jpg,George_P_Bush_0002.jpg,250,250,JPEG,RGB,9153,77a825090bcc0502febc71553fbee71959c317945a0f8b3c0a48359a295b3eff
probe,George_Pataki,probe/George_Pataki/George_Pataki_0002.jpg,George_Pataki_0002.jpg,250,250,JPEG,RGB,7386,dd5a5dd9f306177b8c57b359730e34e5876b8d84842e6bc24965d4a0a8b386f3
probe,George_Robertson,probe/George_Robertson/George_Robertson_0002.jpg,George_Robertson_0002.jpg,250,250,JPEG,RGB,7647,750b22767fb87e3a0816fcbb26694b44835a366193c4be71523eb56c28d562cc
probe,George_Roy_Hill,probe/George_Roy_Hill/George_Roy_Hill_0002.jpg,George_Roy_Hill_0002.jpg,250,250,JPEG,RGB,7470,3a5c18d500e004195c2c7a920c8919a97e2bfb710d1ae4116f87933a0cee5293
probe,George_Ryan,probe/George_Ryan/George_Ryan_0002.jpg,George_Ryan_0002.jpg,250,250,JPEG,RGB,9789,6baf87f4cc3613fe46c1566eefba2e207504a352aa66ada29ac9f2dcd7a89787
probe,George_Tenet,probe/George_Tenet/George_Tenet_0002.jpg,George_Tenet_0002.jpg,250,250,JPEG,RGB,7429,03f0666d42c31407a400bfb7fc9a753b0df07b5f91f3f394537908b886f95f94
probe,George_Voinovich,probe/George_Voinovich/George_Voinovich_0002.jpg,George_Voinovich_0002.jpg,250,250,JPEG,RGB,9256,c4fd3c09ff7697f1f4fdad541effcec0f2272f00ead4a932d3799420231f855d
probe,Georgi_Parvanov,probe/Georgi_Parvanov/Georgi_Parvanov_0002.jpg,Georgi_Parvanov_0002.jpg,250,250,JPEG,RGB,8305,dec822c80c12fcd4beef917978d4cb82cd70a30bb4fba4324ed9712272c77518
probe,Geraldine_Chaplin,probe/Geraldine_Chaplin/Geraldine_Chaplin_0002.jpg,Geraldine_Chaplin_0002.jpg,250,250,JPEG,RGB,8965,d40cf606f751b11d1a596f07ad01fb6596bbb0a2dd584829582ca0b4e18c6419
probe,Gerard_Depardieu,probe/Gerard_Depardieu/Gerard_Depardieu_0002.jpg,Gerard_Depardieu_0002.jpg,250,250,JPEG,RGB,10848,c3bfb4bdff1cf8b7bb3d8d3c573e93677648a0779a96fd27943920a411d4cd95
probe,Gerardo_Gambala,probe/Gerardo_Gambala/Gerardo_Gambala_0002.jpg,Gerardo_Gambala_0002.jpg,250,250,JPEG,RGB,9590,f8a225fb6c388095ee31dbb8f17592c1253cdce73b65eea54235e7fcca17edf2
probe,Gerry_Adams,probe/Gerry_Adams/Gerry_Adams_0002.jpg,Gerry_Adams_0002.jpg,250,250,JPEG,RGB,7537,4f9eadd06f53de17eedad7ee22a1fe8786831b42eec5080602a06c490734737c
probe,Gerry_Parsky,probe/Gerry_Parsky/Gerry_Parsky_0002.jpg,Gerry_Parsky_0002.jpg,250,250,JPEG,RGB,7962,c1930efe950a20a98bfff156be00f9e424d6c393a144d3d3ba5fe58f7101acc8
probe,Gian_Marco,probe/Gian_Marco/Gian_Marco_0002.jpg,Gian_Marco_0002.jpg,250,250,JPEG,RGB,7523,27758e6f28a70eefcc790677156614f49fb546e512892fb365b71f06a53ff2b8
probe,Gianna_Angelopoulos-Daskalaki,probe/Gianna_Angelopoulos-Daskalaki/Gianna_Angelopoulos-Daskalaki_0002.jpg,Gianna_Angelopoulos-Daskalaki_0002.jpg,250,250,JPEG,RGB,10966,4fed59987d743be18dfdd4a95d2a7641a0e10be43e2fd4fb0731a80330226074
probe,Gil_de_Ferran,probe/Gil_de_Ferran/Gil_de_Ferran_0002.jpg,Gil_de_Ferran_0002.jpg,250,250,JPEG,RGB,10444,1e5a9514cccf8f8534a0fafe378732ab6fc766876bcb67c3991f96750ffca213
probe,Gillian_Anderson,probe/Gillian_Anderson/Gillian_Anderson_0002.jpg,Gillian_Anderson_0002.jpg,250,250,JPEG,RGB,9895,64b333f15476006f3a4185fde1ced6fa8e5de3cb40a7859e96645d90a76bc3e6
probe,Gisele_Bundchen,probe/Gisele_Bundchen/Gisele_Bundchen_0002.jpg,Gisele_Bundchen_0002.jpg,250,250,JPEG,RGB,8953,35e54385f7606380395b812b24178906c6d4723a180924f2e76443b36c217dbd
probe,Gloria_Allred,probe/Gloria_Allred/Gloria_Allred_0002.jpg,Gloria_Allred_0002.jpg,250,250,JPEG,RGB,9222,d7a99f8a12d9fc585135dbd52301d305ec0cf332b38273adc6568b2f052f371d
probe,Gloria_Macapagal_Arroyo,probe/Gloria_Macapagal_Arroyo/Gloria_Macapagal_Arroyo_0002.jpg,Gloria_Macapagal_Arroyo_0002.jpg,250,250,JPEG,RGB,8578,438db6aa832277500e9eae763dcb384cfb30052c5e78bfa741975842c67313e8
probe,Goh_Kun,probe/Goh_Kun/Goh_Kun_0002.jpg,Goh_Kun_0002.jpg,250,250,JPEG,RGB,8569,a410bf4177eab41474505a01ea68c975b84614c5b9c950e4389907de295de43c
probe,Goldie_Hawn,probe/Goldie_Hawn/Goldie_Hawn_0002.jpg,Goldie_Hawn_0002.jpg,250,250,JPEG,RGB,8711,3c4cc30e6bd5a0f4a90ca757d7d1142fd5ae05dbf954b718975eb3d8d2d9b459
probe,Goran_Persson,probe/Goran_Persson/Goran_Persson_0002.jpg,Goran_Persson_0002.jpg,250,250,JPEG,RGB,7597,da28290f602a64d3a97f22a00f5a1f5ff7df40b798da705477a0dddf9dc923bd
probe,Gordon_Campbell,probe/Gordon_Campbell/Gordon_Campbell_0002.jpg,Gordon_Campbell_0002.jpg,250,250,JPEG,RGB,6318,62e84178413bb9f0452694c1e10c0a3d134a0937cec8330f34697aa8ee1931f4
probe,Grady_Irvin_Jr,probe/Grady_Irvin_Jr/Grady_Irvin_Jr_0002.jpg,Grady_Irvin_Jr_0002.jpg,250,250,JPEG,RGB,9854,cc51f6a2d03ab0ea287405cde5ac20a431ce137889fbaebfa5467123daa2d308
probe,Gray_Davis,probe/Gray_Davis/Gray_Davis_0002.jpg,Gray_Davis_0002.jpg,250,250,JPEG,RGB,8208,c8534f9ce81ceecde09a0f7548f7c2235cb6cd44dedaa5e6c9046d6d057e9363
probe,Greg_Gilbert,probe/Greg_Gilbert/Greg_Gilbert_0002.jpg,Greg_Gilbert_0002.jpg,250,250,JPEG,RGB,8677,bddd9d8d4ab684d536c533c44f50f50bfc3ca15a4e6b61183f7a2f92a58ede69
probe,Greg_Ostertag,probe/Greg_Ostertag/Greg_Ostertag_0002.jpg,Greg_Ostertag_0002.jpg,250,250,JPEG,RGB,8538,f666965d10ece4c67725f6ec685666b032507e801d399779c9fe9ebb911db004
probe,Greg_Owen,probe/Greg_Owen/Greg_Owen_0002.jpg,Greg_Owen_0002.jpg,250,250,JPEG,RGB,8082,24502ffd48b7ef81f0204bda563d5bffbb37d02d9c0d1d1606e0b29c1a509e27
probe,Greg_Rusedski,probe/Greg_Rusedski/Greg_Rusedski_0002.jpg,Greg_Rusedski_0002.jpg,250,250,JPEG,RGB,8086,42b47e9a2c1fdc7570d1150ab107d4db78652daa20f70a3d4af4fca22487e1ec
probe,Gregg_Popovich,probe/Gregg_Popovich/Gregg_Popovich_0002.jpg,Gregg_Popovich_0002.jpg,250,250,JPEG,RGB,7758,6834ddc9579bea11a7c921a9ca674f5f3fbd2f7c7e1e373c08c59eae93c9e701
probe,Gregory_Geoffroy,probe/Gregory_Geoffroy/Gregory_Geoffroy_0002.jpg,Gregory_Geoffroy_0002.jpg,250,250,JPEG,RGB,9446,11f6858f40060448f23c72487c97ef8f8fd2eef7ba5db6f55a4c9fc9a6cacf47
probe,Gregory_Hines,probe/Gregory_Hines/Gregory_Hines_0002.jpg,Gregory_Hines_0002.jpg,250,250,JPEG,RGB,6568,43b35d1c50386b5c9b977d2cfae4115175db7f6aece842844a952a0ab223e15c
probe,Gro_Harlem_Brundtland,probe/Gro_Harlem_Brundtland/Gro_Harlem_Brundtland_0002.jpg,Gro_Harlem_Brundtland_0002.jpg,250,250,JPEG,RGB,8663,f4cf40da6e8b85b031240320c0ccddb87b2d32cdcb233321f626b4f3bbb54b41
probe,Guido_Westerwelle,probe/Guido_Westerwelle/Guido_Westerwelle_0002.jpg,Guido_Westerwelle_0002.jpg,250,250,JPEG,RGB,10864,33be918541dd4dc44990afa5231f815de232970e5fc5e3af3c0c8499674f92fd
probe,Guillaume_Soro,probe/Guillaume_Soro/Guillaume_Soro_0002.jpg,Guillaume_Soro_0002.jpg,250,250,JPEG,RGB,8515,d1030fc41ba771cb5340435a9f09e2c9d8aeb6d6887cd63768939659fb23cc8b
probe,Guillermo_Coria,probe/Guillermo_Coria/Guillermo_Coria_0002.jpg,Guillermo_Coria_0002.jpg,250,250,JPEG,RGB,8137,7c9781f466c3b77a6b0f039232c2c56cfa53a1d11a190449f2c764b878ce9f8a
probe,Guillermo_Ortiz,probe/Guillermo_Ortiz/Guillermo_Ortiz_0002.jpg,Guillermo_Ortiz_0002.jpg,250,250,JPEG,RGB,10330,53724ac3808012158eccc12e3e7fa4ea499653be27e735d3053191cf884ee47c
probe,Gunter_Pleuger,probe/Gunter_Pleuger/Gunter_Pleuger_0002.jpg,Gunter_Pleuger_0002.jpg,250,250,JPEG,RGB,8274,776587efa38dd79ff26fadd6ef34f5763c7de5c403ddee16d956823756b60fe4
probe,Gustavo_Kuerten,probe/Gustavo_Kuerten/Gustavo_Kuerten_0002.jpg,Gustavo_Kuerten_0002.jpg,250,250,JPEG,RGB,9248,b35ad7e800172672bd7bab9665e1da465c8abe9b492074954f0102f8dbf556f0
probe,Guy_Hemmings,probe/Guy_Hemmings/Guy_Hemmings_0002.jpg,Guy_Hemmings_0002.jpg,250,250,JPEG,RGB,8974,cb117f836a482c1e06d27007f342b065635cc568d6b9120df0f8e2e39741c965
probe,Guy_Ritchie,probe/Guy_Ritchie/Guy_Ritchie_0002.jpg,Guy_Ritchie_0002.jpg,250,250,JPEG,RGB,6533,6f2c34aa85118686e0d38d2276be17f1d659ff72c20e9a2b3056b653cb4b87ce
probe,Gwendal_Peizerat,probe/Gwendal_Peizerat/Gwendal_Peizerat_0002.jpg,Gwendal_Peizerat_0002.jpg,250,250,JPEG,RGB,9942,63dcbae501628a6c990937ff140b6b432a86aca51e7cc2df5ff817834cb65af3
probe,Hal_Sutton,probe/Hal_Sutton/Hal_Sutton_0002.jpg,Hal_Sutton_0002.jpg,250,250,JPEG,RGB,7260,85e0c3519cf8f07b53fd9bd5ad6e95e091ee00f6d3bd52fdebca93c26af00bf0
probe,Hamzah_Haz,probe/Hamzah_Haz/Hamzah_Haz_0002.jpg,Hamzah_Haz_0002.jpg,250,250,JPEG,RGB,9991,cf8661b101c2c2c3057173a64fcf5b90cd48634f1d536bfda52fbd5d5bd4ef75
probe,Hanan_Ashrawi,probe/Hanan_Ashrawi/Hanan_Ashrawi_0002.jpg,Hanan_Ashrawi_0002.jpg,250,250,JPEG,RGB,9570,f4c3ca7cde7ecf5ea1be76b6d0c3e020b262a0a0581f5d359b9e2b59621672e1
probe,Hannah_Stockbauer,probe/Hannah_Stockbauer/Hannah_Stockbauer_0002.jpg,Hannah_Stockbauer_0002.jpg,250,250,JPEG,RGB,12014,b78688e418b59ed0feaaade0bed1847126397e79b0c83a1e4761b66a70d0f63b
probe,Hans_Eichel,probe/Hans_Eichel/Hans_Eichel_0002.jpg,Hans_Eichel_0002.jpg,250,250,JPEG,RGB,7793,67c1300b529e4b96c7926dce019dc05e09030e67962e02ca64c9c04e4a51d502
probe,Harbhajan_Singh,probe/Harbhajan_Singh/Harbhajan_Singh_0002.jpg,Harbhajan_Singh_0002.jpg,250,250,JPEG,RGB,8453,205564e85a6fd1b3aec1a4f982bf9c81e280dc34c5ab977b689b309910aad50a
probe,Harry_Belafonte,probe/Harry_Belafonte/Harry_Belafonte_0002.jpg,Harry_Belafonte_0002.jpg,250,250,JPEG,RGB,8633,54787255f3fdce0e0a05da211e0badf29ac0d9efdf95f6732b4032549d18a2d2
probe,Harry_Kalas,probe/Harry_Kalas/Harry_Kalas_0002.jpg,Harry_Kalas_0002.jpg,250,250,JPEG,RGB,8123,285a582dbb2f7911fa57e917f397f28ef6b996edc37ed2e9b9b68232e1eb52bc
probe,Harry_Schmidt,probe/Harry_Schmidt/Harry_Schmidt_0002.jpg,Harry_Schmidt_0002.jpg,250,250,JPEG,RGB,8412,056b6cf0ec93b13d75a552fe9441365ad086e2a20b9483300a1ec84efe091b85
probe,Harvey_Weinstein,probe/Harvey_Weinstein/Harvey_Weinstein_0002.jpg,Harvey_Weinstein_0002.jpg,250,250,JPEG,RGB,8074,57c6b1fb43601d91ad6659a4210a130886162dd4ad1f64bac84b49a9defa2c5c
probe,Hashim_Thaci,probe/Hashim_Thaci/Hashim_Thaci_0002.jpg,Hashim_Thaci_0002.jpg,250,250,JPEG,RGB,8105,1f92e72671ce1f5711509420905f0db55519c2017206b6e03cfecdf471333718
probe,Hassan_Nasrallah,probe/Hassan_Nasrallah/Hassan_Nasrallah_0002.jpg,Hassan_Nasrallah_0002.jpg,250,250,JPEG,RGB,8072,69a802fb758902c42c90ed6516e1489d0955741691d63e84d329a3933223ea27
probe,Hassan_Wirajuda,probe/Hassan_Wirajuda/Hassan_Wirajuda_0002.jpg,Hassan_Wirajuda_0002.jpg,250,250,JPEG,RGB,7594,53e15145fc5a735c7401e4fc0b0f363b6fea842e2caf038306f31e321ab9f722
probe,Hayley_Tullett,probe/Hayley_Tullett/Hayley_Tullett_0002.jpg,Hayley_Tullett_0002.jpg,250,250,JPEG,RGB,10097,b2c5753c1fb96571b3f84d7b6c7c2b7f4b5c05ff5d36523c3efa5702182e77bb
probe,Hector_Babenco,probe/Hector_Babenco/Hector_Babenco_0002.jpg,Hector_Babenco_0002.jpg,250,250,JPEG,RGB,8170,9222bf142ebfd007fec9c159fff5027fc8059dc48f2abad0d28fa7108ceb346d
probe,Heidi_Fleiss,probe/Heidi_Fleiss/Heidi_Fleiss_0002.jpg,Heidi_Fleiss_0002.jpg,250,250,JPEG,RGB,9177,301bf68dd4dce51b4ffe37c5acd1da68cd3775475a90e2d312ebd053a54ca76f
probe,Heizo_Takenaka,probe/Heizo_Takenaka/Heizo_Takenaka_0002.jpg,Heizo_Takenaka_0002.jpg,250,250,JPEG,RGB,7892,4a763152e4b0a427a655dbc028d08fc7ca45ae22ef9d9a00b827783bbdf3602a
probe,Helen_Clark,probe/Helen_Clark/Helen_Clark_0002.jpg,Helen_Clark_0002.jpg,250,250,JPEG,RGB,11905,418548f06c7bb44f13ccee2aef8f1a10bf0d9691d9003434949ae45026eb537e
probe,Henrique_Meirelles,probe/Henrique_Meirelles/Henrique_Meirelles_0002.jpg,Henrique_Meirelles_0002.jpg,250,250,JPEG,RGB,9217,184d3f91414f4cdd83a590dcfe3df9f414e8d6df355d28e4cc0b6e93c83aa569
probe,Herb_Sendek,probe/Herb_Sendek/Herb_Sendek_0002.jpg,Herb_Sendek_0002.jpg,250,250,JPEG,RGB,7765,f8515603e5d05504ef711a0554f7aad0548307b123414f37234625394d509ee6
probe,Hermann_Maier,probe/Hermann_Maier/Hermann_Maier_0002.jpg,Hermann_Maier_0002.jpg,250,250,JPEG,RGB,10123,b602df8ae6e454dff218a2aafc7c6c9c1ebb5e634fbe11a4acac5d8a44be6176
probe,Herta_Daeubler-Gmelin,probe/Herta_Daeubler-Gmelin/Herta_Daeubler-Gmelin_0002.jpg,Herta_Daeubler-Gmelin_0002.jpg,250,250,JPEG,RGB,8840,d0e4d005e296d7dba9eebd2155a67c2bd2f03160ddcbfeacc05c832dbf1a95f4
probe,Hichiro_Naemura,probe/Hichiro_Naemura/Hichiro_Naemura_0002.jpg,Hichiro_Naemura_0002.jpg,250,250,JPEG,RGB,9630,83ebed5b3419aa5b57eb8f3d261f9cff741c76901bff5331a8e09b19a802bdd7
probe,Hideki_Matsui,probe/Hideki_Matsui/Hideki_Matsui_0002.jpg,Hideki_Matsui_0002.jpg,250,250,JPEG,RGB,10159,8f612377495675b7f6a46ffd13bfbaf999ba7f9a9cb08ddaa086e2610082aa43
probe,Hillary_Clinton,probe/Hillary_Clinton/Hillary_Clinton_0002.jpg,Hillary_Clinton_0002.jpg,250,250,JPEG,RGB,11179,b34411848f2710b7373ddc4b5c3baa48943eaf21b819e07f3cd1bfbf9b96a72e
probe,Hilmi_Ozkok,probe/Hilmi_Ozkok/Hilmi_Ozkok_0002.jpg,Hilmi_Ozkok_0002.jpg,250,250,JPEG,RGB,10115,c61ba84b1705a34c6fe91e45c4aa89768b31e7a5e82ee936a31cf584a76266ec
probe,Hipolito_Mejia,probe/Hipolito_Mejia/Hipolito_Mejia_0002.jpg,Hipolito_Mejia_0002.jpg,250,250,JPEG,RGB,6724,76e1e74928e1a2eb58d7de86136a04f8766c33c2b83122d03366602c806190fb
probe,Hisao_Oguchi,probe/Hisao_Oguchi/Hisao_Oguchi_0002.jpg,Hisao_Oguchi_0002.jpg,250,250,JPEG,RGB,9071,52ad39484409afd38766e87639187513e11b05217bb7f2220513756b42858de5
probe,Hitomi_Soga,probe/Hitomi_Soga/Hitomi_Soga_0002.jpg,Hitomi_Soga_0002.jpg,250,250,JPEG,RGB,10588,d4e13b0105a1d8cac3cbbcc710b0a3304292432aa1e501fd31205816ad0a5d58
probe,Hootie_Johnson,probe/Hootie_Johnson/Hootie_Johnson_0002.jpg,Hootie_Johnson_0002.jpg,250,250,JPEG,RGB,8696,af95b6791d3125a8de3ff7ea8067287270707792a0751823896ac81fd22911d5
probe,Howard_Dean,probe/Howard_Dean/Howard_Dean_0002.jpg,Howard_Dean_0002.jpg,250,250,JPEG,RGB,9642,09847ee1a3552d8d06ee96e00322153bddf4d5db60cbc6b086ee3fb821d78476
probe,Howard_Schultz,probe/Howard_Schultz/Howard_Schultz_0002.jpg,Howard_Schultz_0002.jpg,250,250,JPEG,RGB,6569,5fa882fb6ccbf075a2ce04af1b492a5b1dfd6c497069cc03bd61a1e96014d426
probe,Howard_Smith,probe/Howard_Smith/Howard_Smith_0002.jpg,Howard_Smith_0002.jpg,250,250,JPEG,RGB,7384,b130ef41d8609e109eadffd4f8fcaba04083d8a1275315c4ab8238f3e43a299e
probe,Hu_Jintao,probe/Hu_Jintao/Hu_Jintao_0002.jpg,Hu_Jintao_0002.jpg,250,250,JPEG,RGB,9095,e4aa5cfbfb40094ab980f5fad14682a95014f9d874625ea5f2a3f8ead3748a66
probe,Hun_Sen,probe/Hun_Sen/Hun_Sen_0002.jpg,Hun_Sen_0002.jpg,250,250,JPEG,RGB,10907,ba8d5f5db5443eb055165600bd79d24cf78f24c406dfde41d5574f8985b17537
probe,Iain_Duncan_Smith,probe/Iain_Duncan_Smith/Iain_Duncan_Smith_0002.jpg,Iain_Duncan_Smith_0002.jpg,250,250,JPEG,RGB,7962,d55e1ddf4d50615daab4e137a3049eae85b7f30999ba4c4aaf39c76dd760283f
probe,Ian_McKellen,probe/Ian_McKellen/Ian_McKellen_0002.jpg,Ian_McKellen_0002.jpg,250,250,JPEG,RGB,10126,085939486e4813049cef9fa4a39c156c1084edc0baccfc69235c717fce2c2ff4
probe,Ian_Thorpe,probe/Ian_Thorpe/Ian_Thorpe_0002.jpg,Ian_Thorpe_0002.jpg,250,250,JPEG,RGB,9024,2539dd4dfaadf568b050e0f798211c7cb3c807bd821443f56bcded5b6e625f39
probe,Iban_Mayo,probe/Iban_Mayo/Iban_Mayo_0002.jpg,Iban_Mayo_0002.jpg,250,250,JPEG,RGB,10755,7a6ec3d8e0e56e127952cf69f8df8803174344df1a16dfacac48c1857e04c9b2
probe,Ibrahim_Jaafari,probe/Ibrahim_Jaafari/Ibrahim_Jaafari_0002.jpg,Ibrahim_Jaafari_0002.jpg,250,250,JPEG,RGB,8538,0e5e332cd3abd0e9a799247d675a39a8221e568a5aa89afb7f5f79f03d38a51f
probe,Igor_Ivanov,probe/Igor_Ivanov/Igor_Ivanov_0002.jpg,Igor_Ivanov_0002.jpg,250,250,JPEG,RGB,9545,800288dbf44fbbfb78468de58a2a5f69767437867f3066d8b93f74f1e6139aef
probe,Ilan_Ramon,probe/Ilan_Ramon/Ilan_Ramon_0002.jpg,Ilan_Ramon_0002.jpg,250,250,JPEG,RGB,10348,1651b6ad623dd9ab89265e86d79850f851675d66ae535e92710ece3ed864d142
probe,Imad_Moustapha,probe/Imad_Moustapha/Imad_Moustapha_0002.jpg,Imad_Moustapha_0002.jpg,250,250,JPEG,RGB,9256,8ca4735b2e745ac66b8317f0fbe6968d360b3fa19c035faec4cb941505e60581
probe,Inam-ul-Haq,probe/Inam-ul-Haq/Inam-ul-Haq_0002.jpg,Inam-ul-Haq_0002.jpg,250,250,JPEG,RGB,7165,6350891f0c55cb31ba404d091ba2864700191d9ce29aa84bcb42d29b84e0849e
probe,Inocencio_Arias,probe/Inocencio_Arias/Inocencio_Arias_0002.jpg,Inocencio_Arias_0002.jpg,250,250,JPEG,RGB,9388,d02814fe366ed22810c3dbbf0665f9aadd90f191c082c5219a7d7c6df0ba78b2
probe,Intisar_Ajouri,probe/Intisar_Ajouri/Intisar_Ajouri_0002.jpg,Intisar_Ajouri_0002.jpg,250,250,JPEG,RGB,8957,b94f491bed8704e01c73fb36af11f2d6e8f16aba851f58a624c9a7e48b02426c
probe,Isabelle_Huppert,probe/Isabelle_Huppert/Isabelle_Huppert_0002.jpg,Isabelle_Huppert_0002.jpg,250,250,JPEG,RGB,9456,590553e403fa18192e5b357eadf62335b0bc5250aabc8bf45df940d7a00ac998
probe,Isaiah_Washington,probe/Isaiah_Washington/Isaiah_Washington_0002.jpg,Isaiah_Washington_0002.jpg,250,250,JPEG,RGB,7057,947a227e0175dedd8fbd98e4d8e87ef5f007d550dc88468cc763676080215795
probe,Ishaq_Shahryar,probe/Ishaq_Shahryar/Ishaq_Shahryar_0002.jpg,Ishaq_Shahryar_0002.jpg,250,250,JPEG,RGB,10867,86a6df3e22439c9c128fd552b35f842f859c3f2cbf90b7c61ab6c359c847cf82
probe,Ismail_Merchant,probe/Ismail_Merchant/Ismail_Merchant_0002.jpg,Ismail_Merchant_0002.jpg,250,250,JPEG,RGB,10638,5fb808ce76ce8dd37c078401934687463112736f521b7dd861bb9b36e2feb926
probe,Iva_Majoli,probe/Iva_Majoli/Iva_Majoli_0002.jpg,Iva_Majoli_0002.jpg,250,250,JPEG,RGB,9136,2be41ead18233849fe21e7c81c6439d7fcc62a6d960d3661dd774cf75b19a60f
probe,JJ_Redick,probe/JJ_Redick/JJ_Redick_0002.jpg,JJ_Redick_0002.jpg,250,250,JPEG,RGB,9746,77fcdcf4813a1922f4f239501da3f0104561d5b05b0118777c8e5bb7e3376061
probe,Jack_Grubman,probe/Jack_Grubman/Jack_Grubman_0002.jpg,Jack_Grubman_0002.jpg,250,250,JPEG,RGB,7706,81c5493a411ef28f20d9a5f4b46fdacfb0f7b4acb41f51fdf7cd6b320b830f39
probe,Jack_Straw,probe/Jack_Straw/Jack_Straw_0002.jpg,Jack_Straw_0002.jpg,250,250,JPEG,RGB,10008,a209a5f57624ab868a1d26d70bb16d7246e94627fe2125f28c8d5ddde1af68e9
probe,Jackie_Chan,probe/Jackie_Chan/Jackie_Chan_0002.jpg,Jackie_Chan_0002.jpg,250,250,JPEG,RGB,9732,f0038deb9fb4e0b13a0c403d27e24248429d93467659f81cc05483f41eb0be79
probe,Jacqueline_Obradors,probe/Jacqueline_Obradors/Jacqueline_Obradors_0002.jpg,Jacqueline_Obradors_0002.jpg,250,250,JPEG,RGB,7272,0329d238f3135b7373307b7ec1b8e42c53ec3ee7af779d148ccac741678855a8
probe,Jada_Pinkett_Smith,probe/Jada_Pinkett_Smith/Jada_Pinkett_Smith_0002.jpg,Jada_Pinkett_Smith_0002.jpg,250,250,JPEG,RGB,8858,941f483e003be045f608c186bb00b889f6e97bad710b50094b2af0ba28a80207
probe,James_Blake,probe/James_Blake/James_Blake_0002.jpg,James_Blake_0002.jpg,250,250,JPEG,RGB,10712,62819ea86d3acbab6f928a27f413f8e7438b5524231c5fb168a467c19c67df55
probe,James_Butts,probe/James_Butts/James_Butts_0002.jpg,James_Butts_0002.jpg,250,250,JPEG,RGB,7799,3e91028b6ae36e8d5678b2ba4c540cd333a05f07eb68d33aa63eb65c54a02401
probe,James_Cunningham,probe/James_Cunningham/James_Cunningham_0002.jpg,James_Cunningham_0002.jpg,250,250,JPEG,RGB,8134,bb7dc49882df6250c7ec13a8d0cb639c1cb2ebb6e625902997d30886a835a414
probe,James_Franco,probe/James_Franco/James_Franco_0002.jpg,James_Franco_0002.jpg,250,250,JPEG,RGB,11243,61e09e531b08138da38d59e7698bd677e044e41a246f52981b592320dd9d1805
probe,James_Gandolfini,probe/James_Gandolfini/James_Gandolfini_0002.jpg,James_Gandolfini_0002.jpg,250,250,JPEG,RGB,7830,7aed6a3121f34ddf6967e8cd7f0e94470d415bb62c862f9c72619af3cb83c17d
probe,James_Ivory,probe/James_Ivory/James_Ivory_0002.jpg,James_Ivory_0002.jpg,250,250,JPEG,RGB,11045,d5c28584e1a31068a79e07533178e0ad031779bca6e12ad1680346f14a1f5e4e
probe,James_Jones,probe/James_Jones/James_Jones_0002.jpg,James_Jones_0002.jpg,250,250,JPEG,RGB,10118,40cec9e426b43cdcf7f3a5003c65e774a82cf1bee8bdd3ee8b4f48e806e44c7f
probe,James_Kelly,probe/James_Kelly/James_Kelly_0002.jpg,James_Kelly_0002.jpg,250,250,JPEG,RGB,9833,4ed5528d35ac2c48b3746e8032472f0db17c1833699ff0995fd88519ec65722e
probe,James_Kopp,probe/James_Kopp/James_Kopp_0002.jpg,James_Kopp_0002.jpg,250,250,JPEG,RGB,6754,a2b5182b11f79d13044643add1e5d4c3d59efa11ff6954f1e640b1fa27b70128
probe,James_Maguire,probe/James_Maguire/James_Maguire_0002.jpg,James_Maguire_0002.jpg,250,250,JPEG,RGB,10684,38e31a39621377f548c32329a1391e7d4728abe48416bbd3346009a13ae8527b
probe,James_McGreevey,probe/James_McGreevey/James_McGreevey_0002.jpg,James_McGreevey_0002.jpg,250,250,JPEG,RGB,5676,df32ca560d753bc06c90831d53bea8b6ddb6ee5372b243b05cd083fc2b57f9a6
probe,James_Morris,probe/James_Morris/James_Morris_0002.jpg,James_Morris_0002.jpg,250,250,JPEG,RGB,9058,54d0e926befe67a17df5fc2bb1bd327bd8531638f298b30ebcae78aca73b0f7a
probe,James_Parker,probe/James_Parker/James_Parker_0002.jpg,James_Parker_0002.jpg,250,250,JPEG,RGB,11913,043eb12592fd4a49d6c367de6824035921c6b22207e4661a429dcfbe45e34594
probe,James_Schultz,probe/James_Schultz/James_Schultz_0002.jpg,James_Schultz_0002.jpg,250,250,JPEG,RGB,10621,a4e9f96eebaa95c2ad2ed75c28d9f67292f936ae29199658b5b4a8f991b51323
probe,James_Smith,probe/James_Smith/James_Smith_0002.jpg,James_Smith_0002.jpg,250,250,JPEG,RGB,7765,a8cb09e7450cf651bd761a001165b09e5ce24606212278d94f9959418dfa10d5
probe,James_Traficant,probe/James_Traficant/James_Traficant_0002.jpg,James_Traficant_0002.jpg,250,250,JPEG,RGB,7378,1c00b5ba40bbf33d1e5b0f8096366f55e15b1b84221846aac719bbf22274f101
probe,Jamie_Villafane,probe/Jamie_Villafane/Jamie_Villafane_0002.jpg,Jamie_Villafane_0002.jpg,250,250,JPEG,RGB,7118,eedc4dfde2c0a1966efdd5f637d83873fc4900d234fba3735605648b59d8a415
probe,Jamling_Norgay,probe/Jamling_Norgay/Jamling_Norgay_0002.jpg,Jamling_Norgay_0002.jpg,250,250,JPEG,RGB,9512,87d8630dce27e2d800f1fe68a7b05d28b7d1e303a9d71df1b50d4d3da8e12535
probe,Jan_Ullrich,probe/Jan_Ullrich/Jan_Ullrich_0002.jpg,Jan_Ullrich_0002.jpg,250,250,JPEG,RGB,7573,f06ed28e3d846b49d9428b3aa527a848d3d478e640401da49ab3a631a03abc71
probe,Jane_Fonda,probe/Jane_Fonda/Jane_Fonda_0002.jpg,Jane_Fonda_0002.jpg,250,250,JPEG,RGB,7497,795df88dd1d0ebb360fc5c23c182b293f30dd7cf376de3b04f227ba796716170
probe,Jane_Kaczmarek,probe/Jane_Kaczmarek/Jane_Kaczmarek_0002.jpg,Jane_Kaczmarek_0002.jpg,250,250,JPEG,RGB,7733,e3156e37c4e5c13e629314eec89fda5b61436bbfd1ea0c57287204cb6f7169e1
probe,Jane_Pauley,probe/Jane_Pauley/Jane_Pauley_0002.jpg,Jane_Pauley_0002.jpg,250,250,JPEG,RGB,8105,dbb3bb4c5992bde34201015b7709637d36560b3a1c4900a347ea0f7051a7ffc8
probe,Janet_Thorpe,probe/Janet_Thorpe/Janet_Thorpe_0002.jpg,Janet_Thorpe_0002.jpg,250,250,JPEG,RGB,8520,c2dc5c4a2e05e0a951122ac5afb53ba7dd5973a921517566b17f359a436a49da
probe,Janica_Kostelic,probe/Janica_Kostelic/Janica_Kostelic_0002.jpg,Janica_Kostelic_0002.jpg,250,250,JPEG,RGB,12509,ce78f8594aba1258e4b90be5cabbf1ddba5098ee5751df59a41a82ab1ebec7ff
probe,Jason_Alexander,probe/Jason_Alexander/Jason_Alexander_0002.jpg,Jason_Alexander_0002.jpg,250,250,JPEG,RGB,10127,b20e4470b4fb7b4f6e972c7c886c79ee56cbc621440e36949c09b8a5f71a61cf
probe,Jason_Jennings,probe/Jason_Jennings/Jason_Jennings_0002.jpg,Jason_Jennings_0002.jpg,250,250,JPEG,RGB,9112,99c51b2fd2e6a2a57013acc7b5b4cbd4100f9c65394a12771cf037947d18106d
probe,Jason_Kidd,probe/Jason_Kidd/Jason_Kidd_0002.jpg,Jason_Kidd_0002.jpg,250,250,JPEG,RGB,8932,1d0262f5c551c6080d5f066521fea440f3ba4cd9343af146b19d2e8f016974a3
probe,Jason_Lezak,probe/Jason_Lezak/Jason_Lezak_0002.jpg,Jason_Lezak_0002.jpg,250,250,JPEG,RGB,9195,32568e282b3d242c656dd6f8309350d6cd75eeadacc300ddcbae4e8f3cc08f9a
probe,Jay_Garner,probe/Jay_Garner/Jay_Garner_0002.jpg,Jay_Garner_0002.jpg,250,250,JPEG,RGB,8426,64afebb1d05f4ae9a2b54fb2c9e25f5e740672eb78aa311244daea39f20b0b18
probe,Jay_Rasulo,probe/Jay_Rasulo/Jay_Rasulo_0002.jpg,Jay_Rasulo_0002.jpg,250,250,JPEG,RGB,8750,37314580412f4261cd376f6656a208d3b9b8e7871eff4c351f961a230c55ff66
probe,Jean-Claude_Braquet,probe/Jean-Claude_Braquet/Jean-Claude_Braquet_0002.jpg,Jean-Claude_Braquet_0002.jpg,250,250,JPEG,RGB,7641,b64f472b572b2bdfffeaa8d6c4dd6d1d83bddab450a0ccf9b7203dfd0d2db54b
probe,Jean-Claude_Juncker,probe/Jean-Claude_Juncker/Jean-Claude_Juncker_0002.jpg,Jean-Claude_Juncker_0002.jpg,250,250,JPEG,RGB,8095,f2643d9982b295d6f1ce5c8f6d1c5a827fb3faea5f134febf2626e4defc58fb4
probe,Jean-Claude_Trichet,probe/Jean-Claude_Trichet/Jean-Claude_Trichet_0002.jpg,Jean-Claude_Trichet_0002.jpg,250,250,JPEG,RGB,11899,ddfc299a6620552cd377b38829c3b66a6068ca9f2f1c4064785a12f376f36cb6
probe,Jean-David_Levitte,probe/Jean-David_Levitte/Jean-David_Levitte_0002.jpg,Jean-David_Levitte_0002.jpg,250,250,JPEG,RGB,7868,67763acb6c917199c095bc3894721b9bf6d329bc151d2b012d5396891140ca66
probe,Jean-Marc_de_La_Sabliere,probe/Jean-Marc_de_La_Sabliere/Jean-Marc_de_La_Sabliere_0002.jpg,Jean-Marc_de_La_Sabliere_0002.jpg,250,250,JPEG,RGB,8894,e8c5b81da02934a58d4d45edbd9d4862601d8cb90a6800138f5e6d7030bc1ab0
probe,Jean-Sebastien_Giguere,probe/Jean-Sebastien_Giguere/Jean-Sebastien_Giguere_0002.jpg,Jean-Sebastien_Giguere_0002.jpg,250,250,JPEG,RGB,6505,e281701d884ce6db1fb4f6eb6ecf0ab19d171f9fd10dca0b7c8c76ad048843a1
probe,Jean_Brumley,probe/Jean_Brumley/Jean_Brumley_0002.jpg,Jean_Brumley_0002.jpg,250,250,JPEG,RGB,8354,475f2d6448e3b000cd5ba78fbdfce76854184c5878b6626d1d4c552f2d09fa01
probe,Jean_Carnahan,probe/Jean_Carnahan/Jean_Carnahan_0002.jpg,Jean_Carnahan_0002.jpg,250,250,JPEG,RGB,9285,cdacec88da8206def650ad71f28aad306245de7e893d578c163050852fe63625
probe,Jeanne_Moreau,probe/Jeanne_Moreau/Jeanne_Moreau_0002.jpg,Jeanne_Moreau_0002.jpg,250,250,JPEG,RGB,10943,f483995c08b5abf277df72df1c2b21941cde43c8b17d0cff63ec8f6864f16f56
probe,Jefferson_Perez,probe/Jefferson_Perez/Jefferson_Perez_0002.jpg,Jefferson_Perez_0002.jpg,250,250,JPEG,RGB,10365,b4529ba13652cdd7898e10d4258bbaf33e9dbee8051f448af239192042bfa793
probe,Jeffrey_Archer,probe/Jeffrey_Archer/Jeffrey_Archer_0002.jpg,Jeffrey_Archer_0002.jpg,250,250,JPEG,RGB,8605,307f51cc3871eae53760c9600a37f7c26eecf7d09333126df07377061bad9fc6
probe,Jeffrey_Immelt,probe/Jeffrey_Immelt/Jeffrey_Immelt_0002.jpg,Jeffrey_Immelt_0002.jpg,250,250,JPEG,RGB,8485,077ba64603dae2d92b5cb7bc9272d17c6012ab94955e53ab63f1405bd336bc8b
probe,Jeffrey_Jones,probe/Jeffrey_Jones/Jeffrey_Jones_0002.jpg,Jeffrey_Jones_0002.jpg,250,250,JPEG,RGB,7237,3ab3d11b45d8c9ae240c4c47f0495a18019e2c67a287bba5962900c0fb686c6b
probe,Jeffrey_Scott_Postell,probe/Jeffrey_Scott_Postell/Jeffrey_Scott_Postell_0002.jpg,Jeffrey_Scott_Postell_0002.jpg,250,250,JPEG,RGB,6727,cd2e999cc7c274f405440525703324dbf4443ae3e86ee6dedafe394acddfeb08
probe,Jennifer_Aniston,probe/Jennifer_Aniston/Jennifer_Aniston_0002.jpg,Jennifer_Aniston_0002.jpg,250,250,JPEG,RGB,8370,1926771448afa861851997fef2c4fad8efe4424c9450cad5d3a9e2ed281d08e8
probe,Jennifer_Connelly,probe/Jennifer_Connelly/Jennifer_Connelly_0002.jpg,Jennifer_Connelly_0002.jpg,250,250,JPEG,RGB,10079,a3e8e9cfb7774b69106aae1b773f4391c7aee01d5a735a46e23ff1c7ff3dd695
probe,Jennifer_Lopez,probe/Jennifer_Lopez/Jennifer_Lopez_0002.jpg,Jennifer_Lopez_0002.jpg,250,250,JPEG,RGB,9109,a88e17a4ed9a8112bc29b6ed9ecd83e8393d1d70d7e4c4b48d5c38f4c1cdc4e2
probe,Jennifer_Reilly,probe/Jennifer_Reilly/Jennifer_Reilly_0002.jpg,Jennifer_Reilly_0002.jpg,250,250,JPEG,RGB,9349,a8b51629e279af2a903aa43565ce918de26c8badda9c005210b4d1488212872e
probe,Jennifer_Rodriguez,probe/Jennifer_Rodriguez/Jennifer_Rodriguez_0002.jpg,Jennifer_Rodriguez_0002.jpg,250,250,JPEG,RGB,10493,5770dda51acf7b90236d974fecc38d27d17d877cc14d9cec6e3a71ece904d596
probe,Jennifer_Thompson,probe/Jennifer_Thompson/Jennifer_Thompson_0002.jpg,Jennifer_Thompson_0002.jpg,250,250,JPEG,RGB,7089,5f4f82c5b9ee03bdf53583352d80fb852dddbf299f17706bbee428ada12709d9
probe,Jeremy_Shockey,probe/Jeremy_Shockey/Jeremy_Shockey_0002.jpg,Jeremy_Shockey_0002.jpg,250,250,JPEG,RGB,8908,2f6a0fa658b9b5d9e9e1f28a83adb1a0fcebec1cc66c917506a4a53012ac7ea1
probe,Jerry_Falwell,probe/Jerry_Falwell/Jerry_Falwell_0002.jpg,Jerry_Falwell_0002.jpg,250,250,JPEG,RGB,8643,45910b5a721bc166df56dd0490901a080c2d62e78c1e74750e44c0e102a25426
probe,Jesse_Jackson,probe/Jesse_Jackson/Jesse_Jackson_0002.jpg,Jesse_Jackson_0002.jpg,250,250,JPEG,RGB,10677,f0b1d126fb3170eb4c52f3a8d418fcb7b9e049ca1b2d03335cede47f5caf6ff3
probe,Jesse_James_Leija,probe/Jesse_James_Leija/Jesse_James_Leija_0002.jpg,Jesse_James_Leija_0002.jpg,250,250,JPEG,RGB,9847,756c9bd90d15f78e05e21a1288c8ec7cbc1fcc1eceb5b3d08fd2993b6de4857a
probe,Jessica_Alba,probe/Jessica_Alba/Jessica_Alba_0002.jpg,Jessica_Alba_0002.jpg,250,250,JPEG,RGB,9510,bf5f0562221e58f39f25862e2674f654a354cde13d45230d3cc9994fe88a6755
probe,Jessica_Lange,probe/Jessica_Lange/Jessica_Lange_0002.jpg,Jessica_Lange_0002.jpg,250,250,JPEG,RGB,7346,6d9cd9fd0deda56c2824ed4a8ba375f1b3f59ce8094930de31681a6bfcf7ded2
probe,Jessica_Lynch,probe/Jessica_Lynch/Jessica_Lynch_0002.jpg,Jessica_Lynch_0002.jpg,250,250,JPEG,RGB,8686,8df718be60de5f6224fe7fb5ed9d43a27dbee41d227a76104adee27ca3f64af8
probe,Jia_Qinglin,probe/Jia_Qinglin/Jia_Qinglin_0002.jpg,Jia_Qinglin_0002.jpg,250,250,JPEG,RGB,8606,5adbc18016317c9d4ed1952221efbc0e4b825a79f24891c32d59f11ea9af6af2
probe,Jim_Carrey,probe/Jim_Carrey/Jim_Carrey_0002.jpg,Jim_Carrey_0002.jpg,250,250,JPEG,RGB,9229,b976c9fa000ed2e664c243e812c24af3c38477dc150de4eb8e6623fe3b859342
probe,Jim_Edmonds,probe/Jim_Edmonds/Jim_Edmonds_0002.jpg,Jim_Edmonds_0002.jpg,250,250,JPEG,RGB,8842,57b5a9422536a12104ac4c93d1c9cf351ab18ad58dbdae4c05915ff87840c2c3
probe,Jim_Furyk,probe/Jim_Furyk/Jim_Furyk_0002.jpg,Jim_Furyk_0002.jpg,250,250,JPEG,RGB,8177,574224a4906ecb1ddc8ce763501b46e1d7406841c50fd96461d89053132de204
probe,Jim_Harrick,probe/Jim_Harrick/Jim_Harrick_0002.jpg,Jim_Harrick_0002.jpg,250,250,JPEG,RGB,10648,ca0d3fa11fad328e9bd02b16540e239619abcb82b43dfd069040986fc611fd50
probe,Jimmy_Carter,probe/Jimmy_Carter/Jimmy_Carter_0002.jpg,Jimmy_Carter_0002.jpg,250,250,JPEG,RGB,9192,3853001dd242ce9adceca77eeaef70701e975e00d15e43d41756600242fdc896
probe,Jimmy_Kimmel,probe/Jimmy_Kimmel/Jimmy_Kimmel_0002.jpg,Jimmy_Kimmel_0002.jpg,250,250,JPEG,RGB,7211,c5500a57fec5eded402a5fcd1e2add17f8db8ad097eeefbcde0e0fcf29104156
probe,Jo_Dee_Messina,probe/Jo_Dee_Messina/Jo_Dee_Messina_0002.jpg,Jo_Dee_Messina_0002.jpg,250,250,JPEG,RGB,8653,0fa78f3c24a2de1faef1684d0ec219da0d4e53525928b2cb4314fcbe62a37ddb
probe,Joan_Claybrook,probe/Joan_Claybrook/Joan_Claybrook_0002.jpg,Joan_Claybrook_0002.jpg,250,250,JPEG,RGB,9566,ca64a6652e4d0265726ec40c7c6e69c1dd1e5d62ad06cf32daedb734715f631c
probe,Job_Cohen,probe/Job_Cohen/Job_Cohen_0002.jpg,Job_Cohen_0002.jpg,250,250,JPEG,RGB,9090,f60420845ce3b4e5a6bb7687b4eaf3aa9f7d2d4349e4b07c854915b74f8db487
probe,Jodie_Foster,probe/Jodie_Foster/Jodie_Foster_0002.jpg,Jodie_Foster_0002.jpg,250,250,JPEG,RGB,8720,b73399587bab4159d44dde212f407b5b58f4f1b25d7421d861df933029f9c454
probe,Joe_Calzaghe,probe/Joe_Calzaghe/Joe_Calzaghe_0002.jpg,Joe_Calzaghe_0002.jpg,250,250,JPEG,RGB,10300,61b4881593204e4d770a6fbd6801ee11cb82e92d1848006bd3599c17b5b87f03
probe,Joe_Dumars,probe/Joe_Dumars/Joe_Dumars_0002.jpg,Joe_Dumars_0002.jpg,250,250,JPEG,RGB,7756,b768c06a35d091205853d1ea94dc5ff07a91d7349fbe634c8c85b228c7116a67
probe,Joe_Gatti,probe/Joe_Gatti/Joe_Gatti_0002.jpg,Joe_Gatti_0002.jpg,250,250,JPEG,RGB,9711,845954a75b947de570aec7da65d954f449099cce41f612437c910c40ca4958cd
probe,Joe_Mantello,probe/Joe_Mantello/Joe_Mantello_0002.jpg,Joe_Mantello_0002.jpg,250,250,JPEG,RGB,10812,197ba61117069486fafc6672c17fef9661081d6a056965c9a1b7fb9e3ef3833d
probe,Joe_Nichols,probe/Joe_Nichols/Joe_Nichols_0002.jpg,Joe_Nichols_0002.jpg,250,250,JPEG,RGB,8105,27a6dec55dff0472aa37cbcce77f58ffa7d632ce5b5112a1af069b7042407827
probe,Joe_Torre,probe/Joe_Torre/Joe_Torre_0002.jpg,Joe_Torre_0002.jpg,250,250,JPEG,RGB,11008,81f539758c9c8e78fef4ae1ac373ecc51ea675ef7fdea791ce0dc4f5a1fbe752
probe,Joerg_Haider,probe/Joerg_Haider/Joerg_Haider_0002.jpg,Joerg_Haider_0002.jpg,250,250,JPEG,RGB,8720,cf13aacbe72448620dc3093390d718347cf7f12e8dd0fde35db744365a2f2625
probe,John_Abizaid,probe/John_Abizaid/John_Abizaid_0002.jpg,John_Abizaid_0002.jpg,250,250,JPEG,RGB,12435,dea9a62b712b221a81b41c0946ba2a37564152f162e015372053449e64c38af5
probe,John_Allen_Muhammad,probe/John_Allen_Muhammad/John_Allen_Muhammad_0002.jpg,John_Allen_Muhammad_0002.jpg,250,250,JPEG,RGB,8569,34ec950e11cccc92b1b886e705e280d5ddc3118c4c4e09243f493c59cdac06fd
probe,John_Banko,probe/John_Banko/John_Banko_0002.jpg,John_Banko_0002.jpg,250,250,JPEG,RGB,7871,358f0804ca0a5b8166c31d0aade09d1440eb221a9389523a558a960db6e9b271
probe,John_Blaney,probe/John_Blaney/John_Blaney_0002.jpg,John_Blaney_0002.jpg,250,250,JPEG,RGB,9133,3b696d3a58a7c85448069ec74c4b7ab072029258b0838ae1ad40ec40b59de985
probe,John_Brady,probe/John_Brady/John_Brady_0002.jpg,John_Brady_0002.jpg,250,250,JPEG,RGB,9408,6f721c3f77b51351dcc5128647ad5cf150da81a0113924abc4ae96889cc7a606
probe,John_Cusack,probe/John_Cusack/John_Cusack_0002.jpg,John_Cusack_0002.jpg,250,250,JPEG,RGB,9103,ad19f7a8136205669ac8d3291fee7489e51dd5d4008e9f6717c3d2e936ec76e5
probe,John_F_Kennedy_Jr,probe/John_F_Kennedy_Jr/John_F_Kennedy_Jr_0002.jpg,John_F_Kennedy_Jr_0002.jpg,250,250,JPEG,RGB,9249,72a54909f37cc9b35727c0a3a4adfe0c33b9a4a7c3b68cbc6d4092bd127fe618
probe,John_Garamendi,probe/John_Garamendi/John_Garamendi_0002.jpg,John_Garamendi_0002.jpg,250,250,JPEG,RGB,7745,59c65f4bd1f0c001021f0c8c707f9224eea0fba89b7e2d7ef7a192d4da7d4ea4
probe,John_Howard,probe/John_Howard/John_Howard_0002.jpg,John_Howard_0002.jpg,250,250,JPEG,RGB,8681,0801a402779ac805ebde7acddd9e4c04f85b016af4ea85b58c63a1bd138cbd11
probe,John_Jumper,probe/John_Jumper/John_Jumper_0002.jpg,John_Jumper_0002.jpg,250,250,JPEG,RGB,9386,92ffea326dc8c42295a0eebacc70aa4cc9eebfdef42985445798b48b59bac57b
probe,John_Kerry,probe/John_Kerry/John_Kerry_0002.jpg,John_Kerry_0002.jpg,250,250,JPEG,RGB,10016,7799e9c93a68aa9a78357b10cb6084ca0e700617a7ecee26ae6208d4a4360824
probe,John_Malkovich,probe/John_Malkovich/John_Malkovich_0002.jpg,John_Malkovich_0002.jpg,250,250,JPEG,RGB,7458,bf2e2c09d77341eb6e202b3bfad37604eb32af51e0880768f443399dd72bb52e
probe,John_Manley,probe/John_Manley/John_Manley_0002.jpg,John_Manley_0002.jpg,250,250,JPEG,RGB,8724,cf443c8ec56b7f5437774570d914adb6ce62f1ef2e6478f5ead2be14a5eb1658
probe,John_McCallum,probe/John_McCallum/John_McCallum_0002.jpg,John_McCallum_0002.jpg,250,250,JPEG,RGB,8559,863199dced0dbdf102392283a00175304f5c875b90bde2ced6ce06ac5e695f8d
probe,John_McCormack,probe/John_McCormack/John_McCormack_0002.jpg,John_McCormack_0002.jpg,250,250,JPEG,RGB,7989,8e0ff9ad41c4e90bf253c231c164c866d5f88f38e5ec460d78c67a7ba5a8b24c
probe,John_McEnroe,probe/John_McEnroe/John_McEnroe_0002.jpg,John_McEnroe_0002.jpg,250,250,JPEG,RGB,9670,f02603585de47041a3ad2b401c94d64915bd2f1cfbd17b3019f9ad1fcbfe36fc
probe,John_Negroponte,probe/John_Negroponte/John_Negroponte_0002.jpg,John_Negroponte_0002.jpg,250,250,JPEG,RGB,8559,02a06ffe01028655254c78f010b195bdbeb37532e03e5100347283d023900b61
probe,John_Reilly,probe/John_Reilly/John_Reilly_0002.jpg,John_Reilly_0002.jpg,250,250,JPEG,RGB,9547,59af3650bb9bf74d02c91df31e1da71950d2253e0264969bbc9f4cb182598b97
probe,John_Rigas,probe/John_Rigas/John_Rigas_0002.jpg,John_Rigas_0002.jpg,250,250,JPEG,RGB,10870,33eb2144560c3726c3a71e74b19e0179808a03c065dea7cf75ab6959ec173698
probe,John_Rosa,probe/John_Rosa/John_Rosa_0002.jpg,John_Rosa_0002.jpg,250,250,JPEG,RGB,6490,82a37ed0bd52934f8f5e7bd0afbc5de3e71de7dec612d3e04bef3a43671d94de
probe,John_Rowland,probe/John_Rowland/John_Rowland_0002.jpg,John_Rowland_0002.jpg,250,250,JPEG,RGB,7155,b447646a5b0b575b61d1c4bb8515c95c5750dff9a3029c9f0c8d8ce2c1c05b92
probe,John_Ruiz,probe/John_Ruiz/John_Ruiz_0002.jpg,John_Ruiz_0002.jpg,250,250,JPEG,RGB,7356,e832740a3a6a13296a3464d94d0d88214cac4ea460dd73700893ab591d4e2aaf
probe,John_Snow,probe/John_Snow/John_Snow_0002.jpg,John_Snow_0002.jpg,250,250,JPEG,RGB,6452,02c4923d369499fb7df84a42237f1dce2c407742c51965b5eb05095b92401383
probe,John_Spencer,probe/John_Spencer/John_Spencer_0002.jpg,John_Spencer_0002.jpg,250,250,JPEG,RGB,9007,d609ecd5ca5e722597ef7b800c613016cfa5030a1e4a33433b9f6a76a358e96a
probe,John_Stallworth,probe/John_Stallworth/John_Stallworth_0002.jpg,John_Stallworth_0002.jpg,250,250,JPEG,RGB,7111,4362dfaa50eb8f81b41de11b3faf67f459bff1b8a72755d082a075a3b28cbb0e
probe,John_Taylor,probe/John_Taylor/John_Taylor_0002.jpg,John_Taylor_0002.jpg,250,250,JPEG,RGB,8661,1f07cbda899ae68b586b0c52708e67d2e3662fdfd8e8494e47d1b0a8984cb585
probe,John_Timoney,probe/John_Timoney/John_Timoney_0002.jpg,John_Timoney_0002.jpg,250,250,JPEG,RGB,8409,786905f0f253a08e660a9f2c3a907ecee3f96e5d75329f03e3207daf405c01c1
probe,John_Walsh,probe/John_Walsh/John_Walsh_0002.jpg,John_Walsh_0002.jpg,250,250,JPEG,RGB,9979,2a93cde47f26ad8f8d99b1b553d2d3e1bd8c9162bcb2bf6844b2abcd9c1e8af0
probe,John_Wolf,probe/John_Wolf/John_Wolf_0002.jpg,John_Wolf_0002.jpg,250,250,JPEG,RGB,9640,d155e4d82c2d236ce96c46e6c54c0c6d03a9858c1b2e57d1b11520630d721449
probe,Johnny_Carson,probe/Johnny_Carson/Johnny_Carson_0002.jpg,Johnny_Carson_0002.jpg,250,250,JPEG,RGB,9300,48853116a301761503039dfaa4e07fcf50265ad38a3660d4989391625894199f
probe,Johnny_Depp,probe/Johnny_Depp/Johnny_Depp_0002.jpg,Johnny_Depp_0002.jpg,250,250,JPEG,RGB,8909,59b0b8919ce2b461669f072cea1123c9ca75c99cef4e7b9598224dbf57992678
probe,Johnny_Unitas,probe/Johnny_Unitas/Johnny_Unitas_0002.jpg,Johnny_Unitas_0002.jpg,250,250,JPEG,RGB,8812,8bf149fb4b2153ad9517c7ad65777cf132c2e7acc3b3bb6e2927888b3c8957d3
probe,Johnson_Panjaitan,probe/Johnson_Panjaitan/Johnson_Panjaitan_0002.jpg,Johnson_Panjaitan_0002.jpg,250,250,JPEG,RGB,8257,681f3adaea36dafee2beb4311411b9f73481c27c9dbdcab7c8f2013d008cb4fe
probe,Jolanta_Kwasniewski,probe/Jolanta_Kwasniewski/Jolanta_Kwasniewski_0002.jpg,Jolanta_Kwasniewski_0002.jpg,250,250,JPEG,RGB,8255,695e3b84cdfe5ddb60308846e31b3b8b1463ed7bade92c67804648134ee3fe9f
probe,Jon_Gruden,probe/Jon_Gruden/Jon_Gruden_0002.jpg,Jon_Gruden_0002.jpg,250,250,JPEG,RGB,7084,e0b6734faa243fee894b6ed93ad5abad4c2a750e92bf0222bc1d128589bc7b6a
probe,Jonathan_Edwards,probe/Jonathan_Edwards/Jonathan_Edwards_0002.jpg,Jonathan_Edwards_0002.jpg,250,250,JPEG,RGB,8512,dc753018be445d01442035f48c612e9a2de87fa38a0853dbf773a6d370a63ad2
probe,Jonathan_Mostow,probe/Jonathan_Mostow/Jonathan_Mostow_0002.jpg,Jonathan_Mostow_0002.jpg,250,250,JPEG,RGB,7801,fd566eb025e038900e91660d14a6816f64d01cfc9d27b06d9c001762eed66794
probe,Jong_Thae_Hwa,probe/Jong_Thae_Hwa/Jong_Thae_Hwa_0002.jpg,Jong_Thae_Hwa_0002.jpg,250,250,JPEG,RGB,6927,a6b1552c4eedd47f1df933f2c682110089d92a830b67c5a2ecb0c3e9849278e1
probe,Jorge_Arce,probe/Jorge_Arce/Jorge_Arce_0002.jpg,Jorge_Arce_0002.jpg,250,250,JPEG,RGB,8184,d5121153ad6f2a7f26f8554a57bc1cd14381c0aad137a2d5231def80735e20c2
probe,Jorge_Batlle,probe/Jorge_Batlle/Jorge_Batlle_0002.jpg,Jorge_Batlle_0002.jpg,250,250,JPEG,RGB,9577,674317e4b117787ff791f63a1152b706bcef9f1df31f808716505f06288a21fd
probe,Jorge_Castaneda,probe/Jorge_Castaneda/Jorge_Castaneda_0002.jpg,Jorge_Castaneda_0002.jpg,250,250,JPEG,RGB,7387,a44244610b1bbe5afb6ff825c082ff03ecbe8e36fd50e3f6a2a10f5090e0c3da
probe,Jorge_Rodolfo_Canicoba_Corral,probe/Jorge_Rodolfo_Canicoba_Corral/Jorge_Rodolfo_Canicoba_Corral_0002.jpg,Jorge_Rodolfo_Canicoba_Corral_0002.jpg,250,250,JPEG,RGB,8679,b744aba5242bdca5a1205d6965136751cf38365f21eb0456acbac5541de4c69a
probe,Jorge_Valdano,probe/Jorge_Valdano/Jorge_Valdano_0002.jpg,Jorge_Valdano_0002.jpg,250,250,JPEG,RGB,7939,b15411a5f3060ad38c886baa0f14d9a976c341ff444475c6a9e15e8cd833fe1d
probe,Jose_Dirceu,probe/Jose_Dirceu/Jose_Dirceu_0002.jpg,Jose_Dirceu_0002.jpg,250,250,JPEG,RGB,11359,ae5f2607ff1d8482ed5507cf1c7c345ae2a1c8a8f6d58de2171f0a846fb31374
probe,Jose_Manuel_Durao_Barroso,probe/Jose_Manuel_Durao_Barroso/Jose_Manuel_Durao_Barroso_0002.jpg,Jose_Manuel_Durao_Barroso_0002.jpg,250,250,JPEG,RGB,11109,4715fe51cf111f741fab7d5af55c02ff59e9b672441e2e54defda8425d01625e
probe,Jose_Mourinho,probe/Jose_Mourinho/Jose_Mourinho_0002.jpg,Jose_Mourinho_0002.jpg,250,250,JPEG,RGB,9911,6931f270a1f86840e413be3c393191565eba5fc6167e8bbd99de159856a0c78d
probe,Jose_Sarney,probe/Jose_Sarney/Jose_Sarney_0002.jpg,Jose_Sarney_0002.jpg,250,250,JPEG,RGB,8241,3547e1f2b5768567b74eff36fece61a3203336e4c8129e5ddf7478e597acb821
probe,Jose_Serra,probe/Jose_Serra/Jose_Serra_0002.jpg,Jose_Serra_0002.jpg,250,250,JPEG,RGB,8121,9ca315b614c908d9715f87471b1bd0dbfa508bef583a1197cd55dd92ec69709f
probe,Jose_Theodore,probe/Jose_Theodore/Jose_Theodore_0002.jpg,Jose_Theodore_0002.jpg,250,250,JPEG,RGB,8160,e1a16e148561cb1b47ea338a9970ac7cccd4872db49b46f40255ce8f96cc38d8
probe,Jose_Viegas_Filho,probe/Jose_Viegas_Filho/Jose_Viegas_Filho_0002.jpg,Jose_Viegas_Filho_0002.jpg,250,250,JPEG,RGB,8803,99fb5e68cb96d4332bbfca9d9538e11603b92a96fdf4dae835fd4df942d362cd
probe,Joseph_Biden,probe/Joseph_Biden/Joseph_Biden_0002.jpg,Joseph_Biden_0002.jpg,250,250,JPEG,RGB,8369,507ae5bc8337a72f2da461e6c6a16cfe49ad5c8bff10546b5649dbc501c53a3e
probe,Joseph_Blatter,probe/Joseph_Blatter/Joseph_Blatter_0002.jpg,Joseph_Blatter_0002.jpg,250,250,JPEG,RGB,9171,852b55ec1d58faef703d1f55820694e23478639a7f1571cb882188f9262b72cf
probe,Joseph_Deiss,probe/Joseph_Deiss/Joseph_Deiss_0002.jpg,Joseph_Deiss_0002.jpg,250,250,JPEG,RGB,7820,5fd446a0dd2d0a579a4a8a2eb26f5fc36a5076dee1f9c1e3393d903e2df5ab90
probe,Joseph_Estrada,probe/Joseph_Estrada/Joseph_Estrada_0002.jpg,Joseph_Estrada_0002.jpg,250,250,JPEG,RGB,8891,f533c89750f163e0352eb5df3cc39af74d676958ace847020497032b0f2e88b9
probe,Joseph_Ralston,probe/Joseph_Ralston/Joseph_Ralston_0002.jpg,Joseph_Ralston_0002.jpg,250,250,JPEG,RGB,7336,0eef742bac1efcc249c867ac85e092ef53223feb058c07002e8ff4f8d88b1a70
probe,Juan_Manuel_Marquez,probe/Juan_Manuel_Marquez/Juan_Manuel_Marquez_0002.jpg,Juan_Manuel_Marquez_0002.jpg,250,250,JPEG,RGB,10187,0e829586dec8dd187c2355c39dc0da0c34dd21ba6e6b3300af04a79f108bbb50
probe,Juan_Pablo_Montoya,probe/Juan_Pablo_Montoya/Juan_Pablo_Montoya_0002.jpg,Juan_Pablo_Montoya_0002.jpg,250,250,JPEG,RGB,9851,b597ba9663595aba712069267f4b00b191d2a91fd98734ecfd6ed494f79398c2
probe,Juan_Valencia_Osorio,probe/Juan_Valencia_Osorio/Juan_Valencia_Osorio_0002.jpg,Juan_Valencia_Osorio_0002.jpg,250,250,JPEG,RGB,8367,ca6662ed01e71328523e46e6208b787ec5fca4c35727dd96dd402f232a25c933
probe,Juanes,probe/Juanes/Juanes_0002.jpg,Juanes_0002.jpg,250,250,JPEG,RGB,9267,c7f493293da452cd304aada781a173440bc254525b6ee652e4002331daeeba1b
probe,Jude_Law,probe/Jude_Law/Jude_Law_0002.jpg,Jude_Law_0002.jpg,250,250,JPEG,RGB,8487,ffbdd68a64094ac73f9eac18713cbe7b74ef076466f36b51728cf4daedd1c827
probe,Judi_Dench,probe/Judi_Dench/Judi_Dench_0002.jpg,Judi_Dench_0002.jpg,250,250,JPEG,RGB,9610,281e4feb52515881e70093ec165fd85415e287b683799a269c369c4af21b257f
probe,Judy_Genshaft,probe/Judy_Genshaft/Judy_Genshaft_0002.jpg,Judy_Genshaft_0002.jpg,250,250,JPEG,RGB,7114,5ae68c52c881e18bbb9d3b759bd1d8cd64aae9a79f07fcc62e3f74d1fd2eccf5
probe,Juergen_Peters,probe/Juergen_Peters/Juergen_Peters_0002.jpg,Juergen_Peters_0002.jpg,250,250,JPEG,RGB,7889,c1d239dbaeebec487b8b194438feba7c1fcb62de1f654a5b1a78907682bda338
probe,Julianna_Margulies,probe/Julianna_Margulies/Julianna_Margulies_0002.jpg,Julianna_Margulies_0002.jpg,250,250,JPEG,RGB,10796,2fcd9d942264ef54dd4276f8e1dbd1d81c799921dbf4d3a42037362f20733b7a
probe,Julianne_Moore,probe/Julianne_Moore/Julianne_Moore_0002.jpg,Julianne_Moore_0002.jpg,250,250,JPEG,RGB,9233,23dfaee9220fc4b8ed34dda87d8e85b2506b8a3f1e191799887ff6ce78431104
probe,Julie_Gerberding,probe/Julie_Gerberding/Julie_Gerberding_0002.jpg,Julie_Gerberding_0002.jpg,250,250,JPEG,RGB,8049,6b25e3be93bef177ac37372a40dbeb638b40284cbeba1ca55079c82a18872d66
probe,Julie_Taymor,probe/Julie_Taymor/Julie_Taymor_0002.jpg,Julie_Taymor_0002.jpg,250,250,JPEG,RGB,9656,3e6ff599b30919f9af14bf5511c86dd691e9e9d1eb588c72c702c8a32c448b0b
probe,Julio_Iglesias_Jr,probe/Julio_Iglesias_Jr/Julio_Iglesias_Jr_0002.jpg,Julio_Iglesias_Jr_0002.jpg,250,250,JPEG,RGB,10104,18f9e6a7b71cf609317cfff3938252b9c9527d163303c3fb0d6b6e0886a95a7c
probe,Justin_Gatlin,probe/Justin_Gatlin/Justin_Gatlin_0002.jpg,Justin_Gatlin_0002.jpg,250,250,JPEG,RGB,8613,37d2d7bf2c69724664a80c6039c9afcdff990c7ebcdad551c10c459003658240
probe,Justin_Guarini,probe/Justin_Guarini/Justin_Guarini_0002.jpg,Justin_Guarini_0002.jpg,250,250,JPEG,RGB,9376,5051da0f93ffc3e71211d399997b07274570682bcad5b66cd3f95fb25d4dc544
probe,Justin_Leonard,probe/Justin_Leonard/Justin_Leonard_0002.jpg,Justin_Leonard_0002.jpg,250,250,JPEG,RGB,9078,a88df05cb2765a1fc035ee7049c26c6970d0d0f01f5dc6b120e2f8a1cd2f6c7b
probe,Justine_Henin,probe/Justine_Henin/Justine_Henin_0002.jpg,Justine_Henin_0002.jpg,250,250,JPEG,RGB,9815,52e18d1ed8c8775bcb7959f0279d9b08ac5bc8d953e0c0ae3e8a42875bbc4a47
probe,Kalpana_Chawla,probe/Kalpana_Chawla/Kalpana_Chawla_0002.jpg,Kalpana_Chawla_0002.jpg,250,250,JPEG,RGB,12303,660cfd90123079a3dfe4f19b0d433b115c127b41d68a37d626d30f7e59cda8cb
probe,Karen_Mok,probe/Karen_Mok/Karen_Mok_0002.jpg,Karen_Mok_0002.jpg,250,250,JPEG,RGB,9467,6ae3fd57b63c4489a9b36495583e35428d898e8bf448398cfdea15f2213a7077
probe,Karin_Stoiber,probe/Karin_Stoiber/Karin_Stoiber_0002.jpg,Karin_Stoiber_0002.jpg,250,250,JPEG,RGB,9896,107f0477e15fed06d1684344c2fce9c03679df7418a6fe18607d9f4467039456
probe,Kate_Capshaw,probe/Kate_Capshaw/Kate_Capshaw_0002.jpg,Kate_Capshaw_0002.jpg,250,250,JPEG,RGB,9584,1a91aa4f3dd3f2d05d463d0286cdd229f6b7efae1284d9a35e05a54724254a89
probe,Kathleen_Glynn,probe/Kathleen_Glynn/Kathleen_Glynn_0002.jpg,Kathleen_Glynn_0002.jpg,250,250,JPEG,RGB,7311,525b76a92584e3486a9a935956d44937b9b847c09ed9bfe93db1d39d5f780b16
probe,Kathleen_Kennedy_Townsend,probe/Kathleen_Kennedy_Townsend/Kathleen_Kennedy_Townsend_0002.jpg,Kathleen_Kennedy_Townsend_0002.jpg,250,250,JPEG,RGB,8557,931f33e39deeb09da2ef803980aef5384e41a7649faeebabbfb7649f15d6b80b
probe,Kathryn_Bigelow,probe/Kathryn_Bigelow/Kathryn_Bigelow_0002.jpg,Kathryn_Bigelow_0002.jpg,250,250,JPEG,RGB,10003,3f89c5012f2bbc3cec024ac70ff3c98e88b12c595bed788cb910745d1ad1c64d
probe,Kathy_Winters,probe/Kathy_Winters/Kathy_Winters_0002.jpg,Kathy_Winters_0002.jpg,250,250,JPEG,RGB,9962,35bfbc67d5990003ab91fd1d3288ec4735e60c747637e4a3dca8800dc392e119
probe,Katie_Harman,probe/Katie_Harman/Katie_Harman_0002.jpg,Katie_Harman_0002.jpg,250,250,JPEG,RGB,8711,00043b058f9bf70b3b09b44c88531755cc9fbd1df4548ecf5d0d1d12bcb59d80
probe,Keira_Knightley,probe/Keira_Knightley/Keira_Knightley_0002.jpg,Keira_Knightley_0002.jpg,250,250,JPEG,RGB,8279,fc96d5331b81956d04f68ad1441fc13a9d2858ab60cff9500ecf1a150f0a4d66
probe,Kelli_White,probe/Kelli_White/Kelli_White_0002.jpg,Kelli_White_0002.jpg,250,250,JPEG,RGB,7844,0fab55bafc65690f7f79ef6a410ee73c29c8a2db7b6403f941279c42eb364816
probe,Kemal_Dervis,probe/Kemal_Dervis/Kemal_Dervis_0002.jpg,Kemal_Dervis_0002.jpg,250,250,JPEG,RGB,8812,5c9a3b26ed4e52bce5b5f6bc4f3305cb90009b9ed22a977450c69dd7c3ea6203
probe,Ken_Watanabe,probe/Ken_Watanabe/Ken_Watanabe_0002.jpg,Ken_Watanabe_0002.jpg,250,250,JPEG,RGB,8042,5cdd787ae1c09d8a207e2ba89f0354b0bdc027a0bdf211b38e3d37487883b011
probe,Kenneth_Branagh,probe/Kenneth_Branagh/Kenneth_Branagh_0002.jpg,Kenneth_Branagh_0002.jpg,250,250,JPEG,RGB,8971,ac95f59bf6a52d03a194a74a59d6756c952567259cf838be69e68eeccc08e4e4
probe,Kenneth_Evans,probe/Kenneth_Evans/Kenneth_Evans_0002.jpg,Kenneth_Evans_0002.jpg,250,250,JPEG,RGB,8021,88a71d10d5ea4041bc8aeb4646e4e66106f520b9939953bb12a782e7bddee496
probe,Kent_Rominger,probe/Kent_Rominger/Kent_Rominger_0002.jpg,Kent_Rominger_0002.jpg,250,250,JPEG,RGB,9192,d3d56d892a34ca0ff13b9521fdbdd8ef71dbc4dac51878c7631f8ceb8655712a
probe,Kevin_Spacey,probe/Kevin_Spacey/Kevin_Spacey_0002.jpg,Kevin_Spacey_0002.jpg,250,250,JPEG,RGB,9003,f487c9c14fdecd843d3b381e15241cd3f369ab1828778f95b84b2e4f6a20bf25
probe,Kevin_Stallings,probe/Kevin_Stallings/Kevin_Stallings_0002.jpg,Kevin_Stallings_0002.jpg,250,250,JPEG,RGB,8344,1736170dfc33dfe495e00ddcb4f8bb9d38354c8cab33d296ef9d737e5b879142
probe,Kieran_Prendergast,probe/Kieran_Prendergast/Kieran_Prendergast_0002.jpg,Kieran_Prendergast_0002.jpg,250,250,JPEG,RGB,8609,da64dbbf0d0c23e772c784aa662f800ce0acdac25e69a2a38cc95e82e81535db
probe,Kifah_Ajouri,probe/Kifah_Ajouri/Kifah_Ajouri_0002.jpg,Kifah_Ajouri_0002.jpg,250,250,JPEG,RGB,8528,ade8f17c37343565f476b76214238f8f9453427ccc6561b8b86d09a009c90653
probe,Kiki_Vandeweghe,probe/Kiki_Vandeweghe/Kiki_Vandeweghe_0002.jpg,Kiki_Vandeweghe_0002.jpg,250,250,JPEG,RGB,7987,67c341f5cffe88cfc3eb3f0de2c913cb5bad192469c588b9a2d2fc6d00d8ae99
probe,Kim_Dae-jung,probe/Kim_Dae-jung/Kim_Dae-jung_0002.jpg,Kim_Dae-jung_0002.jpg,250,250,JPEG,RGB,9424,f54bf4efb8fde796aab6b656a061a27e9ec1c452ef0749803e533d45e67134a7
probe,Kim_Jin-sun,probe/Kim_Jin-sun/Kim_Jin-sun_0002.jpg,Kim_Jin-sun_0002.jpg,250,250,JPEG,RGB,10949,fbda217e5883b164228759fee53e0768591049b2c6d8f5b237519c5162e99140
probe,Kim_Jong-Il,probe/Kim_Jong-Il/Kim_Jong-Il_0002.jpg,Kim_Jong-Il_0002.jpg,250,250,JPEG,RGB,8745,ad9cddd1b2262db967c373faf03a8514c3c8c03367b69de0094b456224ccffdd
probe,Kim_Ryong-sung,probe/Kim_Ryong-sung/Kim_Ryong-sung_0002.jpg,Kim_Ryong-sung_0002.jpg,250,250,JPEG,RGB,8786,98f72a180a2a96112035772c6f9af3b5c1efaf3886c802bc7e27ce01d0fbe362
probe,Kirk_Ferentz,probe/Kirk_Ferentz/Kirk_Ferentz_0002.jpg,Kirk_Ferentz_0002.jpg,250,250,JPEG,RGB,6113,d38ebbe644ca983fb9f1f1e17805c3cbc3567ddd1e820a9d87a76b78de7d77c5
probe,Kirk_Johnson,probe/Kirk_Johnson/Kirk_Johnson_0002.jpg,Kirk_Johnson_0002.jpg,250,250,JPEG,RGB,9568,d650fd3d6eef81da9447389a3a9d0c5bafb6680229e83992938bfc004a2ba098
probe,Klaus_Zwickel,probe/Klaus_Zwickel/Klaus_Zwickel_0002.jpg,Klaus_Zwickel_0002.jpg,250,250,JPEG,RGB,7538,544250b44e12db11689e1e97a87c3ee074103a44b32f801978fecaa087366b26
probe,Kosuke_Kitajima,probe/Kosuke_Kitajima/Kosuke_Kitajima_0002.jpg,Kosuke_Kitajima_0002.jpg,250,250,JPEG,RGB,9716,8b0a293ca344a473b5f8900849415fb1d4ee7ac313294d3dd404476c04b6e72b
probe,Kristanna_Loken,probe/Kristanna_Loken/Kristanna_Loken_0002.jpg,Kristanna_Loken_0002.jpg,250,250,JPEG,RGB,9373,86fb9151af52cb8b56509d064d657696201b37c296e825a786b88af63a0744da
probe,Kristin_Davis,probe/Kristin_Davis/Kristin_Davis_0002.jpg,Kristin_Davis_0002.jpg,250,250,JPEG,RGB,9309,53f4a2f0a06f68795a2e249367654fe3c65ef6582d97bc1a5de03219325314cc
probe,Kurt_Busch,probe/Kurt_Busch/Kurt_Busch_0002.jpg,Kurt_Busch_0002.jpg,250,250,JPEG,RGB,8932,64c0727d2c28012392a2c1b0e9120486f661ed049112f9000aad52dfdf839fc5
probe,Kurt_Russell,probe/Kurt_Russell/Kurt_Russell_0002.jpg,Kurt_Russell_0002.jpg,250,250,JPEG,RGB,9773,97a65d0782704d536fe2b435e93ebcf25d0728cab4fe69d7a6f7ecfd7aec0be3
probe,Kwon_Yang-sook,probe/Kwon_Yang-sook/Kwon_Yang-sook_0002.jpg,Kwon_Yang-sook_0002.jpg,250,250,JPEG,RGB,9180,0efdc3c110ed6419acfbb4b0c064b8578777ac9b90ab773d76e5154c0e12c9c7
probe,Laila_Ali,probe/Laila_Ali/Laila_Ali_0002.jpg,Laila_Ali_0002.jpg,250,250,JPEG,RGB,8677,84583afb5b72729f535ef2e14f9a16ed424d3d471e9c12314103d812f8948a3e
probe,Lana_Clarkson,probe/Lana_Clarkson/Lana_Clarkson_0002.jpg,Lana_Clarkson_0002.jpg,250,250,JPEG,RGB,10557,6fdaa620b004e8cce8f3161f94a56152ff3d94c1f5291107cd5f3994589d0352
probe,Larry_Bowa,probe/Larry_Bowa/Larry_Bowa_0002.jpg,Larry_Bowa_0002.jpg,250,250,JPEG,RGB,9770,a2e928bf966050f3d8e1002d061ef94968aae5602d23d92bdeb933785694733d
probe,Larry_Brown,probe/Larry_Brown/Larry_Brown_0002.jpg,Larry_Brown_0002.jpg,250,250,JPEG,RGB,8443,aa6162afbe4752078548a66667d11fcd31046669cfe1453c0c8dcab5077c2bb3
probe,Larry_Coker,probe/Larry_Coker/Larry_Coker_0002.jpg,Larry_Coker_0002.jpg,250,250,JPEG,RGB,6468,90f06f29b152707aeeffb18dd5703789e6d93ff6920754fc8078d1dec247fdb6
probe,Larry_Ellison,probe/Larry_Ellison/Larry_Ellison_0002.jpg,Larry_Ellison_0002.jpg,250,250,JPEG,RGB,6710,0d3dcf4bc21b495f7765354714a31f618be1a59da932d363b0e0888e5998df54
probe,Larry_Johnson,probe/Larry_Johnson/Larry_Johnson_0002.jpg,Larry_Johnson_0002.jpg,250,250,JPEG,RGB,8130,20c1050460b22ed07ad27da94d87a476a4c8b89327c6f6c47ee2be0f46e5d8cd
probe,Larry_Lindsey,probe/Larry_Lindsey/Larry_Lindsey_0002.jpg,Larry_Lindsey_0002.jpg,250,250,JPEG,RGB,9260,abf650d01d327ad2f67251fd9508b4919342f9ed518d5f7348f9508489fd6655
probe,Larry_Lucchino,probe/Larry_Lucchino/Larry_Lucchino_0002.jpg,Larry_Lucchino_0002.jpg,250,250,JPEG,RGB,8414,648d97c0ab36c0adfb60c3cd11316c8f4d793857812cf0b7c8a4e8aa90102085
probe,Latrell_Sprewell,probe/Latrell_Sprewell/Latrell_Sprewell_0002.jpg,Latrell_Sprewell_0002.jpg,250,250,JPEG,RGB,7589,228ff6f1a4038248ab6324ed828c6dc699a27b9d46eb55762480ddf356306686
probe,Laura_Hernandez,probe/Laura_Hernandez/Laura_Hernandez_0002.jpg,Laura_Hernandez_0002.jpg,250,250,JPEG,RGB,8175,e020f358e749e1cc607a74101aaa484c5df24770d611927c36fed80354531d1b
probe,Lauren_Hutton,probe/Lauren_Hutton/Lauren_Hutton_0002.jpg,Lauren_Hutton_0002.jpg,250,250,JPEG,RGB,7968,14315da8582595e7e7ae7b25308fd40ff4e490e1d598dd3124c0ff928f1a2942
probe,Lauren_Killian,probe/Lauren_Killian/Lauren_Killian_0002.jpg,Lauren_Killian_0002.jpg,250,250,JPEG,RGB,8687,d23505ac8634694a3fbc83fb5739e3baba8bd9f035231ee63850217dea704a74
probe,Laurent_Gbagbo,probe/Laurent_Gbagbo/Laurent_Gbagbo_0002.jpg,Laurent_Gbagbo_0002.jpg,250,250,JPEG,RGB,8910,2715af24ff982a2b79b453b8e32e89632b6f0bbb9171c22a09df4b3740e612ec
probe,Laurent_Jalabert,probe/Laurent_Jalabert/Laurent_Jalabert_0002.jpg,Laurent_Jalabert_0002.jpg,250,250,JPEG,RGB,11482,b2734905f4d01235dd46aff77e4aaa6909051db48769a850084ce17014332e15
probe,Lawrence_MacAulay,probe/Lawrence_MacAulay/Lawrence_MacAulay_0002.jpg,Lawrence_MacAulay_0002.jpg,250,250,JPEG,RGB,7809,7ab4a5a583753ddc740c1a62b30bd0d0299e4abb693ed0b26ac5a8ca4b338fed
probe,LeAnn_Rimes,probe/LeAnn_Rimes/LeAnn_Rimes_0002.jpg,LeAnn_Rimes_0002.jpg,250,250,JPEG,RGB,11172,50663771305ecd7c56ddf1357ba752713a6bb90afd09c4e87561bde3ddf46448
probe,LeBron_James,probe/LeBron_James/LeBron_James_0002.jpg,LeBron_James_0002.jpg,250,250,JPEG,RGB,8460,402fec431ee92cf38b0c86a7e3ce1e0b69d7415f87db8b8e86ef05272ebf10ab
probe,Lea_Fastow,probe/Lea_Fastow/Lea_Fastow_0002.jpg,Lea_Fastow_0002.jpg,250,250,JPEG,RGB,9395,bb9b9e8e8b8cfaabc6ab67f3fcf85fbf26ac024ea0b7a1a54cab108166036266
probe,Leander_Paes,probe/Leander_Paes/Leander_Paes_0002.jpg,Leander_Paes_0002.jpg,250,250,JPEG,RGB,8451,43e5765359d3489ec3a87336096c0eee2e76cda16961f74e223a47bb9c3c4a2d
probe,Lech_Walesa,probe/Lech_Walesa/Lech_Walesa_0002.jpg,Lech_Walesa_0002.jpg,250,250,JPEG,RGB,8165,083fcb6803afaaad47accefdefb9b0f43a91c699197645a1c617afa1deb267d1
probe,Lee_Hoi-chang,probe/Lee_Hoi-chang/Lee_Hoi-chang_0002.jpg,Lee_Hoi-chang_0002.jpg,250,250,JPEG,RGB,9241,9f33a9119f37ef7f1f011e74d194c0aef248c19386e6b62d4d03bc87bdc847da
probe,Lee_Jun,probe/Lee_Jun/Lee_Jun_0002.jpg,Lee_Jun_0002.jpg,250,250,JPEG,RGB,8273,ba0cac061e28588a11ee68a87e4e24a4e5b8d9b1e626a66cdf6a1f70fbf5dc2d
probe,Lee_Tae-sik,probe/Lee_Tae-sik/Lee_Tae-sik_0002.jpg,Lee_Tae-sik_0002.jpg,250,250,JPEG,RGB,7930,7542193e263f39a28c958ed65c02775fc079abcf035ab8eeccbe7b939bd98b7d
probe,Leland_Chapman,probe/Leland_Chapman/Leland_Chapman_0002.jpg,Leland_Chapman_0002.jpg,250,250,JPEG,RGB,8951,11f1e42eaa9c0c292d35713bb4ef20533b7364fba43476b58743c51dd78939ea
probe,Len_Jenoff,probe/Len_Jenoff/Len_Jenoff_0002.jpg,Len_Jenoff_0002.jpg,250,250,JPEG,RGB,8139,8655fe6b0305b2db30d8f7cde4ef271c5ece04fec46859490b6b045308a47f9a
probe,Leon_LaPorte,probe/Leon_LaPorte/Leon_LaPorte_0002.jpg,Leon_LaPorte_0002.jpg,250,250,JPEG,RGB,7683,e7606faef20c5ab43e648bd99720d6cda8d15ab28cab546c082ccd721bf55c90
probe,Leonard_Hamilton,probe/Leonard_Hamilton/Leonard_Hamilton_0002.jpg,Leonard_Hamilton_0002.jpg,250,250,JPEG,RGB,7743,711da47d981d6f9f194de48cb3d7753664538033fed4a6d2fbf2e3fa34543237
probe,Leslie_Ann_Woodward,probe/Leslie_Ann_Woodward/Leslie_Ann_Woodward_0002.jpg,Leslie_Ann_Woodward_0002.jpg,250,250,JPEG,RGB,8669,1e38b4c57f4b0c4afd3660ac281f2f8d96cd50a18b2b7c2fd2edc5c3ebbd883f
probe,Leslie_Moonves,probe/Leslie_Moonves/Leslie_Moonves_0002.jpg,Leslie_Moonves_0002.jpg,250,250,JPEG,RGB,7612,b27f62922a756aef3d7c8fdfc955fac717716f8a359386e2803be3ad094ade60
probe,Leszek_Miller,probe/Leszek_Miller/Leszek_Miller_0002.jpg,Leszek_Miller_0002.jpg,250,250,JPEG,RGB,8834,461566bee11695667f16f10941d3408cc392c1f8292855f664bcbdf04c8887ca
probe,Li_Peng,probe/Li_Peng/Li_Peng_0002.jpg,Li_Peng_0002.jpg,250,250,JPEG,RGB,9851,ecb4a9d36f00d5361d991f32d0d317d0b7e13180b651c3648a81fe5710ed63cf
probe,Lili_Taylor,probe/Lili_Taylor/Lili_Taylor_0002.jpg,Lili_Taylor_0002.jpg,250,250,JPEG,RGB,9741,fa2271b6fa600312829fe9600789508850282a7ad7aff6651f810c936ed912d4
probe,Lily_Tomlin,probe/Lily_Tomlin/Lily_Tomlin_0002.jpg,Lily_Tomlin_0002.jpg,250,250,JPEG,RGB,7716,fbe927f683fd03c73fe6fdc96abd5f18889e93a4740be118751ff4ede4295e3b
probe,Lim_Dong-won,probe/Lim_Dong-won/Lim_Dong-won_0002.jpg,Lim_Dong-won_0002.jpg,250,250,JPEG,RGB,8322,a4d41976dd3dda7da6540acc20b8c4287a2b8cb43740ec6b596004621960659c
probe,Lina_Krasnoroutskaya,probe/Lina_Krasnoroutskaya/Lina_Krasnoroutskaya_0002.jpg,Lina_Krasnoroutskaya_0002.jpg,250,250,JPEG,RGB,7876,b2ee736c58ccf5605d7d8c37e55f9b28645f71893ffee805a08fdc98c9cd2434
probe,Lindsay_Benko,probe/Lindsay_Benko/Lindsay_Benko_0002.jpg,Lindsay_Benko_0002.jpg,250,250,JPEG,RGB,9051,c5592ca074a289643eb621123d4bdf5d6c1bdbce3791fa200f4740b960755627
probe,Lindsay_Davenport,probe/Lindsay_Davenport/Lindsay_Davenport_0002.jpg,Lindsay_Davenport_0002.jpg,250,250,JPEG,RGB,8270,d1114e622ff67348a3ac781dee5737259f03fb3b8c681d48bf225be1aabb470b
probe,Lindsey_Graham,probe/Lindsey_Graham/Lindsey_Graham_0002.jpg,Lindsey_Graham_0002.jpg,250,250,JPEG,RGB,7217,fb834806bbfd897a3ed5263a6ed95647e2196009eb68d97aa20b60af133a561f
probe,Lino_Oviedo,probe/Lino_Oviedo/Lino_Oviedo_0002.jpg,Lino_Oviedo_0002.jpg,250,250,JPEG,RGB,10222,8af0f6395fd759f53fb80d96eb9f8d44537be0f22b3d3b33415bca9dad5fbb75
probe,Lionel_Richie,probe/Lionel_Richie/Lionel_Richie_0002.jpg,Lionel_Richie_0002.jpg,250,250,JPEG,RGB,7966,c9e961bbaad4737096093f32271bb9641ea92b37ff4546bce84a42589243fb38
probe,Lisa_Gottsegen,probe/Lisa_Gottsegen/Lisa_Gottsegen_0002.jpg,Lisa_Gottsegen_0002.jpg,250,250,JPEG,RGB,9453,10c37df982fa74e73d046c606a40b25bda69e0293be53fd50fbf3b0e69491f49
probe,Lisa_Ling,probe/Lisa_Ling/Lisa_Ling_0002.jpg,Lisa_Ling_0002.jpg,250,250,JPEG,RGB,8104,c3e478b6ab9c7d48b0390d96392fa26eb0505818b099214df6a2dee463beffe9
probe,Lisa_Raymond,probe/Lisa_Raymond/Lisa_Raymond_0002.jpg,Lisa_Raymond_0002.jpg,250,250,JPEG,RGB,7454,48ed2d4d1560b576d0347f00545eb18fc59bde668a9f213ced60191c27dae575
probe,Liu_Mingkang,probe/Liu_Mingkang/Liu_Mingkang_0002.jpg,Liu_Mingkang_0002.jpg,250,250,JPEG,RGB,8656,cb7d42c5c4b41a1791a4af15d9216247a7a1deda94436b28b97d24b5dad6a6f8
probe,Liza_Minnelli,probe/Liza_Minnelli/Liza_Minnelli_0002.jpg,Liza_Minnelli_0002.jpg,250,250,JPEG,RGB,5992,b0b4f3f88263b98e37450680b4077ed0a141c384a12f71af6cff16b883d7eca1
probe,Lloyd_Ward,probe/Lloyd_Ward/Lloyd_Ward_0002.jpg,Lloyd_Ward_0002.jpg,250,250,JPEG,RGB,8587,f3770f55fcef6d638dc12cee30ef22871ee1c387f5422128c923e68a7efe57b8
probe,Lon_Kruger,probe/Lon_Kruger/Lon_Kruger_0002.jpg,Lon_Kruger_0002.jpg,250,250,JPEG,RGB,8188,69d18ee0946b705748716c84f53454f8b80db1a8fe82bbdc39f42159ff535a52
probe,Lord_Hutton,probe/Lord_Hutton/Lord_Hutton_0002.jpg,Lord_Hutton_0002.jpg,250,250,JPEG,RGB,8586,78abd2a77332604bc4fbda5cfd5f85e8ac12bfc1a6817839f80ab813adc52bae
probe,Lou_Piniella,probe/Lou_Piniella/Lou_Piniella_0002.jpg,Lou_Piniella_0002.jpg,250,250,JPEG,RGB,10388,81f9eed99aa3cecfa9b855c8813872de30df768dd3f540c6a14b3a9eca877fe7
probe,Luciano_Pavarotti,probe/Luciano_Pavarotti/Luciano_Pavarotti_0002.jpg,Luciano_Pavarotti_0002.jpg,250,250,JPEG,RGB,10565,919558ca214a91a89dd2ace291a508dfd5e80568dfed81c2cae27f75894e8990
probe,Luis_Figo,probe/Luis_Figo/Luis_Figo_0002.jpg,Luis_Figo_0002.jpg,250,250,JPEG,RGB,7370,206f9d9823a4552a1eb6a8aebb2e113fbdbde098d1bcdd3d761fa62e3517941c
probe,Luis_Gonzalez_Macchi,probe/Luis_Gonzalez_Macchi/Luis_Gonzalez_Macchi_0002.jpg,Luis_Gonzalez_Macchi_0002.jpg,250,250,JPEG,RGB,10347,a4876b0db94fd38e13d9fe1725e487dedccac6a3a04d77341790881e57d90c92
probe,Luis_Horna,probe/Luis_Horna/Luis_Horna_0002.jpg,Luis_Horna_0002.jpg,250,250,JPEG,RGB,8158,66f27f6df96447f09565c331e24331207560b8086958b69cfe4324574ce45161
probe,Luiz_Felipe_Scolari,probe/Luiz_Felipe_Scolari/Luiz_Felipe_Scolari_0002.jpg,Luiz_Felipe_Scolari_0002.jpg,250,250,JPEG,RGB,6795,44ff0bd5e4239e528847bdac13b8332cb32d5d651e7dfcfd61184be1ba8e50c7
probe,Luke_Walton,probe/Luke_Walton/Luke_Walton_0002.jpg,Luke_Walton_0002.jpg,250,250,JPEG,RGB,8839,22b5594b77d4e1766f1dfe88761204279f9c5efdc3098ce3e290947b4c840ebc
probe,Lyle_Vanclief,probe/Lyle_Vanclief/Lyle_Vanclief_0002.jpg,Lyle_Vanclief_0002.jpg,250,250,JPEG,RGB,7186,95d754a80834fd3392482ffdd3a84dd124768b48016027d95185436d6ba7af55
probe,Lynn_Abraham,probe/Lynn_Abraham/Lynn_Abraham_0002.jpg,Lynn_Abraham_0002.jpg,250,250,JPEG,RGB,10385,218eef1be32cbd9de519ca9b1c514b6c6199e63bc5ab937153ced3005a3a14f7
probe,Lynne_Cheney,probe/Lynne_Cheney/Lynne_Cheney_0002.jpg,Lynne_Cheney_0002.jpg,250,250,JPEG,RGB,10644,70151a761f25e3deab4a70626c94fd834a59e7c5849994f49e7a6cb49e674785
probe,Mack_Brown,probe/Mack_Brown/Mack_Brown_0002.jpg,Mack_Brown_0002.jpg,250,250,JPEG,RGB,9414,2124d36bac40801178690a5e5d0e43037817ed4a052627521b37a7863c45b2c8
probe,Madonna,probe/Madonna/Madonna_0002.jpg,Madonna_0002.jpg,250,250,JPEG,RGB,8110,66da5c2fcb2a4888a36a99ede6815eaba0232dc5e5afac377b44110dd4e3798f
probe,Maggie_Smith,probe/Maggie_Smith/Maggie_Smith_0002.jpg,Maggie_Smith_0002.jpg,250,250,JPEG,RGB,9632,8e3c7aa909343300215e2690d83df4ede73b6edb9c97e86c83e94af68e8ccd3e
probe,Magui_Serna,probe/Magui_Serna/Magui_Serna_0002.jpg,Magui_Serna_0002.jpg,250,250,JPEG,RGB,9476,19aeace5d30f7dbc7e7e8298ca14ce1cad2db29ba11d8146535033e99a951540
probe,Manfred_Stolpe,probe/Manfred_Stolpe/Manfred_Stolpe_0002.jpg,Manfred_Stolpe_0002.jpg,250,250,JPEG,RGB,8376,85b9f2e6a498480915f8fb70453d66ca1378cb2189ab4071962d00229c499e09
probe,Manuel_Poggiali,probe/Manuel_Poggiali/Manuel_Poggiali_0002.jpg,Manuel_Poggiali_0002.jpg,250,250,JPEG,RGB,8886,c0180ac143ed6afeb90ae1a1233838c2326af795c1d157578ee4fec41861591d
probe,Marat_Safin,probe/Marat_Safin/Marat_Safin_0002.jpg,Marat_Safin_0002.jpg,250,250,JPEG,RGB,8343,6a6c22a842e6c6b7170bbdccebdc55f06188fa00e0a34cf37f4b9687d0336114
probe,Marc-Andre_Fleury,probe/Marc-Andre_Fleury/Marc-Andre_Fleury_0002.jpg,Marc-Andre_Fleury_0002.jpg,250,250,JPEG,RGB,10572,61f4c72ec6d02016a1b9b267a8a5eb8db000af0e9cfd0c7b4c386bd486711bc6
probe,Marc_Grossman,probe/Marc_Grossman/Marc_Grossman_0002.jpg,Marc_Grossman_0002.jpg,250,250,JPEG,RGB,9558,597fca32f988cd3e3bbced9abdcf0ce2e9fc4ddd368099caac632d49bd1c2c7a
probe,Marcelo_Salas,probe/Marcelo_Salas/Marcelo_Salas_0002.jpg,Marcelo_Salas_0002.jpg,250,250,JPEG,RGB,10463,e0ffd514355b848dde239cedd534ae048db71238756d43964915f751bbf33fb3
probe,Marco_Antonio_Barrera,probe/Marco_Antonio_Barrera/Marco_Antonio_Barrera_0002.jpg,Marco_Antonio_Barrera_0002.jpg,250,250,JPEG,RGB,7877,bf85f5d5add3b1c8a2d58f404843ecbcbcfa490d0259b354a75e957bf738b1c9
probe,Marcus_Gronholm,probe/Marcus_Gronholm/Marcus_Gronholm_0002.jpg,Marcus_Gronholm_0002.jpg,250,250,JPEG,RGB,9801,83c1d4b63349eb819b30e509f08d2029f9fc2e757481f16e2b066b9ebbc2f515
probe,Margaret_Thatcher,probe/Margaret_Thatcher/Margaret_Thatcher_0002.jpg,Margaret_Thatcher_0002.jpg,250,250,JPEG,RGB,7505,fb3274a39b300e2abc68c257a799ea4ede415f57ffeb6936451f4a8f904eef2b
probe,Maria_Luisa_Mendonca,probe/Maria_Luisa_Mendonca/Maria_Luisa_Mendonca_0002.jpg,Maria_Luisa_Mendonca_0002.jpg,250,250,JPEG,RGB,8824,f2feb88cbd825957341c4898f2024935f9b78ce885d3f196678dff2cd053ef1e
probe,Mariah_Carey,probe/Mariah_Carey/Mariah_Carey_0002.jpg,Mariah_Carey_0002.jpg,250,250,JPEG,RGB,8034,3026f41da2ca83ca0ad46e833ae5acc28b1358391aef0f75465ed2e554f1a1af
probe,Mariangel_Ruiz_Torrealba,probe/Mariangel_Ruiz_Torrealba/Mariangel_Ruiz_Torrealba_0002.jpg,Mariangel_Ruiz_Torrealba_0002.jpg,250,250,JPEG,RGB,8186,1db32c50c5e39e5854310af0f5ec7a98b6dfaefc1098be48adc73172c440d428
probe,Marie-Reine_Le_Gougne,probe/Marie-Reine_Le_Gougne/Marie-Reine_Le_Gougne_0002.jpg,Marie-Reine_Le_Gougne_0002.jpg,250,250,JPEG,RGB,11861,2ca70c6f71987d8d4f916dacaf6b9fb2dc9f62fb0d33c2dbc130c9cda8bb80af
probe,Marilyn_Monroe,probe/Marilyn_Monroe/Marilyn_Monroe_0002.jpg,Marilyn_Monroe_0002.jpg,250,250,JPEG,RGB,8172,276112942a0830b0299083840dc8c115c52e540964ace000a9af98002bf7b32b
probe,Marina_Anissina,probe/Marina_Anissina/Marina_Anissina_0002.jpg,Marina_Anissina_0002.jpg,250,250,JPEG,RGB,9609,a65cf22137e9fb5352cbb553288fe1d59849b101080346e71b6a3b0529d41ab3
probe,Mario_Cipollini,probe/Mario_Cipollini/Mario_Cipollini_0002.jpg,Mario_Cipollini_0002.jpg,250,250,JPEG,RGB,9440,55f98f5678d3a84e6ba376259341e201c5bf60ffc9b75b011d8d92dd8207f18f
probe,Mario_Dumont,probe/Mario_Dumont/Mario_Dumont_0002.jpg,Mario_Dumont_0002.jpg,250,250,JPEG,RGB,7538,745ef9d81088bbfc44635ccb5bac917ed7f6b0f6b9aec4ceee94184480662648
probe,Mario_Kreutzberger,probe/Mario_Kreutzberger/Mario_Kreutzberger_0002.jpg,Mario_Kreutzberger_0002.jpg,250,250,JPEG,RGB,7644,cb8889728d4ee9072d56af9ac8172419ff1b31d2d500d3be84aed8d0f7466224
probe,Marisa_Tomei,probe/Marisa_Tomei/Marisa_Tomei_0002.jpg,Marisa_Tomei_0002.jpg,250,250,JPEG,RGB,7931,ee88ad1e6f52a09533c456ed41c03a580fb13e060b2216ffadc765fc995f4b91
probe,Marissa_Jaret_Winokur,probe/Marissa_Jaret_Winokur/Marissa_Jaret_Winokur_0002.jpg,Marissa_Jaret_Winokur_0002.jpg,250,250,JPEG,RGB,10785,127ca91fdcec17bde2f0e7d2eb5e90ce858001b1fd0aad875d9b821c20a2f0a2
probe,Mark_Cuban,probe/Mark_Cuban/Mark_Cuban_0002.jpg,Mark_Cuban_0002.jpg,250,250,JPEG,RGB,7364,14b145c7083b30cbeda3109d3e8b910a09e05e7467799b80b921407416660bb8
probe,Mark_Dacey,probe/Mark_Dacey/Mark_Dacey_0002.jpg,Mark_Dacey_0002.jpg,250,250,JPEG,RGB,7606,5820e5410e3d27863daddaeba7bcc88ad6c4788255367c1bb6f8f8adbd1e3568
probe,Mark_Geragos,probe/Mark_Geragos/Mark_Geragos_0002.jpg,Mark_Geragos_0002.jpg,250,250,JPEG,RGB,8430,f3cb97318917b6502bdfbc58e70220d2937709fa0c7afc09f10262ba92d25e60
probe,Mark_Hamister,probe/Mark_Hamister/Mark_Hamister_0002.jpg,Mark_Hamister_0002.jpg,250,250,JPEG,RGB,7580,6f1b90bc6913a4a2d303a2da1937485938c7023d00bb0fca3650aab3bc5c94d3
probe,Mark_Heller,probe/Mark_Heller/Mark_Heller_0002.jpg,Mark_Heller_0002.jpg,250,250,JPEG,RGB,8506,24f2326a92b95da7cc3c404abb65ef7cb546480ca91f22e8283a487073be92b2
probe,Mark_Schweiker,probe/Mark_Schweiker/Mark_Schweiker_0002.jpg,Mark_Schweiker_0002.jpg,250,250,JPEG,RGB,6477,6cb0f57cb2374e6ec1bc1e9d7f708076e4343de44a47154b6e0b0ba6b41bc5df
probe,Mark_Warner,probe/Mark_Warner/Mark_Warner_0002.jpg,Mark_Warner_0002.jpg,250,250,JPEG,RGB,9753,0368e78264d6a8ffd2b14a54d0919b707d307ff7dd1cb3813aac4a392d707941
probe,Marlene_Weingartner,probe/Marlene_Weingartner/Marlene_Weingartner_0002.jpg,Marlene_Weingartner_0002.jpg,250,250,JPEG,RGB,7296,57da24574a232716463b0edb3ff140c3f4f662fdc785843a255eda718c40cfbb
probe,Martha_Beatriz_Roque,probe/Martha_Beatriz_Roque/Martha_Beatriz_Roque_0002.jpg,Martha_Beatriz_Roque_0002.jpg,250,250,JPEG,RGB,7992,266b947a7f0a208073da7eda391519a0ef83f7011b9de00d4e85a41cc7a4a0f8
probe,Martha_Bowen,probe/Martha_Bowen/Martha_Bowen_0002.jpg,Martha_Bowen_0002.jpg,250,250,JPEG,RGB,9521,4cbce00a01a140818f89d7f6e0dafb25e2cab048356b02fc654a8f0e4d929a5a
probe,Martha_Burk,probe/Martha_Burk/Martha_Burk_0002.jpg,Martha_Burk_0002.jpg,250,250,JPEG,RGB,9059,c4e2319b8e97972d4d1f4b38d97f693918b54bfbc34d3a79b8a70c8f39a6d275
probe,Martin_Brodeur,probe/Martin_Brodeur/Martin_Brodeur_0002.jpg,Martin_Brodeur_0002.jpg,250,250,JPEG,RGB,8076,e685bf90120e9744ee7ab6e3d393bb7249258b21205e663c924af2cde128316f
probe,Martin_Scorsese,probe/Martin_Scorsese/Martin_Scorsese_0002.jpg,Martin_Scorsese_0002.jpg,250,250,JPEG,RGB,8407,573e346d3d560bee8b610d36761ec854573e6d487764a13467696f3a2c4b87a9
probe,Martin_Verkerk,probe/Martin_Verkerk/Martin_Verkerk_0002.jpg,Martin_Verkerk_0002.jpg,250,250,JPEG,RGB,9290,620c37027b70209e4dfc481984fa6bb3d3b04f29267a825295bd16bba08af416
probe,Martina_Hingis,probe/Martina_Hingis/Martina_Hingis_0002.jpg,Martina_Hingis_0002.jpg,250,250,JPEG,RGB,10916,14a11bf73795289aa8d736f65481940cd6ab437c44f3f092cfa172eb51e23988
probe,Martina_McBride,probe/Martina_McBride/Martina_McBride_0002.jpg,Martina_McBride_0002.jpg,250,250,JPEG,RGB,9354,84fe399937b9282555010fa56ab8c39ed31614537d09b5e61a75d196888714fe
probe,Marwan_Barghouthi,probe/Marwan_Barghouthi/Marwan_Barghouthi_0002.jpg,Marwan_Barghouthi_0002.jpg,250,250,JPEG,RGB,9109,68289ef03c7c04307198d2d0f9ea39597ffa2a205bd8c2bffbcf59dd9c0f1aee
probe,Mary-Kate_Olsen,probe/Mary-Kate_Olsen/Mary-Kate_Olsen_0002.jpg,Mary-Kate_Olsen_0002.jpg,250,250,JPEG,RGB,8781,69b5aafbdb37bdedc5428dc4099ab53b847b02fa8dbde7f469fddf452329c7c1
probe,Mary_Carey,probe/Mary_Carey/Mary_Carey_0002.jpg,Mary_Carey_0002.jpg,250,250,JPEG,RGB,8402,c6d3998575b36be0f7c333651bfb64ba5bb91b805d7af2535462273be7fa452e
probe,Mary_Landrieu,probe/Mary_Landrieu/Mary_Landrieu_0002.jpg,Mary_Landrieu_0002.jpg,250,250,JPEG,RGB,9062,033bf5006f888a25cfc803814b32a5fb8cf23742fec94631af1d01508c77cc50
probe,Mary_Tyler_Moore,probe/Mary_Tyler_Moore/Mary_Tyler_Moore_0002.jpg,Mary_Tyler_Moore_0002.jpg,250,250,JPEG,RGB,8845,e923e3626d8e9c7337b7c49dc1afeaeefd7be8426a34779169bdc22f504b24e4
probe,Masum_Turker,probe/Masum_Turker/Masum_Turker_0002.jpg,Masum_Turker_0002.jpg,250,250,JPEG,RGB,8680,c5e3f320673641e8fbbfd3dc68e25e26ba60f811241e05c294c6d9d6491e850f
probe,Mathias_Reichhold,probe/Mathias_Reichhold/Mathias_Reichhold_0002.jpg,Mathias_Reichhold_0002.jpg,250,250,JPEG,RGB,10150,0daf16557eb7ac74d2968c9d1b5f600430e6f8d0ea73fa41cbc2c55d1e03d75e
probe,Matt_Doherty,probe/Matt_Doherty/Matt_Doherty_0002.jpg,Matt_Doherty_0002.jpg,250,250,JPEG,RGB,8798,224f80205ff0fb78e42503137e81bb8322ea859581605675fba667c5e828282c
probe,Matthew_Perry,probe/Matthew_Perry/Matthew_Perry_0002.jpg,Matthew_Perry_0002.jpg,250,250,JPEG,RGB,11310,e1cd0237ff34469067a2a9d41e6e3833b1246de6ffd8bf895d0cad241d0393c5
probe,Max_Mayfield,probe/Max_Mayfield/Max_Mayfield_0002.jpg,Max_Mayfield_0002.jpg,250,250,JPEG,RGB,8000,b37a6b8d0600073540d181b96f9bbb79bd3c13f3f749c7f8d0bbddec30e9883a
probe,Megawati_Sukarnoputri,probe/Megawati_Sukarnoputri/Megawati_Sukarnoputri_0002.jpg,Megawati_Sukarnoputri_0002.jpg,250,250,JPEG,RGB,11512,e0c0908a6fac3e95de21fe22e555870e257638ec990764137f24dcf74e7f874a
probe,Meghann_Shaughnessy,probe/Meghann_Shaughnessy/Meghann_Shaughnessy_0002.jpg,Meghann_Shaughnessy_0002.jpg,250,250,JPEG,RGB,9715,f784868c592cd6d5cf8d360f9151658a7791b7ae98dc74de13d54602685a631a
probe,Mel_Brooks,probe/Mel_Brooks/Mel_Brooks_0002.jpg,Mel_Brooks_0002.jpg,250,250,JPEG,RGB,8680,418d2bf68dec24e72ccca31ccc335d73d1cd13d8145e8219518310a678f8f2c3
probe,Melanie_Griffith,probe/Melanie_Griffith/Melanie_Griffith_0002.jpg,Melanie_Griffith_0002.jpg,250,250,JPEG,RGB,9254,fc3641b6411128fcd61b56630e5239c66a2d382f0925cf700b10f8658931f8d4
probe,Meryl_Streep,probe/Meryl_Streep/Meryl_Streep_0002.jpg,Meryl_Streep_0002.jpg,250,250,JPEG,RGB,7404,53dedac67d9b4d4bbd258cffb220d23307417797fe30e0e72ae0c8f410066721
probe,Michael_Ballack,probe/Michael_Ballack/Michael_Ballack_0002.jpg,Michael_Ballack_0002.jpg,250,250,JPEG,RGB,7783,0644159b4a20b96ff40b6452215164fd1adf81af39768435ffbb15a1997504c2
probe,Michael_Chang,probe/Michael_Chang/Michael_Chang_0002.jpg,Michael_Chang_0002.jpg,250,250,JPEG,RGB,12123,627cfea6b7380ac084ca1d3f5d5133cda9f901ddcdbf1ad9dd48e7e64c92f950
probe,Michael_Chiklis,probe/Michael_Chiklis/Michael_Chiklis_0002.jpg,Michael_Chiklis_0002.jpg,250,250,JPEG,RGB,9409,544e768328587007a81a83b67c9abbed85cc298c078afc93480e5f3a410e833a
probe,Michael_Douglas,probe/Michael_Douglas/Michael_Douglas_0002.jpg,Michael_Douglas_0002.jpg,250,250,JPEG,RGB,7453,c4888bce2a5c1c78cd42333bd44d2f2bb59a14ce85c46039a44acdd92b70a0e1
probe,Michael_J_Sheehan,probe/Michael_J_Sheehan/Michael_J_Sheehan_0002.jpg,Michael_J_Sheehan_0002.jpg,250,250,JPEG,RGB,8414,92ac7bead2de0e791f17351c9a3f3b6daec9c2dcc4b5d324eeb5aed728953efe
probe,Michael_Kostelnik,probe/Michael_Kostelnik/Michael_Kostelnik_0002.jpg,Michael_Kostelnik_0002.jpg,250,250,JPEG,RGB,7437,92abff1eb7da71dd19871e0f641f1fd85feed1979bc42344a3d0c8a4c3e8c475
probe,Michael_Phelps,probe/Michael_Phelps/Michael_Phelps_0002.jpg,Michael_Phelps_0002.jpg,250,250,JPEG,RGB,7847,6c2f09f64de12f1581a8d638eb801fed377eaa78f451504f8d9af42a7eed0af7
probe,Michel_Temer,probe/Michel_Temer/Michel_Temer_0002.jpg,Michel_Temer_0002.jpg,250,250,JPEG,RGB,9039,25dcdaee3a0d025acd4feef78cf6258e900856f33071e513015717e86c7dac61
probe,Michelle_Pfeiffer,probe/Michelle_Pfeiffer/Michelle_Pfeiffer_0002.jpg,Michelle_Pfeiffer_0002.jpg,250,250,JPEG,RGB,10243,3d0a91c55525bab98a461372a7ad301a15650bbd61ff74f82bad9bad5ef4fb98
probe,Michelle_Yeoh,probe/Michelle_Yeoh/Michelle_Yeoh_0002.jpg,Michelle_Yeoh_0002.jpg,250,250,JPEG,RGB,7574,58812268359269f0e8c49e896f775ec17c964a53227ac61f94b0cfbb38ae1037
probe,Miguel_Contreras,probe/Miguel_Contreras/Miguel_Contreras_0002.jpg,Miguel_Contreras_0002.jpg,250,250,JPEG,RGB,6261,3ecc1e4e7f31e6ea64e78c752233d0f5db359c61e91a7a5c945ff0f57384e497
probe,Mike_Babcock,probe/Mike_Babcock/Mike_Babcock_0002.jpg,Mike_Babcock_0002.jpg,250,250,JPEG,RGB,9285,6d7b8df70b0371071a2c6c1dc3f5c46d9a9c49c844d88ddfbdc8dabca1a655c7
probe,Mike_Holmgren,probe/Mike_Holmgren/Mike_Holmgren_0002.jpg,Mike_Holmgren_0002.jpg,250,250,JPEG,RGB,8601,071cf131d755de62a3fbbd0bce5ab95b45a054742b41cc5d9e99c74e1201980f
probe,Mike_Miller,probe/Mike_Miller/Mike_Miller_0002.jpg,Mike_Miller_0002.jpg,250,250,JPEG,RGB,8019,0eade44b0484e68cadaa04f58da4c222c00212f30ebc9e246a279e5bb01048cd
probe,Mike_Price,probe/Mike_Price/Mike_Price_0002.jpg,Mike_Price_0002.jpg,250,250,JPEG,RGB,10783,8fe7fbbbefa51b3b456858cefc64cfe3737bd2ed09ecfbc8ac73bac41773df41
probe,Mike_Tyson,probe/Mike_Tyson/Mike_Tyson_0002.jpg,Mike_Tyson_0002.jpg,250,250,JPEG,RGB,10344,5d729d0c01bd44721a80ff396423387799dc506a8d7a0a9b97ac878bec2ec02f
probe,Mike_Weir,probe/Mike_Weir/Mike_Weir_0002.jpg,Mike_Weir_0002.jpg,250,250,JPEG,RGB,8258,7270b8b9abc9252635d325d11b7b0eb2b2c5754c6fdca7a06bd5d5d981318775
probe,Mikhail_Kasyanov,probe/Mikhail_Kasyanov/Mikhail_Kasyanov_0002.jpg,Mikhail_Kasyanov_0002.jpg,250,250,JPEG,RGB,7955,7c027f974f23f1f9e6cd79c81c5c3fb2b3f10e7b90e58eae09cd33761a0b4d98
probe,Mikhail_Youzhny,probe/Mikhail_Youzhny/Mikhail_Youzhny_0002.jpg,Mikhail_Youzhny_0002.jpg,250,250,JPEG,RGB,9146,e6adcbf3e010ecae631c8817eb3a5da5c42e12a47d408823f2af57d270af3d5b
probe,Mikulas_Dzurinda,probe/Mikulas_Dzurinda/Mikulas_Dzurinda_0002.jpg,Mikulas_Dzurinda_0002.jpg,250,250,JPEG,RGB,8776,4d62a8035e601404688300bffe44f11912096bd16155e2bb4b01cd55e2e49642
probe,Miroljub,probe/Miroljub/Miroljub_0002.jpg,Miroljub_0002.jpg,250,250,JPEG,RGB,7685,93389afde1611eae68c2b9c0ffe4480f7514c77f2f0c80ad70919bd3df782e91
probe,Mitchell_Daniels,probe/Mitchell_Daniels/Mitchell_Daniels_0002.jpg,Mitchell_Daniels_0002.jpg,250,250,JPEG,RGB,8536,74c8a1000e69b5ea44dcf5468ae891ee2bc4167b230e28c7b9adbc2a7a527495
probe,Mitoji_Yabunaka,probe/Mitoji_Yabunaka/Mitoji_Yabunaka_0002.jpg,Mitoji_Yabunaka_0002.jpg,250,250,JPEG,RGB,7519,3a8a803914b3623998d39c63a37aba21f402f595a25d9d0d68950f5a69eadced
probe,Miyako_Miyazaki,probe/Miyako_Miyazaki/Miyako_Miyazaki_0002.jpg,Miyako_Miyazaki_0002.jpg,250,250,JPEG,RGB,6995,8c78915774ca0046e70d11a6a8f5c29f7ace2d6f4010b64cecdcb6b75eaba7dd
probe,Mohamed_Benaissa,probe/Mohamed_Benaissa/Mohamed_Benaissa_0002.jpg,Mohamed_Benaissa_0002.jpg,250,250,JPEG,RGB,9529,cdb242513f74e7c93eed9f5867f368933e29883f42710a714997a3f3e9e21ac7
probe,Mohammad_Khatami,probe/Mohammad_Khatami/Mohammad_Khatami_0002.jpg,Mohammad_Khatami_0002.jpg,250,250,JPEG,RGB,9340,1aa57fab7441e0fbcd5bf14bc937edfce9a70157a26efdaddfe0e1d79f121320
probe,Monica_Bellucci,probe/Monica_Bellucci/Monica_Bellucci_0002.jpg,Monica_Bellucci_0002.jpg,250,250,JPEG,RGB,9775,0f7d5acabd438423b76049ec8285935f2acf38fabc895a07328a5a4829c2c0cb
probe,Monica_Seles,probe/Monica_Seles/Monica_Seles_0002.jpg,Monica_Seles_0002.jpg,250,250,JPEG,RGB,9415,6f11dcfdf99bf3cd032b087c6f9a72a27e8e63ad77a20665072ec6f836b5b1ff
probe,Morgan_Freeman,probe/Morgan_Freeman/Morgan_Freeman_0002.jpg,Morgan_Freeman_0002.jpg,250,250,JPEG,RGB,6204,d9679284084f99a7fb913ab5acfaa3f0cff526a626dea25416d7176d7f6a4b6d
probe,Munir_Akram,probe/Munir_Akram/Munir_Akram_0002.jpg,Munir_Akram_0002.jpg,250,250,JPEG,RGB,9810,e2e3b9dec5b37854af34d2467dfdd87395a9408a155af9cc82e17595989faaf7
probe,Nabil_Shaath,probe/Nabil_Shaath/Nabil_Shaath_0002.jpg,Nabil_Shaath_0002.jpg,250,250,JPEG,RGB,7953,ce2fac5d0f61132e5ad0b2e9098e9fc6914e7b8c9bf07bf6cc1e6b1f9f026e30
probe,Nadia_Petrova,probe/Nadia_Petrova/Nadia_Petrova_0002.jpg,Nadia_Petrova_0002.jpg,250,250,JPEG,RGB,7959,69ba6a0d94409cbf9065f6b39c8c735609c5803602a7cf17fd05b9592c9e98a3
probe,Nadine_Vinzens,probe/Nadine_Vinzens/Nadine_Vinzens_0002.jpg,Nadine_Vinzens_0002.jpg,250,250,JPEG,RGB,10274,e315ec4ca440d17f3b0a50e84ebb8e38f1b0f54a5eb56c663fb5ca66bb094c5b
probe,Nancy_Pelosi,probe/Nancy_Pelosi/Nancy_Pelosi_0002.jpg,Nancy_Pelosi_0002.jpg,250,250,JPEG,RGB,7999,5ee99c04c7949f0f6ccf743887659e7aba37158745e1e0a15a3f1ecd6fdc594c
probe,Nancy_Reagan,probe/Nancy_Reagan/Nancy_Reagan_0002.jpg,Nancy_Reagan_0002.jpg,250,250,JPEG,RGB,9125,cd4c4d2968dbe57684405d5613284970f1a44769407220a9abb9e8713331733f
probe,Nanni_Moretti,probe/Nanni_Moretti/Nanni_Moretti_0002.jpg,Nanni_Moretti_0002.jpg,250,250,JPEG,RGB,9466,58e8d9b14df9b272a366ec0772d6593758fc2624d8a0bd5c25b2596a5cb444dc
probe,Nasser_al-Kidwa,probe/Nasser_al-Kidwa/Nasser_al-Kidwa_0002.jpg,Nasser_al-Kidwa_0002.jpg,250,250,JPEG,RGB,9471,d18800e40ef7ef96e96b7d9653e0c0c1a52c4c31378234c05df2fb74fc45c119
probe,Nastassia_Kinski,probe/Nastassia_Kinski/Nastassia_Kinski_0002.jpg,Nastassia_Kinski_0002.jpg,250,250,JPEG,RGB,7049,face3ea5a674674e2a927cbc0b207efd3bef24504b17fc635d13cf320b9484e5
probe,Natalie_Coughlin,probe/Natalie_Coughlin/Natalie_Coughlin_0002.jpg,Natalie_Coughlin_0002.jpg,250,250,JPEG,RGB,9568,e2e6c6ac99f3bfbc546ff450bed2c19eecaf4480b56f99c50f0534a8ed9c682f
probe,Natalie_Maines,probe/Natalie_Maines/Natalie_Maines_0002.jpg,Natalie_Maines_0002.jpg,250,250,JPEG,RGB,8660,d3f6f3ea3e3cdc26e29d960a485588c578a48fed660a59cad35b9ca732c04f9d
probe,Nelson_Mandela,probe/Nelson_Mandela/Nelson_Mandela_0002.jpg,Nelson_Mandela_0002.jpg,250,250,JPEG,RGB,7470,df820871994bfaf5992adbf4a7dd75af16f2d7093e063ce068b8c3624deec73d
probe,Nestor_Kirchner,probe/Nestor_Kirchner/Nestor_Kirchner_0002.jpg,Nestor_Kirchner_0002.jpg,250,250,JPEG,RGB,8485,f9f84ced87d834dea62d567f0c6423f06dda1529f980fdfafe50d5e4ca21f24d
probe,Nia_Vardalos,probe/Nia_Vardalos/Nia_Vardalos_0002.jpg,Nia_Vardalos_0002.jpg,250,250,JPEG,RGB,7608,56d482e71088e45b42247de288d4572853905585ced6e9c2ce1664959117fe25
probe,Nicanor_Duarte_Frutos,probe/Nicanor_Duarte_Frutos/Nicanor_Duarte_Frutos_0002.jpg,Nicanor_Duarte_Frutos_0002.jpg,250,250,JPEG,RGB,9992,d29853c0a7ba653a9ccdaae8c2bf77736434c8d7b646ea832942cf7fd3118051
probe,Nick_Nolte,probe/Nick_Nolte/Nick_Nolte_0002.jpg,Nick_Nolte_0002.jpg,250,250,JPEG,RGB,12357,70d762b4e82ea4fb407d34c1c113dfc888bde0698351fb9307913f11fdaa1e23
probe,Nicolas_Lapentti,probe/Nicolas_Lapentti/Nicolas_Lapentti_0002.jpg,Nicolas_Lapentti_0002.jpg,250,250,JPEG,RGB,8838,c646c05db0e3a55463cf752abe51c0085626ffc803744f53537469a200225944
probe,Noah_Wyle,probe/Noah_Wyle/Noah_Wyle_0002.jpg,Noah_Wyle_0002.jpg,250,250,JPEG,RGB,8230,fae6d1591239437576d737830846b56828fe7e20d6e18b051dc227cc4e9d5138
probe,Nora_Bendijo,probe/Nora_Bendijo/Nora_Bendijo_0002.jpg,Nora_Bendijo_0002.jpg,250,250,JPEG,RGB,10149,42275f10d17a1fc57c7a2d5a26e0a69d1df07e7b7c98eebe314f32bd5fe65fec
probe,OJ_Simpson,probe/OJ_Simpson/OJ_Simpson_0002.jpg,OJ_Simpson_0002.jpg,250,250,JPEG,RGB,8803,ccccc6f58eb21180db55bde5c39ff1d4f8fff6096115447f12e485611c68c860
probe,Olesya_Bonabarenko,probe/Olesya_Bonabarenko/Olesya_Bonabarenko_0002.jpg,Olesya_Bonabarenko_0002.jpg,250,250,JPEG,RGB,9810,33b7dfa3d05c3955d351a42ffa7f5e0bfe1f571184c763f1b90c0c457fe73722
probe,Olivia_Newton-John,probe/Olivia_Newton-John/Olivia_Newton-John_0002.jpg,Olivia_Newton-John_0002.jpg,250,250,JPEG,RGB,8220,0ddaf5c86ee60a39916ca260f690bea462ef4db1ed080c5fed0d154d7b7d453b
probe,Omar_Sharif,probe/Omar_Sharif/Omar_Sharif_0002.jpg,Omar_Sharif_0002.jpg,250,250,JPEG,RGB,9146,874d9f48c9da79638088e4cf9b826a61daf395ba7240d6a7a4303e84aafa0509
probe,Orlando_Bloom,probe/Orlando_Bloom/Orlando_Bloom_0002.jpg,Orlando_Bloom_0002.jpg,250,250,JPEG,RGB,9480,f14174fe64fd30e5ee4a65caeb1e488a55b54259856fed85582f36110d4318b2
probe,Osama_bin_Laden,probe/Osama_bin_Laden/Osama_bin_Laden_0002.jpg,Osama_bin_Laden_0002.jpg,250,250,JPEG,RGB,11324,285a4096297d618ae90bf7858e5bb28c36cd793e0143752e658f0d55618dd82c
probe,Oscar_De_La_Hoya,probe/Oscar_De_La_Hoya/Oscar_De_La_Hoya_0002.jpg,Oscar_De_La_Hoya_0002.jpg,250,250,JPEG,RGB,10254,cffd0623ade4aec2c2f76bad1082cf642eabf0c1bea94b75ebde0cdcd346f08b
probe,Oswaldo_Paya,probe/Oswaldo_Paya/Oswaldo_Paya_0002.jpg,Oswaldo_Paya_0002.jpg,250,250,JPEG,RGB,7385,7a316652a1971c15506b8ece15eb37097b28da38306d33feaf420bbb2ba7d45c
probe,Owen_Wilson,probe/Owen_Wilson/Owen_Wilson_0002.jpg,Owen_Wilson_0002.jpg,250,250,JPEG,RGB,9029,1b484b34889444e439df175e20a2f900881543f2f56e3d65e8d3f1da4bdf3a91
probe,Ozzy_Osbourne,probe/Ozzy_Osbourne/Ozzy_Osbourne_0002.jpg,Ozzy_Osbourne_0002.jpg,250,250,JPEG,RGB,9155,9a007c49347321119b110f4a20196ff126ee8cd7b91e8010bcb837e3257945d2
probe,Padraig_Harrington,probe/Padraig_Harrington/Padraig_Harrington_0002.jpg,Padraig_Harrington_0002.jpg,250,250,JPEG,RGB,8304,fff8500bf0e147e0d5021739a9c924abef09d97bb904479b3ed87ec498df6169
probe,Pamela_Anderson,probe/Pamela_Anderson/Pamela_Anderson_0002.jpg,Pamela_Anderson_0002.jpg,250,250,JPEG,RGB,11216,3d12068216652936065e088009497a3cbbafa18070817fbb91f3a6992fffc1ba
probe,Pascal_Lamy,probe/Pascal_Lamy/Pascal_Lamy_0002.jpg,Pascal_Lamy_0002.jpg,250,250,JPEG,RGB,8593,d08ee9733b326e22f48cb37217af829b4c07f5889f1fdc923f506b1996d43c0f
probe,Pascal_Quignard,probe/Pascal_Quignard/Pascal_Quignard_0002.jpg,Pascal_Quignard_0002.jpg,250,250,JPEG,RGB,8476,b1bade895bc26cbdaeff13f293ae1d48bbae3095ff65990a64fa110033ed3758
probe,Pat_Cox,probe/Pat_Cox/Pat_Cox_0002.jpg,Pat_Cox_0002.jpg,250,250,JPEG,RGB,5511,f6c411c3a21b4dcd5fb5abf2ff10b15fea46e174670020721ae0c04514d9b4c4
probe,Patrice_Chereau,probe/Patrice_Chereau/Patrice_Chereau_0002.jpg,Patrice_Chereau_0002.jpg,250,250,JPEG,RGB,9065,9a964e12625adfbe8eff5af171161bf0ef2f2b1d6df66cef1b9eae3fb5b6f157
probe,Patricia_Clarkson,probe/Patricia_Clarkson/Patricia_Clarkson_0002.jpg,Patricia_Clarkson_0002.jpg,250,250,JPEG,RGB,8784,1c5c09b6d0b6004ea3a640c49a08f95533d72d6fcc7b80e6220aaf7c5ae3f755
probe,Patricia_Heaton,probe/Patricia_Heaton/Patricia_Heaton_0002.jpg,Patricia_Heaton_0002.jpg,250,250,JPEG,RGB,8984,27856674fec178dd1d2c8f77da783966a7484cb84bafbe639df8549280504838
probe,Patrick_Ewing,probe/Patrick_Ewing/Patrick_Ewing_0002.jpg,Patrick_Ewing_0002.jpg,250,250,JPEG,RGB,8684,09eedd57b8bcec0c391e688b669cae64c7817c0d5fe10b77322eaa5592211ce8
probe,Patrick_Leahy,probe/Patrick_Leahy/Patrick_Leahy_0002.jpg,Patrick_Leahy_0002.jpg,250,250,JPEG,RGB,8439,930908d80ed561fd659fd919679f516ed3bcf75fc21149e5ce9e9d3dcf350887
probe,Patti_Labelle,probe/Patti_Labelle/Patti_Labelle_0002.jpg,Patti_Labelle_0002.jpg,250,250,JPEG,RGB,9607,08debeeec341d394790eabcce21aeaeb477c212c1d052d2323aed43f021d8de8
probe,Patty_Schnyder,probe/Patty_Schnyder/Patty_Schnyder_0002.jpg,Patty_Schnyder_0002.jpg,250,250,JPEG,RGB,10034,cf1047b89da19a88e296d5edc5161b182ab41bb33e28b8f7c1ff475212af4401
probe,Paul-Henri_Mathieu,probe/Paul-Henri_Mathieu/Paul-Henri_Mathieu_0002.jpg,Paul-Henri_Mathieu_0002.jpg,250,250,JPEG,RGB,8796,5b4d778999d31d0d84923eceaec90744d3dee83cd2384fb579829120b9f4ba1f
probe,Paul_Bremer,probe/Paul_Bremer/Paul_Bremer_0002.jpg,Paul_Bremer_0002.jpg,250,250,JPEG,RGB,9927,9074c3eeee456c9fddf0883ca9dc36a5e7847b20b3a8f2f464345ee518ceb2b4
probe,Paul_Byrd,probe/Paul_Byrd/Paul_Byrd_0002.jpg,Paul_Byrd_0002.jpg,250,250,JPEG,RGB,9328,d3b2f8a61bf3fe0b20e87ab6197ebf39113c2926e98d1e0f606d95aba8dba447
probe,Paul_McCartney,probe/Paul_McCartney/Paul_McCartney_0002.jpg,Paul_McCartney_0002.jpg,250,250,JPEG,RGB,10659,547edc919bcd2dae707bdaf2e7af6747ea2459aa1b76f86e0d6b99bdcbbc19fd
probe,Paul_McNulty,probe/Paul_McNulty/Paul_McNulty_0002.jpg,Paul_McNulty_0002.jpg,250,250,JPEG,RGB,9098,c9df2f0d3432ee6780005e7e5c2ba2e98985bfae4e212b9f4073990b548f99ae
probe,Paul_ONeill,probe/Paul_ONeill/Paul_ONeill_0002.jpg,Paul_ONeill_0002.jpg,250,250,JPEG,RGB,8779,972412856814c3a943f126ba4c889748b7417482cfff97d55ccdb7298304c90f
probe,Paul_Patton,probe/Paul_Patton/Paul_Patton_0002.jpg,Paul_Patton_0002.jpg,250,250,JPEG,RGB,7510,f7e866214792eb57853434ebffaa1a5dcc1455555f0abca5343230d7a4d94438
probe,Paul_Pierce,probe/Paul_Pierce/Paul_Pierce_0002.jpg,Paul_Pierce_0002.jpg,250,250,JPEG,RGB,7044,e8330c080a7406b1de74399efb878572c4e1e412f6bc94617121a1d891c97604
probe,Paul_William_Hurley,probe/Paul_William_Hurley/Paul_William_Hurley_0002.jpg,Paul_William_Hurley_0002.jpg,250,250,JPEG,RGB,6546,2bdd6d88a2b6ac1b027a5041cf0a94554b5086a117baf06adaefa7fedcee24c1
probe,Paula_Radcliffe,probe/Paula_Radcliffe/Paula_Radcliffe_0002.jpg,Paula_Radcliffe_0002.jpg,250,250,JPEG,RGB,10609,d6f540ba110393e580f191e3ff4b9c1d0fa28dd2a5477ac952d04239eb6e6ad9
probe,Paula_Zahn,probe/Paula_Zahn/Paula_Zahn_0002.jpg,Paula_Zahn_0002.jpg,250,250,JPEG,RGB,10431,0758bfabef704af358d69585aa0bf0ea81f5b80fa16198cdb27da85312570947
probe,Paulo_Cesar_Pinheiro,probe/Paulo_Cesar_Pinheiro/Paulo_Cesar_Pinheiro_0002.jpg,Paulo_Cesar_Pinheiro_0002.jpg,250,250,JPEG,RGB,9181,b61fee73dac45efc86201010bd15314cb11635b5931edae639594865846daef5
probe,Pedro_Malan,probe/Pedro_Malan/Pedro_Malan_0002.jpg,Pedro_Malan_0002.jpg,250,250,JPEG,RGB,8708,01abaaed6c8fa63c3bc967e887a3154990bae2a6fba85e94c27f2c65c715a587
probe,Pedro_Solbes,probe/Pedro_Solbes/Pedro_Solbes_0002.jpg,Pedro_Solbes_0002.jpg,250,250,JPEG,RGB,8286,173dd41a95e05721bbc80a75e756e1c6dba8cca9d726d5b82d73d38aae27feb3
probe,Penelope_Ann_Miller,probe/Penelope_Ann_Miller/Penelope_Ann_Miller_0002.jpg,Penelope_Ann_Miller_0002.jpg,250,250,JPEG,RGB,8209,746ed19092c913d0847b7fc3db529c73c5f44a896fce8f75d147dbc8c0638599
probe,Pete_Rose,probe/Pete_Rose/Pete_Rose_0002.jpg,Pete_Rose_0002.jpg,250,250,JPEG,RGB,7525,bf274352aeccec76fd65cd9f9078da646d81447e2f3f0b31380e31580cee23b8
probe,Pete_Sampras,probe/Pete_Sampras/Pete_Sampras_0002.jpg,Pete_Sampras_0002.jpg,250,250,JPEG,RGB,8602,0ec7762e3a1ba764a516dcb1a77d69b202ab202085a56d9d6ad6b8cc064b51e4
probe,Peter_Arnett,probe/Peter_Arnett/Peter_Arnett_0002.jpg,Peter_Arnett_0002.jpg,250,250,JPEG,RGB,6926,87d604959b16bd80ab7aea90f4723a570b4d60eeb3c6c0a3ec60a03e4800548a
probe,Peter_Bacanovic,probe/Peter_Bacanovic/Peter_Bacanovic_0002.jpg,Peter_Bacanovic_0002.jpg,250,250,JPEG,RGB,10558,f6f3b4197b0e226215e4eb53e513d79c67fbc6399692035b57dc00c5d78726e5
probe,Peter_Greenaway,probe/Peter_Greenaway/Peter_Greenaway_0002.jpg,Peter_Greenaway_0002.jpg,250,250,JPEG,RGB,7700,02a44559995dee9d9626893d895d63b0354175c6aa9ddeafd1cab287d1fa134f
probe,Peter_Harrison,probe/Peter_Harrison/Peter_Harrison_0002.jpg,Peter_Harrison_0002.jpg,250,250,JPEG,RGB,7219,0c7093a4cb570a7ef425a270d423c479a87ccba5d80feafcb47057dc768156ef
probe,Peter_Hillary,probe/Peter_Hillary/Peter_Hillary_0002.jpg,Peter_Hillary_0002.jpg,250,250,JPEG,RGB,10291,ade34a67fcdc0ffebfb0491384bfdde971766278e9f4018f02033f43024ea35d
probe,Peter_Struck,probe/Peter_Struck/Peter_Struck_0002.jpg,Peter_Struck_0002.jpg,250,250,JPEG,RGB,6653,17ea1a1030c2bbe70045c81619b5afd7976917a799a321116373a19da6f54f66
probe,Phil_Mickelson,probe/Phil_Mickelson/Phil_Mickelson_0002.jpg,Phil_Mickelson_0002.jpg,250,250,JPEG,RGB,7540,22ee11bc75cff01a0918cc1e138af818592ae633daa3ad3d290345c491ef24cc
probe,Phil_Vassar,probe/Phil_Vassar/Phil_Vassar_0002.jpg,Phil_Vassar_0002.jpg,250,250,JPEG,RGB,10830,eac9b19fde40c8fe811350933ccfadda2bfe70de888a328f09c99c789e92f68e
probe,Prince_Edward,probe/Prince_Edward/Prince_Edward_0002.jpg,Prince_Edward_0002.jpg,250,250,JPEG,RGB,7514,89cba47173f9d1fb13e458adb10237aa2a4e877214e98ea8121e7ab02f09b6e5
probe,Prince_Harry,probe/Prince_Harry/Prince_Harry_0002.jpg,Prince_Harry_0002.jpg,250,250,JPEG,RGB,9457,5f5c3674fbe38dc32274e450f7dd84d1806db08f73f427e10d897154a8a71429
probe,Prince_Naruhito,probe/Prince_Naruhito/Prince_Naruhito_0002.jpg,Prince_Naruhito_0002.jpg,250,250,JPEG,RGB,11214,6e812bc6730bc7f87a62176c9626440e8a8736d14a5220808d616e35fa7a651d
probe,Prince_Willem-Alexander,probe/Prince_Willem-Alexander/Prince_Willem-Alexander_0002.jpg,Prince_Willem-Alexander_0002.jpg,250,250,JPEG,RGB,7864,4b3d54abfbdf4476ca717944e8f5d360d41eab8c02e8b831422e3b5611f7c5da
probe,Princess_Aiko,probe/Princess_Aiko/Princess_Aiko_0002.jpg,Princess_Aiko_0002.jpg,250,250,JPEG,RGB,8003,62db88126d899a1c980bd8e17b221c1a8d8d8b678068a82af122d175a2247db0
probe,Priscilla_Owen,probe/Priscilla_Owen/Priscilla_Owen_0002.jpg,Priscilla_Owen_0002.jpg,250,250,JPEG,RGB,9493,245e3a124daa3b32c4121707faa5e079d075839b39b543347ca0cd5e80f47f79
probe,Priscilla_Presley,probe/Priscilla_Presley/Priscilla_Presley_0002.jpg,Priscilla_Presley_0002.jpg,250,250,JPEG,RGB,10827,f80e24dfff895f85539124784bbb0afaf57e420b7dd1317543094c19cbbb5d57
probe,Pupi_Avati,probe/Pupi_Avati/Pupi_Avati_0002.jpg,Pupi_Avati_0002.jpg,250,250,JPEG,RGB,10894,bee3a47400b6675f891108b80944782579668aec5034c73bf412077f323cdfd2
probe,Queen_Beatrix,probe/Queen_Beatrix/Queen_Beatrix_0002.jpg,Queen_Beatrix_0002.jpg,250,250,JPEG,RGB,9617,04285cf19c26e9dd9aa2c741045b69e44542eaae2ee14b1c923c8fe792b7328a
probe,Raghad_Saddam_Hussein,probe/Raghad_Saddam_Hussein/Raghad_Saddam_Hussein_0002.jpg,Raghad_Saddam_Hussein_0002.jpg,250,250,JPEG,RGB,10646,f6924cb2faf62427bca0ae2d959b7cd3987a6900135376f7fea9503778064885
probe,Ralph_Lauren,probe/Ralph_Lauren/Ralph_Lauren_0002.jpg,Ralph_Lauren_0002.jpg,250,250,JPEG,RGB,7805,73451819597dcd63b9feee97edf1647d2a3e666bb97a9135d8c00968f697f756
probe,Raquel_Welch,probe/Raquel_Welch/Raquel_Welch_0002.jpg,Raquel_Welch_0002.jpg,250,250,JPEG,RGB,10270,29ebe032597a989e28d3aa337295222563e479bd5396f41293d056bbd3e9a135
probe,Ray_Nagin,probe/Ray_Nagin/Ray_Nagin_0002.jpg,Ray_Nagin_0002.jpg,250,250,JPEG,RGB,10880,08935a05946eba1a00f27a11de8192ccb7b811540746908fd1e30b4fb4ae4741
probe,Reese_Witherspoon,probe/Reese_Witherspoon/Reese_Witherspoon_0002.jpg,Reese_Witherspoon_0002.jpg,250,250,JPEG,RGB,8246,bf018897f1fa17284214f6457afd8ecfd843d470dc72d408b4f9a8fe7c4bfaa2
probe,Ricardo_Maduro,probe/Ricardo_Maduro/Ricardo_Maduro_0002.jpg,Ricardo_Maduro_0002.jpg,250,250,JPEG,RGB,8366,1aad4f2e3063610376573d57d1bfa8f9881703f1c452c1d772e6e4f01e8a5bf6
probe,Rich_Gannon,probe/Rich_Gannon/Rich_Gannon_0002.jpg,Rich_Gannon_0002.jpg,250,250,JPEG,RGB,10199,67a7736b4d9d64d4de1cc2eeb0945f059b827e10077247cfd506786df3078bea
probe,Richard_Branson,probe/Richard_Branson/Richard_Branson_0002.jpg,Richard_Branson_0002.jpg,250,250,JPEG,RGB,8205,65c3c0cff8b0bd8d23ca6bd140a65c73c50fdccdce741ed5ac14a272a4d1b967
probe,Richard_Crenna,probe/Richard_Crenna/Richard_Crenna_0002.jpg,Richard_Crenna_0002.jpg,250,250,JPEG,RGB,9078,7b51e4b57b8d192ddc387cde060080ddb56d962a39942d85b4712981f6c76013
probe,Richard_Gephardt,probe/Richard_Gephardt/Richard_Gephardt_0002.jpg,Richard_Gephardt_0002.jpg,250,250,JPEG,RGB,6154,70552f0ec0d0925d073602f083a203f63ab5d5e3e47f47b82ad41532cbcb96ee
probe,Richard_Krajicek,probe/Richard_Krajicek/Richard_Krajicek_0002.jpg,Richard_Krajicek_0002.jpg,250,250,JPEG,RGB,10011,c2ada48cde64f0c87dd83720966185dc1ef98e4b9eb20e04586e873abcf95480
probe,Richard_Norton-Taylor,probe/Richard_Norton-Taylor/Richard_Norton-Taylor_0002.jpg,Richard_Norton-Taylor_0002.jpg,250,250,JPEG,RGB,9078,b405656f4b6a1288eba09bde9df4cd9aa025d454d5551248c88bfb86260f6095
probe,Richard_Sambrook,probe/Richard_Sambrook/Richard_Sambrook_0002.jpg,Richard_Sambrook_0002.jpg,250,250,JPEG,RGB,8178,dc61159a3bfca57b7c9566a6d12ed766a4e7b6e42b59a93b9b04dd19dfc09b74
probe,Richard_Shelby,probe/Richard_Shelby/Richard_Shelby_0002.jpg,Richard_Shelby_0002.jpg,250,250,JPEG,RGB,9099,6b3e42e089ebbd47d5daf81cda357d542e90925fcef6e09d8a65491cf31a5b55
probe,Richie_Adubato,probe/Richie_Adubato/Richie_Adubato_0002.jpg,Richie_Adubato_0002.jpg,250,250,JPEG,RGB,9341,82015196698a93c87268d8c83c2f61a7d602619b2ed61927a74623a9c84f94a5
probe,Rick_Romley,probe/Rick_Romley/Rick_Romley_0002.jpg,Rick_Romley_0002.jpg,250,250,JPEG,RGB,7452,dab0d09d3ffd86adcb5364e8e983c1c1f2ae981ed958fd867a2aa90c9db76195
probe,Ricky_Barnes,probe/Ricky_Barnes/Ricky_Barnes_0002.jpg,Ricky_Barnes_0002.jpg,250,250,JPEG,RGB,9299,dec023c75ed719d9ace72279effa26b8ac13c8c0862fc7a62d1f1d3903fad233
probe,Ricky_Ponting,probe/Ricky_Ponting/Ricky_Ponting_0002.jpg,Ricky_Ponting_0002.jpg,250,250,JPEG,RGB,9584,2efcd2a8fa6debd2574a173e51a6b87e92333a89ed6ae4cc5124b085267bd1c8
probe,Rita_Moreno,probe/Rita_Moreno/Rita_Moreno_0002.jpg,Rita_Moreno_0002.jpg,250,250,JPEG,RGB,9215,042c78554c4feaf4d8468e4c115a66fba69db34663e0c2f6c55e18d248c9aff8
probe,Rita_Wilson,probe/Rita_Wilson/Rita_Wilson_0002.jpg,Rita_Wilson_0002.jpg,250,250,JPEG,RGB,8402,6279ee0abc46c788a9e593aed288012ee4832e287f88e7eeb3e37dae46db037c
probe,Rob_Schneider,probe/Rob_Schneider/Rob_Schneider_0002.jpg,Rob_Schneider_0002.jpg,250,250,JPEG,RGB,9363,a6e73b37ca28ac9aa3bb85b5eac9c4d89add7a1887acfa8d8dd51f56107e7e9e
probe,Robbie_Fowler,probe/Robbie_Fowler/Robbie_Fowler_0002.jpg,Robbie_Fowler_0002.jpg,250,250,JPEG,RGB,8873,48c5c624b5078b5c654ee2ddf9b11d2cb8f653fda081a783f029d0f144d6a52f
probe,Robby_Ginepri,probe/Robby_Ginepri/Robby_Ginepri_0002.jpg,Robby_Ginepri_0002.jpg,250,250,JPEG,RGB,8845,b82203de4aba6d9e45e2d6bd545736491bad46dab71ef74059eb059c27887a4d
probe,Robert_Bonner,probe/Robert_Bonner/Robert_Bonner_0002.jpg,Robert_Bonner_0002.jpg,250,250,JPEG,RGB,8563,0bab4edb6ff8e6a5f2ee1d0755e38e5be40ab86eb6941bb66033008da300e44e
probe,Robert_DeFraites,probe/Robert_DeFraites/Robert_DeFraites_0002.jpg,Robert_DeFraites_0002.jpg,250,250,JPEG,RGB,9436,0e0e3eeab9a2a6df44eda0a5cae9f0353dd3bc6b4c30e21eb9457f6ec3e7ee3a
probe,Robert_De_Niro,probe/Robert_De_Niro/Robert_De_Niro_0002.jpg,Robert_De_Niro_0002.jpg,250,250,JPEG,RGB,8873,15474d1c2cf6ff2d4e16fe56e609b2eafc3eee248768685704851f0e6a79e124
probe,Robert_Duvall,probe/Robert_Duvall/Robert_Duvall_0002.jpg,Robert_Duvall_0002.jpg,250,250,JPEG,RGB,7934,190199db1172ec750fe1c564164f9b3d6e9bf29694b77bddb08659621ede2444
probe,Robert_Kocharian,probe/Robert_Kocharian/Robert_Kocharian_0002.jpg,Robert_Kocharian_0002.jpg,250,250,JPEG,RGB,8103,6972f24eda59ea5c94e833351613f35aab90493bdba8458c5fce178f44158544
probe,Robert_Mueller,probe/Robert_Mueller/Robert_Mueller_0002.jpg,Robert_Mueller_0002.jpg,250,250,JPEG,RGB,7409,038eff389c7f8986af40eb128329fccb1435931421e4f0f3d0ffd53a2866d168
probe,Robert_Mugabe,probe/Robert_Mugabe/Robert_Mugabe_0002.jpg,Robert_Mugabe_0002.jpg,250,250,JPEG,RGB,10721,c4ebb9c519180ea32ee035c35ae6afca54c59076cf66596dd79f2379b5a3f5d9
probe,Robert_Stack,probe/Robert_Stack/Robert_Stack_0002.jpg,Robert_Stack_0002.jpg,250,250,JPEG,RGB,8955,95ca21121a9fe10e2489374f3c03de6cb69635c9847298c324af5cd2d74a3644
probe,Robert_Zoellick,probe/Robert_Zoellick/Robert_Zoellick_0002.jpg,Robert_Zoellick_0002.jpg,250,250,JPEG,RGB,8260,5ccc414934d38f985873f5393e622369743d62270c9f0f50b851a2c029d7bfe4
probe,Robin_Cook,probe/Robin_Cook/Robin_Cook_0002.jpg,Robin_Cook_0002.jpg,250,250,JPEG,RGB,8625,95df66304533b29400c106113cad485f77e5bfeb5e1103bcf6b2dfdc921b10f7
probe,Robin_McLaurin_Williams,probe/Robin_McLaurin_Williams/Robin_McLaurin_Williams_0002.jpg,Robin_McLaurin_Williams_0002.jpg,250,250,JPEG,RGB,7447,043f00554fabd1f204a81657a74c5502df0d352cd2badebddc173077702f1f4a
probe,Rolf_Eckrodt,probe/Rolf_Eckrodt/Rolf_Eckrodt_0002.jpg,Rolf_Eckrodt_0002.jpg,250,250,JPEG,RGB,6673,ede4cff67e3b71e3a64daba0d21207707becdded7c209447826c66d58c10f051
probe,Roman_Polanski,probe/Roman_Polanski/Roman_Polanski_0002.jpg,Roman_Polanski_0002.jpg,250,250,JPEG,RGB,9035,5c5eb311b123b8318db22140530ceaddf5e797a456c8280da2fa4c89d4f7edd4
probe,Ron_Dittemore,probe/Ron_Dittemore/Ron_Dittemore_0002.jpg,Ron_Dittemore_0002.jpg,250,250,JPEG,RGB,6935,7de76dc41ff0b5e45e152cbeccf8b0a98a72dd8ced03fc40180ff29a6efd51d2
probe,Ron_Howard,probe/Ron_Howard/Ron_Howard_0002.jpg,Ron_Howard_0002.jpg,250,250,JPEG,RGB,8746,6e9baf87c4344e244cfdf1ece86bf034cefac5fc92e4c590cbadde4ac2023b8b
probe,Ronald_Reagan,probe/Ronald_Reagan/Ronald_Reagan_0002.jpg,Ronald_Reagan_0002.jpg,250,250,JPEG,RGB,9066,19f5c392c1f10398dd23416d11baa13abdb9c78505f980f12dc5e3a423ec4974
probe,Roy_Moore,probe/Roy_Moore/Roy_Moore_0002.jpg,Roy_Moore_0002.jpg,250,250,JPEG,RGB,7518,3dd95a73d2ed53633ef7f8fd474e636064ccc7fe3a7ec0351d405ed51d6750b6
probe,Roy_Williams,probe/Roy_Williams/Roy_Williams_0002.jpg,Roy_Williams_0002.jpg,250,250,JPEG,RGB,7523,d4846494fafab824ad72f2f3bc492c59dca6282bebaabfaa3a2426b6f0730685
probe,Ruben_Studdard,probe/Ruben_Studdard/Ruben_Studdard_0002.jpg,Ruben_Studdard_0002.jpg,250,250,JPEG,RGB,9340,65c3347685fd3ec8a97d5e2199ee4e2e94b88bb9070262aed632e00ccfd3054e
probe,Rupert_Grint,probe/Rupert_Grint/Rupert_Grint_0002.jpg,Rupert_Grint_0002.jpg,250,250,JPEG,RGB,8844,2d56d43a763b3ef4aa51f9d0a17c634e62012fb0510238ff825c964216ad2e5f
probe,S_Jayakumar,probe/S_Jayakumar/S_Jayakumar_0002.jpg,S_Jayakumar_0002.jpg,250,250,JPEG,RGB,8141,a7e9f218df2d265f57363bfeef420e5992d329b3644cf7114940c6beb6474436
probe,Sachiko_Yamada,probe/Sachiko_Yamada/Sachiko_Yamada_0002.jpg,Sachiko_Yamada_0002.jpg,250,250,JPEG,RGB,8575,e03f1d5cff48ce25e910971879ad225968be9cdd9aea5998fc1f96f6a6cf3f27
probe,Saddam_Hussein,probe/Saddam_Hussein/Saddam_Hussein_0002.jpg,Saddam_Hussein_0002.jpg,250,250,JPEG,RGB,9026,a2b36f6fb2086b7551b09627cef42148e25f259a1b100ef8649c29cc30a19a05
probe,Saeb_Erekat,probe/Saeb_Erekat/Saeb_Erekat_0002.jpg,Saeb_Erekat_0002.jpg,250,250,JPEG,RGB,9133,4e6c03c9634e0efd45f47788226c9a1238c05306d7efdf0f611c9918627adb37
probe,Sally_Kirkland,probe/Sally_Kirkland/Sally_Kirkland_0002.jpg,Sally_Kirkland_0002.jpg,250,250,JPEG,RGB,8755,528a7f8abd3eb946173029537b272967da6e7f814aa9a84297142b6266b2d719
probe,Sam_Bith,probe/Sam_Bith/Sam_Bith_0002.jpg,Sam_Bith_0002.jpg,250,250,JPEG,RGB,11129,678851f54710f2538c6b23ad2f6d96ac57c6364bf5169d34789f7565f7d3512e
probe,Sam_Torrance,probe/Sam_Torrance/Sam_Torrance_0002.jpg,Sam_Torrance_0002.jpg,250,250,JPEG,RGB,5319,807a08965979b84a41ac679513fdd56a79e713c76a6d799941e1bb74f70450dc
probe,Sandra_Bullock,probe/Sandra_Bullock/Sandra_Bullock_0002.jpg,Sandra_Bullock_0002.jpg,250,250,JPEG,RGB,11559,cdc55430b50e5f0e5ce5f040716909f2bf8a4a990277da107966a29bb63d8050
probe,Saparmurat_Niyazov,probe/Saparmurat_Niyazov/Saparmurat_Niyazov_0002.jpg,Saparmurat_Niyazov_0002.jpg,250,250,JPEG,RGB,10426,bc2a032e9982bf1185725120c7f6ba8391f63deaa2190bde622713efa100d369
probe,Sarah_Jessica_Parker,probe/Sarah_Jessica_Parker/Sarah_Jessica_Parker_0002.jpg,Sarah_Jessica_Parker_0002.jpg,250,250,JPEG,RGB,11492,157cb60ae3c04c58aefa30e21e102cf6f6dffcf721d929f09b5ce16c2d88d5d9
probe,Scott_McClellan,probe/Scott_McClellan/Scott_McClellan_0002.jpg,Scott_McClellan_0002.jpg,250,250,JPEG,RGB,9533,ee889568de29911f240027a891488e7ce263f8c609ffc86086fc9b1b08e2d61a
probe,Scott_McNealy,probe/Scott_McNealy/Scott_McNealy_0002.jpg,Scott_McNealy_0002.jpg,250,250,JPEG,RGB,8198,053dd08b4d2d2b7290a2f39abfb0b3a63b71f2edf0301f9af9087a90ca9e9d27
probe,Scott_Rudin,probe/Scott_Rudin/Scott_Rudin_0002.jpg,Scott_Rudin_0002.jpg,250,250,JPEG,RGB,7666,f4bb4059bac579706acc66332bd8641e11547a839ab727700b051c93fa6eb389
probe,Sean_Astin,probe/Sean_Astin/Sean_Astin_0002.jpg,Sean_Astin_0002.jpg,250,250,JPEG,RGB,6701,94495e57b3a0d802ae79ad1539d0930d0aa25e44b7531cb3b2d5a341ffd43dcb
probe,Sean_Patrick_OMalley,probe/Sean_Patrick_OMalley/Sean_Patrick_OMalley_0002.jpg,Sean_Patrick_OMalley_0002.jpg,250,250,JPEG,RGB,8634,382fc7e72b390b8b249ba1c317d292894fb977340fe89c8dcb2658e28ff359a2
probe,Sean_Penn,probe/Sean_Penn/Sean_Penn_0002.jpg,Sean_Penn_0002.jpg,250,250,JPEG,RGB,9489,929d5fc457ca73a8c3e7e6d9266d8527c8d0cdc49dede68a29fb4c4b4718d3e8
probe,Serena_Williams,probe/Serena_Williams/Serena_Williams_0002.jpg,Serena_Williams_0002.jpg,250,250,JPEG,RGB,9873,a64cbf9182b7247a5404fa738cf351edaef714a8bb08bc74e4e25997a9de40c7
probe,Shannon_OBrien,probe/Shannon_OBrien/Shannon_OBrien_0002.jpg,Shannon_OBrien_0002.jpg,250,250,JPEG,RGB,8966,fc8c96bbfd1e567ae614feb87cbf32d9e7efc14d0e466946e1bff55fd53bca56
probe,Sharon_Frey,probe/Sharon_Frey/Sharon_Frey_0002.jpg,Sharon_Frey_0002.jpg,250,250,JPEG,RGB,9252,c293f53d21732b383d480f448c20115a2d80abfd459899d2f9c98276fcead0c9
probe,Shaukat_Aziz,probe/Shaukat_Aziz/Shaukat_Aziz_0002.jpg,Shaukat_Aziz_0002.jpg,250,250,JPEG,RGB,9011,fafa848956848b9755b6359c1d996822a498891c879c3a27a7f58ad9abde9c96
probe,Sheila_Copps,probe/Sheila_Copps/Sheila_Copps_0002.jpg,Sheila_Copps_0002.jpg,250,250,JPEG,RGB,7702,dafdbcd158a480fc2707dc3fbea050c69bc9199f42279a5a2e5db27e4bd48d38
probe,Sheila_Wellstone,probe/Sheila_Wellstone/Sheila_Wellstone_0002.jpg,Sheila_Wellstone_0002.jpg,250,250,JPEG,RGB,9757,e95ddc785d53d3e13a67053f0eb5869e95fdbcd83ba6dce09c6abb2cbee8ba65
probe,Silvan_Shalom,probe/Silvan_Shalom/Silvan_Shalom_0002.jpg,Silvan_Shalom_0002.jpg,250,250,JPEG,RGB,9363,4a9069615a196dc1a4351c5004ca67bad2f561d582ebbb363b38b7443957b587
probe,Silvia_Farina_Elia,probe/Silvia_Farina_Elia/Silvia_Farina_Elia_0002.jpg,Silvia_Farina_Elia_0002.jpg,250,250,JPEG,RGB,6553,4ba78dc7931609ee1870aa07cec981739269ec981aa784dfcc535bea471a6fc1
probe,Silvio_Berlusconi,probe/Silvio_Berlusconi/Silvio_Berlusconi_0002.jpg,Silvio_Berlusconi_0002.jpg,250,250,JPEG,RGB,7398,713c9912d283f5f10d094377734362b36058191eee9175b1a7bb9b2fbcedf06b
probe,Simon_Cowell,probe/Simon_Cowell/Simon_Cowell_0002.jpg,Simon_Cowell_0002.jpg,250,250,JPEG,RGB,9253,e292e24550c722fa1439815ed30e387341d1cceeb96034f4a3b212a57a12fd46
probe,Slobodan_Milosevic,probe/Slobodan_Milosevic/Slobodan_Milosevic_0002.jpg,Slobodan_Milosevic_0002.jpg,250,250,JPEG,RGB,8068,53fdb648996535bdac9e1fbe8c28e318651b1bbb6581fc68e49ce266630ace8e
probe,Sophia_Loren,probe/Sophia_Loren/Sophia_Loren_0002.jpg,Sophia_Loren_0002.jpg,250,250,JPEG,RGB,10281,5eb62767618be54191ad83de5a0fe7cb12effc6a45e79106d691f94f2a1c07a8
probe,Sourav_Ganguly,probe/Sourav_Ganguly/Sourav_Ganguly_0002.jpg,Sourav_Ganguly_0002.jpg,250,250,JPEG,RGB,6279,80037c08e283540054a52b427a9858f25b69f18e8ebdf01d4fd9c2fd61a6d739
probe,Spencer_Abraham,probe/Spencer_Abraham/Spencer_Abraham_0002.jpg,Spencer_Abraham_0002.jpg,250,250,JPEG,RGB,10088,40c8fefc39e7e986ecc860603c839a69e209270ae27bebb2be34b10b5ab8d25b
probe,Stacy_Dragila,probe/Stacy_Dragila/Stacy_Dragila_0002.jpg,Stacy_Dragila_0002.jpg,250,250,JPEG,RGB,9187,5866c07ea7313520c6edcdf5caf2ac4507d49b4ca699066b5b70eb9fbc086c94
probe,Stanley_McChrystal,probe/Stanley_McChrystal/Stanley_McChrystal_0002.jpg,Stanley_McChrystal_0002.jpg,250,250,JPEG,RGB,7884,b58ba79e9335e0e0ae86f9a2b09b671001658c486d00c71affd705f76175f15d
probe,Stanley_Tong,probe/Stanley_Tong/Stanley_Tong_0002.jpg,Stanley_Tong_0002.jpg,250,250,JPEG,RGB,10110,dcc8c1f6c39f1c12dc108bc8b7063e7147f57a8660017e2158f6d61779aa0721
probe,Stellan_Skarsgard,probe/Stellan_Skarsgard/Stellan_Skarsgard_0002.jpg,Stellan_Skarsgard_0002.jpg,250,250,JPEG,RGB,8709,70481e3a46d2aafa1fd2d90d4434469a9cb534957925ed888d51ebbc5b24d46e
probe,Stephen_Friedman,probe/Stephen_Friedman/Stephen_Friedman_0002.jpg,Stephen_Friedman_0002.jpg,250,250,JPEG,RGB,9305,1c3d9f42fbf3d5c787a49182c058ca2ab7fd0d3f7e4b5bcbdc3612523e00343c
probe,Steve_Park,probe/Steve_Park/Steve_Park_0002.jpg,Steve_Park_0002.jpg,250,250,JPEG,RGB,10058,732005c3277a74ddb6064cf8da9ff2a6206f74cd00e28deb348e5bfe5712b0b2
probe,Steve_Spurrier,probe/Steve_Spurrier/Steve_Spurrier_0002.jpg,Steve_Spurrier_0002.jpg,250,250,JPEG,RGB,7365,db092e053ea8c584142d7af309863c6b01938f318a8ec8ace494007985caf6f6
probe,Steve_Waugh,probe/Steve_Waugh/Steve_Waugh_0002.jpg,Steve_Waugh_0002.jpg,250,250,JPEG,RGB,9799,0a20b9ea0b03fba6401a4f87170749732f2663f3aec137f5836dc8ca9b0da425
probe,Steven_Spielberg,probe/Steven_Spielberg/Steven_Spielberg_0002.jpg,Steven_Spielberg_0002.jpg,250,250,JPEG,RGB,6241,747d7af2bf2fd6852869251aba1aa25c4da7876a6c96c7b24e292c9b11e041aa
probe,Stockard_Channing,probe/Stockard_Channing/Stockard_Channing_0002.jpg,Stockard_Channing_0002.jpg,250,250,JPEG,RGB,11277,9c3e935f354b2b74d5da8041bc17829d11ac039bbf9f2eed112f43accb99646f
probe,Sue_Wicks,probe/Sue_Wicks/Sue_Wicks_0002.jpg,Sue_Wicks_0002.jpg,250,250,JPEG,RGB,9658,34b2818c49cea19dad6efeeba4c35edad6b51ca9ff39df5f3989df2ad1e9d86d
probe,Susan_Collins,probe/Susan_Collins/Susan_Collins_0002.jpg,Susan_Collins_0002.jpg,250,250,JPEG,RGB,7348,bc763881a181d835b1efbb19fddd27978cd032243c2db16557b9e66017ffb589
probe,Takashi_Sorimachi,probe/Takashi_Sorimachi/Takashi_Sorimachi_0002.jpg,Takashi_Sorimachi_0002.jpg,250,250,JPEG,RGB,8705,c98f8dc4b9b345a99d1c7defe7ea6dd5084240ad752827f535d2056c865777da
probe,Tamara_Brooks,probe/Tamara_Brooks/Tamara_Brooks_0002.jpg,Tamara_Brooks_0002.jpg,250,250,JPEG,RGB,9763,d92857e64a21e124f0038a4ec18a2b912dac2a2dc507bc32df02610aab622ca9
probe,Tammy_Lynn_Michaels,probe/Tammy_Lynn_Michaels/Tammy_Lynn_Michaels_0002.jpg,Tammy_Lynn_Michaels_0002.jpg,250,250,JPEG,RGB,8059,ad112bdaf3f00bfbdfbecc357e0b14b6d1c99f0393ad305a7ef57578d01fca75
probe,Taufik_Hidayat,probe/Taufik_Hidayat/Taufik_Hidayat_0002.jpg,Taufik_Hidayat_0002.jpg,250,250,JPEG,RGB,9709,5cb546d1e1741f268d66610688cb1addb40269a95bb4951e24f002a1cb49875e
probe,Thabo_Mbeki,probe/Thabo_Mbeki/Thabo_Mbeki_0002.jpg,Thabo_Mbeki_0002.jpg,250,250,JPEG,RGB,5956,419460041f9a039b24f0867541f4ecf19f25a66330577af49eaac279909b2428
probe,Thaksin_Shinawatra,probe/Thaksin_Shinawatra/Thaksin_Shinawatra_0002.jpg,Thaksin_Shinawatra_0002.jpg,250,250,JPEG,RGB,8667,d7e0dd62672216f3f150b3b3a8f75e37f0dd8734732d7634957eeacd7a3cb835
probe,Theo_Epstein,probe/Theo_Epstein/Theo_Epstein_0002.jpg,Theo_Epstein_0002.jpg,250,250,JPEG,RGB,8890,96df53361bef753877dafc3d59ef1831dbff132c0ddb8f959058cafa357c243b
probe,Thierry_Falise,probe/Thierry_Falise/Thierry_Falise_0002.jpg,Thierry_Falise_0002.jpg,250,250,JPEG,RGB,10103,58b6abd0ebc0ac10941c86e88e05f3d8af8166eaf043861fbb40b8384b50133f
probe,Thomas_Birmingham,probe/Thomas_Birmingham/Thomas_Birmingham_0002.jpg,Thomas_Birmingham_0002.jpg,250,250,JPEG,RGB,8519,f1f6d1fee09e8d07f33c659a028607719c612172ccdde31fef1b6597d728e71e
probe,Thomas_Fargo,probe/Thomas_Fargo/Thomas_Fargo_0002.jpg,Thomas_Fargo_0002.jpg,250,250,JPEG,RGB,7862,9798f67ad44008e0dc92ad2ae48ed1082773dee634a8dd9cf6d65549affb4637
probe,Thomas_OBrien,probe/Thomas_OBrien/Thomas_OBrien_0002.jpg,Thomas_OBrien_0002.jpg,250,250,JPEG,RGB,7912,16f4b6b97f49bb0c68f67cb54a019d99e4567a2d975d4f724401af2e1448f061
probe,Thomas_Rupprath,probe/Thomas_Rupprath/Thomas_Rupprath_0002.jpg,Thomas_Rupprath_0002.jpg,250,250,JPEG,RGB,8330,9636fc5191be5892f60a72d7c6fd0ef18910a68c682824639bb3349b589ed0a0
probe,Tim_Allen,probe/Tim_Allen/Tim_Allen_0002.jpg,Tim_Allen_0002.jpg,250,250,JPEG,RGB,7760,fe9758dd6f31b05068590b5a2c82d2510bbea067dd9cee5000d72aa3b7814a51
probe,Tim_Floyd,probe/Tim_Floyd/Tim_Floyd_0002.jpg,Tim_Floyd_0002.jpg,250,250,JPEG,RGB,9494,d9b03b5c8dc2857a331ef9121715bf9fb10b8a545302342701d4cfd448b06c01
probe,Todd_Haynes,probe/Todd_Haynes/Todd_Haynes_0002.jpg,Todd_Haynes_0002.jpg,250,250,JPEG,RGB,9691,a58055adbcb48fecc552b743a6219b9120f66ba3cfc1014d16afc84835f998ef
probe,Tom_Brady,probe/Tom_Brady/Tom_Brady_0002.jpg,Tom_Brady_0002.jpg,250,250,JPEG,RGB,11188,1b5f01b5167ac873caf68fd554f4ea23907fcf3a809d8481c18b79b80e93d91c
probe,Tom_Craddick,probe/Tom_Craddick/Tom_Craddick_0002.jpg,Tom_Craddick_0002.jpg,250,250,JPEG,RGB,9857,abb778f52b0c5ee12534e8de8ebbd65b0650b202900f4c7fd6c18dc68769dd98
probe,Tom_Crean,probe/Tom_Crean/Tom_Crean_0002.jpg,Tom_Crean_0002.jpg,250,250,JPEG,RGB,8557,51c7297c88747b4284cb5641c559b4206cc94cee183a2538c6e9ac61b460a1da
probe,Tom_Cruise,probe/Tom_Cruise/Tom_Cruise_0002.jpg,Tom_Cruise_0002.jpg,250,250,JPEG,RGB,9158,9f722bf01caab63d18b76b48295d200cd9eab0ab02ba4b18bb29bbf45886619c
probe,Tom_Daschle,probe/Tom_Daschle/Tom_Daschle_0002.jpg,Tom_Daschle_0002.jpg,250,250,JPEG,RGB,9280,7bd9bfd6ab813557cbb5fc9c7a8e2208d6d6ed0f1ff71755b2ac2478fed7be40
probe,Tom_Glavine,probe/Tom_Glavine/Tom_Glavine_0002.jpg,Tom_Glavine_0002.jpg,250,250,JPEG,RGB,9619,6522ef355d5ec8e1db8fec175c1b7f055096ed738e4ae6fea7bcde27474f5fff
probe,Tomoko_Hagiwara,probe/Tomoko_Hagiwara/Tomoko_Hagiwara_0002.jpg,Tomoko_Hagiwara_0002.jpg,250,250,JPEG,RGB,11239,29f120af2d7285d4614e75a5cc9de15d492c01cd28824230323440674b08d040
probe,Tony_Bennett,probe/Tony_Bennett/Tony_Bennett_0002.jpg,Tony_Bennett_0002.jpg,250,250,JPEG,RGB,9680,3695cb60e0a64b3211d3622f473418baf1bde359911de2963667de4fd7805a28
probe,Tony_Curtis,probe/Tony_Curtis/Tony_Curtis_0002.jpg,Tony_Curtis_0002.jpg,250,250,JPEG,RGB,8624,fd61ffc2aa4845aaccf0919e60a6ae06d480c61deb5fefe70c4a2b4e3954e77e
probe,Tracee_Ellis_Ross,probe/Tracee_Ellis_Ross/Tracee_Ellis_Ross_0002.jpg,Tracee_Ellis_Ross_0002.jpg,250,250,JPEG,RGB,9889,6bb795d199727ccbc6ceb89167b7714208ec441855348dff3ad98c73892a9f43
probe,Trent_Lott,probe/Trent_Lott/Trent_Lott_0002.jpg,Trent_Lott_0002.jpg,250,250,JPEG,RGB,8012,68b4b3116d826c0f272afaafd3e4b0c952a8a1b7699f853f9c4d1940dbada32e
probe,Tyler_Hamilton,probe/Tyler_Hamilton/Tyler_Hamilton_0002.jpg,Tyler_Hamilton_0002.jpg,250,250,JPEG,RGB,13569,351d23980c28d6add71668d276c79b0948db9319ebefce76afb769cfb46d5dcf
probe,Tyra_Banks,probe/Tyra_Banks/Tyra_Banks_0002.jpg,Tyra_Banks_0002.jpg,250,250,JPEG,RGB,9729,eb9fe6e9b53bda3143a8d6073bf8c8dba7229a9b39129fa52e21f178f658efff
probe,Vaclav_Havel,probe/Vaclav_Havel/Vaclav_Havel_0002.jpg,Vaclav_Havel_0002.jpg,250,250,JPEG,RGB,9346,f5c1464e69cf97d818cdc9078c5c89177c662ea2a4f7d4c69dcc79cc3e51e66d
probe,Valdas_Adamkus,probe/Valdas_Adamkus/Valdas_Adamkus_0002.jpg,Valdas_Adamkus_0002.jpg,250,250,JPEG,RGB,8662,5bc9b696e70feb91dae9d604c939d6934fea810d2cde7a31d29fa514252e27f9
probe,Valerie_Harper,probe/Valerie_Harper/Valerie_Harper_0002.jpg,Valerie_Harper_0002.jpg,250,250,JPEG,RGB,9419,9c409c1cdc485b8fa1785f05f38db8f7b7da6c6884ae94fb6155eae609e67a2f
probe,Valery_Giscard_dEstaing,probe/Valery_Giscard_dEstaing/Valery_Giscard_dEstaing_0002.jpg,Valery_Giscard_dEstaing_0002.jpg,250,250,JPEG,RGB,7714,4a699b5d2b62043a7d9e349d8bbe21c01661a57b21fec18d0c32c4eb0c3d1f6a
probe,Vanessa_Incontrada,probe/Vanessa_Incontrada/Vanessa_Incontrada_0002.jpg,Vanessa_Incontrada_0002.jpg,250,250,JPEG,RGB,11993,4d4566d3984bb503950c028545b1997d42e4f7816aa861402ae5e3f23cdfe95d
probe,Vanessa_Williams,probe/Vanessa_Williams/Vanessa_Williams_0002.jpg,Vanessa_Williams_0002.jpg,250,250,JPEG,RGB,9564,933f43f997e5057a97b7ddf1da605982c7c3b73c86ca75a58c3b5fee2c86872a
probe,Venus_Williams,probe/Venus_Williams/Venus_Williams_0002.jpg,Venus_Williams_0002.jpg,250,250,JPEG,RGB,9530,42d49412f983d91a235c348afd8473932f88951d7cef55b654a6a80ebfbed8a2
probe,Vicente_Fernandez,probe/Vicente_Fernandez/Vicente_Fernandez_0002.jpg,Vicente_Fernandez_0002.jpg,250,250,JPEG,RGB,7965,7e46169dc9b460efe60e5a67c89c74d885ea39abb125ca1319fc8846d48e872e
probe,Vicki_Zhao_Wei,probe/Vicki_Zhao_Wei/Vicki_Zhao_Wei_0002.jpg,Vicki_Zhao_Wei_0002.jpg,250,250,JPEG,RGB,9109,fffac0ea260a9b66cb1c49a50855285f68aaee7b58bcecdbae0b725ed7c4a25c
probe,Vidar_Helgesen,probe/Vidar_Helgesen/Vidar_Helgesen_0002.jpg,Vidar_Helgesen_0002.jpg,250,250,JPEG,RGB,8615,c6286e770db87ff7dee12f8b6d4722f393a138cacce64db71b53d42d853a4598
probe,Vince_Carter,probe/Vince_Carter/Vince_Carter_0002.jpg,Vince_Carter_0002.jpg,250,250,JPEG,RGB,7609,21dcaa39e92d2a634daaded5c2fdb341ffcc80d3ebaa65d48563cdf699594b37
probe,Vincent_Brooks,probe/Vincent_Brooks/Vincent_Brooks_0002.jpg,Vincent_Brooks_0002.jpg,250,250,JPEG,RGB,10811,d9ed58a755fddd831c2e984edea5a9aaa6e72002719344171a98fee01df14e9d
probe,Vitali_Klitschko,probe/Vitali_Klitschko/Vitali_Klitschko_0002.jpg,Vitali_Klitschko_0002.jpg,250,250,JPEG,RGB,7451,071a2af83da9a22d1d2b98d41f0d1d0a60d015b3bbb06c8d1fd3c557dc37ce73
probe,Vladimir_Putin,probe/Vladimir_Putin/Vladimir_Putin_0002.jpg,Vladimir_Putin_0002.jpg,250,250,JPEG,RGB,7998,810ba26129e41fa11ef5f5084060be802ae193702bc0f8f5d69a32c688fb422f
probe,Wang_Yingfan,probe/Wang_Yingfan/Wang_Yingfan_0002.jpg,Wang_Yingfan_0002.jpg,250,250,JPEG,RGB,8270,c1a57b5258fbbf4779383bb0f77064a23b69584dabbcbebdadf7fbd044495778
probe,Warren_Beatty,probe/Warren_Beatty/Warren_Beatty_0002.jpg,Warren_Beatty_0002.jpg,250,250,JPEG,RGB,7518,52008337b45299eaf28774da8c83a9e36c79fd928f949f8bf5fe238d41caf1b8
probe,Warren_Buffett,probe/Warren_Buffett/Warren_Buffett_0002.jpg,Warren_Buffett_0002.jpg,250,250,JPEG,RGB,9574,7d082e36e2b96bfff2b4b1024108b11faedcafc168f43efe7498ef8a30682446
probe,Wesley_Clark,probe/Wesley_Clark/Wesley_Clark_0002.jpg,Wesley_Clark_0002.jpg,250,250,JPEG,RGB,5849,940df69e624f95119a489207113c821a30bd7bf2d3f522927528adc4f51b34da
probe,Will_Smith,probe/Will_Smith/Will_Smith_0002.jpg,Will_Smith_0002.jpg,250,250,JPEG,RGB,7841,f595fe42a562c64a0ca632428b16e0f328d83ab58bad828bb0e7b8081ccd6b1f
probe,William_Bratton,probe/William_Bratton/William_Bratton_0002.jpg,William_Bratton_0002.jpg,250,250,JPEG,RGB,9417,00b3485c7d07ff4ae7836155d6f3df66a44542e646030aefa9c23ae9744872d4
probe,William_Ford_Jr,probe/William_Ford_Jr/William_Ford_Jr_0002.jpg,William_Ford_Jr_0002.jpg,250,250,JPEG,RGB,7774,a53b6a9c3f33cf1e584a1bdada6baf56d7f860ff9c9e2d057b278ba0ff0a7714
probe,William_Hochul,probe/William_Hochul/William_Hochul_0002.jpg,William_Hochul_0002.jpg,250,250,JPEG,RGB,8571,afe490314ce39b6eae81cd35fbb5fdf53ac89127dc52b79038725eec72c606af
probe,William_Martin,probe/William_Martin/William_Martin_0002.jpg,William_Martin_0002.jpg,250,250,JPEG,RGB,9023,2008b3a05cec805c7ba35427ba47fdb4ecb8a6254da8110de52374bece580107
probe,Xanana_Gusmao,probe/Xanana_Gusmao/Xanana_Gusmao_0002.jpg,Xanana_Gusmao_0002.jpg,250,250,JPEG,RGB,9720,55e10f9486a6ffb7bc961d1192ccd5c322a8d619f843703ec416331e30f6a08b
probe,Yao_Ming,probe/Yao_Ming/Yao_Ming_0002.jpg,Yao_Ming_0002.jpg,250,250,JPEG,RGB,6953,af379c2c716f064d2eaafeb012eb874d665eef944ce54cac3ed626a099b0fb21
probe,Yasar_Yakis,probe/Yasar_Yakis/Yasar_Yakis_0002.jpg,Yasar_Yakis_0002.jpg,250,250,JPEG,RGB,6548,a7d50f2a3ce4da618ddb64280676a197ffce57ffb00cda6a75db58bb0247c109
probe,Yasser_Arafat,probe/Yasser_Arafat/Yasser_Arafat_0002.jpg,Yasser_Arafat_0002.jpg,250,250,JPEG,RGB,12045,fb1810973e92c70169be7a50bdc5eb671f8608803923db16d0b7c0713cdfd1e5
probe,Yevgeny_Kafelnikov,probe/Yevgeny_Kafelnikov/Yevgeny_Kafelnikov_0002.jpg,Yevgeny_Kafelnikov_0002.jpg,250,250,JPEG,RGB,7877,fa36056cf2d9b5cb658ea32222b07be153a9ccf54873fa4c8150145026de4c33
probe,Yoko_Ono,probe/Yoko_Ono/Yoko_Ono_0002.jpg,Yoko_Ono_0002.jpg,250,250,JPEG,RGB,10496,0ff4668632c06733b1a966ac22a5d3e4d8df3ba711c8b739525cae5b4e4aa161
probe,Yukiko_Okudo,probe/Yukiko_Okudo/Yukiko_Okudo_0002.jpg,Yukiko_Okudo_0002.jpg,250,250,JPEG,RGB,9200,5ad2b056532b96e46ca49d018bbaca3ef6583f24f00d4288d9701837b9b2abb7
probe,Zarai_Toledo,probe/Zarai_Toledo/Zarai_Toledo_0002.jpg,Zarai_Toledo_0002.jpg,250,250,JPEG,RGB,9761,b038ee83f93cdb84abe18f4d82b868f1e374b08379f383eb9b6e293880209929
probe,Zhang_Ziyi,probe/Zhang_Ziyi/Zhang_Ziyi_0002.jpg,Zhang_Ziyi_0002.jpg,250,250,JPEG,RGB,11470,a2603bddb223b729b1e06cfe2326db9cc66f625a5ae1196c449ba8898164825a
probe,Zoran_Djindjic,probe/Zoran_Djindjic/Zoran_Djindjic_0002.jpg,Zoran_Djindjic_0002.jpg,250,250,JPEG,RGB,8286,b553e7eb8ccc6b9fd7bec3533d1794e73d1ebd75447b0ff3bb37258a1ff34f01
