probe_relative_path,true_identity,true_identity_rank,reciprocal_rank,rank_1_similarity,true_identity_similarity,rank_1,rank_2,rank_3,rank_4,rank_5,rank_6,rank_7,rank_8,rank_9,rank_10,rank_11,rank_12,rank_13,rank_14,rank_15,rank_16,rank_17,rank_18,rank_19,rank_20,rank_21,rank_22,rank_23,rank_24,rank_25,rank_26,rank_27,rank_28,rank_29,rank_30,rank_31,rank_32,rank_33,rank_34,rank_35,rank_36,rank_37,rank_38,rank_39,rank_40,rank_41,rank_42,rank_43,rank_44,rank_45,rank_46,rank_47,rank_48,rank_49,rank_50
probe/Aaron_Sorkin/Aaron_Sorkin_0002.jpg,Aaron_Sorkin,1,1.0,0.6826065182685852,0.6826065182685852,Aaron_Sorkin,Peter_Bacanovic,Alex_Penelas,Jennifer_Lopez,David_Heymann,Todd_Haynes,James_Blake,Jonathan_Edwards,Rolf_Eckrodt,Anibal_Ibarra,Bernardo_Segura,Larry_Bowa,Brad_Johnson,Juan_Pablo_Montoya,James_Jones,Zoran_Djindjic,David_Nalbandian,Alex_Barros,Jason_Alexander,Andy_Hebb,Kalpana_Chawla,Harry_Schmidt,Vanessa_Williams,Bill_Callahan,Justin_Guarini,Jason_Kidd,Thierry_Falise,John_Wolf,Goldie_Hawn,Sean_Astin,Mario_Dumont,Marco_Antonio_Barrera,Andrew_Cuomo,Noah_Wyle,Mark_Hamister,Ann_Veneman,Valerie_Harper,Marcus_Gronholm,Carlos_Manuel_Pruneda,Gary_Doer,Dick_Vermeil,Laila_Ali,Jane_Fonda,Alejandro_Toledo,Herb_Sendek,Jada_Pinkett_Smith,Mark_Heller,Greg_Gilbert,Augustin_Calleri,Greg_Rusedski
probe/Abdel_Nasser_Assidi/Abdel_Nasser_Assidi_0002.jpg,Abdel_Nasser_Assidi,1,1.0,0.8665602207183838,0.8665602207183838,Abdel_Nasser_Assidi,Jose_Mourinho,Osama_bin_Laden,Marwan_Barghouthi,Vincent_Brooks,Martha_Beatriz_Roque,Hillary_Clinton,Nestor_Kirchner,Nicolas_Lapentti,Luciano_Pavarotti,Jean_Carnahan,Abdullah,Leander_Paes,Sourav_Ganguly,Fidel_Castro,Ellen_Engleman,Colin_Jackson,Harbhajan_Singh,Kifah_Ajouri,Jesse_Jackson,Demetrius_Ferraciu,Juan_Pablo_Montoya,Phil_Vassar,Natalie_Coughlin,John_Rosa,Hector_Babenco,George_Tenet,Emmanuelle_Beart,Madonna,Matthew_Perry,James_Blake,Cameron_Diaz,Jorge_Rodolfo_Canicoba_Corral,Allison_Janney,Imad_Moustapha,Abel_Pacheco,Mohammad_Khatami,Ken_Watanabe,Vince_Carter,Brigitte_Boisselier,Chris_Rock,Bashar_Assad,David_Wolf,John_Blaney,Mike_Weir,Cathy_Freeman,Goldie_Hawn,Natalie_Maines,Dwayne_Johnson,Vladimir_Putin
probe/Abdullah/Abdullah_0002.jpg,Abdullah,1,1.0,0.835594892501831,0.835594892501831,Abdullah,Arianna_Huffington,Debra_Brown,Juan_Pablo_Montoya,Osama_bin_Laden,Abdel_Nasser_Assidi,Nestor_Kirchner,Gregory_Hines,Kathleen_Glynn,Marissa_Jaret_Winokur,Munir_Akram,Pupi_Avati,Branko_Crvenkovski,Ali_Khamenei,Sourav_Ganguly,Edie_Falco,Garry_Kasparov,Elijah_Wood,Harbhajan_Singh,Imad_Moustapha,Georgi_Parvanov,Benazir_Bhutto,George_P_Bush,Matt_Doherty,Albert_Costa,Margaret_Thatcher,Lynn_Abraham,Nia_Vardalos,Alejandro_Avila,Martha_Beatriz_Roque,Christine_Gregoire,Steven_Spielberg,Mohammad_Khatami,Hillary_Clinton,Jean-Marc_de_La_Sabliere,Spencer_Abraham,Sally_Kirkland,Patricia_Clarkson,John_Garamendi,Vince_Carter,Fidel_Castro,Bob_Geldof,Jack_Grubman,Alberto_Ruiz_Gallardon,Nancy_Pelosi,Adolfo_Aguilar_Zinser,Brigitte_Boisselier,Luciano_Pavarotti,Augustin_Calleri,Michel_Temer
probe/Abdullah_Gul/Abdullah_Gul_0002.jpg,Abdullah_Gul,1,1.0,0.934057354927063,0.934057354927063,Abdullah_Gul,Jesse_Jackson,Art_Hoffmann,Pupi_Avati,Jose_Sarney,Saddam_Hussein,Mikulas_Dzurinda,Michel_Temer,Elsa_Zylberstein,Jose_Serra,Cruz_Bustamante,David_Wolf,Nicanor_Duarte_Frutos,Marwan_Barghouthi,Luis_Gonzalez_Macchi,Lou_Piniella,Ernie_Fletcher,Ibrahim_Jaafari,Natalie_Maines,Joseph_Estrada,Robert_De_Niro,Luiz_Felipe_Scolari,Miroljub,Oswaldo_Paya,Marc_Grossman,Jose_Manuel_Durao_Barroso,Abdullatif_Sener,Yasser_Arafat,Robert_Mueller,Darren_Clarke,Mark_Schweiker,Mohammad_Khatami,Masum_Turker,James_Kelly,Alejandro_Avila,Fidel_Castro,Alvaro_Noboa,Pedro_Solbes,Amelia_Vega,Morgan_Freeman,Lynne_Cheney,Vincent_Brooks,Spencer_Abraham,Eddy_Merckx,John_Manley,John_McCormack,Abdullah_al-Attiyah,Paulo_Cesar_Pinheiro,Hassan_Nasrallah,Nestor_Kirchner
probe/Abdullah_al-Attiyah/Abdullah_al-Attiyah_0002.jpg,Abdullah_al-Attiyah,1,1.0,0.8659698963165283,0.8659698963165283,Abdullah_al-Attiyah,GL_Peiris,Jorge_Batlle,Harry_Belafonte,Nelson_Mandela,S_Jayakumar,Colin_Powell,Ralph_Lauren,Inam-ul-Haq,Larry_Brown,Omar_Sharif,Elin_Nordegren,Ismail_Merchant,Jose_Serra,Augusto_Roa_Bastos,Donatella_Versace,Gordon_Campbell,John_McCallum,Trent_Lott,Shaukat_Aziz,Mark_Hamister,Jimmy_Carter,George_Brumley,Oswaldo_Paya,Darren_Clarke,Tom_Craddick,Bo_Ryan,Peter_Struck,Martha_Beatriz_Roque,Spencer_Abraham,Richard_Branson,Lou_Piniella,Lloyd_Ward,Rick_Romley,Francis_Ford_Coppola,Bijan_Namdar_Zangeneh,Julie_Gerberding,Dalai_Lama,Jesse_Jackson,Joe_Mantello,Mariangel_Ruiz_Torrealba,Abdullah_Gul,Jamie_Villafane,Sam_Bith,Fidel_Castro,Yasar_Yakis,Carlos_Ghosn,Jeffrey_Archer,George_Tenet,Lina_Krasnoroutskaya
probe/Abdullatif_Sener/Abdullatif_Sener_0002.jpg,Abdullatif_Sener,1,1.0,0.7524253129959106,0.7524253129959106,Abdullatif_Sener,Sam_Torrance,Saddam_Hussein,Abdullah_Gul,Steven_Spielberg,Jose_Sarney,Marc_Grossman,Art_Hoffmann,Edward_James_Olmos,Robert_De_Niro,Vaclav_Havel,Elsa_Zylberstein,Gary_Bergeron,Antonio_Banderas,Spencer_Abraham,Johnson_Panjaitan,Ernie_Fletcher,Gunter_Pleuger,Alvaro_Uribe,Jesse_Jackson,Pamela_Anderson,Xanana_Gusmao,Robert_Zoellick,Kent_Rominger,Nia_Vardalos,Michel_Temer,Jonathan_Mostow,John_Brady,John_Banko,Thomas_Birmingham,Kim_Dae-jung,Jean-David_Levitte,Andrew_Bunner,Paul_ONeill,Alec_Baldwin,Andrew_Cuomo,Mark_Geragos,David_Myers,Ian_McKellen,Alexander_Losyukov,Mohammad_Khatami,Omar_Sharif,Oswaldo_Paya,Geoff_Hoon,Dolma_Tsering,Joseph_Estrada,Martha_Burk,Francis_Ford_Coppola,Li_Peng,Mark_Heller
probe/Abel_Pacheco/Abel_Pacheco_0002.jpg,Abel_Pacheco,1,1.0,0.8085731863975525,0.8085731863975525,Abel_Pacheco,Franko_Simatovic,Arye_Mekel,Henrique_Meirelles,Fidel_Castro,Warren_Buffett,Butch_Davis,Pedro_Malan,Mikhail_Kasyanov,Hans_Eichel,Gabriel_Valdes,Bud_Selig,Spencer_Abraham,Benjamin_Netanyahu,Bill_Gates,David_Trimble,Max_Mayfield,Dick_Cheney,Fred_Eckhard,Paul_ONeill,Tom_Daschle,Liu_Mingkang,Trent_Lott,Albrecht_Mentz,Pedro_Solbes,Alvaro_Noboa,Nestor_Kirchner,Richard_Shelby,Franz_Muentefering,Bernard_Landry,Bob_Hope,Larry_Brown,Richard_Sambrook,Jorge_Castaneda,Jose_Viegas_Filho,Jay_Rasulo,Billy_Sollie,Ron_Dittemore,Jean-Marc_de_La_Sabliere,Li_Peng,John_Snow,Chen_Liang_Yu,Michael_J_Sheehan,Christopher_Walken,Marc_Grossman,Angelo_Reyes,John_Blaney,John_Taylor,George_Ryan,Igor_Ivanov
probe/Adam_Scott/Adam_Scott_0002.jpg,Adam_Scott,2,0.5,0.5717940330505371,0.5252749919891357,Mike_Weir,Adam_Scott,Conchita_Martinez,Robby_Ginepri,Magui_Serna,Meghann_Shaughnessy,Augustin_Calleri,Greg_Owen,Jorge_Arce,Simon_Cowell,Bernardo_Segura,Bode_Miller,Aitor_Gonzalez,Justin_Leonard,Jefferson_Perez,Martina_Hingis,Jim_Furyk,David_Bell,Elijah_Wood,Julio_Iglesias_Jr,David_Coulthard,John_Howard,Dominik_Garcia-Lorido,Martha_Burk,Arianna_Huffington,LeBron_James,Iban_Mayo,Gary_Bergeron,Kathleen_Kennedy_Townsend,Carson_Daly,Jonathan_Edwards,Justine_Henin,Carolina_Moraes,Franz_Muentefering,Michael_Phelps,Guillermo_Coria,Chanda_Rubin,Daniela_Hantuchova,Prince_Harry,Leslie_Ann_Woodward,Candie_Kung,Elisabeth_Schumacher,Orlando_Bloom,Stacy_Dragila,Jan_Ullrich,Tyler_Hamilton,Theo_Epstein,Anna_Kournikova,Jennifer_Rodriguez,Paul_William_Hurley
probe/Adolfo_Aguilar_Zinser/Adolfo_Aguilar_Zinser_0002.jpg,Adolfo_Aguilar_Zinser,1,1.0,0.8401073217391968,0.8401073217391968,Adolfo_Aguilar_Zinser,Bill_Gates,Joan_Claybrook,Celso_Amorim,Shaukat_Aziz,Jorge_Castaneda,Tony_Bennett,Zoran_Djindjic,Mikulas_Dzurinda,Anthony_Fauci,Inocencio_Arias,Nestor_Kirchner,Jean-Claude_Juncker,Edward_Said,Bud_Selig,Biljana_Plavsic,Jose_Viegas_Filho,Aldo_Paredes,Charlton_Heston,Eunice_Barber,Adrian_Nastase,Benjamin_Netanyahu,Miguel_Contreras,Diane_Green,Ian_Thorpe,James_Traficant,Eric_Clapton,Bill_Sizemore,Michael_Douglas,Yasser_Arafat,Serena_Williams,Chris_Bell,Arianna_Huffington,Paul_ONeill,Jack_Straw,Augusto_Roa_Bastos,Mohamed_Benaissa,Jean-Claude_Trichet,Alejandro_Toledo,Paul_McCartney,Roman_Polanski,Claire_Leger,Abel_Pacheco,Ferenc_Madl,GL_Peiris,Marilyn_Monroe,John_Howard,Lou_Piniella,Ahmad_Masood,Thierry_Falise
probe/Adolfo_Rodriguez_Saa/Adolfo_Rodriguez_Saa_0002.jpg,Adolfo_Rodriguez_Saa,1,1.0,0.6746746301651001,0.6746746301651001,Adolfo_Rodriguez_Saa,Joerg_Haider,Juan_Valencia_Osorio,Edward_James_Olmos,Igor_Ivanov,Lily_Tomlin,James_McGreevey,Johnson_Panjaitan,Xanana_Gusmao,Alejandro_Toledo,David_Kelley,Abdullatif_Sener,Asa_Hutchinson,John_Allen_Muhammad,Duane_Lee_Chapman,Antonio_Banderas,Elsa_Zylberstein,Silvio_Berlusconi,Vaclav_Havel,Lee_Jun,Jennifer_Aniston,Anthony_Fauci,Judy_Genshaft,Leslie_Moonves,Chakib_Khelil,Jack_Straw,Jean-David_Levitte,George_Voinovich,Miguel_Contreras,Lino_Oviedo,Rita_Wilson,Joe_Torre,Franco_Dragone,Marcelo_Salas,Andrew_Cuomo,Colin_Powell,Tom_Daschle,Martha_Burk,Gary_Doer,Michael_Kostelnik,Ian_McKellen,Bob_Geldof,Ann_Veneman,Pete_Sampras,Hitomi_Soga,Michael_Chang,Nelson_Mandela,Lili_Taylor,Ben_Glisan,Pamela_Anderson
probe/Adrian_McPherson/Adrian_McPherson_0002.jpg,Adrian_McPherson,1,1.0,0.7885470390319824,0.7885470390319824,Adrian_McPherson,Guillaume_Soro,Venus_Williams,Justin_Gatlin,LeBron_James,Joe_Dumars,Mike_Tyson,Tom_Daschle,Michael_Chang,Colin_Powell,Paul_Pierce,John_Stallworth,Angelo_Reyes,John_Allen_Muhammad,Antony_Leung,Lionel_Richie,Alan_Mulally,Asa_Hutchinson,James_Kelly,George_Pataki,Trent_Lott,Bill_Nelson,Sam_Bith,Lloyd_Ward,Bruce_Van_De_Velde,Nelson_Mandela,Isaiah_Washington,Byron_Scott,Chris_Tucker,Al_Davis,Jia_Qinglin,Paul_ONeill,Geoff_Hoon,Jay_Garner,Gregg_Popovich,Lou_Piniella,Johnson_Panjaitan,Carolina_Moraes,Gary_Doer,Kim_Jin-sun,Sandra_Bullock,Tom_Glavine,Morgan_Freeman,Fred_Eckhard,Robert_DeFraites,Jesse_Jackson,Sheila_Copps,Camilla_Parker_Bowles,Yao_Ming,Gray_Davis
probe/Adrian_Nastase/Adrian_Nastase_0002.jpg,Adrian_Nastase,1,1.0,0.7995889186859131,0.7995889186859131,Adrian_Nastase,Spencer_Abraham,Benjamin_Netanyahu,David_Wolf,Howard_Smith,Julie_Gerberding,Marc_Grossman,Paulo_Cesar_Pinheiro,Colin_Powell,Howard_Dean,Lou_Piniella,Slobodan_Milosevic,George_Tenet,Larry_Lindsey,Dave_Campo,Zoran_Djindjic,Xanana_Gusmao,Elin_Nordegren,Abdullah_al-Attiyah,Larry_Lucchino,Aleksander_Kwasniewski,Juan_Pablo_Montoya,Jack_Grubman,Alexandra_Stevenson,Saeb_Erekat,Bruce_Van_De_Velde,Anna_Nicole_Smith,Iain_Duncan_Smith,John_McCallum,Carlos_Manuel_Pruneda,Angela_Lansbury,Michel_Temer,Peter_Arnett,Shaukat_Aziz,Gary_Bergeron,Alexander_Losyukov,Federico_Trillo,Andrew_Niccol,Martha_Beatriz_Roque,Jose_Dirceu,Mack_Brown,Elizabeth_Smart,Bijan_Namdar_Zangeneh,Carlo_Ancelotti,Sally_Kirkland,Rick_Romley,Masum_Turker,Abdullah_Gul,Jose_Viegas_Filho,Daniela_Hantuchova
probe/Ahmad_Masood/Ahmad_Masood_0002.jpg,Ahmad_Masood,1,1.0,0.5454617738723755,0.5454617738723755,Ahmad_Masood,Kelli_White,Leander_Paes,Georgi_Parvanov,Ali_Abbas,Zarai_Toledo,Mark_Heller,Alex_Barros,Gerardo_Gambala,Denise_Johnson,Andrew_Niccol,Albert_Costa,Taufik_Hidayat,Alexandra_Stevenson,Jada_Pinkett_Smith,Silvio_Berlusconi,Kosuke_Kitajima,John_Negroponte,Heidi_Fleiss,Mohammad_Khatami,James_Smith,Nadia_Petrova,Gregory_Hines,Mark_Hamister,Sourav_Ganguly,Lloyd_Ward,Michael_Chiklis,Barry_Alvarez,Larry_Brown,James_Blake,Paul_ONeill,GL_Peiris,Leslie_Moonves,Jose_Dirceu,Amanda_Coetzer,Shaukat_Aziz,Vidar_Helgesen,Anders_Ebbeson,Silvan_Shalom,Elijah_Wood,John_Manley,Ian_Thorpe,Tomoko_Hagiwara,Rupert_Grint,Bernardo_Segura,Todd_Haynes,Bill_Gates,Nicolas_Lapentti,Mariah_Carey,Oscar_De_La_Hoya
probe/Ahmet_Necdet_Sezer/Ahmet_Necdet_Sezer_0002.jpg,Ahmet_Necdet_Sezer,1,1.0,0.8186762928962708,0.8186762928962708,Ahmet_Necdet_Sezer,Benjamin_Netanyahu,Eduardo_Duhalde,Alejandro_Toledo,Shaukat_Aziz,Larry_Brown,Vladimir_Putin,Costas_Simitis,John_Rosa,Joseph_Blatter,Valery_Giscard_dEstaing,Spencer_Abraham,Igor_Ivanov,Luiz_Felipe_Scolari,Carl_Reiner,Abdullah_al-Attiyah,John_Negroponte,Chuck_Amato,Paul_McCartney,Guillermo_Ortiz,Emile_Lahoud,Michael_Douglas,Nestor_Kirchner,Bob_Hope,Lino_Oviedo,Hans_Eichel,Aung_San_Suu_Kyi,Dalai_Lama,Charles_Schumer,Kemal_Dervis,Ricardo_Maduro,Abdullatif_Sener,Bill_Graham,Edward_Lu,Iain_Duncan_Smith,Liu_Mingkang,Masum_Turker,Richard_Shelby,Max_Mayfield,Mohammad_Khatami,Mark_Geragos,Li_Peng,Jose_Serra,Mark_Schweiker,Ismail_Merchant,Prince_Naruhito,William_Bratton,Marc_Grossman,David_Heymann,Steve_Waugh
probe/Aitor_Gonzalez/Aitor_Gonzalez_0002.jpg,Aitor_Gonzalez,1,1.0,0.7322806119918823,0.7322806119918823,Aitor_Gonzalez,Guillermo_Coria,Magui_Serna,Pete_Sampras,Paul_Byrd,John_Abizaid,Justin_Leonard,Martin_Verkerk,Jason_Lezak,Carson_Daly,Tom_Brady,Carmen_Electra,Tom_Glavine,Scott_McClellan,Mikhail_Youzhny,Daniel_Day-Lewis,Vanessa_Incontrada,Jim_Carrey,Steve_Park,Marcus_Gronholm,Antonio_Banderas,Elisabeth_Schumacher,Silvan_Shalom,Jim_Edmonds,Geoff_Hoon,Patti_Labelle,Marat_Safin,Hal_Sutton,George_Lopez,Bill_Simon,Marcelo_Salas,Kenneth_Branagh,Laurent_Jalabert,Carlo_Ancelotti,Hipolito_Mejia,Roy_Moore,Jeremy_Shockey,Bill_Frist,Andrew_Bunner,George_Foreman,Ann_Veneman,James_McGreevey,James_Parker,John_Jumper,Pete_Rose,David_Bell,Kirk_Johnson,Mario_Dumont,Patricia_Heaton,Jean-Sebastien_Giguere
probe/Al_Davis/Al_Davis_0002.jpg,Al_Davis,1,1.0,0.7936277389526367,0.7936277389526367,Al_Davis,Sandra_Bullock,Arnold_Palmer,Camilla_Parker_Bowles,Arlen_Specter,Gray_Davis,Peter_Harrison,Dennis_Kucinich,Kim_Dae-jung,Mel_Brooks,Johnny_Carson,Bill_Frist,Ozzy_Osbourne,Thomas_OBrien,John_Timoney,Augusto_Pinochet,Dennis_Powell,James_Kelly,Goh_Kun,Ernie_Eves,Larry_Brown,Hichiro_Naemura,George_Pataki,David_Trimble,Lee_Tae-sik,Anders_Ebbeson,Charles_Mathews,Nestor_Kirchner,Silvio_Berlusconi,Tim_Allen,Kent_Rominger,Vaclav_Havel,Roy_Williams,John_Howard,Charlton_Heston,Bernard_Landry,Kim_Jong-Il,Jeffrey_Jones,Bill_Gates,Wang_Yingfan,Lord_Hutton,Paul_ONeill,Mohamed_Benaissa,Jia_Qinglin,Valery_Giscard_dEstaing,Gregg_Popovich,Ferenc_Madl,Frank_Cassell,Hans_Eichel,Robert_Stack
probe/Alan_Ball/Alan_Ball_0002.jpg,Alan_Ball,1,1.0,0.951203465461731,0.951203465461731,Alan_Ball,Alvaro_Noboa,Martha_Burk,Richard_Sambrook,David_Spade,Thomas_Birmingham,Lindsey_Graham,William_Ford_Jr,Jonathan_Mostow,Pedro_Malan,Eric_Clapton,Vaclav_Havel,Alberto_Ruiz_Gallardon,Jose_Manuel_Durao_Barroso,Brian_Cowen,Scott_McNealy,Sandra_Bullock,Anders_Ebbeson,Paul_McNulty,Lawrence_MacAulay,Ilan_Ramon,Elsa_Zylberstein,Ben_Glisan,Bob_Hope,Billy_Sollie,Bill_Gates,Chris_Rock,Joseph_Ralston,James_Kelly,Spencer_Abraham,Frank_Solich,Marc_Grossman,Thomas_Fargo,David_Leahy,Nicanor_Duarte_Frutos,George_Voinovich,Bill_Frist,Robert_Zoellick,Augustin_Calleri,Scott_McClellan,Charles_Grassley,David_Heymann,Joerg_Haider,Tim_Floyd,Emile_Lahoud,Biljana_Plavsic,Steve_Spurrier,Jean_Carnahan,Richard_Shelby,Mike_Weir
probe/Alan_Mulally/Alan_Mulally_0002.jpg,Alan_Mulally,1,1.0,0.7760500907897949,0.7760500907897949,Alan_Mulally,Richard_Gephardt,Aron_Ralston,Scott_McNealy,George_Pataki,Roy_Moore,William_Ford_Jr,James_Kelly,Vaclav_Havel,John_Snow,James_Kopp,Christopher_Walken,John_Manley,Gray_Davis,Ron_Dittemore,Jay_Garner,Prince_Willem-Alexander,Tim_Allen,Camilla_Parker_Bowles,Dennis_Kucinich,Howard_Dean,Antony_Leung,Ron_Howard,Robert_Zoellick,David_Caraway,Boris_Becker,Jimmy_Carter,Asa_Hutchinson,Duane_Lee_Chapman,James_Schultz,Don_Nickles,Prince_Harry,Gerry_Parsky,Michael_Chang,Tom_Daschle,Gary_Carter,Bernard_Landry,Jeffrey_Jones,Justine_Henin,David_Trimble,Doug_Collins,Arlen_Specter,Bruce_Van_De_Velde,Al_Davis,Larry_Ellison,Kenneth_Branagh,Jon_Gruden,Trent_Lott,Frank_Solich,Elsa_Zylberstein
probe/Alastair_Campbell/Alastair_Campbell_0002.jpg,Alastair_Campbell,1,1.0,0.8354681730270386,0.8354681730270386,Alastair_Campbell,David_Trimble,Roy_Moore,Dennis_Kucinich,Chris_Cooper,Marc_Grossman,Bill_Gates,Lawrence_MacAulay,Charles_Grassley,Joseph_Deiss,Fred_Funk,Paul_McCartney,David_Nalbandian,Yevgeny_Kafelnikov,Bill_Frist,Guido_Westerwelle,Mark_Geragos,Lon_Kruger,Paul_McNulty,Kathleen_Kennedy_Townsend,Tim_Floyd,Christian_Wulff,Todd_Haynes,David_Heymann,Jim_Harrick,Bud_Selig,Damon_van_Dam,Hermann_Maier,Jack_Grubman,Tom_Crean,Paul_Bremer,David_Leahy,Jose_Manuel_Durao_Barroso,John_Brady,Bill_Belichick,Paula_Radcliffe,Trent_Lott,George_Robertson,Nia_Vardalos,Jeffrey_Immelt,Aleksander_Kwasniewski,Oswaldo_Paya,Andy_Hebb,Jon_Gruden,Stanley_McChrystal,Elizabeth_Smart,Brad_Johnson,John_Wolf,Gerry_Parsky,Dale_Earnhardt_Jr
probe/Albert_Costa/Albert_Costa_0002.jpg,Albert_Costa,1,1.0,0.8248039484024048,0.8248039484024048,Albert_Costa,Dan_Wheldon,Marcelo_Salas,Oscar_De_La_Hoya,Justin_Leonard,Silvan_Shalom,Mike_Weir,Ben_Curtis,John_Howard,Hayley_Tullett,Nancy_Pelosi,Luis_Horna,Nicolas_Lapentti,Marc-Andre_Fleury,Aitor_Gonzalez,Pete_Sampras,John_Abizaid,Laurent_Jalabert,Paula_Radcliffe,Jefferson_Perez,Marat_Safin,Kiki_Vandeweghe,Demetrius_Ferraciu,Bernardo_Segura,Rich_Gannon,Guillermo_Ortiz,Luis_Figo,Jim_Edmonds,Kifah_Ajouri,Franz_Beckenbauer,Robby_Ginepri,Anna_Kournikova,Mario_Dumont,Tom_Cruise,Robert_Kocharian,Donatella_Versace,Carolina_Moraes,Jonathan_Edwards,Frank_Dunham_Jr,Marlene_Weingartner,Alberto_Ruiz_Gallardon,Silvia_Farina_Elia,Greg_Rusedski,Matt_Doherty,Cristina_Saralegui,Jada_Pinkett_Smith,Bo_Pelini,Julio_Iglesias_Jr,Bernard_Landry,Mariah_Carey
probe/Alberto_Fujimori/Alberto_Fujimori_0002.jpg,Alberto_Fujimori,1,1.0,0.864176869392395,0.864176869392395,Alberto_Fujimori,Lee_Hoi-chang,Hu_Jintao,Wang_Yingfan,Lee_Tae-sik,Kim_Dae-jung,Yoko_Ono,Li_Peng,Lee_Jun,Hun_Sen,Mitoji_Yabunaka,Hichiro_Naemura,Kim_Jin-sun,Jia_Qinglin,Chang_Dae-whan,Alejandro_Toledo,Jean-David_Levitte,Antony_Leung,Chok_Tong_Goh,Jorge_Castaneda,Kim_Ryong-sung,Kim_Jong-Il,Annette_Lu,Chen_Liang_Yu,Jong_Thae_Hwa,Lim_Dong-won,Liu_Mingkang,Goh_Kun,Angelo_Reyes,Chung_Mong-hun,Dai_Bachtiar,Heizo_Takenaka,Lino_Oviedo,Miguel_Contreras,Mohamed_Benaissa,Joseph_Estrada,Megawati_Sukarnoputri,Pedro_Malan,Sam_Bith,Alvaro_Uribe,Vaclav_Havel,James_Kelly,Hamzah_Haz,Thaksin_Shinawatra,Ernesto_Zedillo,Sandra_Bullock,Saparmurat_Niyazov,Gary_Locke,Bill_Gates,Pamela_Anderson
probe/Alberto_Ruiz_Gallardon/Alberto_Ruiz_Gallardon_0002.jpg,Alberto_Ruiz_Gallardon,1,1.0,0.8426421880722046,0.8426421880722046,Alberto_Ruiz_Gallardon,Munir_Akram,Spencer_Abraham,Hu_Jintao,Andrew_Niccol,David_Heymann,Pedro_Malan,Andrew_Cuomo,Liu_Mingkang,Jean-David_Levitte,Federico_Trillo,Joseph_Estrada,Jorge_Castaneda,Nestor_Kirchner,Miguel_Contreras,Alejandro_Toledo,Elsa_Zylberstein,Alvaro_Uribe,Bill_Gates,Jose_Viegas_Filho,Antony_Leung,Bud_Selig,Ronald_Reagan,Alberto_Fujimori,Yoko_Ono,Gray_Davis,Anthony_Fauci,Wang_Yingfan,Ali_Abbas,Ron_Dittemore,Megawati_Sukarnoputri,Yevgeny_Kafelnikov,Jack_Straw,Joe_Gatti,Angelo_Reyes,Franz_Muentefering,Jean-Claude_Braquet,Alan_Ball,John_Rosa,Larry_Brown,Adolfo_Aguilar_Zinser,Vaclav_Havel,Juan_Valencia_Osorio,Camilla_Parker_Bowles,Sam_Bith,Sue_Wicks,Colin_Powell,Hillary_Clinton,Andrew_Bunner,Miyako_Miyazaki
probe/Albrecht_Mentz/Albrecht_Mentz_0002.jpg,Albrecht_Mentz,1,1.0,0.9056127071380615,0.9056127071380615,Albrecht_Mentz,Robert_DeFraites,Mohamed_Benaissa,Vaclav_Havel,Jose_Sarney,Jack_Straw,Wang_Yingfan,Franz_Muentefering,James_Kopp,Charlton_Heston,Robin_Cook,John_Taylor,Trent_Lott,Anders_Ebbeson,Tom_Craddick,Michael_J_Sheehan,Francis_Ford_Coppola,William_Martin,Liu_Mingkang,Tom_Daschle,John_Howard,Brian_Wells,Gerry_Adams,David_Leahy,Chuck_Yeager,Henrique_Meirelles,Chok_Tong_Goh,Eddie_Sutton,Larry_Brown,Alexander_Losyukov,George_Voinovich,Ronald_Reagan,John_Snow,Joseph_Biden,GL_Peiris,Warren_Buffett,Alan_Ball,Inocencio_Arias,Arlen_Specter,Jorge_Batlle,Gregory_Geoffroy,Ron_Dittemore,Eric_Clapton,Jean-Claude_Braquet,Roy_Williams,William_Ford_Jr,John_Rowland,Yoko_Ono,Colin_Powell,Gabriel_Valdes
probe/Aldo_Paredes/Aldo_Paredes_0002.jpg,Aldo_Paredes,409,0.0024449877750611247,0.6033144593238831,0.08826683461666107,Harry_Schmidt,Pete_Rose,Anibal_Ibarra,Juanes,Alex_Penelas,Mikhail_Youzhny,Reese_Witherspoon,Gustavo_Kuerten,Lon_Kruger,Vitali_Klitschko,Antonio_Banderas,Frank_Griswold,Marat_Safin,John_Ruiz,John_Snow,Omar_Sharif,Marcus_Gronholm,Joe_Calzaghe,Juan_Manuel_Marquez,Mario_Kreutzberger,Laila_Ali,John_Spencer,John_McCallum,Latrell_Sprewell,Michael_Ballack,Jim_Harrick,Guillermo_Coria,Liza_Minnelli,Jason_Kidd,LeAnn_Rimes,Paul_Byrd,Robert_Mueller,Aaron_Sorkin,Stephen_Friedman,Paul_Bremer,Mark_Cuban,Yao_Ming,Anders_Fogh_Rasmussen,Raquel_Welch,Orlando_Bloom,Juan_Pablo_Montoya,Leland_Chapman,Jim_Edmonds,Tom_Brady,Marco_Antonio_Barrera,Eduardo_Duhalde,Barry_Zito,Bill_Graham,Tyra_Banks,Trent_Lott
probe/Alec_Baldwin/Alec_Baldwin_0002.jpg,Alec_Baldwin,1,1.0,0.817082405090332,0.817082405090332,Alec_Baldwin,Carmen_Electra,Ronald_Reagan,Elsa_Zylberstein,Ben_Glisan,John_Allen_Muhammad,Steve_Waugh,Kurt_Russell,Mario_Dumont,Geoff_Hoon,Oswaldo_Paya,Gary_Doer,Jean-David_Levitte,Trent_Lott,Kirk_Ferentz,Guy_Hemmings,Hashim_Thaci,Brad_Johnson,Bill_Callahan,Tim_Floyd,Peter_Harrison,Abdullatif_Sener,Hal_Sutton,Mack_Brown,Robert_De_Niro,Zoran_Djindjic,Gary_Forsee,Robbie_Fowler,Jonathan_Edwards,Joseph_Ralston,Jackie_Chan,Kent_Rominger,John_Garamendi,James_Parker,Steve_Spurrier,Charles_Kartman,Andy_Hebb,Larry_Bowa,Edward_Said,Jose_Manuel_Durao_Barroso,Prince_Naruhito,Bo_Pelini,Paul_Bremer,Saddam_Hussein,Luis_Figo,Carolyn_Dawn_Johnson,Ben_Curtis,Patrice_Chereau,Darrell_Issa,Aleksander_Kwasniewski
probe/Alejandro_Atchugarry/Alejandro_Atchugarry_0002.jpg,Alejandro_Atchugarry,1,1.0,0.8359342813491821,0.8359342813491821,Alejandro_Atchugarry,Bob_Beauprez,Hector_Babenco,Scott_Rudin,Mathias_Reichhold,John_Stallworth,Yasser_Arafat,Vladimir_Putin,Jason_Kidd,Fidel_Castro,Juergen_Peters,Pascal_Quignard,Noah_Wyle,Stephen_Friedman,Alejandro_Toledo,Gerry_Adams,Art_Howe,Sean_Patrick_OMalley,Robert_Zoellick,Dale_Earnhardt_Jr,Ray_Nagin,Anneli_Jaatteenmaki,David_Dodge,David_Myers,Greg_Rusedski,Ron_Howard,John_Malkovich,Benazir_Bhutto,James_Cunningham,Francis_Mer,Darrell_Porter,Robert_Kocharian,Vincent_Brooks,Ricardo_Maduro,Jim_Furyk,William_Hochul,Ibrahim_Jaafari,John_Wolf,Lloyd_Ward,Julianne_Moore,Peter_Struck,Tom_Daschle,Martin_Verkerk,Lili_Taylor,Robert_Duvall,Raquel_Welch,Paul_ONeill,Charles_Schumer,Peter_Bacanovic,Gillian_Anderson
probe/Alejandro_Avila/Alejandro_Avila_0002.jpg,Alejandro_Avila,1,1.0,0.7133455872535706,0.7133455872535706,Alejandro_Avila,Luciano_Pavarotti,Mark_Dacey,Matthew_Perry,Art_Hoffmann,Abdullah_Gul,Joe_Gatti,Carlo_Ancelotti,Marcelo_Salas,Jimmy_Kimmel,Bashar_Assad,Antonio_Banderas,Vicente_Fernandez,Eduardo_Duhalde,Hal_Sutton,Michael_Phelps,John_Abizaid,Paulo_Cesar_Pinheiro,Chris_Rock,Pete_Sampras,Osama_bin_Laden,Gerry_Adams,Jamie_Villafane,Xanana_Gusmao,Jonathan_Edwards,Marwan_Barghouthi,Pupi_Avati,Mohammad_Khatami,Oscar_De_La_Hoya,Carmen_Electra,John_Ruiz,Yasser_Arafat,Vincent_Brooks,Hanan_Ashrawi,Mary-Kate_Olsen,Marco_Antonio_Barrera,Alexander_Rumyantsev,Hassan_Nasrallah,Luis_Figo,Thabo_Mbeki,Abdel_Nasser_Assidi,Ali_Khamenei,Darren_Clarke,Edie_Falco,Alejandro_Toledo,Paul_William_Hurley,Tom_Brady,Andrei_Mikhnevich,Vince_Carter,Pamela_Anderson
probe/Alejandro_Toledo/Alejandro_Toledo_0002.jpg,Alejandro_Toledo,1,1.0,0.8499261140823364,0.8499261140823364,Alejandro_Toledo,Jorge_Castaneda,Eduardo_Duhalde,Hassan_Wirajuda,Mitoji_Yabunaka,Lee_Jun,Hu_Jintao,Hun_Sen,John_Rosa,Steve_Waugh,Dennis_Kucinich,Lee_Tae-sik,Bill_Gates,Gary_Doer,Adolfo_Aguilar_Zinser,Liu_Mingkang,Edward_Lu,Munir_Akram,Lino_Oviedo,Jean-Claude_Juncker,Chen_Liang_Yu,Juan_Valencia_Osorio,John_Garamendi,John_Allen_Muhammad,Chung_Mong-joon,Andy_Hebb,Angelo_Reyes,Shaukat_Aziz,Alberto_Fujimori,Michael_Chang,Yoko_Ono,Nicanor_Duarte_Frutos,Tony_Bennett,Jong_Thae_Hwa,Begum_Khaleda_Zia,Gerry_Parsky,Kim_Dae-jung,Bobby_Goldwater,Lionel_Richie,Edward_Said,Jamling_Norgay,Tim_Allen,James_Traficant,Miguel_Contreras,Anthony_Fauci,James_Kelly,Annette_Lu,Jia_Qinglin,Eddie_Sutton,Robin_McLaurin_Williams
probe/Aleksander_Kwasniewski/Aleksander_Kwasniewski_0002.jpg,Aleksander_Kwasniewski,1,1.0,0.8334060907363892,0.8334060907363892,Aleksander_Kwasniewski,James_Kelly,Tim_Floyd,Dave_Campo,Roy_Moore,Larry_Bowa,Tom_Daschle,Mack_Brown,Gil_de_Ferran,Howard_Smith,Fred_Eckhard,Bruce_Van_De_Velde,Damon_van_Dam,Bobby_Robson,Lech_Walesa,Harvey_Weinstein,Roman_Polanski,Bill_Frist,Mike_Holmgren,Anders_Ebbeson,Zoran_Djindjic,Trent_Lott,Lyle_Vanclief,Ron_Dittemore,Tom_Craddick,George_Karl,John_Banko,Nick_Nolte,Jose_Manuel_Durao_Barroso,Jeffrey_Immelt,Gary_Williams,Jim_Harrick,Chris_Cooper,Bill_Nelson,Jeffrey_Archer,Brad_Johnson,Peter_Greenaway,George_Robertson,Arnold_Palmer,John_Timoney,James_Traficant,Andy_Hebb,Sean_Astin,Alastair_Campbell,Jean-David_Levitte,John_Jumper,Paul_McNulty,Rolf_Eckrodt,Dennis_Kucinich,John_Manley
probe/Alex_Barros/Alex_Barros_0002.jpg,Alex_Barros,3,0.3333333333333333,0.527233898639679,0.4809470474720001,Vincent_Brooks,Justin_Guarini,Alex_Barros,Juan_Pablo_Montoya,George_Lopez,Gerardo_Gambala,Ali_Abbas,Sourav_Ganguly,Nelson_Mandela,Antonio_Banderas,Jamling_Norgay,Colin_Powell,Leander_Paes,Nicolas_Lapentti,Munir_Akram,Jorge_Batlle,Julie_Gerberding,Ralph_Lauren,Alexandra_Stevenson,Bernardo_Segura,Harbhajan_Singh,Harry_Belafonte,Imad_Moustapha,Paul-Henri_Mathieu,Abdullah_al-Attiyah,Michael_Ballack,Todd_Haynes,Franco_Dragone,Miguel_Contreras,Kalpana_Chawla,John_Rigas,James_Blake,Marco_Antonio_Barrera,Kenneth_Evans,GL_Peiris,Lloyd_Ward,Bijan_Namdar_Zangeneh,Angelo_Reyes,Marcelo_Salas,Johnson_Panjaitan,Jimmy_Carter,Abdullah,Federico_Trillo,Barry_Alvarez,Paul_ONeill,S_Jayakumar,Martha_Beatriz_Roque,Mark_Heller,Jose_Serra,Manuel_Poggiali
probe/Alex_Penelas/Alex_Penelas_0002.jpg,Alex_Penelas,1,1.0,0.8764047622680664,0.8764047622680664,Alex_Penelas,Paul_Bremer,Jason_Kidd,John_F_Kennedy_Jr,Kiki_Vandeweghe,Thomas_Fargo,Abdullah_Gul,Joe_Gatti,Tom_Brady,Bill_Callahan,Ernie_Fletcher,Harry_Schmidt,Ben_Glisan,Hun_Sen,Saparmurat_Niyazov,Robert_DeFraites,Spencer_Abraham,Alvaro_Uribe,Leland_Chapman,Anibal_Ibarra,John_Walsh,Mario_Dumont,Jonathan_Edwards,Jean-David_Levitte,Olesya_Bonabarenko,Paul_McNulty,Roy_Williams,Abdullatif_Sener,Saddam_Hussein,Johnson_Panjaitan,Bruce_Van_De_Velde,Bruce_Weber,Aaron_Sorkin,Pete_Sampras,Gary_Locke,Jack_Grubman,Mariangel_Ruiz_Torrealba,Antonio_Banderas,Oswaldo_Paya,Lyle_Vanclief,Bob_Colvin,Joseph_Ralston,Cruz_Bustamante,Nick_Nolte,Jim_Edmonds,Jose_Theodore,Gary_Bergeron,Natalie_Maines,John_Brady,Richard_Krajicek
probe/Alexander_Losyukov/Alexander_Losyukov_0002.jpg,Alexander_Losyukov,1,1.0,0.8349283933639526,0.8349283933639526,Alexander_Losyukov,Paul_William_Hurley,Howard_Dean,Carlos_Ghosn,Spencer_Abraham,Magui_Serna,John_Abizaid,Silvan_Shalom,Dave_Campo,Carlo_Ancelotti,Martina_Hingis,Abdullah_al-Attiyah,Janet_Thorpe,Kemal_Dervis,Joe_Torre,Peter_Harrison,John_McEnroe,Frank_Solich,Dick_Clark,Larry_Brown,John_Negroponte,Warren_Buffett,Herb_Sendek,Scott_McClellan,George_Tenet,Sam_Torrance,Benjamin_Netanyahu,Roy_Williams,Hipolito_Mejia,Larry_Lindsey,Eduardo_Duhalde,Masum_Turker,Conchita_Martinez,Xanana_Gusmao,Alexandra_Stevenson,John_McCallum,Ilan_Ramon,Leszek_Miller,John_Howard,Bo_Ryan,Geoff_Hoon,Prince_Edward,Anders_Ebbeson,Thomas_Fargo,Ismail_Merchant,James_Smith,John_Spencer,Christopher_Patten,Nia_Vardalos,Charles_Mathews
probe/Alexander_Rumyantsev/Alexander_Rumyantsev_0002.jpg,Alexander_Rumyantsev,1,1.0,0.8607137203216553,0.8607137203216553,Alexander_Rumyantsev,Valery_Giscard_dEstaing,Ismail_Merchant,Gray_Davis,Jack_Straw,Emile_Lahoud,Alexander_Losyukov,Sandra_Bullock,John_Negroponte,John_McCormack,Boris_Berezovsky,Silvan_Shalom,Joseph_Blatter,Christopher_Patten,Lino_Oviedo,Benjamin_Netanyahu,Carlos_Ghosn,Charles_Mathews,Silvio_Berlusconi,Gabriel_Valdes,Ralph_Lauren,Pamela_Anderson,Bijan_Namdar_Zangeneh,Richard_Gephardt,Tony_Bennett,Vaclav_Havel,Costas_Simitis,Frank_Lautenberg,Jose_Viegas_Filho,Nestor_Kirchner,Mohamed_Benaissa,Spencer_Abraham,Jean-Claude_Braquet,Howard_Dean,Paul_ONeill,Gil_de_Ferran,Dick_Cheney,Jose_Sarney,Charlton_Heston,Alejandro_Toledo,Igor_Ivanov,Tom_Daschle,Jose_Serra,Mario_Kreutzberger,George_Voinovich,Abel_Pacheco,James_Ivory,Francis_George,Robin_Cook,Albrecht_Mentz
probe/Alexandra_Stevenson/Alexandra_Stevenson_0002.jpg,Alexandra_Stevenson,1,1.0,0.8556896448135376,0.8556896448135376,Alexandra_Stevenson,Denise_Johnson,Kalpana_Chawla,Patty_Schnyder,Natalie_Coughlin,James_Blake,Colin_Powell,Chanda_Rubin,Anna_Kournikova,Zarai_Toledo,Tomoko_Hagiwara,Kevin_Stallings,Ashanti,Alexander_Losyukov,Raghad_Saddam_Hussein,GL_Peiris,Megawati_Sukarnoputri,Nadia_Petrova,Bob_Colvin,Laila_Ali,Munir_Akram,Jose_Serra,John_Manley,Kelli_White,Herb_Sendek,Job_Cohen,Daniela_Hantuchova,Miguel_Contreras,Silvan_Shalom,Cathy_Freeman,Jose_Dirceu,Chok_Tong_Goh,Taufik_Hidayat,Howard_Dean,Hamzah_Haz,Leander_Paes,Nora_Bendijo,Michael_Douglas,Coretta_Scott_King,Spencer_Abraham,Amanda_Beard,Robert_Zoellick,Arantxa_Sanchez-Vicario,Ali_Abbas,Intisar_Ajouri,Benjamin_Netanyahu,Roy_Williams,Kirk_Johnson,Lindsay_Davenport,Donna_Shalala
probe/Alexandra_Vodjanikova/Alexandra_Vodjanikova_0002.jpg,Alexandra_Vodjanikova,1,1.0,0.6450181007385254,0.6450181007385254,Alexandra_Vodjanikova,Amber_Tamblyn,Robert_Bonner,Jason_Jennings,Lindsay_Benko,Beth_Jones,Manfred_Stolpe,Kevin_Stallings,Mike_Price,Pedro_Solbes,Kemal_Dervis,Lindsay_Davenport,Antonio_Banderas,Thomas_Fargo,Justine_Henin,Rick_Romley,Evan_Rachel_Wood,Lawrence_MacAulay,Howard_Dean,Lisa_Gottsegen,Sandra_Bullock,Chris_Byrd,Peter_Harrison,Mary_Carey,Brooke_Shields,Kieran_Prendergast,Gary_Carter,Venus_Williams,Jessica_Lange,Bob_Hope,Padraig_Harrington,Joe_Nichols,Jennifer_Connelly,Costas_Simitis,Guillaume_Soro,John_McEnroe,Kristin_Davis,Barry_Zito,David_Kelley,Robert_Mueller,David_Dodge,George_Karl,Tom_Cruise,Robert_Zoellick,Roy_Williams,Daniela_Hantuchova,Cyndi_Thompson,Paul-Henri_Mathieu,Martina_McBride,Julianne_Moore
probe/Ali_Abbas/Ali_Abbas_0002.jpg,Ali_Abbas,1,1.0,0.8621679544448853,0.8621679544448853,Ali_Abbas,Angelo_Reyes,Zarai_Toledo,Gloria_Macapagal_Arroyo,Intisar_Ajouri,GL_Peiris,Megawati_Sukarnoputri,Spencer_Abraham,Sam_Bith,Alexandra_Stevenson,Hamzah_Haz,Anna_Kournikova,Justin_Guarini,Munir_Akram,Kalpana_Chawla,Colin_Powell,Begum_Khaleda_Zia,Flor_Montulo,Nelson_Mandela,Miguel_Contreras,Michael_Chang,Ahmad_Masood,Imad_Moustapha,Juan_Pablo_Montoya,Jimmy_Kimmel,Tyra_Banks,Rob_Schneider,Goldie_Hawn,Andy_Hebb,Jamling_Norgay,Brad_Johnson,Shaukat_Aziz,Hitomi_Soga,Diana_Taurasi,Natalie_Maines,Michel_Temer,Marissa_Jaret_Winokur,Mark_Heller,Igor_Ivanov,James_Blake,Nadia_Petrova,Sean_Astin,Eddy_Merckx,Jesse_Jackson,Iain_Duncan_Smith,Abdullah_al-Attiyah,Cristina_Fernandez,Luke_Walton,Zoran_Djindjic,Taufik_Hidayat
probe/Ali_Khamenei/Ali_Khamenei_0002.jpg,Ali_Khamenei,1,1.0,0.9228058457374573,0.9228058457374573,Ali_Khamenei,Francis_Ford_Coppola,Mohammad_Khatami,Inam-ul-Haq,Pupi_Avati,Sean_Patrick_OMalley,Hassan_Nasrallah,Dino_de_Laurentis,Gerry_Adams,Robin_Cook,Fidel_Castro,Miroljub,Steven_Spielberg,Carlos_Mesa,Abdullah,Yasser_Arafat,Peter_Struck,Luciano_Pavarotti,Kieran_Prendergast,Ibrahim_Jaafari,Ismail_Merchant,Jack_Straw,Yao_Ming,Frances_Fisher,Amram_Mitzna,John_Abizaid,Osama_bin_Laden,Abdullah_Gul,Emanuel_Ginobili,Luis_Horna,Benazir_Bhutto,Mohamed_Benaissa,Xanana_Gusmao,Pete_Sampras,Vicente_Fernandez,Nia_Vardalos,Robert_De_Niro,Albrecht_Mentz,Marilyn_Monroe,Mary-Kate_Olsen,Imad_Moustapha,Nicanor_Duarte_Frutos,Elsa_Zylberstein,John_Howard,Gao_Qiang,Jennifer_Aniston,Henrique_Meirelles,Eddy_Merckx,Carlos_Ghosn,Michael_Phelps
probe/Alice_Fisher/Alice_Fisher_0002.jpg,Alice_Fisher,1,1.0,0.9270085096359253,0.9270085096359253,Alice_Fisher,Shannon_OBrien,Paula_Radcliffe,Carolyn_Dawn_Johnson,Sarah_Jessica_Parker,Ellen_DeGeneres,Carla_Myers,Paula_Zahn,Jean_Carnahan,Ann_Veneman,Andrew_Bunner,Jean_Brumley,Celine_Dion,Herta_Daeubler-Gmelin,Bridget_Fonda,Lindsay_Davenport,Julie_Gerberding,Tammy_Lynn_Michaels,Ali_Abbas,Betsy_Smith,Jane_Fonda,Jason_Kidd,Barbara_Brezigar,Karin_Stoiber,Meryl_Streep,Margaret_Thatcher,Janet_Thorpe,Juanes,Sue_Wicks,Blythe_Danner,Arantxa_Sanchez-Vicario,Goldie_Hawn,Chakib_Khelil,Melanie_Griffith,Edward_Norton,Madonna,Wesley_Clark,Queen_Beatrix,Debra_Brown,Kenneth_Branagh,Eva_Dimas,Jose_Manuel_Durao_Barroso,Sheila_Copps,Silvia_Farina_Elia,Aleksander_Kwasniewski,Boris_Yeltsin,Iva_Majoli,John_McCallum,Hillary_Clinton,Blythe_Hartley
probe/Alicia_Silverstone/Alicia_Silverstone_0002.jpg,Alicia_Silverstone,1,1.0,0.6323806047439575,0.6323806047439575,Alicia_Silverstone,Natalie_Maines,Cameron_Diaz,Jennifer_Reilly,Patty_Schnyder,Elizabeth_Shue,Olivia_Newton-John,James_Blake,Flavia_Delaroli,Evan_Rachel_Wood,Blythe_Danner,Joe_Torre,Jodie_Foster,Jessica_Lange,Elizabeth_Smart,Alison_Lohman,Paul_ONeill,Mary-Kate_Olsen,Michelle_Pfeiffer,Jennifer_Thompson,James_Traficant,Claire_Danes,Juan_Pablo_Montoya,Arye_Mekel,Nadia_Petrova,Anna_Kournikova,Daniela_Hantuchova,Billy_Graham,Warren_Buffett,Marina_Anissina,Daryl_Hannah,Leslie_Ann_Woodward,Julianne_Moore,Mary_Landrieu,John_Snow,Drew_Barrymore,Carmen_Electra,Marissa_Jaret_Winokur,Jennifer_Aniston,Sourav_Ganguly,Natalie_Coughlin,Isabelle_Huppert,Carolyn_Dawn_Johnson,Marie-Reine_Le_Gougne,Emma_Thompson,Kristanna_Loken,Mikhail_Kasyanov,Carlos_Manuel_Pruneda,Miguel_Contreras,Mohammad_Khatami
probe/Alimzhan_Tokhtakhounov/Alimzhan_Tokhtakhounov_0002.jpg,Alimzhan_Tokhtakhounov,1,1.0,0.8889451622962952,0.8889451622962952,Alimzhan_Tokhtakhounov,Prince_Naruhito,Kim_Ryong-sung,Kim_Dae-jung,Jamling_Norgay,Megawati_Sukarnoputri,Ozzy_Osbourne,Nicanor_Duarte_Frutos,Lee_Tae-sik,Edward_Lu,Jia_Qinglin,Hu_Jintao,Mitoji_Yabunaka,Lee_Jun,Heizo_Takenaka,Goh_Kun,Thaksin_Shinawatra,Munir_Akram,Joseph_Estrada,Pupi_Avati,Kenneth_Evans,Hichiro_Naemura,Sam_Bith,Kim_Jin-sun,Michael_Chang,Hun_Sen,Hamzah_Haz,Jackie_Chan,Ali_Abbas,Saparmurat_Niyazov,Wang_Yingfan,Alejandro_Toledo,Spencer_Abraham,Lee_Hoi-chang,Yoko_Ono,Chung_Mong-hun,Angelo_Reyes,Chang_Dae-whan,Alberto_Ruiz_Gallardon,Eduardo_Duhalde,Li_Peng,Kwon_Yang-sook,Mario_Kreutzberger,John_Garamendi,Jong_Thae_Hwa,James_Parker,Flor_Montulo,Stanley_Tong,Lim_Dong-won,Gary_Doer
probe/Alison_Lohman/Alison_Lohman_0002.jpg,Alison_Lohman,960,0.0010416666666666667,0.5644488334655762,-0.16310590505599976,Queen_Beatrix,Julianne_Moore,Bridget_Fonda,Antony_Leung,Angelo_Reyes,Michelle_Pfeiffer,Penelope_Ann_Miller,Hannah_Stockbauer,Julie_Gerberding,Judi_Dench,Kate_Capshaw,Martina_McBride,Jane_Fonda,Elisabeth_Schumacher,Lina_Krasnoroutskaya,Christine_Gregoire,Jennifer_Reilly,Nastassia_Kinski,Angela_Lansbury,Annette_Lu,Elin_Nordegren,Mike_Miller,Jorge_Batlle,Iva_Majoli,Mary_Tyler_Moore,Tom_Daschle,Amber_Tamblyn,Sharon_Frey,Jan_Ullrich,Paula_Radcliffe,Reese_Witherspoon,John_Reilly,Lee_Hoi-chang,Helen_Clark,Kathy_Winters,Trent_Lott,Debra_Brown,Lisa_Raymond,Brooke_Shields,Valerie_Harper,Jennifer_Thompson,Allison_Janney,Jennifer_Aniston,Blythe_Danner,Natalie_Maines,Lana_Clarkson,Ann_Veneman,Donald_Evans,Geraldine_Chaplin,Patricia_Clarkson
probe/Allen_Iverson/Allen_Iverson_0002.jpg,Allen_Iverson,1,1.0,0.8287971019744873,0.8287971019744873,Allen_Iverson,John_Allen_Muhammad,Byron_Scott,Bill_Gates,Will_Smith,Lionel_Richie,Bud_Selig,James_Butts,Chris_Tucker,Bobby_Goldwater,Bill_Simon,Hassan_Wirajuda,Mike_Tyson,Hun_Sen,Venus_Williams,Anwar_Ibrahim,Alastair_Campbell,Vince_Carter,David_Heymann,LeBron_James,Chris_Rock,Jean-David_Levitte,Paul_Pierce,Jason_Kidd,Serena_Williams,Ron_Dittemore,Marc_Grossman,Tom_Crean,Larry_Johnson,Geno_Auriemma,Jean-Claude_Juncker,Sarah_Jessica_Parker,Mark_Dacey,Vincent_Brooks,Vladimir_Putin,Trent_Lott,Jack_Straw,Patrick_Ewing,Thomas_Rupprath,Alvaro_Uribe,John_Stallworth,Aldo_Paredes,Dick_Cheney,Mark_Geragos,Bertrand_Bonello,David_Nalbandian,Sean_Penn,Prince_Harry,Chanda_Rubin,Luiz_Felipe_Scolari
probe/Allison_Janney/Allison_Janney_0002.jpg,Allison_Janney,1,1.0,0.6527386903762817,0.6527386903762817,Allison_Janney,Goldie_Hawn,Phil_Vassar,Patti_Labelle,Madonna,Frances_Fisher,Brigitte_Boisselier,Edie_Falco,Sophia_Loren,Kristanna_Loken,Courtney_Love,Hillary_Clinton,Priscilla_Owen,Jolanta_Kwasniewski,Martha_Beatriz_Roque,Maggie_Smith,Elizabeth_Taylor,Emmanuelle_Beart,Barbara_Walters,Eva_Dimas,Jane_Pauley,Hermann_Maier,Natalie_Coughlin,Carmen_Electra,Hamzah_Haz,Pete_Sampras,David_Leahy,Ellen_Engleman,Ken_Watanabe,Michelle_Yeoh,Robert_Kocharian,Stockard_Channing,Christina_Aguilera,Jeffrey_Jones,Jane_Kaczmarek,Vanessa_Williams,Tracee_Ellis_Ross,Tim_Allen,Kathleen_Glynn,Christine_Ebersole,Julianne_Moore,Sheila_Copps,Maria_Luisa_Mendonca,Tom_Cruise,Boris_Berezovsky,Paula_Radcliffe,Alberto_Ruiz_Gallardon,LeAnn_Rimes,David_Trimble,Paul-Henri_Mathieu
probe/Alvaro_Noboa/Alvaro_Noboa_0002.jpg,Alvaro_Noboa,1,1.0,0.768344521522522,0.768344521522522,Alvaro_Noboa,Larry_Lindsey,Billy_Sollie,Abel_Pacheco,Jose_Manuel_Durao_Barroso,James_Traficant,Nestor_Kirchner,Luiz_Felipe_Scolari,Augusto_Roa_Bastos,Harry_Kalas,Eduardo_Duhalde,Jay_Garner,Howard_Dean,Vicki_Zhao_Wei,Manfred_Stolpe,Richard_Sambrook,Thomas_OBrien,George_Ryan,Liza_Minnelli,Robert_Stack,Slobodan_Milosevic,Ahmet_Necdet_Sezer,Kevin_Spacey,Peter_Arnett,Jay_Rasulo,Ozzy_Osbourne,Joe_Torre,John_Negroponte,Claire_Danes,Pedro_Solbes,Patrice_Chereau,Kenneth_Evans,James_Ivory,Scott_McClellan,Peter_Harrison,Arianna_Huffington,Geoff_Hoon,Julie_Gerberding,Mikhail_Kasyanov,Igor_Ivanov,Arye_Mekel,William_Ford_Jr,Francis_Mer,Alimzhan_Tokhtakhounov,Thaksin_Shinawatra,Jorge_Rodolfo_Canicoba_Corral,Alan_Ball,Silvio_Berlusconi,Jean-Claude_Trichet,John_Manley
probe/Alvaro_Uribe/Alvaro_Uribe_0002.jpg,Alvaro_Uribe,1,1.0,0.8371191620826721,0.8371191620826721,Alvaro_Uribe,Fayssal_Mekdad,David_Myers,Nasser_al-Kidwa,Abdullatif_Sener,Carlos_Quintanilla_Schmidt,William_Hochul,Bernard_Lord,Jean-David_Levitte,John_Rowland,Masum_Turker,Hilmi_Ozkok,John_McCormack,Charles_Kartman,David_Heyman,Nestor_Kirchner,Jonathan_Mostow,Lawrence_MacAulay,Li_Peng,David_Dodge,Anthony_Fauci,Bobby_Goldwater,Steven_Spielberg,Ernesto_Zedillo,Megawati_Sukarnoputri,Lee_Hoi-chang,Alastair_Campbell,Kurt_Busch,Joseph_Deiss,Igor_Ivanov,Lim_Dong-won,Robert_Mugabe,Paul_Bremer,Pedro_Malan,Ernie_Fletcher,Hu_Jintao,Adolfo_Rodriguez_Saa,Bill_Simon,Pete_Sampras,Antonio_Banderas,Bill_Nelson,James_Cunningham,Antony_Leung,David_Heymann,Chen_Liang_Yu,Jason_Kidd,Jean-Marc_de_La_Sabliere,Jose_Mourinho,Tammy_Lynn_Michaels,Nicanor_Duarte_Frutos
probe/Amanda_Beard/Amanda_Beard_0002.jpg,Amanda_Beard,1,1.0,0.9068810939788818,0.9068810939788818,Amanda_Beard,Lina_Krasnoroutskaya,Chanda_Rubin,Natalie_Coughlin,Hayley_Tullett,Claire_Hentzen,Gisele_Bundchen,David_Nalbandian,Abdullah_al-Attiyah,Jennifer_Thompson,Eunice_Barber,Carolyn_Dawn_Johnson,Meghann_Shaughnessy,Diana_Taurasi,Eve_Pelletier,Nadia_Petrova,Jesse_Jackson,Iva_Majoli,S_Jayakumar,Michael_Chang,Alicia_Silverstone,John_Negroponte,Marlene_Weingartner,Richard_Shelby,Martina_Hingis,Julianne_Moore,Jose_Serra,Paula_Radcliffe,Nastassia_Kinski,Martha_Bowen,Silvia_Farina_Elia,Lindsay_Davenport,Garry_Kasparov,Denise_Johnson,Michael_Chiklis,Vanessa_Williams,Phil_Mickelson,Leslie_Ann_Woodward,Reese_Witherspoon,Angela_Lansbury,Laila_Ali,Cathy_Freeman,Joe_Mantello,Magui_Serna,Phil_Vassar,Kelli_White,Lloyd_Ward,Donatella_Versace,Eva_Dimas,Maria_Luisa_Mendonca
probe/Amanda_Coetzer/Amanda_Coetzer_0002.jpg,Amanda_Coetzer,1,1.0,0.7150222063064575,0.7150222063064575,Amanda_Coetzer,Nadia_Petrova,Carolina_Moraes,Anna_Kournikova,Jennifer_Aniston,Eve_Pelletier,Daniela_Hantuchova,Meghann_Shaughnessy,Diana_Taurasi,Martina_Hingis,Leander_Paes,Natalie_Coughlin,Lindsay_Davenport,Paula_Radcliffe,Sue_Wicks,Iva_Majoli,Claire_Hentzen,Hillary_Clinton,Oscar_De_La_Hoya,Justin_Leonard,Robert_Kocharian,Lina_Krasnoroutskaya,Hayley_Tullett,Jason_Lezak,Jo_Dee_Messina,Jose_Mourinho,Silvia_Farina_Elia,Jonathan_Edwards,Freddy_Garcia,Monica_Seles,Spencer_Abraham,Martha_Bowen,Phil_Vassar,Andy_Hebb,Albert_Costa,Jan_Ullrich,Jean_Carnahan,Priscilla_Presley,Lisa_Raymond,Marlene_Weingartner,Laurent_Jalabert,Lou_Piniella,Greg_Owen,Amanda_Beard,Kristanna_Loken,Gordon_Campbell,Jennifer_Lopez,Donatella_Versace,Arantxa_Sanchez-Vicario,Angelo_Reyes
probe/Amber_Tamblyn/Amber_Tamblyn_0002.jpg,Amber_Tamblyn,1,1.0,0.8634747266769409,0.8634747266769409,Amber_Tamblyn,Cyndi_Thompson,Alexandra_Vodjanikova,Beth_Jones,Valerie_Harper,Mariangel_Ruiz_Torrealba,Julianne_Moore,Lindsay_Davenport,Michelle_Pfeiffer,Natalie_Maines,Elin_Nordegren,Juanes,Dennis_Kucinich,Queen_Beatrix,Sheila_Copps,Mariah_Carey,Paul_McNulty,Nancy_Reagan,Doris_Schroeder,Michael_Ballack,Marina_Anissina,Roy_Moore,Sean_Patrick_OMalley,Kristin_Davis,Nadine_Vinzens,Gloria_Macapagal_Arroyo,Lili_Taylor,Jessica_Lynch,Priscilla_Owen,Leland_Chapman,Mary-Kate_Olsen,Jack_Grubman,Alex_Penelas,Julie_Gerberding,Elizabeth_Smart,Mary_Tyler_Moore,Michel_Temer,Barry_Zito,Fran_Drescher,Penelope_Ann_Miller,Antonio_Banderas,Reese_Witherspoon,Jose_Manuel_Durao_Barroso,Angelo_Reyes,Don_Nickles,Jonathan_Mostow,Lynne_Cheney,Melanie_Griffith,Chris_Byrd,Doris_Roberts
probe/Amelia_Vega/Amelia_Vega_0002.jpg,Amelia_Vega,1,1.0,0.9002144932746887,0.9002144932746887,Amelia_Vega,Daisy_Fuentes,Jesse_Jackson,Karen_Mok,Sandra_Bullock,Richard_Krajicek,Jennifer_Lopez,Tim_Allen,Wesley_Clark,Gray_Davis,John_Kerry,Larry_Ellison,Dennis_Kucinich,Roy_Williams,Jason_Jennings,James_Kelly,Jimmy_Carter,Bruce_Van_De_Velde,Angelo_Reyes,George_Pataki,Camilla_Parker_Bowles,Anwar_Ibrahim,Antonio_Banderas,Jessica_Alba,Alvaro_Uribe,Branko_Crvenkovski,Omar_Sharif,Olesya_Bonabarenko,OJ_Simpson,Luke_Walton,Nancy_Reagan,Alastair_Campbell,Brooke_Shields,John_Allen_Muhammad,Edward_James_Olmos,Gloria_Macapagal_Arroyo,Scott_McNealy,Bill_Gates,Bill_Nelson,Barry_Zito,Miroljub,James_Cunningham,Antony_Leung,Paul_Bremer,Trent_Lott,David_Myers,Anders_Fogh_Rasmussen,Michael_Ballack,Vanessa_Incontrada,Tom_Daschle
probe/Amram_Mitzna/Amram_Mitzna_0002.jpg,Amram_Mitzna,1,1.0,0.9121100902557373,0.9121100902557373,Amram_Mitzna,Gerry_Adams,Osama_bin_Laden,Carlos_Mesa,Robert_De_Niro,Steven_Spielberg,Elizabeth_Dole,Ali_Khamenei,Omar_Sharif,Adolfo_Aguilar_Zinser,Mohammad_Khatami,Inam-ul-Haq,Celso_Amorim,Pupi_Avati,Edward_James_Olmos,Miroljub,Paulo_Cesar_Pinheiro,Abdullah_Gul,Xanana_Gusmao,Jack_Straw,Ibrahim_Jaafari,Robin_Cook,Juergen_Peters,Sean_Patrick_OMalley,Juan_Valencia_Osorio,Tony_Bennett,Fidel_Castro,Edie_Falco,Joan_Claybrook,Anthony_Fauci,Biljana_Plavsic,Inocencio_Arias,Benazir_Bhutto,Alejandro_Toledo,Ian_McKellen,Jean-Claude_Braquet,Diane_Green,Yasser_Arafat,Francis_Ford_Coppola,Gray_Davis,Dino_de_Laurentis,Sarah_Jessica_Parker,John_Kerry,Michael_Phelps,John_Ruiz,Hillary_Clinton,Cameron_Diaz,Priscilla_Owen,Ricardo_Maduro,Fayssal_Mekdad
probe/Anders_Ebbeson/Anders_Ebbeson_0002.jpg,Anders_Ebbeson,1,1.0,0.8674740791320801,0.8674740791320801,Anders_Ebbeson,Anthony_Hopkins,Joseph_Biden,Charlton_Heston,George_Brumley,Richard_Gephardt,John_Rigas,George_Voinovich,John_Taylor,Jose_Serra,Arlen_Specter,Michael_J_Sheehan,John_Snow,Trent_Lott,Thomas_OBrien,Ozzy_Osbourne,John_McCallum,Warren_Buffett,Mike_Price,Alvaro_Noboa,Debra_Brown,Jimmy_Carter,Jay_Garner,Tim_Floyd,Jeffrey_Archer,Charles_Mathews,Frank_Griswold,Vaclav_Havel,James_Kelly,Dennis_Powell,Hans_Eichel,Ralph_Lauren,David_Leahy,Dennis_Erickson,John_Negroponte,Manfred_Stolpe,Lynne_Cheney,Bob_Hope,Howard_Smith,Martha_Beatriz_Roque,Johnny_Carson,Costas_Simitis,Nick_Nolte,Patrick_Leahy,Jack_Straw,Jose_Dirceu,Roman_Polanski,Paul_Bremer,Peter_Harrison,Howard_Dean
probe/Anders_Fogh_Rasmussen/Anders_Fogh_Rasmussen_0002.jpg,Anders_Fogh_Rasmussen,1,1.0,0.8522746562957764,0.8522746562957764,Anders_Fogh_Rasmussen,William_Bratton,John_Allen_Muhammad,Gary_Doer,Bill_Callahan,Gregory_Geoffroy,Gary_Forsee,Charlton_Heston,Heizo_Takenaka,Dick_Clark,Hilmi_Ozkok,Alvaro_Uribe,Noah_Wyle,Nicanor_Duarte_Frutos,Carlos_Quintanilla_Schmidt,Abdullah_Gul,Jean-Claude_Braquet,Robert_Kocharian,Christian_Fittipaldi,OJ_Simpson,Anibal_Ibarra,Eddy_Merckx,Saddam_Hussein,Robert_Mueller,Hu_Jintao,John_Rosa,Antonio_Banderas,Costas_Simitis,Ernesto_Zedillo,John_F_Kennedy_Jr,Ishaq_Shahryar,Rolf_Eckrodt,Vitali_Klitschko,Ismail_Merchant,Gil_de_Ferran,Bob_Beauprez,Alex_Penelas,Joerg_Haider,John_Cusack,Tim_Allen,Paul_Bremer,Pupi_Avati,Chung_Mong-hun,Mario_Kreutzberger,Mohammad_Khatami,Trent_Lott,Hichiro_Naemura,George_Lopez,Kim_Ryong-sung,Mathias_Reichhold
probe/Andrei_Mikhnevich/Andrei_Mikhnevich_0002.jpg,Andrei_Mikhnevich,1,1.0,0.8299532532691956,0.8299532532691956,Andrei_Mikhnevich,Michael_Ballack,Larry_Lindsey,Darren_Clarke,Kevin_Spacey,Jose_Manuel_Durao_Barroso,Brad_Johnson,Paul-Henri_Mathieu,Luke_Walton,Gregg_Popovich,Olivia_Newton-John,Roy_Moore,Lindsey_Graham,Carlos_Manuel_Pruneda,George_Tenet,Antonio_Banderas,Gil_de_Ferran,Bernard_Lord,James_Gandolfini,Bashar_Assad,John_Kerry,Peter_Arnett,Eddy_Merckx,Jolanta_Kwasniewski,Carlo_Ancelotti,Bill_Parcells,Chris_Bell,Zoran_Djindjic,Igor_Ivanov,Christine_Ebersole,Tony_Curtis,Ali_Abbas,Mikhail_Kasyanov,Lou_Piniella,James_Parker,Brian_Cowen,Joe_Torre,Ann_Veneman,Jeffrey_Scott_Postell,Jason_Jennings,Mack_Brown,Judi_Dench,Georgi_Parvanov,Carmen_Electra,Elvis_Presley,Iain_Duncan_Smith,Gwendal_Peizerat,Sheila_Copps,Sean_Astin,Jean-Sebastien_Giguere
probe/Andrew_Bunner/Andrew_Bunner_0002.jpg,Andrew_Bunner,1,1.0,0.8126897811889648,0.8126897811889648,Andrew_Bunner,Joerg_Haider,Kenneth_Branagh,Guillermo_Coria,Richard_Gephardt,James_Kelly,Wesley_Clark,Jack_Straw,Tom_Daschle,Jim_Carrey,Gray_Davis,Brian_Cowen,Thomas_Birmingham,Jean-Sebastien_Giguere,James_McGreevey,Celine_Dion,Tim_Allen,Ralph_Lauren,Blythe_Danner,Carlo_Ancelotti,Michael_Phelps,George_Voinovich,Colin_Powell,Elsa_Zylberstein,Edward_James_Olmos,Gil_de_Ferran,Rupert_Grint,Jason_Jennings,Bruce_Van_De_Velde,Vaclav_Havel,LeAnn_Rimes,John_Allen_Muhammad,Dennis_Erickson,Luke_Walton,Paul_Bremer,Roy_Williams,Mathias_Reichhold,Edward_Norton,Brian_Griese,Scott_McNealy,Antonio_Banderas,Nick_Nolte,Alexander_Losyukov,Kirk_Johnson,Joe_Gatti,Bill_Simon,Chakib_Khelil,Brian_Wells,Michael_Chang,Trent_Lott
probe/Andrew_Cuomo/Andrew_Cuomo_0002.jpg,Andrew_Cuomo,1,1.0,0.7710905075073242,0.7710905075073242,Andrew_Cuomo,Leslie_Moonves,Tom_Crean,David_Heymann,Andrew_Niccol,Sean_Astin,Bill_Frist,Ron_Dittemore,Silvio_Berlusconi,George_Voinovich,Ilan_Ramon,John_Jumper,Federico_Trillo,Bill_Simon,Jada_Pinkett_Smith,George_Pataki,Justin_Guarini,Alex_Barros,John_Walsh,Yao_Ming,Gary_Williams,John_Brady,Eduardo_Duhalde,Tom_Daschle,Mark_Heller,Howard_Schultz,Julianne_Moore,Joe_Mantello,Todd_Haynes,Jorge_Arce,Larry_Lucchino,Kiki_Vandeweghe,Roy_Moore,Larry_Ellison,Mack_Brown,Gil_de_Ferran,Cindy_Margolis,Bo_Ryan,Roy_Williams,Jorge_Valdano,Larry_Brown,Jan_Ullrich,Kristanna_Loken,Chris_Cooper,Mike_Babcock,John_Abizaid,Guillermo_Coria,Gerry_Parsky,Paul-Henri_Mathieu,Lloyd_Ward
probe/Andrew_Niccol/Andrew_Niccol_0002.jpg,Andrew_Niccol,1,1.0,0.8707869052886963,0.8707869052886963,Andrew_Niccol,Federico_Trillo,Jeffrey_Scott_Postell,Eduardo_Duhalde,Doug_Duncan,Alec_Baldwin,Steve_Spurrier,Charles_Grassley,Gianna_Angelopoulos-Daskalaki,James_Jones,Michael_Douglas,Hashim_Thaci,Larry_Bowa,Jean-Claude_Trichet,Chris_Cooper,Georgi_Parvanov,David_Nalbandian,John_Manley,Spencer_Abraham,Ron_Dittemore,Roman_Polanski,Mark_Dacey,Greg_Ostertag,Jean-David_Levitte,Alex_Barros,Guido_Westerwelle,Richard_Sambrook,Zoran_Djindjic,David_Heymann,Andy_Hebb,Lindsey_Graham,Nia_Vardalos,Aleksander_Kwasniewski,Andrew_Cuomo,Sean_Astin,Alberto_Ruiz_Gallardon,Bill_Gates,Tom_Crean,Ilan_Ramon,John_Garamendi,Vaclav_Havel,Joseph_Estrada,Oswaldo_Paya,Jose_Dirceu,Dai_Bachtiar,Elsa_Zylberstein,Mikhail_Kasyanov,Larry_Coker,Todd_Haynes,Yevgeny_Kafelnikov
probe/Andy_Hebb/Andy_Hebb_0002.jpg,Andy_Hebb,1,1.0,0.8365170359611511,0.8365170359611511,Andy_Hebb,Mike_Babcock,Brad_Johnson,Alejandro_Toledo,John_Rosa,Rolf_Eckrodt,Bill_Gates,Federico_Trillo,Spencer_Abraham,Steve_Waugh,Jose_Manuel_Durao_Barroso,Bill_Callahan,Carlo_Ancelotti,Ali_Abbas,Paul_Bremer,Shaukat_Aziz,Hashim_Thaci,Edward_Said,David_Heymann,Mark_Cuban,Bill_Sizemore,Alejandro_Avila,Matthew_Perry,Augustin_Calleri,Mark_Heller,Harvey_Weinstein,Damon_van_Dam,Georgi_Parvanov,John_Garamendi,Bill_Frist,Ian_Thorpe,Andrew_Cuomo,Greg_Owen,Carmen_Electra,Oscar_De_La_Hoya,John_Manley,Prince_Naruhito,Jean-Claude_Juncker,Franco_Dragone,Oswaldo_Paya,Kirk_Ferentz,Leander_Paes,Jack_Grubman,Begum_Khaleda_Zia,Aldo_Paredes,James_Parker,Michael_Douglas,Marco_Antonio_Barrera,Eddy_Merckx,Derek_Lowe
probe/Angela_Lansbury/Angela_Lansbury_0002.jpg,Angela_Lansbury,1,1.0,0.8389798402786255,0.8389798402786255,Angela_Lansbury,Lynne_Cheney,Jean_Brumley,Herta_Daeubler-Gmelin,Harry_Kalas,Sheila_Copps,Doris_Roberts,Reese_Witherspoon,Jeanne_Moreau,Debra_Brown,Maggie_Smith,Gro_Harlem_Brundtland,Queen_Beatrix,Paula_Zahn,Elinor_Caplan,Kathleen_Kennedy_Townsend,John_McCallum,Donna_Shalala,Pupi_Avati,Frank_Griswold,Paula_Radcliffe,Melanie_Griffith,Abdullah_Gul,Gustavo_Kuerten,Eva_Dimas,Judi_Dench,Jeffrey_Immelt,Lindsay_Davenport,Kalpana_Chawla,Jane_Fonda,Karin_Stoiber,Bob_Hope,John_Taylor,Sean_Patrick_OMalley,Hillary_Clinton,Rick_Romley,Helen_Clark,Shannon_OBrien,Laila_Ali,Alex_Penelas,Erika_Christensen,Biljana_Plavsic,Elizabeth_Dole,Ann_Veneman,Sam_Bith,Christine_Gregoire,Len_Jenoff,John_Reilly,Diane_Green,Joan_Claybrook
probe/Angelo_Reyes/Angelo_Reyes_0002.jpg,Angelo_Reyes,1,1.0,0.903844952583313,0.903844952583313,Angelo_Reyes,Sam_Bith,Hun_Sen,GL_Peiris,Hu_Jintao,Dai_Bachtiar,Li_Peng,Colin_Powell,Annette_Lu,Kim_Jin-sun,Jia_Qinglin,Munir_Akram,Antony_Leung,Thaksin_Shinawatra,Megawati_Sukarnoputri,Kim_Jong-Il,Lee_Hoi-chang,Jong_Thae_Hwa,Tom_Daschle,Kim_Ryong-sung,Shaukat_Aziz,Lee_Tae-sik,Ali_Abbas,Miguel_Contreras,Henrique_Meirelles,Wang_Yingfan,Anwar_Ibrahim,Jorge_Castaneda,James_Traficant,Spencer_Abraham,Michael_Chang,Flor_Montulo,Trent_Lott,Ron_Dittemore,Hassan_Wirajuda,Alberto_Fujimori,Lim_Dong-won,Chok_Tong_Goh,Mikhail_Kasyanov,Fred_Eckhard,Abel_Pacheco,James_Kelly,Lee_Jun,Saeb_Erekat,Dennis_Kucinich,Mitoji_Yabunaka,Hichiro_Naemura,Kim_Dae-jung,Hamzah_Haz,Yao_Ming
probe/Anibal_Ibarra/Anibal_Ibarra_0002.jpg,Anibal_Ibarra,1,1.0,0.7369641065597534,0.7369641065597534,Anibal_Ibarra,Dick_Clark,Alvaro_Uribe,James_McGreevey,Stephen_Friedman,OJ_Simpson,Fidel_Castro,Mark_Warner,Jessica_Lange,Michael_Douglas,Sam_Torrance,Garry_Trudeau,Bob_Beauprez,Adolfo_Rodriguez_Saa,Mathias_Reichhold,Julio_Iglesias_Jr,Jackie_Chan,Nadine_Vinzens,Bill_Graham,Jim_Furyk,Jose_Serra,Liu_Mingkang,Gloria_Macapagal_Arroyo,Yasar_Yakis,Robert_Kocharian,Francis_Mer,Eduardo_Duhalde,Arsinee_Khanjian,Juan_Pablo_Montoya,Carlos_Bianchi,John_Malkovich,Bob_Hope,Vladimir_Putin,Job_Cohen,Julianne_Moore,Juan_Manuel_Marquez,Richard_Crenna,Prince_Edward,Hector_Babenco,Greg_Gilbert,Fayssal_Mekdad,Leszek_Miller,Lino_Oviedo,Gwendal_Peizerat,Alejandro_Toledo,Howard_Dean,Jessica_Alba,Orlando_Bloom,Steven_Spielberg,Richard_Shelby
probe/Ann_Veneman/Ann_Veneman_0002.jpg,Ann_Veneman,1,1.0,0.8978977799415588,0.8978977799415588,Ann_Veneman,Sheila_Copps,Helen_Clark,Cristina_Saralegui,Julie_Gerberding,Judy_Genshaft,Sharon_Frey,Silvia_Farina_Elia,Natalie_Coughlin,Lindsay_Davenport,Anna_Kournikova,Shannon_OBrien,Biljana_Plavsic,Claire_Leger,Joe_Gatti,Ellen_Engleman,Jean_Brumley,Queen_Beatrix,Elisabeth_Schumacher,Intisar_Ajouri,Paul_McNulty,Martha_Burk,Michael_Chang,Hanan_Ashrawi,Lina_Krasnoroutskaya,Erika_Christensen,Kathleen_Kennedy_Townsend,Tom_Cruise,Brian_Cowen,Hitomi_Soga,Aitor_Gonzalez,Herta_Daeubler-Gmelin,Martina_McBride,Andrew_Bunner,James_Gandolfini,Lily_Tomlin,Celine_Dion,Georgi_Parvanov,Nancy_Pelosi,George_Karl,Karin_Stoiber,Allison_Janney,Magui_Serna,Hayley_Tullett,Margaret_Thatcher,Jean_Carnahan,Amber_Tamblyn,Marcelo_Salas,Elinor_Caplan,Arantxa_Sanchez-Vicario
probe/Anna_Kournikova/Anna_Kournikova_0002.jpg,Anna_Kournikova,1,1.0,0.6392524242401123,0.6392524242401123,Anna_Kournikova,Erika_Christensen,Raghad_Saddam_Hussein,Marcelo_Salas,Jennifer_Aniston,Flavia_Delaroli,Desiree_Lemosi,Mike_Holmgren,Gian_Marco,Igor_Ivanov,Brad_Johnson,Elsa_Zylberstein,Jennifer_Lopez,Mary_Landrieu,Evan_Rachel_Wood,Mary-Kate_Olsen,Paulo_Cesar_Pinheiro,Natalie_Coughlin,David_Bell,Luis_Gonzalez_Macchi,Daniela_Hantuchova,Megawati_Sukarnoputri,Harry_Schmidt,Edward_Lu,Hashim_Thaci,Elizabeth_Smart,Christina_Aguilera,Asa_Hutchinson,Carmen_Electra,Ann_Veneman,Marat_Safin,Fran_Drescher,Xanana_Gusmao,Lindsay_Benko,Dolma_Tsering,Vicki_Zhao_Wei,Robert_De_Niro,Guillermo_Coria,Alexandra_Stevenson,Ricky_Ponting,Patty_Schnyder,Geoff_Hoon,Sean_Astin,Duane_Lee_Chapman,Corinne_Coman,Benjamin_Netanyahu,Michel_Temer,Saddam_Hussein,Marco_Antonio_Barrera,Dai_Bachtiar
probe/Anna_Nicole_Smith/Anna_Nicole_Smith_0002.jpg,Anna_Nicole_Smith,1,1.0,0.6416913270950317,0.6416913270950317,Anna_Nicole_Smith,Elin_Nordegren,Natalie_Maines,Mariangel_Ruiz_Torrealba,Elizabeth_Smart,Richard_Branson,Jorge_Batlle,Adrian_Nastase,Penelope_Ann_Miller,Priscilla_Presley,Marisa_Tomei,Harry_Belafonte,Angela_Lansbury,Nelson_Mandela,Omar_Sharif,Celine_Dion,Gerry_Adams,Annette_Bening,Reese_Witherspoon,Betsy_Smith,Julie_Gerberding,Kristanna_Loken,Judi_Dench,Mike_Miller,Jennifer_Reilly,Michelle_Pfeiffer,Kate_Capshaw,John_McCallum,Saeb_Erekat,Christine_Ebersole,Abdullah_Gul,Anna_Kournikova,Abdullah_al-Attiyah,Howard_Smith,Raquel_Welch,Sally_Kirkland,Nia_Vardalos,Elizabeth_Taylor,Inam-ul-Haq,Paulo_Cesar_Pinheiro,Elizabeth_Shue,Martin_Scorsese,John_Manley,Sandra_Bullock,Jan_Ullrich,Doris_Schroeder,James_Kopp,Olivia_Newton-John,Miroljub,Vicente_Fernandez
probe/Anneli_Jaatteenmaki/Anneli_Jaatteenmaki_0002.jpg,Anneli_Jaatteenmaki,1,1.0,0.7808233499526978,0.7808233499526978,Anneli_Jaatteenmaki,Meryl_Streep,Christine_Gregoire,Monica_Bellucci,Nancy_Pelosi,Yoko_Ono,Maggie_Smith,Debra_Brown,Chita_Rivera,Noah_Wyle,Karin_Stoiber,Gro_Harlem_Brundtland,Jean_Brumley,Lauren_Hutton,Paula_Radcliffe,Donna_Shalala,Bob_Hope,Shannon_OBrien,Herta_Daeubler-Gmelin,Hichiro_Naemura,Alec_Baldwin,Jane_Kaczmarek,Lynn_Abraham,Paul_McCartney,Lynne_Cheney,Angela_Lansbury,Margaret_Thatcher,Tammy_Lynn_Michaels,Franz_Muentefering,Gloria_Allred,Doris_Roberts,Patricia_Clarkson,Queen_Beatrix,Jean-Claude_Trichet,Julie_Gerberding,Elsa_Zylberstein,Ian_Thorpe,Matthew_Perry,Emily_Robison,Augustin_Calleri,John_Negroponte,Frank_Griswold,Dorthy_Moxley,Nancy_Reagan,Claire_Leger,Nestor_Kirchner,Barbara_Walters,Monica_Seles,Rita_Moreno,Michelle_Yeoh
probe/Annette_Bening/Annette_Bening_0002.jpg,Annette_Bening,1,1.0,0.7691837549209595,0.7691837549209595,Annette_Bening,Christine_Gregoire,Penelope_Ann_Miller,Celine_Dion,Julie_Taymor,Kate_Capshaw,Mary_Landrieu,Elisabeth_Schumacher,Xanana_Gusmao,Blythe_Danner,Brian_Wells,Elizabeth_Smart,Anna_Nicole_Smith,Sally_Kirkland,William_Ford_Jr,Elin_Nordegren,Joseph_Estrada,Bridget_Fonda,Ann_Veneman,Betsy_Smith,Patty_Schnyder,Andrew_Bunner,Megawati_Sukarnoputri,Queen_Beatrix,Patricia_Clarkson,Jane_Fonda,Carla_Myers,Kenneth_Branagh,Francis_Ford_Coppola,Cristina_Fernandez,Julie_Gerberding,Paula_Zahn,Branko_Crvenkovski,Coretta_Scott_King,Raghad_Saddam_Hussein,Thomas_Birmingham,Kristanna_Loken,Michelle_Pfeiffer,Roy_Moore,Monica_Seles,Nastassia_Kinski,Martina_McBride,Dai_Bachtiar,Mohammad_Khatami,Lindsay_Davenport,Jane_Pauley,Larry_Lucchino,Richard_Branson,Rupert_Grint,Carol_Burnett
probe/Annette_Lu/Annette_Lu_0002.jpg,Annette_Lu,1,1.0,0.8769817352294922,0.8769817352294922,Annette_Lu,Megawati_Sukarnoputri,Kim_Jin-sun,Gao_Qiang,Li_Peng,Jong_Thae_Hwa,Kim_Jong-Il,Lim_Dong-won,Chang_Dae-whan,Hu_Jintao,Thaksin_Shinawatra,Gary_Locke,Antony_Leung,Kim_Ryong-sung,Yoko_Ono,Kim_Dae-jung,Jackie_Chan,Chen_Liang_Yu,Jia_Qinglin,Gloria_Macapagal_Arroyo,Angelo_Reyes,Lee_Hoi-chang,Lee_Jun,Chung_Mong-hun,Dai_Bachtiar,Princess_Aiko,Diane_Green,Hun_Sen,Michael_Chang,Coretta_Scott_King,Flor_Montulo,Heizo_Takenaka,Lee_Tae-sik,Ann_Veneman,Dolma_Tsering,Hichiro_Naemura,Hitomi_Soga,Alberto_Fujimori,Brian_Cowen,Jamling_Norgay,Mitoji_Yabunaka,Elizabeth_Dole,Susan_Collins,Chung_Mong-joon,Edward_Lu,Elinor_Caplan,George_Robertson,Intisar_Ajouri,Pedro_Malan,Mohammad_Khatami
probe/Anthony_Fauci/Anthony_Fauci_0002.jpg,Anthony_Fauci,1,1.0,0.872503399848938,0.872503399848938,Anthony_Fauci,Ron_Dittemore,Bill_Simon,Jonathan_Edwards,Hun_Sen,Juan_Valencia_Osorio,Jean-David_Levitte,David_Heymann,Jack_Straw,John_Abizaid,Alvaro_Uribe,Jorge_Castaneda,Dalai_Lama,Gary_Williams,Miguel_Contreras,Shaukat_Aziz,Alejandro_Toledo,Vladimir_Putin,Andrew_Cuomo,Albrecht_Mentz,Robert_DeFraites,Vitali_Klitschko,Edward_Lu,Hassan_Wirajuda,Carlos_Quintanilla_Schmidt,Jefferson_Perez,Charlton_Heston,Wang_Yingfan,Geno_Auriemma,Lino_Oviedo,Bud_Selig,Bill_Gates,Munir_Akram,Charles_Kartman,Adolfo_Aguilar_Zinser,Larry_Brown,Marco_Antonio_Barrera,Andrew_Niccol,Zoran_Djindjic,Liu_Mingkang,Tom_Craddick,Inocencio_Arias,Leslie_Moonves,Trent_Lott,Ernesto_Zedillo,Hu_Jintao,Hashim_Thaci,Aldo_Paredes,Gerardo_Gambala,Yoko_Ono
probe/Anthony_Hopkins/Anthony_Hopkins_0002.jpg,Anthony_Hopkins,1,1.0,0.8121735453605652,0.8121735453605652,Anthony_Hopkins,Michael_Chiklis,Billy_Graham,Bobby_Robson,James_Ivory,John_Snow,George_Ryan,Joseph_Biden,Trent_Lott,George_Brumley,Anders_Ebbeson,John_Rigas,Charles_Grassley,Peter_Struck,Bob_Hope,Dennis_Kozlowski,Warren_Buffett,Bill_Graham,Jay_Garner,Goran_Persson,Richard_Norton-Taylor,Patrice_Chereau,Charles_Mathews,Klaus_Zwickel,Michael_J_Sheehan,Max_Mayfield,Peter_Arnett,Dick_Cheney,Paul_ONeill,Bernard_Landry,Pascal_Quignard,Larry_Lindsey,Robert_Zoellick,Robert_Duvall,Michael_Douglas,Larry_Brown,Alvaro_Noboa,Manfred_Stolpe,Robert_Bonner,Jeffrey_Archer,Art_Howe,Yasar_Yakis,Slobodan_Milosevic,Bill_Gates,Jose_Serra,Joe_Torre,Peter_Greenaway,Howard_Smith,Dennis_Erickson,Stellan_Skarsgard
probe/Anthony_LaPaglia/Anthony_LaPaglia_0002.jpg,Anthony_LaPaglia,1,1.0,0.8542485237121582,0.8542485237121582,Anthony_LaPaglia,Ben_Curtis,Alec_Baldwin,Bashar_Assad,David_Nalbandian,Chuck_Amato,Eduardo_Duhalde,Bruce_Weber,Noah_Wyle,Kurt_Busch,Michael_Douglas,Greg_Ostertag,Alimzhan_Tokhtakhounov,Damon_van_Dam,Bill_Callahan,Geoff_Hoon,Sean_Penn,Monica_Seles,Aleksander_Kwasniewski,Steve_Spurrier,Brad_Johnson,Arlen_Specter,Robbie_Fowler,Jim_Harrick,Juan_Pablo_Montoya,Kent_Rominger,Derek_Lowe,Lee_Tae-sik,Edward_Lu,Kim_Ryong-sung,Frank_Stallone,Elijah_Wood,Matthew_Perry,George_Robertson,Sean_Astin,Emily_Robison,David_Heymann,Ozzy_Osbourne,Mark_Geragos,Thomas_OBrien,Marco_Antonio_Barrera,Ricardo_Maduro,Jorge_Valdano,Vicente_Fernandez,Lech_Walesa,Mike_Holmgren,Gil_de_Ferran,Robert_Duvall,John_Walsh,David_Myers
probe/Antonio_Banderas/Antonio_Banderas_0002.jpg,Antonio_Banderas,590,0.001694915254237288,0.6097903847694397,0.05138170346617699,Eric_Clapton,James_Kelly,Alan_Ball,Charles_Grassley,John_Manley,Michael_Kostelnik,Richard_Gephardt,Anders_Ebbeson,Dennis_Erickson,George_Voinovich,Vaclav_Havel,Gray_Davis,Dick_Vermeil,James_Kopp,Pedro_Malan,Bernard_Landry,Kenneth_Branagh,Richard_Branson,Jimmy_Carter,David_Spade,Wesley_Clark,Julie_Gerberding,Harry_Kalas,Biljana_Plavsic,David_Leahy,Martha_Burk,Nick_Nolte,Charlton_Heston,Gro_Harlem_Brundtland,Lyle_Vanclief,Lawrence_MacAulay,Sean_Patrick_OMalley,William_Ford_Jr,Chakib_Khelil,Bill_Gates,Jose_Manuel_Durao_Barroso,Lynne_Cheney,Jack_Straw,Nicanor_Duarte_Frutos,Roman_Polanski,Bud_Selig,Charles_Mathews,Hootie_Johnson,Paul_McNulty,Sachiko_Yamada,Tom_Craddick,George_Pataki,Herta_Daeubler-Gmelin,Scott_McNealy,Wang_Yingfan
probe/Antony_Leung/Antony_Leung_0002.jpg,Antony_Leung,1,1.0,0.9038983583450317,0.9038983583450317,Antony_Leung,Hu_Jintao,Kim_Jong-Il,Kim_Jin-sun,Annette_Lu,Michael_Chang,Angelo_Reyes,Hun_Sen,Kim_Ryong-sung,Hassan_Wirajuda,Li_Peng,Rob_Schneider,Lee_Tae-sik,Chen_Liang_Yu,Edward_Lu,Megawati_Sukarnoputri,George_Pataki,Jong_Thae_Hwa,Lee_Hoi-chang,Lim_Dong-won,Tim_Allen,Dai_Bachtiar,William_Ford_Jr,Pedro_Malan,Alimzhan_Tokhtakhounov,Anwar_Ibrahim,Chang_Dae-whan,Jackie_Chan,Kim_Dae-jung,Hichiro_Naemura,Stanley_Tong,David_Trimble,George_Robertson,Joseph_Estrada,Chung_Mong-joon,Chung_Mong-hun,Goh_Kun,Jamling_Norgay,Jorge_Castaneda,Munir_Akram,Thaksin_Shinawatra,Camilla_Parker_Bowles,Candie_Kung,Ozzy_Osbourne,Jesse_Jackson,Jia_Qinglin,Bernard_Landry,Sachiko_Yamada,Gloria_Macapagal_Arroyo,Lee_Jun
probe/Anwar_Ibrahim/Anwar_Ibrahim_0002.jpg,Anwar_Ibrahim,1,1.0,0.8373375535011292,0.8373375535011292,Anwar_Ibrahim,Dai_Bachtiar,Hun_Sen,Antony_Leung,Michael_Chang,Kim_Ryong-sung,Jesse_Jackson,Joseph_Estrada,Johnson_Panjaitan,Jackie_Chan,Ken_Watanabe,Chen_Liang_Yu,Charles_Kartman,John_Stallworth,Edward_Lu,Ron_Dittemore,Dalai_Lama,William_Hochul,Angelo_Reyes,Annette_Lu,Hu_Jintao,Morgan_Freeman,John_Banko,Kim_Jin-sun,Hassan_Wirajuda,Kenneth_Evans,Nancy_Pelosi,Nasser_al-Kidwa,Kent_Rominger,Prince_Naruhito,Gary_Locke,Fidel_Castro,Thaksin_Shinawatra,Carlos_Quintanilla_Schmidt,Robert_DeFraites,William_Ford_Jr,David_Trimble,Xanana_Gusmao,Vladimir_Putin,Robert_Zoellick,Kieran_Prendergast,Lionel_Richie,Sam_Bith,Megawati_Sukarnoputri,Jong_Thae_Hwa,Nora_Bendijo,Yao_Ming,Bill_Simon,S_Jayakumar,Begum_Khaleda_Zia
probe/Arantxa_Sanchez-Vicario/Arantxa_Sanchez-Vicario_0002.jpg,Arantxa_Sanchez-Vicario,1,1.0,0.8061420917510986,0.8061420917510986,Arantxa_Sanchez-Vicario,Nadia_Petrova,Silvia_Farina_Elia,Meghann_Shaughnessy,Tomoko_Hagiwara,Marlene_Weingartner,Magui_Serna,Conchita_Martinez,Carolina_Moraes,Robert_Mugabe,Justin_Leonard,Lindsay_Davenport,Stacy_Dragila,Oswaldo_Paya,Julie_Gerberding,Monica_Seles,Martina_Hingis,Martha_Bowen,Blythe_Hartley,Lisa_Gottsegen,Eric_Hinske,Bill_Belichick,Juan_Pablo_Montoya,Kalpana_Chawla,Justine_Henin,Leslie_Ann_Woodward,Klaus_Zwickel,Nia_Vardalos,Anna_Kournikova,Jason_Alexander,Charlotte_Rampling,Fabiola_Zuluaga,Jennifer_Thompson,Mike_Weir,Guy_Hemmings,Kathleen_Kennedy_Townsend,Paul_McCartney,John_F_Kennedy_Jr,Jason_Lezak,Oscar_De_La_Hoya,Robert_Duvall,Venus_Williams,Herta_Daeubler-Gmelin,Emily_Robison,Greg_Gilbert,Jennifer_Rodriguez,Daniela_Hantuchova,Alexandra_Stevenson,Lou_Piniella,Martin_Brodeur
probe/Arianna_Huffington/Arianna_Huffington_0002.jpg,Arianna_Huffington,1,1.0,0.7449434399604797,0.7449434399604797,Arianna_Huffington,Sheila_Copps,Sandra_Bullock,Nancy_Pelosi,Helen_Clark,Nia_Vardalos,Daisy_Fuentes,Emma_Thompson,Kathleen_Kennedy_Townsend,Celine_Dion,Marissa_Jaret_Winokur,Liza_Minnelli,Isabelle_Huppert,Jackie_Chan,George_Robertson,Larry_Bowa,Simon_Cowell,Sally_Kirkland,Carlos_Manuel_Pruneda,Hillary_Clinton,Marisa_Tomei,Brad_Johnson,Mikulas_Dzurinda,Flavia_Delaroli,Martina_McBride,Gianna_Angelopoulos-Daskalaki,Gloria_Macapagal_Arroyo,Vicki_Zhao_Wei,Elizabeth_Smart,Augusto_Roa_Bastos,Blythe_Danner,Mike_Babcock,John_Garamendi,Abdullah,Luis_Figo,Sean_Astin,Gloria_Allred,Alvaro_Noboa,Paul-Henri_Mathieu,Daniela_Hantuchova,Freddy_Garcia,Nadia_Petrova,Claire_Leger,Michelle_Yeoh,Justine_Henin,Lea_Fastow,Oswaldo_Paya,Jimmy_Carter,Joe_Dumars,Julie_Taymor
probe/Arlen_Specter/Arlen_Specter_0002.jpg,Arlen_Specter,1,1.0,0.6142906546592712,0.6142906546592712,Arlen_Specter,Bud_Selig,Robert_Stack,Eduardo_Duhalde,Thomas_OBrien,Leslie_Moonves,Silvio_Berlusconi,Roman_Polanski,Pete_Sampras,Joe_Torre,Nestor_Kirchner,Alvaro_Noboa,Butch_Davis,Boris_Becker,Hillary_Clinton,Edward_Said,Richard_Crenna,Vladimir_Putin,Billy_Sollie,Pamela_Anderson,Pat_Cox,Ilan_Ramon,Nancy_Pelosi,Marc_Grossman,Frank_Cassell,Bill_Frist,Christopher_Walken,Ron_Dittemore,Alan_Ball,Fidel_Castro,Valdas_Adamkus,Jackie_Chan,William_Ford_Jr,Michael_Douglas,Jeffrey_Jones,Camilla_Parker_Bowles,Gerry_Parsky,Geoff_Hoon,Paula_Radcliffe,Gray_Davis,Julie_Gerberding,Sean_Penn,Robert_Duvall,Vaclav_Havel,Emile_Lahoud,Larry_Brown,Abel_Pacheco,Warren_Buffett,Larry_Coker,George_Pataki
probe/Arnaud_Clement/Arnaud_Clement_0002.jpg,Arnaud_Clement,1,1.0,0.5938404202461243,0.5938404202461243,Arnaud_Clement,Gustavo_Kuerten,Dale_Earnhardt_Jr,Derek_Lowe,Jim_Furyk,Joseph_Deiss,Barry_Zito,Michael_Phelps,Darrell_Porter,Scott_Rudin,Jason_Jennings,Yevgeny_Kafelnikov,Mike_Weir,Brad_Johnson,Robin_McLaurin_Williams,Bill_Graham,Padraig_Harrington,Serena_Williams,Mario_Cipollini,Jason_Kidd,Mikhail_Youzhny,Kirk_Ferentz,George_Robertson,Iban_Mayo,Jon_Gruden,Orlando_Bloom,Tyler_Hamilton,David_Coulthard,Tom_Glavine,Mike_Babcock,Jeffrey_Archer,Sue_Wicks,Leland_Chapman,LeBron_James,Aitor_Gonzalez,Paula_Radcliffe,Greg_Owen,Paul-Henri_Mathieu,David_Trimble,Sourav_Ganguly,Julianne_Moore,Tom_Daschle,Ron_Dittemore,Ben_Curtis,Sean_Penn,Marat_Safin,Latrell_Sprewell,Peter_Struck,Guillermo_Coria,Demetrius_Ferraciu
probe/Arnold_Palmer/Arnold_Palmer_0002.jpg,Arnold_Palmer,1,1.0,0.8208616971969604,0.8208616971969604,Arnold_Palmer,Bob_Hope,George_Voinovich,John_Timoney,Bobby_Robson,Costas_Simitis,Bill_Graham,Charles_Mathews,Anthony_Hopkins,Gunter_Pleuger,David_Leahy,Dennis_Erickson,Paul_ONeill,James_Kelly,Ernie_Eves,Goran_Persson,Anders_Ebbeson,Leszek_Miller,John_Snow,Dick_Cheney,Bernard_Landry,Franz_Muentefering,Billy_Sollie,James_Ivory,Hans_Eichel,Valery_Giscard_dEstaing,Dick_Vermeil,Nick_Nolte,Thomas_OBrien,Chris_Cooper,George_Brumley,Joseph_Biden,Lech_Walesa,Boris_Yeltsin,Robert_Zoellick,Michael_Kostelnik,Larry_Brown,Lyle_Vanclief,Patrick_Leahy,Trent_Lott,Cesar_Maia,Mike_Holmgren,Mel_Brooks,Dennis_Powell,Charlton_Heston,Howard_Smith,Sam_Bith,Michelle_Yeoh,Silvio_Berlusconi,Valdas_Adamkus
probe/Aron_Ralston/Aron_Ralston_0002.jpg,Aron_Ralston,1,1.0,0.5935088396072388,0.5935088396072388,Aron_Ralston,Jan_Ullrich,Ron_Howard,Richard_Gephardt,David_Nalbandian,Bill_Frist,James_Kopp,Bill_Simon,Mathias_Reichhold,Luis_Figo,Tom_Crean,Mario_Cipollini,Sean_Astin,Yevgeny_Kafelnikov,Pete_Sampras,George_Pataki,Justine_Henin,Boris_Becker,Hermann_Maier,Ron_Dittemore,Prince_Harry,Tom_Glavine,Iban_Mayo,Barrett_Jackman,Larry_Ellison,Camilla_Parker_Bowles,Alan_Mulally,Isaiah_Washington,Justin_Leonard,Elizabeth_Smart,Patty_Schnyder,Kiki_Vandeweghe,Claire_Hentzen,Prince_Willem-Alexander,Peter_Struck,Felix_Mantilla,Guido_Westerwelle,Peter_Hillary,Arlen_Specter,Roy_Moore,Jim_Furyk,Elijah_Wood,Tracee_Ellis_Ross,Theo_Epstein,Luis_Horna,Stanley_McChrystal,Lindsay_Benko,Martin_Verkerk,Jon_Gruden,Julianne_Moore
probe/Arsinee_Khanjian/Arsinee_Khanjian_0002.jpg,Arsinee_Khanjian,1,1.0,0.6349347829818726,0.6349347829818726,Arsinee_Khanjian,Monica_Bellucci,Elsa_Zylberstein,Sarah_Jessica_Parker,Valery_Giscard_dEstaing,Charlotte_Rampling,Benazir_Bhutto,Nancy_Pelosi,Hillary_Clinton,Paul_ONeill,Margaret_Thatcher,Gillian_Anderson,Rita_Wilson,Isabelle_Huppert,Donatella_Versace,Priscilla_Owen,Shannon_OBrien,Pascal_Lamy,Anneli_Jaatteenmaki,Aung_San_Suu_Kyi,Jennifer_Aniston,Alec_Baldwin,Lauren_Killian,Jesse_James_Leija,James_Gandolfini,David_Heyman,Betsy_Smith,Dino_de_Laurentis,Alejandro_Toledo,Lily_Tomlin,Gloria_Allred,Frank_Cassell,Bob_Beauprez,Cameron_Diaz,Vitali_Klitschko,Claire_Danes,Costas_Simitis,Vladimir_Putin,Kathy_Winters,John_Howard,Yukiko_Okudo,Ahmet_Necdet_Sezer,Lauren_Hutton,Julianne_Moore,Jackie_Chan,Ian_McKellen,Brooke_Shields,David_Spade,Helen_Clark,Barbra_Streisand
probe/Art_Hoffmann/Art_Hoffmann_0002.jpg,Art_Hoffmann,1,1.0,0.9229440093040466,0.9229440093040466,Art_Hoffmann,Hassan_Nasrallah,Abdullah_Gul,Bashar_Assad,Andrei_Mikhnevich,Marwan_Barghouthi,Luiz_Felipe_Scolari,Brad_Johnson,Jesse_Jackson,Mohammad_Khatami,Darren_Clarke,Larry_Ellison,Pedro_Solbes,Kent_Rominger,Lou_Piniella,Sean_Penn,Gunter_Pleuger,Greg_Owen,Juergen_Peters,James_Parker,Bernard_Lord,Alec_Baldwin,Mark_Geragos,Carmen_Electra,Derek_Lowe,Johnny_Depp,John_Banko,Marc_Grossman,Abel_Pacheco,Aleksander_Kwasniewski,Alejandro_Avila,Fidel_Castro,Robert_De_Niro,Ken_Watanabe,Prince_Naruhito,George_Karl,Oswaldo_Paya,Saddam_Hussein,Luciano_Pavarotti,Mike_Holmgren,Thaksin_Shinawatra,Damon_van_Dam,Mikulas_Dzurinda,John_Reilly,Carlo_Ancelotti,Joseph_Estrada,Ernie_Fletcher,Xanana_Gusmao,Richard_Sambrook,David_Wolf
probe/Art_Howe/Art_Howe_0002.jpg,Art_Howe,1,1.0,0.8685632944107056,0.8685632944107056,Art_Howe,Robert_Duvall,Gary_Carter,Michael_Douglas,Gregg_Popovich,Larry_Brown,Yevgeny_Kafelnikov,Frank_Solich,Roman_Polanski,Peter_Hillary,Michael_Chiklis,Richard_Gephardt,Ilan_Ramon,Jim_Furyk,Yasar_Yakis,Jon_Gruden,Gary_Williams,Patrice_Chereau,Bill_Simon,Frank_Cassell,Billy_Graham,Vladimir_Putin,Pascal_Quignard,John_Jumper,Guy_Hemmings,Martin_Brodeur,Pete_Sampras,John_Spencer,George_Karl,Bud_Selig,Jose_Manuel_Durao_Barroso,Larry_Coker,John_Manley,Howard_Dean,Bill_Graham,Mathias_Reichhold,Dennis_Erickson,Leslie_Moonves,Bo_Ryan,John_Abizaid,Alexander_Losyukov,Thierry_Falise,George_Tenet,Tom_Crean,Martin_Scorsese,Daniel_Day-Lewis,Valdas_Adamkus,Aleksander_Kwasniewski,Hector_Babenco,Peter_Greenaway
probe/Arye_Mekel/Arye_Mekel_0002.jpg,Arye_Mekel,1,1.0,0.9407598972320557,0.9407598972320557,Arye_Mekel,Jimmy_Carter,Paul_ONeill,Saeb_Erekat,Li_Peng,Lim_Dong-won,Chok_Tong_Goh,Pedro_Malan,Spencer_Abraham,Inam-ul-Haq,Antony_Leung,Gabriel_Valdes,Dick_Cheney,Colin_Powell,Bob_Hope,Nasser_al-Kidwa,Bill_Graham,Jorge_Castaneda,Abel_Pacheco,Chen_Liang_Yu,GL_Peiris,Kieran_Prendergast,Henrique_Meirelles,Richard_Sambrook,Paul_Patton,Kim_Jong-Il,Jorge_Batlle,Robin_Cook,Francis_Ford_Coppola,Charles_Kartman,Franz_Beckenbauer,Joseph_Estrada,Cruz_Bustamante,Gao_Qiang,Larry_Brown,William_Martin,Munir_Akram,Charlie_Zaa,Sean_Patrick_OMalley,Nicanor_Duarte_Frutos,Jean-Claude_Juncker,David_Trimble,Miguel_Contreras,John_Negroponte,Fidel_Castro,Kim_Ryong-sung,Pupi_Avati,John_Snow,John_Howard,Hu_Jintao
probe/Asa_Hutchinson/Asa_Hutchinson_0002.jpg,Asa_Hutchinson,1,1.0,0.7144416570663452,0.7144416570663452,Asa_Hutchinson,Geoff_Hoon,Bill_Nelson,Elizabeth_Dole,Gary_Doer,Alvaro_Uribe,Cesar_Maia,Thomas_Fargo,Billy_Sollie,Gary_Forsee,Ian_McKellen,Yasar_Yakis,Robert_Zoellick,Gregory_Geoffroy,Kevin_Spacey,Chuck_Yeager,Michael_Kostelnik,Vaclav_Havel,Valdas_Adamkus,Howard_Dean,Daryl_Hannah,Franz_Muentefering,Tom_Daschle,Colin_Powell,Pascal_Lamy,Jonathan_Edwards,John_Banko,Guillermo_Coria,Abdullatif_Sener,Slobodan_Milosevic,Dennis_Erickson,Vladimir_Putin,Gary_Carter,Jose_Sarney,Adolfo_Rodriguez_Saa,Butch_Davis,Robert_De_Niro,Daniela_Hantuchova,Tony_Curtis,Jonathan_Mostow,Roy_Williams,Venus_Williams,Martha_Burk,Dave_Campo,Lyle_Vanclief,George_Pataki,Jay_Rasulo,Robert_Bonner,Gray_Davis,Johnson_Panjaitan
probe/Ashanti/Ashanti_0002.jpg,Ashanti,1,1.0,0.8154911994934082,0.8154911994934082,Ashanti,Mariah_Carey,Lindsay_Davenport,Kelli_White,Marlene_Weingartner,Venus_Williams,Serena_Williams,Peter_Bacanovic,Chanda_Rubin,Dolma_Tsering,Oscar_De_La_Hoya,Jada_Pinkett_Smith,Grady_Irvin_Jr,Joe_Gatti,Joerg_Haider,Patrick_Ewing,Lloyd_Ward,Natalie_Coughlin,Gregory_Hines,Eunice_Barber,Tamara_Brooks,Julie_Gerberding,Colin_Powell,Matthew_Perry,Martha_Burk,Michael_J_Sheehan,Paul_McCartney,Thabo_Mbeki,Jorge_Arce,Sharon_Frey,Vincent_Brooks,Guillermo_Coria,James_Schultz,Alejandro_Avila,Tyra_Banks,Kenneth_Evans,Joe_Calzaghe,Jennifer_Thompson,Bob_Geldof,Diane_Green,Rich_Gannon,Zoran_Djindjic,Chris_Rock,Jennifer_Lopez,Richard_Gephardt,Laila_Ali,Natalie_Maines,Pete_Sampras,Lynne_Cheney,Cathy_Freeman
probe/Augustin_Calleri/Augustin_Calleri_0002.jpg,Augustin_Calleri,1,1.0,0.8160073757171631,0.8160073757171631,Augustin_Calleri,Leander_Paes,Gro_Harlem_Brundtland,Juan_Pablo_Montoya,James_Blake,Ian_Thorpe,Ben_Glisan,Mike_Weir,Jude_Law,Scott_Rudin,Julie_Gerberding,Joe_Mantello,Jean-Sebastien_Giguere,Jean_Carnahan,Isaiah_Washington,Oscar_De_La_Hoya,Bob_Hope,Mark_Heller,Jim_Carrey,Pete_Sampras,Herta_Daeubler-Gmelin,Albert_Costa,Spencer_Abraham,George_Lopez,Robby_Ginepri,Vaclav_Havel,Pascal_Quignard,Anneli_Jaatteenmaki,Jane_Kaczmarek,Alan_Ball,Abdullah,Jan_Ullrich,Mitchell_Daniels,Jonathan_Edwards,Greg_Rusedski,Nancy_Pelosi,Shannon_OBrien,Jose_Mourinho,Julianne_Moore,Gustavo_Kuerten,Adam_Scott,Gerry_Adams,Margaret_Thatcher,Theo_Epstein,Michelle_Pfeiffer,Jeffrey_Archer,Sourav_Ganguly,Carson_Daly,Yasar_Yakis,Nastassia_Kinski
probe/Augusto_Pinochet/Augusto_Pinochet_0002.jpg,Augusto_Pinochet,1,1.0,0.9017732739448547,0.9017732739448547,Augusto_Pinochet,Jimmy_Carter,Ozzy_Osbourne,Ferenc_Madl,Christopher_Walken,Brian_Mulroney,Gray_Davis,Yasser_Arafat,Charlton_Heston,Joseph_Biden,Valery_Giscard_dEstaing,Alexander_Rumyantsev,John_Rigas,Robin_Cook,Mohamed_Benaissa,Frank_Lautenberg,Kim_Jong-Il,Marc-Andre_Fleury,John_Howard,Bob_Hope,Pupi_Avati,Carl_Reiner,George_Ryan,Anders_Ebbeson,Vaclav_Havel,George_Pataki,Richard_Gephardt,Wang_Yingfan,Tony_Bennett,George_Brumley,Warren_Buffett,James_Ivory,Jean-Claude_Juncker,Mel_Brooks,Hichiro_Naemura,Arnold_Palmer,Arlen_Specter,Kim_Dae-jung,Richie_Adubato,John_Snow,Rupert_Grint,Jack_Straw,Boris_Becker,Dick_Cheney,David_Trimble,Bernard_Landry,Charles_Mathews,Sandra_Bullock,Nelson_Mandela,Inocencio_Arias
probe/Augusto_Roa_Bastos/Augusto_Roa_Bastos_0002.jpg,Augusto_Roa_Bastos,1,1.0,0.7966100573539734,0.7966100573539734,Augusto_Roa_Bastos,Manfred_Stolpe,Jimmy_Carter,Peter_Arnett,George_Ryan,Alvaro_Noboa,Bobby_Robson,Boris_Yeltsin,Larry_Lindsey,Thomas_OBrien,Paul_ONeill,Jay_Garner,Angelo_Reyes,Trent_Lott,Colin_Powell,GL_Peiris,Yasar_Yakis,Christopher_Patten,Billy_Graham,Mel_Brooks,John_Rigas,Joseph_Biden,Henrique_Meirelles,Jean-Claude_Trichet,Nelson_Mandela,Anthony_Hopkins,Augusto_Pinochet,Ernie_Eves,Sally_Kirkland,Warren_Buffett,Slobodan_Milosevic,Sandra_Bullock,Ali_Abbas,Rick_Romley,Silvio_Berlusconi,Adrian_Nastase,Johnny_Carson,Sheila_Copps,Bijan_Namdar_Zangeneh,Harvey_Weinstein,Dave_Campo,Pat_Cox,Intisar_Ajouri,Valdas_Adamkus,Angela_Lansbury,Larry_Brown,Robert_Stack,Rob_Schneider,Jorge_Batlle,Chok_Tong_Goh
probe/Aung_San_Suu_Kyi/Aung_San_Suu_Kyi_0002.jpg,Aung_San_Suu_Kyi,1,1.0,0.6298484802246094,0.6298484802246094,Aung_San_Suu_Kyi,Yukiko_Okudo,Nancy_Pelosi,Yoko_Ono,Michelle_Yeoh,Li_Peng,Hitomi_Soga,Thomas_OBrien,Zhang_Ziyi,Coretta_Scott_King,Megawati_Sukarnoputri,Kim_Dae-jung,Anna_Kournikova,Hisao_Oguchi,Gloria_Macapagal_Arroyo,Kim_Ryong-sung,Sachiko_Yamada,Alberto_Fujimori,Hanan_Ashrawi,Nora_Bendijo,Fabiola_Zuluaga,Kwon_Yang-sook,Lisa_Ling,Hichiro_Naemura,Gary_Winnick,Lino_Oviedo,Heizo_Takenaka,Conchita_Martinez,Geoff_Hoon,Takashi_Sorimachi,Wang_Yingfan,Candie_Kung,Gerard_Depardieu,Flor_Montulo,Rita_Moreno,Jackie_Chan,Hillary_Clinton,Sophia_Loren,Gray_Davis,Karen_Mok,Lee_Hoi-chang,Arsinee_Khanjian,Marco_Antonio_Barrera,Lee_Jun,Edward_Lu,Silvio_Berlusconi,Hun_Sen,Joseph_Estrada,Saparmurat_Niyazov,Martha_Burk
probe/Barbara_Brezigar/Barbara_Brezigar_0002.jpg,Barbara_Brezigar,1,1.0,0.7563048005104065,0.7563048005104065,Barbara_Brezigar,Dorthy_Moxley,Kathleen_Kennedy_Townsend,Nancy_Pelosi,Paula_Radcliffe,Helen_Clark,Hillary_Clinton,Sarah_Jessica_Parker,Dennis_Kucinich,Alice_Fisher,Tim_Allen,Doris_Schroeder,Jean_Carnahan,Patricia_Clarkson,Madonna,David_Caraway,Christine_Gregoire,Hermann_Maier,George_Robertson,Al_Davis,Paula_Zahn,Meryl_Streep,Justine_Henin,Conchita_Martinez,Edie_Falco,Jean_Brumley,Hu_Jintao,Julie_Taymor,Sheila_Wellstone,Cameron_Diaz,Valerie_Harper,Monica_Seles,Gillian_Anderson,Mathias_Reichhold,Arianna_Huffington,Coretta_Scott_King,Hichiro_Naemura,Alastair_Campbell,Christine_Ebersole,Marie-Reine_Le_Gougne,Hayley_Tullett,Julianne_Moore,Lauren_Hutton,Iva_Majoli,Priscilla_Owen,Nancy_Reagan,Jesse_Jackson,Lauren_Killian,Brooke_Shields,Robert_Stack
probe/Barbara_Walters/Barbara_Walters_0002.jpg,Barbara_Walters,1,1.0,0.8270796537399292,0.8270796537399292,Barbara_Walters,Goldie_Hawn,Jeanne_Moreau,Sally_Kirkland,Dolly_Parton,Christine_Ebersole,Yoko_Ono,Elizabeth_Dole,Jessica_Lange,Hillary_Clinton,Sheila_Copps,Isabelle_Huppert,Doris_Schroeder,Lynn_Abraham,Patricia_Clarkson,Lynne_Cheney,Kathleen_Kennedy_Townsend,Karin_Stoiber,Gloria_Macapagal_Arroyo,Marilyn_Monroe,Raquel_Welch,John_Rigas,Nancy_Pelosi,Liza_Minnelli,Ann_Veneman,Sophia_Loren,Christine_Gregoire,Benazir_Bhutto,Chita_Rivera,Jane_Pauley,Martha_Beatriz_Roque,Juan_Pablo_Montoya,Elizabeth_Taylor,Augusto_Roa_Bastos,Cristina_Saralegui,Ozzy_Osbourne,Owen_Wilson,Marissa_Jaret_Winokur,Yasar_Yakis,Cameron_Diaz,Edie_Falco,Cindy_Margolis,Brigitte_Boisselier,Paul-Henri_Mathieu,Stockard_Channing,Hisao_Oguchi,Jolanta_Kwasniewski,Arianna_Huffington,Pete_Sampras,Maggie_Smith
probe/Barbra_Streisand/Barbra_Streisand_0002.jpg,Barbra_Streisand,1,1.0,0.8249225616455078,0.8249225616455078,Barbra_Streisand,Paula_Radcliffe,Ellen_DeGeneres,Tom_Cruise,Kate_Capshaw,Mel_Brooks,Karin_Stoiber,Joe_Nichols,Sophia_Loren,Hanan_Ashrawi,Roman_Polanski,Geraldine_Chaplin,Barbara_Walters,Melanie_Griffith,Celine_Dion,Thomas_OBrien,Augusto_Roa_Bastos,Bo_Pelini,Queen_Beatrix,Gwendal_Peizerat,Julie_Gerberding,Sarah_Jessica_Parker,Sheila_Wellstone,Rita_Wilson,Doris_Schroeder,Paul_McCartney,Arlen_Specter,Nia_Vardalos,Edward_Lu,Nick_Nolte,Kim_Dae-jung,Tammy_Lynn_Michaels,Gary_Carter,Jerry_Falwell,Jason_Kidd,Biljana_Plavsic,George_Voinovich,Gloria_Allred,Susan_Collins,Maggie_Smith,Judi_Dench,Raquel_Welch,John_Ruiz,Janica_Kostelic,Debra_Brown,LeAnn_Rimes,Ozzy_Osbourne,Paul_Bremer,Jackie_Chan,Costas_Simitis
probe/Barrett_Jackman/Barrett_Jackman_0002.jpg,Barrett_Jackman,1,1.0,0.8717285990715027,0.8717285990715027,Barrett_Jackman,Luis_Horna,Kifah_Ajouri,Ron_Howard,Mike_Weir,Oswaldo_Paya,Martin_Verkerk,Mario_Cipollini,Padraig_Harrington,Peter_Hillary,Daniel_Day-Lewis,Kiki_Vandeweghe,Greg_Rusedski,Franz_Beckenbauer,Justin_Leonard,Stephen_Friedman,Don_Nickles,John_Malkovich,Pete_Sampras,Frank_Solich,Luis_Figo,Daniela_Hantuchova,Eric_Rosser,Robert_Bonner,Dan_Wheldon,John_Snow,Blythe_Danner,Klaus_Zwickel,William_Martin,Lord_Hutton,Albert_Costa,Robert_Kocharian,Matt_Doherty,Sally_Kirkland,Pascal_Lamy,Herb_Sendek,Silvio_Berlusconi,Mathias_Reichhold,Vicente_Fernandez,Charlton_Heston,Elizabeth_Smart,Mario_Dumont,Theo_Epstein,Aitor_Gonzalez,Brian_Griese,Pascal_Quignard,Johnny_Carson,Lina_Krasnoroutskaya,Oscar_De_La_Hoya,Julie_Taymor
probe/Barry_Alvarez/Barry_Alvarez_0002.jpg,Barry_Alvarez,1,1.0,0.8839490413665771,0.8839490413665771,Barry_Alvarez,John_Negroponte,Jorge_Rodolfo_Canicoba_Corral,Frank_Lautenberg,Guillermo_Ortiz,Kemal_Dervis,Costas_Simitis,Cruz_Bustamante,Matthew_Perry,Michael_Chiklis,Jason_Alexander,Peter_Arnett,Dick_Cheney,Bijan_Namdar_Zangeneh,John_Rigas,Jose_Serra,Francis_George,Ralph_Lauren,Art_Howe,Frank_Cassell,Lon_Kruger,John_McCallum,Dennis_Kozlowski,Natalie_Maines,Jamie_Villafane,Nabil_Shaath,Frank_Solich,Paul_Bremer,James_Ivory,Mike_Price,Liza_Minnelli,Bob_Hope,George_Tenet,Leon_LaPorte,Trent_Lott,Valery_Giscard_dEstaing,Luiz_Felipe_Scolari,Max_Mayfield,Paul_McCartney,Ferenc_Madl,Ismail_Merchant,Slobodan_Milosevic,James_Gandolfini,Klaus_Zwickel,Hans_Eichel,Imad_Moustapha,Jorge_Batlle,Job_Cohen,Dennis_Powell,Abdullah_al-Attiyah
probe/Barry_Zito/Barry_Zito_0002.jpg,Barry_Zito,1,1.0,0.6579642295837402,0.6579642295837402,Barry_Zito,Matthew_Perry,Juanes,Steve_Park,Gustavo_Kuerten,Natalie_Maines,Alex_Penelas,Paul_Byrd,Harry_Schmidt,Bill_Frist,Princess_Aiko,Elvis_Presley,John_Rosa,Yao_Ming,Johnny_Depp,Leland_Chapman,Dennis_Kucinich,David_Caraway,Klaus_Zwickel,James_Kopp,Eric_Rosser,Luke_Walton,John_Snow,Jorge_Arce,Lindsay_Davenport,Kirk_Ferentz,John_McCallum,Kalpana_Chawla,John_Reilly,Dale_Earnhardt_Jr,Eric_Hinske,Lon_Kruger,Vidar_Helgesen,Aleksander_Kwasniewski,Reese_Witherspoon,Don_Nickles,John_Malkovich,Stanley_McChrystal,Ben_Glisan,OJ_Simpson,Joe_Calzaghe,Marcus_Gronholm,Ricky_Ponting,Christina_Aguilera,Johnny_Unitas,Barrett_Jackman,Guillermo_Coria,Cyndi_Thompson,Trent_Lott,Mario_Dumont
probe/Bashar_Assad/Bashar_Assad_0002.jpg,Bashar_Assad,1,1.0,0.8090105056762695,0.8090105056762695,Bashar_Assad,Bernard_Lord,Alvaro_Uribe,Frank_Stallone,Jose_Mourinho,Paul_Bremer,John_Walsh,David_Wolf,Jorge_Valdano,Phil_Mickelson,Sam_Torrance,Mikulas_Dzurinda,Justin_Leonard,Laurent_Jalabert,Fred_Funk,Bruce_Weber,John_Kerry,George_Tenet,Art_Hoffmann,Gil_de_Ferran,Joe_Torre,Silvia_Farina_Elia,Ben_Curtis,Jeffrey_Scott_Postell,Sourav_Ganguly,Jamie_Villafane,Matthew_Perry,Carlos_Manuel_Pruneda,Christian_Fittipaldi,Priscilla_Presley,John_Abizaid,Eduardo_Duhalde,Magui_Serna,Alexander_Losyukov,Lina_Krasnoroutskaya,Marlene_Weingartner,Gary_Williams,Joe_Mantello,Kurt_Busch,Brian_Mulroney,Abdullah_al-Attiyah,Roman_Polanski,Rich_Gannon,Mohammad_Khatami,Zoran_Djindjic,Nancy_Pelosi,Larry_Bowa,Frank_Solich,David_Heymann,Arianna_Huffington
probe/Begum_Khaleda_Zia/Begum_Khaleda_Zia_0002.jpg,Begum_Khaleda_Zia,1,1.0,0.6821486949920654,0.6821486949920654,Begum_Khaleda_Zia,Annette_Lu,Gloria_Macapagal_Arroyo,Ann_Veneman,Angelo_Reyes,Intisar_Ajouri,Flor_Montulo,Carol_Moseley_Braun,Patti_Labelle,Megawati_Sukarnoputri,Rob_Schneider,Marcelo_Salas,Hitomi_Soga,Julie_Gerberding,Li_Peng,Munir_Akram,Ali_Abbas,Jong_Thae_Hwa,Hanan_Ashrawi,Claire_Hentzen,Kim_Jong-Il,Sam_Bith,Mary_Tyler_Moore,Yoko_Ono,Michael_Chang,Antony_Leung,Colin_Powell,Adolfo_Aguilar_Zinser,Alejandro_Toledo,Judi_Dench,Biljana_Plavsic,Nancy_Pelosi,Dai_Bachtiar,Todd_Haynes,Sheila_Copps,Anna_Kournikova,Larry_Ellison,Kim_Jin-sun,Helen_Clark,Princess_Aiko,Hamzah_Haz,Kwon_Yang-sook,Coretta_Scott_King,Mohammad_Khatami,Angela_Lansbury,Scott_McNealy,Nora_Bendijo,Pedro_Malan,GL_Peiris,Diana_Taurasi
probe/Ben_Curtis/Ben_Curtis_0002.jpg,Ben_Curtis,1,1.0,0.7671535611152649,0.7671535611152649,Ben_Curtis,Mike_Weir,Jim_Edmonds,Justin_Leonard,Jason_Lezak,Adam_Scott,Martina_Hingis,Pete_Sampras,Magui_Serna,Alvaro_Uribe,Jim_Furyk,Aitor_Gonzalez,William_Hochul,Phil_Mickelson,Frank_Dunham_Jr,John_Allen_Muhammad,Darrell_Porter,Greg_Owen,Guillermo_Coria,Kurt_Busch,Howard_Dean,Hector_Babenco,Matt_Doherty,Jose_Mourinho,Carmen_Electra,Conchita_Martinez,Robert_Kocharian,Jason_Jennings,Jorge_Arce,Meghann_Shaughnessy,Candie_Kung,Augustin_Calleri,Mitchell_Daniels,John_Cusack,Colin_Jackson,John_Abizaid,Oscar_De_La_Hoya,Carson_Daly,Scott_McClellan,Owen_Wilson,Brian_Griese,Padraig_Harrington,Gary_Bergeron,Tom_Glavine,Antonio_Banderas,John_McEnroe,Eric_Hinske,Marc-Andre_Fleury,Alexander_Losyukov,Rich_Gannon
probe/Ben_Glisan/Ben_Glisan_0002.jpg,Ben_Glisan,1,1.0,0.7611334919929504,0.7611334919929504,Ben_Glisan,Queen_Beatrix,Mario_Dumont,Joe_Gatti,John_Reilly,Natalie_Maines,Steve_Park,Amber_Tamblyn,Mike_Miller,Leland_Chapman,Julie_Gerberding,Michael_Ballack,Joe_Calzaghe,Spencer_Abraham,Judi_Dench,James_Kelly,Ricky_Ponting,Pete_Sampras,John_Rosa,Paul_Byrd,Augustin_Calleri,Alan_Ball,Thomas_Fargo,Harry_Kalas,Kiki_Vandeweghe,Vincent_Brooks,Antonio_Banderas,Johnny_Depp,Paul_McNulty,Brian_Griese,Jonathan_Edwards,Bo_Pelini,Aitor_Gonzalez,Robert_Bonner,Gustavo_Kuerten,Alex_Penelas,Carolyn_Dawn_Johnson,Paul_Bremer,Jamie_Villafane,Abdullah_Gul,Lindsay_Davenport,Jonathan_Mostow,Jean-David_Levitte,Lina_Krasnoroutskaya,Sachiko_Yamada,Vanessa_Williams,Albert_Costa,Tom_Daschle,Paul_ONeill,Franz_Beckenbauer
probe/Benazir_Bhutto/Benazir_Bhutto_0002.jpg,Benazir_Bhutto,1,1.0,0.776585042476654,0.776585042476654,Benazir_Bhutto,Nancy_Reagan,Lisa_Gottsegen,John_F_Kennedy_Jr,Patricia_Clarkson,Nancy_Pelosi,Eddy_Merckx,Oscar_De_La_Hoya,Bill_Gates,Rolf_Eckrodt,Goh_Kun,Yoko_Ono,Edie_Falco,Marilyn_Monroe,Amelia_Vega,Christine_Gregoire,Thabo_Mbeki,Olesya_Bonabarenko,Marissa_Jaret_Winokur,Lea_Fastow,Mohammad_Khatami,Jonathan_Edwards,Madonna,Julie_Taymor,Heidi_Fleiss,Hamzah_Haz,Elizabeth_Dole,Mohamed_Benaissa,Noah_Wyle,Elizabeth_Taylor,Bridget_Fonda,Jean_Brumley,Li_Peng,Hu_Jintao,Annette_Bening,Doris_Schroeder,Priscilla_Owen,Lisa_Ling,Stockard_Channing,Charlotte_Rampling,Gianna_Angelopoulos-Daskalaki,Ricky_Barnes,Hichiro_Naemura,Robbie_Fowler,Goldie_Hawn,Franko_Simatovic,Sandra_Bullock,Marisa_Tomei,Robert_DeFraites,Kwon_Yang-sook
probe/Benjamin_Netanyahu/Benjamin_Netanyahu_0002.jpg,Benjamin_Netanyahu,1,1.0,0.8371089100837708,0.8371089100837708,Benjamin_Netanyahu,John_Howard,Igor_Ivanov,Boris_Berezovsky,Marc_Grossman,Pascal_Lamy,Ahmet_Necdet_Sezer,Silvio_Berlusconi,Chuck_Amato,Iain_Duncan_Smith,Hillary_Clinton,Larry_Lucchino,Valdas_Adamkus,Shaukat_Aziz,Lino_Oviedo,Silvan_Shalom,Xanana_Gusmao,Adolfo_Rodriguez_Saa,Al_Davis,Anna_Kournikova,Adrian_Nastase,Edward_Said,Jonathan_Edwards,Zoran_Djindjic,Paul_ONeill,Nestor_Kirchner,Lou_Piniella,Dick_Latessa,Ray_Nagin,Henrique_Meirelles,Emile_Lahoud,Carolina_Moraes,Mohammad_Khatami,Herb_Sendek,Charles_Schumer,Mitchell_Daniels,Sean_Penn,Vladimir_Putin,Jennifer_Lopez,George_Pataki,Freddy_Garcia,Christopher_Patten,Jose_Mourinho,Carlo_Ancelotti,Bernardo_Segura,Nia_Vardalos,Slobodan_Milosevic,Li_Peng,Colin_Powell,Andrew_Cuomo
probe/Bernard_Landry/Bernard_Landry_0002.jpg,Bernard_Landry,1,1.0,0.7143586874008179,0.7143586874008179,Bernard_Landry,Peter_Struck,Pedro_Malan,Dick_Cheney,David_Trimble,Chok_Tong_Goh,William_Martin,Jay_Garner,Richie_Adubato,Trent_Lott,Jay_Rasulo,Max_Mayfield,Franz_Beckenbauer,Bill_Graham,Kim_Jong-Il,Jeffrey_Archer,Rick_Romley,Luis_Gonzalez_Macchi,Patrick_Leahy,Arye_Mekel,Robin_McLaurin_Williams,Larry_Brown,John_Snow,Valery_Giscard_dEstaing,James_Ivory,Joseph_Deiss,Christopher_Walken,Gerry_Parsky,Michael_J_Sheehan,Arnold_Palmer,Jorge_Batlle,Billy_Sollie,Charlton_Heston,Jose_Viegas_Filho,Costas_Simitis,Jose_Dirceu,David_Dodge,Hans_Eichel,Johnny_Carson,Robert_Bonner,Goran_Persson,Paul_ONeill,Joseph_Blatter,Ferenc_Madl,Bill_Gates,Dave_Campo,Franko_Simatovic,John_Howard,Jimmy_Carter,Francis_George
probe/Bernard_Lord/Bernard_Lord_0002.jpg,Bernard_Lord,1,1.0,0.8556469678878784,0.8556469678878784,Bernard_Lord,Kurt_Busch,Bashar_Assad,Alvaro_Uribe,Zoran_Djindjic,Mikulas_Dzurinda,Vladimir_Putin,Jim_Harrick,David_Myers,Iain_Duncan_Smith,Art_Hoffmann,Carlos_Manuel_Pruneda,Butch_Davis,Igor_Ivanov,Darren_Clarke,Oswaldo_Paya,Nestor_Kirchner,Richard_Sambrook,Nanni_Moretti,Chuck_Amato,Geoff_Hoon,Paul_Bremer,Inocencio_Arias,Emanuel_Ginobili,Jorge_Rodolfo_Canicoba_Corral,Jonathan_Edwards,Mark_Hamister,Phil_Mickelson,James_Cunningham,Pedro_Solbes,Kevin_Spacey,Gary_Williams,Hector_Babenco,Guy_Hemmings,David_Wolf,Guillermo_Coria,Celso_Amorim,Brad_Johnson,Chris_Bell,David_Nalbandian,Janet_Thorpe,James_Jones,Franko_Simatovic,Andrei_Mikhnevich,Abdullatif_Sener,John_Negroponte,Aleksander_Kwasniewski,Frank_Cassell,Jeffrey_Scott_Postell,Paul_McCartney
probe/Bernardo_Segura/Bernardo_Segura_0002.jpg,Bernardo_Segura,1,1.0,0.7440060377120972,0.7440060377120972,Bernardo_Segura,George_P_Bush,Vincent_Brooks,Jonathan_Edwards,James_McGreevey,Marcelo_Salas,Bob_Colvin,Spencer_Abraham,Jefferson_Perez,Oscar_De_La_Hoya,Alejandro_Toledo,Marat_Safin,Nicolas_Lapentti,Hashim_Thaci,Miguel_Contreras,Alexandra_Stevenson,Matthew_Perry,Juan_Pablo_Montoya,George_Lopez,Julio_Iglesias_Jr,Justin_Leonard,John_Rosa,Marc-Andre_Fleury,Marco_Antonio_Barrera,Jorge_Castaneda,Albert_Costa,Lino_Oviedo,Adolfo_Rodriguez_Saa,Manuel_Poggiali,Demetrius_Ferraciu,Carson_Daly,Elizabeth_Shue,Mario_Dumont,Leander_Paes,Munir_Akram,Emile_Lahoud,Jean-David_Levitte,Amanda_Beard,Silvan_Shalom,John_F_Kennedy_Jr,Mike_Weir,John_Howard,Howard_Dean,Juan_Valencia_Osorio,Alexander_Rumyantsev,James_Blake,Adam_Scott,Amanda_Coetzer,Alexander_Losyukov,Anna_Kournikova
probe/Bertrand_Bonello/Bertrand_Bonello_0002.jpg,Bertrand_Bonello,1,1.0,0.7744119167327881,0.7744119167327881,Bertrand_Bonello,Vladimir_Putin,Tom_Glavine,Tim_Allen,Mikhail_Kasyanov,Noah_Wyle,Ishaq_Shahryar,Martin_Verkerk,Art_Howe,Chakib_Khelil,Gary_Carter,Bill_Sizemore,Jon_Gruden,Gwendal_Peizerat,Sarah_Jessica_Parker,Patricia_Clarkson,Michael_Chang,James_Butts,Charlton_Heston,Meryl_Streep,Thomas_Rupprath,Guillermo_Coria,Brian_Heidik,Kirk_Ferentz,Derek_Lowe,Marcus_Gronholm,James_Traficant,Bill_Gates,Christopher_Walken,David_Nalbandian,David_Bell,Chris_Bell,Brad_Johnson,Geoff_Hoon,Edward_Lu,Vitali_Klitschko,Byron_Scott,John_Wolf,James_Parker,Thaksin_Shinawatra,Warren_Beatty,George_Roy_Hill,Damon_van_Dam,Bud_Selig,Jonathan_Edwards,Paula_Radcliffe,Guy_Ritchie,Prince_Naruhito,James_Cunningham,Bridget_Fonda
probe/Beth_Jones/Beth_Jones_0002.jpg,Beth_Jones,3,0.3333333333333333,0.5254436135292053,0.48003408312797546,Patty_Schnyder,Lindsay_Davenport,Beth_Jones,Anna_Kournikova,George_Pataki,Iva_Majoli,Lisa_Raymond,Thomas_OBrien,Eve_Pelletier,Sandra_Bullock,Karen_Mok,Jennifer_Thompson,Shannon_OBrien,Taufik_Hidayat,Daniela_Hantuchova,Ernie_Eves,Natalie_Coughlin,Elisabeth_Schumacher,Corinne_Coman,Cyndi_Thompson,Elizabeth_Smart,Jada_Pinkett_Smith,Larry_Lucchino,Venus_Williams,Amber_Tamblyn,Gloria_Macapagal_Arroyo,Bruce_Van_De_Velde,Roy_Moore,Ann_Veneman,Lim_Dong-won,Serena_Williams,Adolfo_Rodriguez_Saa,Megawati_Sukarnoputri,Dave_Campo,Jennifer_Aniston,Vanessa_Williams,Colin_Powell,Annette_Lu,Michael_Chang,Li_Peng,Sally_Kirkland,Julie_Gerberding,Jose_Dirceu,Candie_Kung,Blythe_Danner,Alexandra_Vodjanikova,Asa_Hutchinson,Sachiko_Yamada,Lee_Hoi-chang,Kristanna_Loken
probe/Betsy_Smith/Betsy_Smith_0002.jpg,Betsy_Smith,1,1.0,0.7775435447692871,0.7775435447692871,Betsy_Smith,Christine_Gregoire,Priscilla_Owen,Margaret_Thatcher,Debra_Brown,Doris_Schroeder,Jean_Carnahan,Kathleen_Kennedy_Townsend,Goldie_Hawn,Sue_Wicks,Michelle_Pfeiffer,Gabriel_Batistuta,Penelope_Ann_Miller,Harry_Kalas,Natalie_Maines,Kathleen_Glynn,Lynne_Cheney,Paula_Zahn,Brooke_Shields,Jodie_Foster,Maria_Luisa_Mendonca,Marie-Reine_Le_Gougne,Bridget_Fonda,Frank_Griswold,Augustin_Calleri,Queen_Beatrix,Mark_Schweiker,Greg_Owen,Sarah_Jessica_Parker,Cristina_Fernandez,Martha_Burk,Jean_Brumley,Nancy_Reagan,Julianne_Moore,Gillian_Anderson,Madonna,Bob_Hope,Anna_Nicole_Smith,Bob_Colvin,Nadia_Petrova,Steven_Spielberg,Kathryn_Bigelow,Christine_Ebersole,Costas_Simitis,John_Snow,Kristin_Davis,Gloria_Allred,Kathy_Winters,Amber_Tamblyn,Biljana_Plavsic
probe/Bijan_Namdar_Zangeneh/Bijan_Namdar_Zangeneh_0002.jpg,Bijan_Namdar_Zangeneh,1,1.0,0.9371849894523621,0.9371849894523621,Bijan_Namdar_Zangeneh,Jose_Serra,Peter_Arnett,Joe_Torre,Ibrahim_Jaafari,Barry_Alvarez,Manfred_Stolpe,Ismail_Merchant,Cruz_Bustamante,Jason_Kidd,Henrique_Meirelles,Augusto_Roa_Bastos,John_Rigas,Elizabeth_Smart,Gian_Marco,Ralph_Lauren,Mohammad_Khatami,Joseph_Biden,Pupi_Avati,John_McCallum,Carlos_Bianchi,John_Negroponte,Nabil_Shaath,Mel_Brooks,Yasar_Yakis,James_Gandolfini,Lynne_Cheney,Amram_Mitzna,Dick_Cheney,Larry_Lindsey,S_Jayakumar,Jack_Straw,Leonard_Hamilton,Jerry_Falwell,James_Traficant,Daniel_Day-Lewis,Frank_Stallone,Juan_Pablo_Montoya,Howard_Dean,Ali_Khamenei,Harry_Schmidt,Pat_Cox,Costas_Simitis,Evan_Rachel_Wood,Paulo_Cesar_Pinheiro,Yasser_Arafat,Leon_LaPorte,Abdullah_Gul,GL_Peiris,Frank_Lautenberg
probe/Biljana_Plavsic/Biljana_Plavsic_0002.jpg,Biljana_Plavsic,1,1.0,0.9089882373809814,0.9089882373809814,Biljana_Plavsic,Martha_Burk,Gro_Harlem_Brundtland,Joan_Claybrook,Judi_Dench,Karin_Stoiber,Roman_Polanski,Susan_Collins,Hanan_Ashrawi,Herta_Daeubler-Gmelin,Jean_Brumley,Anneli_Jaatteenmaki,Maggie_Smith,Helen_Clark,Jean_Carnahan,Tom_Cruise,Elizabeth_Dole,Janet_Thorpe,Ann_Veneman,Judy_Genshaft,Serena_Williams,Lynn_Abraham,James_Ivory,Gloria_Macapagal_Arroyo,Sheila_Wellstone,Barbra_Streisand,Paula_Radcliffe,Franz_Muentefering,Yoko_Ono,Donna_Shalala,Edward_Said,Kathleen_Kennedy_Townsend,Cristina_Saralegui,Diane_Green,Gloria_Allred,Tony_Curtis,Jean-Claude_Trichet,Dorthy_Moxley,Hitomi_Soga,Eric_Clapton,Margaret_Thatcher,Adolfo_Aguilar_Zinser,Melanie_Griffith,Robert_Mueller,Julie_Gerberding,Megawati_Sukarnoputri,Bud_Selig,Joseph_Deiss,Chris_Rock,Monica_Seles
probe/Bill_Belichick/Bill_Belichick_0002.jpg,Bill_Belichick,1,1.0,0.8191602230072021,0.8191602230072021,Bill_Belichick,David_Kelley,Roy_Moore,Pat_Cox,John_Walsh,Joe_Torre,Kathleen_Kennedy_Townsend,Lawrence_MacAulay,Yao_Ming,Pete_Rose,Warren_Buffett,Oswaldo_Paya,Richard_Crenna,Thomas_OBrien,Thomas_Birmingham,Bill_Nelson,James_Kelly,Bill_Frist,Silvio_Berlusconi,Dennis_Kucinich,Warren_Beatty,Alvaro_Uribe,Jean-David_Levitte,Nick_Nolte,Herb_Sendek,Steven_Spielberg,Alexandra_Vodjanikova,Chuck_Yeager,Jorge_Valdano,Alastair_Campbell,Mack_Brown,Trent_Lott,Brian_Griese,David_Heymann,Pamela_Anderson,Roy_Williams,Robert_Duvall,Kevin_Stallings,Franz_Muentefering,Jay_Garner,John_Kerry,Juanes,James_Kopp,Magui_Serna,Robert_Zoellick,Frank_Griswold,Kurt_Russell,Howard_Dean,Fred_Funk,Lindsey_Graham
probe/Bill_Callahan/Bill_Callahan_0002.jpg,Bill_Callahan,1,1.0,0.8420423269271851,0.8420423269271851,Bill_Callahan,Bill_Frist,Brad_Johnson,Paul_McNulty,Joseph_Ralston,Tim_Floyd,Simon_Cowell,Andy_Hebb,Mike_Babcock,Eddy_Merckx,Lee_Tae-sik,Saparmurat_Niyazov,Jean-David_Levitte,Paul_Bremer,Oswaldo_Paya,John_Garamendi,Gil_de_Ferran,Pete_Sampras,John_Kerry,Bill_Simon,Anders_Fogh_Rasmussen,David_Heymann,Rolf_Eckrodt,Ishaq_Shahryar,Nicanor_Duarte_Frutos,Noah_Wyle,Gary_Locke,Pete_Rose,Anthony_LaPaglia,Kurt_Russell,Mack_Brown,Gary_Doer,Geoff_Hoon,Kiki_Vandeweghe,Padraig_Harrington,David_Nalbandian,Lawrence_MacAulay,Bill_Gates,Marcus_Gronholm,Lee_Jun,Alex_Penelas,James_Kelly,Gary_Winnick,Edward_Said,James_Parker,Hilmi_Ozkok,Heizo_Takenaka,Mohammad_Khatami,Bruce_Weber,John_F_Kennedy_Jr
probe/Bill_Frist/Bill_Frist_0002.jpg,Bill_Frist,1,1.0,0.8780678510665894,0.8780678510665894,Bill_Frist,Tom_Daschle,Bill_Gates,George_Pataki,Trent_Lott,Michael_Kostelnik,John_Jumper,Jan_Ullrich,Mack_Brown,Nadia_Petrova,Jim_Carrey,Robert_Zoellick,Hootie_Johnson,Bill_Callahan,Bill_Simon,Paul_McNulty,Arlen_Specter,Joseph_Ralston,Jon_Gruden,Mikhail_Kasyanov,Georgi_Parvanov,Richard_Gephardt,Kenneth_Branagh,Anders_Ebbeson,Paul_Bremer,John_Allen_Muhammad,Hal_Sutton,Lon_Kruger,Gabriel_Valdes,Leslie_Moonves,Marat_Safin,Gary_Williams,John_Timoney,Thomas_Birmingham,James_Kelly,Bob_Hope,Venus_Williams,Andrew_Bunner,Christine_Gregoire,Arnold_Palmer,Ernesto_Zedillo,Christopher_Walken,John_Abizaid,Ishaq_Shahryar,John_McEnroe,Bruce_Van_De_Velde,Elsa_Zylberstein,Andrew_Cuomo,Marc_Grossman,Chris_Bell
probe/Bill_Gates/Bill_Gates_0002.jpg,Bill_Gates,1,1.0,0.8718702793121338,0.8718702793121338,Bill_Gates,Jose_Manuel_Durao_Barroso,Adolfo_Aguilar_Zinser,Bud_Selig,David_Trimble,Diane_Green,Marc_Grossman,Jorge_Castaneda,Jean-Claude_Juncker,Hassan_Wirajuda,Eric_Clapton,Alejandro_Toledo,Nicanor_Duarte_Frutos,Bill_Sizemore,Andy_Hebb,Fred_Eckhard,Wang_Yingfan,Abel_Pacheco,Georgi_Parvanov,Ian_Thorpe,Brian_Cowen,Hun_Sen,Mikhail_Kasyanov,Christian_Wulff,William_Ford_Jr,Bill_Simon,Tom_Crean,Ernesto_Zedillo,George_Robertson,Edie_Falco,Ilan_Ramon,David_Leahy,Damon_van_Dam,Charles_Grassley,Nestor_Kirchner,Elinor_Caplan,Sean_Patrick_OMalley,Bobby_Goldwater,Christopher_Walken,Greg_Ostertag,Ferenc_Madl,Ron_Dittemore,Dorthy_Moxley,Charlton_Heston,Michael_Kostelnik,James_Traficant,Geno_Auriemma,John_Manley,Bernard_Landry,Steve_Waugh
probe/Bill_Graham/Bill_Graham_0002.jpg,Bill_Graham,1,1.0,0.8071188926696777,0.8071188926696777,Bill_Graham,Paul_ONeill,James_Maguire,David_Dodge,William_Martin,John_Malkovich,Leszek_Miller,Dick_Cheney,Joseph_Biden,Robert_Duvall,Larry_Coker,Steven_Spielberg,Joseph_Deiss,Valdas_Adamkus,Klaus_Zwickel,Stephen_Friedman,Larry_Brown,Art_Howe,Yasar_Yakis,Franz_Beckenbauer,Max_Mayfield,Zoran_Djindjic,Bill_Nelson,Peter_Struck,Lord_Hutton,Jeffrey_Archer,Slobodan_Milosevic,Robert_Bonner,Charlton_Heston,John_Howard,Vladimir_Putin,Marco_Antonio_Barrera,John_Snow,Gregg_Popovich,Roy_Williams,Nick_Nolte,Tom_Craddick,Bob_Beauprez,Silvan_Shalom,Dave_Campo,Carl_Reiner,Chuck_Yeager,LeBron_James,Michael_Douglas,Johnny_Carson,Peter_Hillary,Harry_Schmidt,Bill_Simon,Mike_Price,Billy_Graham
probe/Bill_Nelson/Bill_Nelson_0002.jpg,Bill_Nelson,1,1.0,0.7923605442047119,0.7923605442047119,Bill_Nelson,Tom_Daschle,Chuck_Yeager,Roy_Moore,James_Kelly,Nick_Nolte,Robert_Zoellick,Lana_Clarkson,Warren_Beatty,David_Kelley,Kurt_Russell,Trent_Lott,Asa_Hutchinson,Elizabeth_Smart,Dennis_Kucinich,Dave_Campo,Simon_Cowell,Robert_Bonner,Kiki_Vandeweghe,Corinne_Coman,Ishaq_Shahryar,Lyle_Vanclief,Doug_Collins,Ron_Howard,Elizabeth_Dole,Pascal_Lamy,Frank_Solich,Ian_McKellen,Larry_Bowa,Chris_Cooper,Ron_Dittemore,Howard_Smith,Donald_Evans,James_Maguire,Aleksander_Kwasniewski,Robert_DeFraites,Thomas_Fargo,Kathleen_Kennedy_Townsend,George_Pataki,Bill_Belichick,Dennis_Powell,Gary_Forsee,Roy_Williams,Geoff_Hoon,Yukiko_Okudo,Harry_Schmidt,Vaclav_Havel,Boris_Yeltsin,Rick_Romley,Alex_Penelas
probe/Bill_Parcells/Bill_Parcells_0002.jpg,Bill_Parcells,1,1.0,0.775739312171936,0.775739312171936,Bill_Parcells,James_Kelly,John_Manley,Gray_Davis,Gregg_Popovich,Nick_Nolte,Richard_Gephardt,Robert_Stack,Steve_Spurrier,Prince_Willem-Alexander,Howard_Dean,Vaclav_Havel,Paul_McNulty,Dennis_Powell,Bruce_Van_De_Velde,Dave_Campo,Boris_Becker,Fred_Funk,Hal_Sutton,Roy_Williams,John_Kerry,Bill_Simon,Roman_Polanski,Donald_Evans,Anders_Ebbeson,Monica_Seles,Peter_Harrison,Greg_Gilbert,Jan_Ullrich,Alan_Mulally,Tim_Floyd,Stanley_McChrystal,Thomas_Fargo,Scott_McNealy,Paul_Bremer,John_McCallum,Donna_Shalala,Tom_Daschle,Frank_Solich,Tomoko_Hagiwara,Mariah_Carey,Jeffrey_Immelt,Richard_Branson,Michael_Douglas,Camilla_Parker_Bowles,Raghad_Saddam_Hussein,Thomas_OBrien,David_Nalbandian,John_Spencer,James_Morris
probe/Bill_Simon/Bill_Simon_0002.jpg,Bill_Simon,1,1.0,0.9048360586166382,0.9048360586166382,Bill_Simon,Jean-David_Levitte,Bill_Gates,Jan_Ullrich,Gary_Williams,Ilan_Ramon,Geno_Auriemma,Bud_Selig,David_Heymann,Ron_Dittemore,Mack_Brown,Marc_Grossman,Tom_Crean,Gerry_Adams,Hal_Sutton,Joseph_Ralston,Serena_Williams,Michael_Kostelnik,James_Kopp,Mario_Dumont,Bill_Frist,Paul_McNulty,Justin_Leonard,Mike_Babcock,Robert_DeFraites,Ernie_Fletcher,Ernesto_Zedillo,Bill_Callahan,Nick_Nolte,Anthony_Fauci,Brian_Cowen,Robert_Zoellick,Edward_Said,Hanan_Ashrawi,Christian_Wulff,Marcus_Gronholm,John_Abizaid,Felix_Mantilla,Celso_Amorim,Trent_Lott,John_Jumper,Richard_Gephardt,Larry_Brown,Patrick_Ewing,James_Kelly,Hun_Sen,Bo_Ryan,Juan_Valencia_Osorio,Hashim_Thaci,Brian_Wells
probe/Bill_Sizemore/Bill_Sizemore_0002.jpg,Bill_Sizemore,1,1.0,0.8785654306411743,0.8785654306411743,Bill_Sizemore,Bill_Gates,Michael_Douglas,Andy_Hebb,Gerry_Parsky,Christopher_Walken,Ilan_Ramon,Michael_Chang,Mike_Babcock,Jeffrey_Jones,Todd_Haynes,Stellan_Skarsgard,Damon_van_Dam,Julianne_Moore,Jose_Manuel_Durao_Barroso,David_Nalbandian,Jorge_Rodolfo_Canicoba_Corral,Sean_Astin,Alejandro_Toledo,Jodie_Foster,Hassan_Wirajuda,Bobby_Goldwater,Charles_Grassley,Jamling_Norgay,Jean-Claude_Juncker,Matthew_Perry,George_Roy_Hill,John_Negroponte,Tom_Crean,Edward_Lu,Steve_Waugh,Harvey_Weinstein,Bill_Frist,Begum_Khaleda_Zia,Bill_Simon,Claire_Hentzen,Kirk_Ferentz,David_Trimble,Vladimir_Putin,Dennis_Kucinich,Brad_Johnson,Adolfo_Aguilar_Zinser,Mikhail_Kasyanov,Jan_Ullrich,David_Heymann,John_Blaney,Richard_Crenna,Boris_Becker,Jon_Gruden,Rob_Schneider
probe/Billy_Graham/Billy_Graham_0002.jpg,Billy_Graham,1,1.0,0.7539597749710083,0.7539597749710083,Billy_Graham,John_Rigas,Bill_Graham,Bobby_Robson,Joseph_Biden,George_Brumley,Anthony_Hopkins,James_Ivory,Trent_Lott,Leszek_Miller,Jay_Garner,Nick_Nolte,George_Ryan,John_Snow,Bob_Hope,Michael_Chiklis,Luis_Figo,Max_Mayfield,Dennis_Kozlowski,Manfred_Stolpe,Klaus_Zwickel,Dick_Cheney,Nelson_Mandela,Ernie_Eves,Mel_Brooks,Slobodan_Milosevic,Warren_Buffett,Chuck_Yeager,Paul_ONeill,Larry_Lindsey,Valdas_Adamkus,Peter_Hillary,Jimmy_Carter,James_Smith,Richie_Adubato,Anders_Ebbeson,Peter_Arnett,James_Jones,Michael_Douglas,John_Taylor,John_McCallum,Charlton_Heston,John_Spencer,Barry_Alvarez,Doug_Collins,Harry_Schmidt,Carl_Reiner,Greg_Rusedski,Charles_Grassley,James_Morris
probe/Billy_Sollie/Billy_Sollie_0002.jpg,Billy_Sollie,1,1.0,0.8017758131027222,0.8017758131027222,Billy_Sollie,Richard_Sambrook,Jesse_Jackson,John_Timoney,Darren_Clarke,Alvaro_Noboa,Alan_Mulally,John_Manley,Peter_Arnett,Patrice_Chereau,Kevin_Spacey,Lou_Piniella,Jose_Manuel_Durao_Barroso,Nestor_Kirchner,Jay_Garner,Larry_Brown,Kenneth_Evans,Alan_Ball,Richard_Gephardt,Silvio_Berlusconi,Robert_Zoellick,Al_Davis,John_Blaney,Jay_Rasulo,Bernard_Landry,Tom_Daschle,James_Schultz,Fidel_Castro,Cesar_Maia,Guillaume_Soro,Christopher_Walken,Harry_Kalas,David_Trimble,Larry_Lucchino,Sandra_Bullock,Marwan_Barghouthi,James_Cunningham,Andrei_Mikhnevich,Igor_Ivanov,Tom_Cruise,Jeffrey_Jones,Hootie_Johnson,John_Snow,Michael_Chiklis,Matthew_Perry,Ilan_Ramon,Ken_Watanabe,Robert_Stack,Thomas_Birmingham,Guillermo_Coria
probe/Blythe_Danner/Blythe_Danner_0002.jpg,Blythe_Danner,1,1.0,0.8000378012657166,0.8000378012657166,Blythe_Danner,Sally_Kirkland,Celine_Dion,Cameron_Diaz,Carla_Myers,Martina_McBride,Jane_Fonda,Cristina_Saralegui,Lina_Krasnoroutskaya,Queen_Beatrix,Mary_Landrieu,GL_Peiris,James_Traficant,Mohammad_Khatami,Francis_Ford_Coppola,Julie_Taymor,Carolyn_Dawn_Johnson,Alice_Fisher,Lynne_Cheney,Angela_Lansbury,Debra_Brown,Helen_Clark,Ann_Veneman,Chuck_Yeager,Julie_Gerberding,Mariah_Carey,Jennifer_Thompson,Abdullah_Gul,Manfred_Stolpe,Rita_Wilson,Joe_Torre,Omar_Sharif,Andrew_Bunner,Natalie_Coughlin,Harry_Kalas,Kirk_Johnson,Peter_Struck,Angelo_Reyes,Natalie_Maines,Paul-Henri_Mathieu,Christine_Gregoire,Paula_Zahn,George_Ryan,David_Wolf,Margaret_Thatcher,Barrett_Jackman,Elvis_Presley,Jay_Garner,Colin_Powell,Mike_Price
probe/Blythe_Hartley/Blythe_Hartley_0002.jpg,Blythe_Hartley,1,1.0,0.8707306981086731,0.8707306981086731,Blythe_Hartley,Lindsay_Davenport,Jennifer_Thompson,Patty_Schnyder,Lindsay_Benko,Stacy_Dragila,Natalie_Coughlin,Nadia_Petrova,Frank_Solich,Julie_Gerberding,James_Schultz,Vidar_Helgesen,Peter_Hillary,Barry_Alvarez,Martha_Beatriz_Roque,Scott_McClellan,Marlene_Weingartner,Jay_Garner,Silvia_Farina_Elia,Joe_Torre,Arantxa_Sanchez-Vicario,Pamela_Anderson,Anna_Kournikova,Magui_Serna,Howard_Dean,Justine_Henin,Claire_Hentzen,Sharon_Frey,Lina_Krasnoroutskaya,Tamara_Brooks,Lynne_Cheney,Lou_Piniella,Bill_Graham,Elizabeth_Smart,Slobodan_Milosevic,George_Karl,Juan_Pablo_Montoya,Robert_Bonner,Paul-Henri_Mathieu,Carolyn_Dawn_Johnson,Amanda_Beard,Gian_Marco,Prince_Edward,Steve_Park,Lisa_Raymond,Daniela_Hantuchova,Janica_Kostelic,Pete_Sampras,Don_Nickles,George_Foreman
probe/Bo_Pelini/Bo_Pelini_0002.jpg,Bo_Pelini,1,1.0,0.9016106128692627,0.9016106128692627,Bo_Pelini,Frank_Solich,Tom_Crean,Jim_Harrick,Kiki_Vandeweghe,John_Brady,Greg_Rusedski,Herb_Sendek,Tim_Floyd,Thomas_OBrien,David_Nalbandian,Roman_Polanski,Dennis_Powell,Jamie_Villafane,Paul_Bremer,Roy_Moore,David_Heymann,John_Kerry,Bill_Simon,Fred_Funk,Jim_Edmonds,Bobby_Goldwater,Nick_Nolte,Peter_Bacanovic,Jack_Grubman,Aleksander_Kwasniewski,John_Abizaid,Jason_Kidd,Yao_Ming,Barbra_Streisand,Bill_Parcells,Yevgeny_Kafelnikov,Ilan_Ramon,Gregg_Popovich,Alvaro_Uribe,Bill_Frist,Mike_Babcock,Ron_Dittemore,Alastair_Campbell,Bill_Callahan,Oswaldo_Paya,Mark_Warner,Hanan_Ashrawi,Harvey_Weinstein,Lawrence_MacAulay,Peter_Hillary,Bill_Gates,Bob_Beauprez,Greg_Gilbert,Serena_Williams
probe/Bo_Ryan/Bo_Ryan_0002.jpg,Bo_Ryan,1,1.0,0.8782120943069458,0.8782120943069458,Bo_Ryan,Frank_Solich,Larry_Brown,John_Jumper,Dave_Campo,John_Abizaid,Gary_Williams,Johnny_Carson,Martin_Verkerk,Robert_Zoellick,John_Spencer,Colin_Powell,Pascal_Quignard,Nick_Nolte,Pascal_Lamy,Li_Peng,Hipolito_Mejia,Tom_Daschle,William_Martin,George_Karl,Chok_Tong_Goh,Tony_Curtis,Mack_Brown,John_McEnroe,Charlton_Heston,Trent_Lott,Richard_Sambrook,Dalai_Lama,Roy_Williams,Richard_Branson,Robert_DeFraites,Tom_Crean,Joseph_Biden,Coretta_Scott_King,Yasar_Yakis,Richard_Gephardt,Billy_Sollie,Sam_Bith,John_Walsh,Guillermo_Coria,Abdullah_al-Attiyah,Michael_J_Sheehan,Bill_Nelson,Herb_Sendek,Ilan_Ramon,Robert_Duvall,Judi_Dench,Gregg_Popovich,Zoran_Djindjic,Daniel_Day-Lewis
probe/Bob_Beauprez/Bob_Beauprez_0002.jpg,Bob_Beauprez,1,1.0,0.8271419405937195,0.8271419405937195,Bob_Beauprez,Donald_Evans,David_Dodge,Costas_Simitis,Klaus_Zwickel,Asa_Hutchinson,Jorge_Batlle,John_Spencer,Thomas_Fargo,Jason_Alexander,Alvaro_Uribe,Tom_Craddick,Doug_Collins,Robert_DeFraites,Anibal_Ibarra,Bill_Nelson,Charlton_Heston,Alex_Penelas,James_Jones,Howard_Dean,Alejandro_Atchugarry,Francis_Mer,Roy_Williams,Dennis_Erickson,Warren_Beatty,Carlos_Bianchi,Pascal_Lamy,Lord_Hutton,Vaclav_Havel,Gary_Doer,Stephen_Friedman,Jim_Furyk,Herb_Sendek,Lee_Hoi-chang,Paul_ONeill,Prince_Edward,Franz_Beckenbauer,Cameron_Diaz,Robert_Zoellick,Aleksander_Kwasniewski,Nick_Nolte,Lauren_Hutton,Padraig_Harrington,Ricardo_Maduro,Joseph_Biden,Mike_Tyson,William_Hochul,Gregory_Geoffroy,OJ_Simpson,Bill_Graham
probe/Bob_Colvin/Bob_Colvin_0002.jpg,Bob_Colvin,1,1.0,0.928838312625885,0.928838312625885,Bob_Colvin,James_McGreevey,Howard_Dean,Oscar_De_La_Hoya,Jason_Lezak,Marc-Andre_Fleury,Paul_Bremer,Elijah_Wood,Vaclav_Havel,George_P_Bush,Juan_Pablo_Montoya,Gary_Bergeron,Edward_Norton,William_Ford_Jr,Gray_Davis,George_Lopez,Julio_Iglesias_Jr,Justin_Leonard,Bruce_Van_De_Velde,Bernardo_Segura,Steve_Park,Prince_Harry,Branko_Crvenkovski,Elvis_Presley,Marat_Safin,John_Manley,Joseph_Ralston,Lindsey_Graham,Mike_Weir,Augustin_Calleri,Jose_Theodore,Abdullah,Diane_Green,Gary_Forsee,Carmen_Electra,Federico_Trillo,John_Negroponte,Alvaro_Uribe,Jonathan_Edwards,Jennifer_Connelly,Christian_Fittipaldi,Iain_Duncan_Smith,JJ_Redick,Joe_Gatti,Franco_Dragone,Peter_Harrison,Martha_Burk,Liza_Minnelli,Margaret_Thatcher,Jackie_Chan
probe/Bob_Geldof/Bob_Geldof_0002.jpg,Bob_Geldof,1,1.0,0.7585932016372681,0.7585932016372681,Bob_Geldof,Alexander_Losyukov,Eduardo_Duhalde,James_McGreevey,Ilan_Ramon,Jean-Sebastien_Giguere,Joerg_Haider,Silvan_Shalom,Jack_Straw,Andrew_Bunner,Lynne_Cheney,William_Ford_Jr,Darren_Clarke,Leonard_Hamilton,Natalie_Coughlin,Thomas_Birmingham,Adolfo_Rodriguez_Saa,John_Manley,Albrecht_Mentz,Scott_McClellan,Emile_Lahoud,Prince_Edward,Richard_Gephardt,Howard_Dean,Colin_Powell,Vaclav_Havel,Gray_Davis,Gregory_Hines,Jonathan_Edwards,Xanana_Gusmao,Anders_Ebbeson,Jimmy_Kimmel,Carlo_Ancelotti,Grady_Irvin_Jr,Pamela_Anderson,George_Tenet,Bob_Colvin,Jose_Viegas_Filho,Alexandra_Stevenson,Brian_Wells,Steven_Spielberg,Mariah_Carey,Leslie_Moonves,John_Allen_Muhammad,Mohamed_Benaissa,Robert_Kocharian,Eddie_Sutton,Carson_Daly,Tom_Craddick,Federico_Trillo
probe/Bob_Hope/Bob_Hope_0002.jpg,Bob_Hope,1,1.0,0.7901124954223633,0.7901124954223633,Bob_Hope,Richard_Shelby,Leszek_Miller,Kemal_Dervis,Cesar_Maia,Dick_Clark,Costas_Simitis,John_Snow,Len_Jenoff,Bill_Graham,Jorge_Rodolfo_Canicoba_Corral,Spencer_Abraham,Lon_Kruger,Frank_Griswold,Jean-Marc_de_La_Sabliere,John_McCallum,Hilmi_Ozkok,Robert_Kocharian,Nia_Vardalos,Scott_McClellan,Dick_Vermeil,Robert_Zoellick,John_McEnroe,Pete_Rose,Mark_Schweiker,Bill_Frist,Ishaq_Shahryar,Dick_Cheney,Joseph_Blatter,Arnold_Palmer,Brooke_Shields,Valery_Giscard_dEstaing,Ken_Watanabe,Gunter_Pleuger,Gabriel_Valdes,Hans_Eichel,Franz_Muentefering,John_Spencer,William_Bratton,Tom_Cruise,Job_Cohen,Herta_Daeubler-Gmelin,Dino_de_Laurentis,Robert_Duvall,Francis_Mer,Dale_Earnhardt_Jr,Mikhail_Youzhny,John_Malkovich,Garry_Trudeau,Butch_Davis
probe/Bobby_Goldwater/Bobby_Goldwater_0002.jpg,Bobby_Goldwater,1,1.0,0.89769446849823,0.89769446849823,Bobby_Goldwater,Bill_Gates,David_Myers,Alvaro_Uribe,Alejandro_Toledo,Fayssal_Mekdad,Pedro_Malan,Hans_Eichel,Michael_Douglas,Dennis_Kucinich,Nabil_Shaath,George_Robertson,Ricardo_Maduro,David_Dodge,Camilla_Parker_Bowles,Ilan_Ramon,Christopher_Walken,Chen_Liang_Yu,Lawrence_MacAulay,Tom_Crean,Aleksander_Kwasniewski,David_Trimble,Jeffrey_Jones,Liu_Mingkang,Mark_Geragos,Kent_Rominger,Nestor_Kirchner,Gerry_Parsky,Jose_Manuel_Durao_Barroso,Bill_Sizemore,Mitoji_Yabunaka,Alastair_Campbell,Matthew_Perry,Charles_Kartman,Jean-Claude_Juncker,Hassan_Wirajuda,Ron_Dittemore,Robin_McLaurin_Williams,Fred_Eckhard,William_Hochul,Bill_Simon,Kristin_Davis,Carlos_Quintanilla_Schmidt,Greg_Ostertag,Damon_van_Dam,Arlen_Specter,John_Negroponte,Gregory_Hines,Abel_Pacheco,Joseph_Deiss
probe/Bobby_Robson/Bobby_Robson_0002.jpg,Bobby_Robson,1,1.0,0.8201839923858643,0.8201839923858643,Bobby_Robson,Augusto_Roa_Bastos,Mel_Brooks,Larry_Bowa,Manfred_Stolpe,Yasser_Arafat,Boris_Yeltsin,John_Timoney,Jean-Claude_Trichet,Aleksander_Kwasniewski,Eduardo_Duhalde,Nelson_Mandela,Sam_Bith,Hootie_Johnson,Francis_Mer,Jay_Garner,Jimmy_Carter,Anthony_Hopkins,George_Ryan,Dennis_Kucinich,Ian_McKellen,Bill_Graham,James_Traficant,Jose_Manuel_Durao_Barroso,Chakib_Khelil,Dino_de_Laurentis,Charles_Grassley,Tony_Bennett,Billy_Graham,George_Voinovich,James_Kelly,Bob_Hope,Zoran_Djindjic,Paul_ONeill,Peter_Greenaway,John_Banko,Roman_Polanski,Chuck_Yeager,Elsa_Zylberstein,Angelo_Reyes,Jeanne_Moreau,Ernie_Eves,Yasar_Yakis,George_Robertson,Adolfo_Aguilar_Zinser,Trent_Lott,Mary-Kate_Olsen,Brad_Johnson,Charlton_Heston,Harry_Kalas
probe/Bode_Miller/Bode_Miller_0002.jpg,Bode_Miller,1,1.0,0.7360460758209229,0.7360460758209229,Bode_Miller,David_Bell,Janica_Kostelic,Brendan_Hansen,Luke_Walton,Jason_Lezak,Tom_Glavine,Candie_Kung,Justine_Henin,Stacy_Dragila,Aitor_Gonzalez,Jon_Gruden,Prince_Harry,Dale_Earnhardt_Jr,Damon_van_Dam,Aron_Ralston,Jason_Jennings,Jennifer_Rodriguez,Gary_Carter,Martin_Brodeur,Lisa_Raymond,John_Wolf,Barry_Zito,Costas_Simitis,Kurt_Busch,Yevgeny_Kafelnikov,Eric_Hinske,Iban_Mayo,Lindsay_Benko,Luis_Figo,Blythe_Hartley,Johnny_Unitas,Richard_Krajicek,Kathy_Winters,Robbie_Fowler,Adam_Scott,Jim_Furyk,Steve_Park,John_Cusack,Brad_Johnson,Paula_Radcliffe,Yao_Ming,James_Gandolfini,Monica_Bellucci,Julianne_Moore,Guillermo_Coria,Kirk_Ferentz,Guy_Ritchie,Gwendal_Peizerat,Arantxa_Sanchez-Vicario
probe/Boris_Becker/Boris_Becker_0002.jpg,Boris_Becker,1,1.0,0.8964704275131226,0.8964704275131226,Boris_Becker,Scott_McNealy,Richard_Gephardt,Rupert_Grint,Ron_Howard,Yasser_Arafat,Duane_Lee_Chapman,Jimmy_Carter,Stanley_McChrystal,John_Manley,Ricky_Barnes,Todd_Haynes,Thomas_OBrien,Dennis_Kozlowski,Christopher_Walken,Tony_Bennett,Bill_Parcells,Hermann_Maier,Roman_Polanski,Jon_Gruden,Guy_Ritchie,Jan_Ullrich,Joseph_Biden,Fidel_Castro,Tom_Daschle,Prince_Harry,Courtney_Love,Jack_Straw,Kristanna_Loken,Peter_Hillary,Heidi_Fleiss,Vladimir_Putin,David_Nalbandian,Gabriel_Batistuta,Anders_Ebbeson,Arlen_Specter,Jean-Claude_Braquet,Gray_Davis,Sophia_Loren,Mathias_Reichhold,Mark_Warner,George_Voinovich,Olesya_Bonabarenko,Nelson_Mandela,Charlton_Heston,George_Pataki,Hootie_Johnson,Tim_Allen,Richard_Branson,Elizabeth_Smart
probe/Boris_Berezovsky/Boris_Berezovsky_0002.jpg,Boris_Berezovsky,1,1.0,0.8641282916069031,0.8641282916069031,Boris_Berezovsky,Scott_McClellan,Kevin_Spacey,Charles_Schumer,Robert_Kocharian,Guillermo_Ortiz,William_Bratton,John_Negroponte,Fayssal_Mekdad,John_McEnroe,Emile_Lahoud,Paul_McCartney,Nestor_Kirchner,Costas_Simitis,Lon_Kruger,Alvaro_Noboa,Lindsay_Davenport,Garry_Kasparov,Barry_Alvarez,Cruz_Bustamante,Silvan_Shalom,Mitchell_Daniels,Ben_Curtis,Marlene_Weingartner,Fidel_Castro,Silvio_Berlusconi,Job_Cohen,Robbie_Fowler,Howard_Dean,Gil_de_Ferran,Luiz_Felipe_Scolari,John_McCormack,Saparmurat_Niyazov,Jason_Lezak,Jorge_Rodolfo_Canicoba_Corral,Mohammad_Khatami,Sheila_Copps,Eduardo_Duhalde,Oswaldo_Paya,Leon_LaPorte,Pete_Sampras,Martina_Hingis,Hector_Babenco,Benjamin_Netanyahu,Hilmi_Ozkok,Peter_Arnett,Iain_Duncan_Smith,Chuck_Amato,Dennis_Powell,Igor_Ivanov
probe/Boris_Yeltsin/Boris_Yeltsin_0002.jpg,Boris_Yeltsin,752,0.0013297872340425532,0.6293569803237915,-0.027529291808605194,John_Rowland,John_McCormack,Masum_Turker,Fidel_Castro,Pedro_Solbes,Steven_Spielberg,Fred_Eckhard,Nicanor_Duarte_Frutos,James_Traficant,Jose_Sarney,Gerry_Adams,Jack_Straw,Robin_Cook,Carlos_Quintanilla_Schmidt,Camilla_Parker_Bowles,Mohammad_Khatami,Trent_Lott,Gregory_Geoffroy,Tom_Daschle,Alvaro_Uribe,Francis_Ford_Coppola,Mohamed_Benaissa,Ali_Khamenei,Bobby_Goldwater,Jorge_Castaneda,George_Robertson,Jean-David_Levitte,Pupi_Avati,Amram_Mitzna,Carlos_Mesa,Christian_Wulff,Greg_Ostertag,Sean_Patrick_OMalley,Robert_De_Niro,Charlton_Heston,Albrecht_Mentz,Jean-Claude_Juncker,Xanana_Gusmao,Franko_Simatovic,Jose_Viegas_Filho,Ron_Dittemore,Abel_Pacheco,Roy_Williams,Brian_Wells,Bashar_Assad,Chen_Liang_Yu,James_Kopp,Miroljub,Brian_Cowen,Ernesto_Zedillo
probe/Brad_Johnson/Brad_Johnson_0002.jpg,Brad_Johnson,1,1.0,0.7835911512374878,0.7835911512374878,Brad_Johnson,Damon_van_Dam,James_Parker,Andy_Hebb,Kirk_Ferentz,Guy_Ritchie,John_Garamendi,Bill_Gates,Jose_Manuel_Durao_Barroso,Darren_Clarke,Tom_Glavine,Dale_Earnhardt_Jr,Steve_Waugh,Derek_Lowe,Butch_Davis,Edward_Lu,Mikhail_Youzhny,Prince_Naruhito,Jan_Ullrich,Jon_Gruden,Kenneth_Evans,Gary_Doer,Carmen_Electra,Matthew_Perry,Elsa_Zylberstein,David_Bell,Andrei_Mikhnevich,Guillermo_Coria,Mitchell_Daniels,Zoran_Djindjic,Jim_Furyk,Bernard_Lord,Yevgeny_Kafelnikov,Sean_Astin,Richard_Sambrook,Alec_Baldwin,John_Manley,Daisy_Fuentes,Vitali_Klitschko,Thaksin_Shinawatra,Greg_Owen,Lou_Piniella,Darrell_Porter,David_Nalbandian,George_Foreman,Freddy_Garcia,Slobodan_Milosevic,Branko_Crvenkovski,Jason_Lezak,Emma_Thompson
probe/Branko_Crvenkovski/Branko_Crvenkovski_0002.jpg,Branko_Crvenkovski,1,1.0,0.8266173601150513,0.8266173601150513,Branko_Crvenkovski,Robert_De_Niro,Alvaro_Uribe,Fidel_Castro,Nanni_Moretti,John_Garamendi,Steven_Spielberg,Carmen_Electra,Jean-Claude_Juncker,Mohammad_Khatami,Eduardo_Duhalde,Elsa_Zylberstein,Paul_Bremer,Daisy_Fuentes,Celine_Dion,Antonio_Banderas,Alvaro_Noboa,Abdullah_Gul,John_Allen_Muhammad,Elvis_Presley,Monica_Bellucci,Mikhail_Kasyanov,James_McGreevey,Abdullah,Xanana_Gusmao,Robert_Mueller,Bob_Colvin,Jose_Manuel_Durao_Barroso,Nicanor_Duarte_Frutos,Ozzy_Osbourne,Omar_Sharif,Jorge_Rodolfo_Canicoba_Corral,Vitali_Klitschko,John_Cusack,Jesse_Jackson,Anibal_Ibarra,Matthew_Perry,Pupi_Avati,Jorge_Castaneda,Jodie_Foster,Anders_Fogh_Rasmussen,Gary_Doer,Carlos_Manuel_Pruneda,Alec_Baldwin,Vicki_Zhao_Wei,Miroljub,Bridget_Fonda,Cristina_Fernandez,Orlando_Bloom,David_Wolf
probe/Brendan_Hansen/Brendan_Hansen_0002.jpg,Brendan_Hansen,1,1.0,0.7732214331626892,0.7732214331626892,Brendan_Hansen,David_Bell,Richard_Krajicek,Luis_Figo,Joe_Nichols,Nick_Nolte,Elizabeth_Smart,Thomas_Rupprath,Gustavo_Kuerten,Marcus_Gronholm,Vitali_Klitschko,Hermann_Maier,Luke_Walton,Bill_Nelson,Harry_Schmidt,Gian_Marco,David_Nalbandian,Jennifer_Lopez,Pete_Sampras,Tom_Brady,Jason_Jennings,Martin_Verkerk,Tammy_Lynn_Michaels,Mark_Warner,Dennis_Kucinich,Anna_Kournikova,Barrett_Jackman,Daniel_Day-Lewis,Hun_Sen,Charlie_Zaa,Yao_Ming,Sally_Kirkland,Alex_Penelas,Kim_Ryong-sung,Tim_Allen,Jason_Lezak,David_Coulthard,Stanley_McChrystal,Brooke_Shields,Marco_Antonio_Barrera,Prince_Harry,Bertrand_Bonello,Kurt_Russell,Alastair_Campbell,David_Kelley,Aleksander_Kwasniewski,Peter_Hillary,Bode_Miller,Jennifer_Aniston,Vanessa_Williams
probe/Brian_Cowen/Brian_Cowen_0002.jpg,Brian_Cowen,1,1.0,0.8905156254768372,0.8905156254768372,Brian_Cowen,William_Ford_Jr,Trent_Lott,Alan_Ball,Jose_Manuel_Durao_Barroso,Nicanor_Duarte_Frutos,Paul_McNulty,Munir_Akram,James_Kopp,Brian_Wells,Eric_Clapton,Ann_Veneman,Scott_McNealy,Bill_Gates,Jose_Dirceu,Jack_Straw,Jorge_Batlle,Jay_Garner,Adolfo_Aguilar_Zinser,Joseph_Ralston,Andrew_Bunner,Pedro_Malan,Alejandro_Toledo,Colin_Powell,Guido_Westerwelle,David_Leahy,Paul_Bremer,Antony_Leung,Jonathan_Mostow,Hashim_Thaci,Hu_Jintao,Geno_Auriemma,Hun_Sen,Hassan_Wirajuda,Kim_Jin-sun,Vaclav_Havel,Masum_Turker,Michael_Chang,Silvan_Shalom,Lindsey_Graham,Todd_Haynes,Thomas_Fargo,Juan_Valencia_Osorio,Ernie_Fletcher,Tom_Crean,Kiki_Vandeweghe,Lily_Tomlin,Robert_DeFraites,James_Kelly,Angelo_Reyes
probe/Brian_Griese/Brian_Griese_0002.jpg,Brian_Griese,1,1.0,0.8890492916107178,0.8890492916107178,Brian_Griese,Justin_Leonard,Roy_Moore,John_Brady,Gil_de_Ferran,Thomas_Birmingham,Howard_Dean,Frank_Solich,Bo_Pelini,Aitor_Gonzalez,John_Kerry,William_Ford_Jr,Kiki_Vandeweghe,Padraig_Harrington,Herb_Sendek,Jack_Grubman,Kevin_Stallings,Bruce_Van_De_Velde,Bill_Belichick,Yao_Ming,Silvio_Berlusconi,Richard_Krajicek,Garry_Trudeau,Lindsey_Graham,John_F_Kennedy_Jr,Aron_Ralston,Mack_Brown,Oswaldo_Paya,Andrew_Cuomo,Lawrence_MacAulay,Mario_Cipollini,Paul_Bremer,Federico_Trillo,Mark_Warner,John_Walsh,Yevgeny_Kafelnikov,Joe_Mantello,Robert_Stack,Jorge_Valdano,Jim_Harrick,Alan_Mulally,Frank_Dunham_Jr,George_P_Bush,Paul_McNulty,Alejandro_Avila,Greg_Gilbert,Alvaro_Uribe,Andrew_Bunner,Gary_Bergeron,Roy_Williams
probe/Brian_Heidik/Brian_Heidik_0002.jpg,Brian_Heidik,1,1.0,0.6698920130729675,0.6698920130729675,Brian_Heidik,Alex_Penelas,Harry_Schmidt,Juanes,Penelope_Ann_Miller,Bertrand_Bonello,Matthew_Perry,Lon_Kruger,Gustavo_Kuerten,David_Bell,John_Spencer,Guy_Ritchie,Brendan_Hansen,Martin_Verkerk,Jason_Kidd,Paul_Bremer,Mark_Warner,Marcus_Gronholm,Sharon_Frey,Frank_Solich,James_Gandolfini,Martin_Brodeur,Reese_Witherspoon,Jackie_Chan,Vidar_Helgesen,Michael_Ballack,Laila_Ali,Tom_Cruise,Mike_Tyson,Elvis_Presley,Gian_Marco,David_Nalbandian,Peter_Hillary,Sarah_Jessica_Parker,Nick_Nolte,Harvey_Weinstein,Joe_Calzaghe,William_Ford_Jr,Jason_Alexander,Anibal_Ibarra,Paul_Byrd,Jon_Gruden,Thierry_Falise,Warren_Beatty,Richard_Krajicek,Thomas_Fargo,Amber_Tamblyn,Vanessa_Williams,John_Malkovich,Gwendal_Peizerat
probe/Brian_Mulroney/Brian_Mulroney_0002.jpg,Brian_Mulroney,1,1.0,0.8143100738525391,0.8143100738525391,Brian_Mulroney,Joseph_Blatter,Valery_Giscard_dEstaing,William_Bratton,Jerry_Falwell,Nestor_Kirchner,Jorge_Rodolfo_Canicoba_Corral,Peter_Arnett,Valdas_Adamkus,Peter_Harrison,Slobodan_Milosevic,Alexander_Losyukov,Emanuel_Ginobili,Augusto_Pinochet,Rick_Romley,Howard_Dean,John_Manley,Fidel_Castro,Vanessa_Incontrada,Paul_William_Hurley,Bill_Graham,Jay_Garner,Paul_ONeill,Leszek_Miller,Carl_Reiner,Owen_Wilson,Robert_Stack,Frank_Lautenberg,Luis_Gonzalez_Macchi,Ahmet_Necdet_Sezer,Manfred_Stolpe,George_Ryan,Kemal_Dervis,John_Rigas,Eduardo_Duhalde,Leon_LaPorte,Gary_Winnick,Inocencio_Arias,Meryl_Streep,Bob_Hope,Chakib_Khelil,James_Ivory,Joseph_Biden,John_McCallum,Dick_Clark,Dennis_Kozlowski,Patrice_Chereau,Alvaro_Noboa,Abdullah_al-Attiyah,Robert_Mueller
probe/Brian_Wells/Brian_Wells_0002.jpg,Brian_Wells,1,1.0,0.6497344970703125,0.6497344970703125,Brian_Wells,William_Ford_Jr,Robert_Zoellick,Jay_Rasulo,Pedro_Malan,Lindsey_Graham,Bernard_Landry,Antony_Leung,Mike_Weir,Richard_Sambrook,Hu_Jintao,Guido_Westerwelle,William_Martin,Brian_Cowen,James_Kopp,Jim_Carrey,Ricky_Ponting,Ilan_Ramon,Vaclav_Havel,Ron_Dittemore,Geoff_Hoon,Jose_Dirceu,Fred_Eckhard,Li_Peng,Christian_Wulff,Bob_Colvin,Bill_Simon,Christopher_Walken,Gerry_Parsky,Bill_Gates,John_Rowland,Gabriel_Valdes,Alan_Ball,Diane_Green,John_Blaney,Kevin_Spacey,Roy_Moore,Alvaro_Uribe,Kieran_Prendergast,Jonathan_Mostow,Stellan_Skarsgard,Kenneth_Branagh,George_Robertson,Steve_Spurrier,George_Pataki,Albrecht_Mentz,Kim_Jong-Il,Robert_DeFraites,Larry_Ellison,Gary_Locke
probe/Bridget_Fonda/Bridget_Fonda_0002.jpg,Bridget_Fonda,1,1.0,0.8773704767227173,0.8773704767227173,Bridget_Fonda,Brooke_Shields,Kristin_Davis,Gillian_Anderson,Christine_Gregoire,Sue_Wicks,Lindsay_Benko,Priscilla_Owen,Monica_Bellucci,Drew_Barrymore,Betsy_Smith,Patricia_Clarkson,Marie-Reine_Le_Gougne,John_Garamendi,Hun_Sen,Juanes,Benazir_Bhutto,Joseph_Estrada,Alimzhan_Tokhtakhounov,Cristina_Fernandez,Fran_Drescher,Mikhail_Kasyanov,Allison_Janney,Lisa_Gottsegen,Hu_Jintao,Goldie_Hawn,Gisele_Bundchen,Richard_Krajicek,Paul_Bremer,Leslie_Ann_Woodward,Lili_Taylor,Alvaro_Uribe,Daisy_Fuentes,Nancy_Reagan,Raquel_Welch,David_Trimble,Francis_Mer,Barbra_Streisand,Johnny_Depp,Alec_Baldwin,Dale_Earnhardt_Jr,Sharon_Frey,Mary_Landrieu,Hassan_Wirajuda,Lauren_Killian,Matthew_Perry,Omar_Sharif,Sarah_Jessica_Parker,Charlotte_Rampling,Bill_Gates
probe/Brigitte_Boisselier/Brigitte_Boisselier_0002.jpg,Brigitte_Boisselier,1,1.0,0.852229118347168,0.852229118347168,Brigitte_Boisselier,Tracee_Ellis_Ross,Meryl_Streep,Barbara_Walters,Anneli_Jaatteenmaki,Dolly_Parton,Jolanta_Kwasniewski,Fayssal_Mekdad,Elizabeth_Dole,Lynn_Abraham,Melanie_Griffith,Robert_Kocharian,Martha_Beatriz_Roque,Madonna,Paul_McCartney,Tom_Cruise,Goldie_Hawn,Dino_de_Laurentis,Pamela_Anderson,Yasser_Arafat,Jean-Marc_de_La_Sabliere,Herta_Daeubler-Gmelin,Edie_Falco,Phil_Vassar,Yasar_Yakis,Gwendal_Peizerat,Luciano_Pavarotti,Kathleen_Glynn,Chanda_Rubin,Jose_Viegas_Filho,Hillary_Clinton,Sophia_Loren,Lynne_Cheney,Emmanuelle_Beart,Donatella_Versace,Michael_Douglas,Karin_Stoiber,Stockard_Channing,Imad_Moustapha,Anna_Kournikova,Eva_Dimas,Nestor_Kirchner,Gro_Harlem_Brundtland,Emanuel_Ginobili,Patti_Labelle,Len_Jenoff,Maggie_Smith,Frances_Fisher,Juan_Pablo_Montoya,Jane_Kaczmarek
probe/Brooke_Shields/Brooke_Shields_0002.jpg,Brooke_Shields,1,1.0,0.7045334577560425,0.7045334577560425,Brooke_Shields,Jennifer_Connelly,Betsy_Smith,Julianne_Moore,Jim_Furyk,Christine_Gregoire,Kemal_Dervis,John_Snow,Bridget_Fonda,Alexandra_Vodjanikova,Jason_Jennings,Thomas_Fargo,Robert_DeFraites,Geraldine_Chaplin,Sarah_Jessica_Parker,Mark_Schweiker,Tammy_Lynn_Michaels,Richard_Shelby,George_Lopez,Nancy_Reagan,Frank_Griswold,Bob_Hope,Hichiro_Naemura,Amelia_Vega,Charlton_Heston,Li_Peng,Carlos_Ghosn,Jean_Brumley,Dick_Clark,Robert_Mueller,Bill_Nelson,Vanessa_Incontrada,Alvaro_Uribe,Richard_Gephardt,Dominik_Garcia-Lorido,Lauren_Killian,Kristin_Davis,Cruz_Bustamante,Sophia_Loren,Monica_Bellucci,Michelle_Pfeiffer,Goldie_Hawn,Cesar_Maia,LeAnn_Rimes,Marina_Anissina,Costas_Simitis,Sue_Wicks,Lon_Kruger,Latrell_Sprewell,Anders_Fogh_Rasmussen
probe/Bruce_Van_De_Velde/Bruce_Van_De_Velde_0002.jpg,Bruce_Van_De_Velde,1,1.0,0.822693943977356,0.822693943977356,Bruce_Van_De_Velde,James_Kelly,Roy_Moore,Robert_Zoellick,James_Morris,John_Jumper,Richard_Gephardt,Paul_McNulty,Roy_Williams,Aleksander_Kwasniewski,John_Manley,Robert_Bonner,Nick_Nolte,Scott_McNealy,Trent_Lott,Dennis_Powell,Thomas_Fargo,Don_Nickles,Gregg_Popovich,Howard_Smith,James_Schultz,Gray_Davis,Jeffrey_Immelt,Gian_Marco,Jon_Gruden,Frank_Solich,Marcus_Gronholm,Yao_Ming,Howard_Dean,Lyle_Vanclief,Anders_Ebbeson,Doug_Collins,Tom_Daschle,Bill_Parcells,Monica_Seles,Paul_Bremer,Mack_Brown,Rick_Romley,Lindsey_Graham,Sean_Astin,David_Caraway,Johnny_Carson,Tim_Floyd,Prince_Willem-Alexander,Dave_Campo,George_Karl,Peter_Hillary,Carlo_Ancelotti,Ron_Howard,Alex_Penelas
probe/Bruce_Weber/Bruce_Weber_0002.jpg,Bruce_Weber,1,1.0,0.8303014039993286,0.8303014039993286,Bruce_Weber,John_Abizaid,Matt_Doherty,Padraig_Harrington,Rich_Gannon,Vitali_Klitschko,Mikhail_Kasyanov,Harry_Schmidt,Fred_Eckhard,David_Coulthard,Matthew_Perry,Mohammad_Khatami,Jim_Harrick,Leszek_Miller,Mario_Kreutzberger,Frank_Dunham_Jr,Garry_Trudeau,Charlton_Heston,James_Traficant,Vicente_Fernandez,Ben_Curtis,Tom_Daschle,Gregory_Geoffroy,Jeffrey_Immelt,John_Allen_Muhammad,Ron_Dittemore,Ishaq_Shahryar,Mark_Warner,Jim_Furyk,Bill_Frist,Joseph_Biden,James_Kelly,Stanley_McChrystal,Mathias_Reichhold,Bill_Callahan,Trent_Lott,Anthony_LaPaglia,Christian_Wulff,Howard_Dean,David_Nalbandian,Jose_Sarney,Pedro_Solbes,Stephen_Friedman,Patricia_Clarkson,Mark_Schweiker,Thomas_Fargo,Paul_Bremer,Bashar_Assad,Alex_Penelas,Gary_Carter
probe/Bud_Selig/Bud_Selig_0002.jpg,Bud_Selig,1,1.0,0.8583115339279175,0.8583115339279175,Bud_Selig,Bill_Gates,Marc_Grossman,Charles_Grassley,Charlton_Heston,Arlen_Specter,Tom_Crean,David_Leahy,Ron_Dittemore,David_Trimble,Christian_Wulff,Franz_Muentefering,Jean-David_Levitte,Richard_Gephardt,Trent_Lott,Jack_Straw,Robert_Stack,Nestor_Kirchner,Bill_Simon,Roman_Polanski,James_Kopp,Fred_Funk,George_Voinovich,Chris_Cooper,Tom_Craddick,Ernesto_Zedillo,George_Brumley,Richard_Crenna,Lawrence_MacAulay,Alvaro_Uribe,Anthony_Hopkins,David_Heymann,Gerry_Parsky,Maria_Luisa_Mendonca,Anders_Ebbeson,Michael_Douglas,Joseph_Estrada,Robert_Duvall,Tony_Bennett,Jean-Claude_Trichet,Larry_Brown,Pedro_Malan,Michelle_Pfeiffer,Ilan_Ramon,Bill_Sizemore,Peter_Struck,Abel_Pacheco,Bobby_Robson,Vaclav_Havel,Boris_Becker
probe/Butch_Davis/Butch_Davis_0002.jpg,Butch_Davis,1,1.0,0.8665704131126404,0.8665704131126404,Butch_Davis,Matthew_Perry,Robert_Duvall,Kevin_Spacey,Francis_Mer,Robert_Zoellick,Peter_Arnett,Michael_Douglas,Geoff_Hoon,Lindsey_Graham,Roy_Moore,Scott_McClellan,Eduardo_Duhalde,Brad_Johnson,David_Caraway,Alvaro_Noboa,Gerry_Parsky,Christopher_Walken,Damon_van_Dam,Larry_Bowa,John_Jumper,Jay_Rasulo,Rolf_Eckrodt,Jon_Gruden,Kathleen_Kennedy_Townsend,Abel_Pacheco,Bill_Belichick,Chuck_Amato,Gary_Carter,Vladimir_Putin,Conchita_Martinez,Igor_Ivanov,James_Jones,Slobodan_Milosevic,Dennis_Kucinich,James_Kopp,Tyler_Hamilton,Jackie_Chan,Gil_de_Ferran,Valdas_Adamkus,Joe_Torre,Aleksander_Kwasniewski,Greg_Owen,Mikhail_Kasyanov,Bob_Hope,Bernard_Lord,Freddy_Garcia,Thaksin_Shinawatra,Richard_Sambrook,Mary_Landrieu
probe/Byron_Scott/Byron_Scott_0002.jpg,Byron_Scott,1,1.0,0.8018609285354614,0.8018609285354614,Byron_Scott,John_Stallworth,Ruben_Studdard,Harry_Belafonte,Paul_Pierce,Serena_Williams,Evander_Holyfield,Patrick_Ewing,Nelson_Mandela,Jason_Kidd,Chris_Tucker,Joe_Dumars,Richie_Adubato,Lionel_Richie,Nastassia_Kinski,Emmit_Smith,Gordon_Campbell,Gunter_Pleuger,Anna_Nicole_Smith,Dai_Bachtiar,Luis_Gonzalez_Macchi,Gregg_Popovich,Ron_Howard,Peter_Struck,Vicente_Fernandez,Reese_Witherspoon,Pamela_Anderson,Lloyd_Ward,Mike_Tyson,Bertrand_Bonello,Nick_Nolte,James_Butts,Bill_Graham,Martin_Verkerk,Morgan_Freeman,Jesse_Jackson,Bo_Ryan,John_Banko,Dexter_Jackson,James_Maguire,Kate_Capshaw,Elin_Nordegren,Anwar_Ibrahim,Jon_Gruden,Dwayne_Johnson,Justin_Guarini,Chris_Rock,S_Jayakumar,Allen_Iverson,Colin_Jackson
probe/Cameron_Diaz/Cameron_Diaz_0002.jpg,Cameron_Diaz,1,1.0,0.7589807510375977,0.7589807510375977,Cameron_Diaz,Patricia_Clarkson,Daryl_Hannah,Sally_Kirkland,Hillary_Clinton,Arianna_Huffington,Jessica_Lange,Daisy_Fuentes,Sheila_Copps,Jennifer_Lopez,Martina_McBride,Anna_Kournikova,Christine_Ebersole,Paula_Radcliffe,Hayley_Tullett,Madonna,Helen_Clark,Robin_McLaurin_Williams,Art_Howe,Arnaud_Clement,Juan_Pablo_Montoya,Elizabeth_Smart,Jesse_Jackson,Luis_Gonzalez_Macchi,Natalie_Coughlin,Julianne_Moore,Jennifer_Aniston,Emma_Thompson,Robert_Mueller,Olivia_Newton-John,Hector_Babenco,Guido_Westerwelle,Katie_Harman,Carolina_Moraes,Martin_Scorsese,Marissa_Jaret_Winokur,Patty_Schnyder,Natalie_Maines,Lea_Fastow,Mikulas_Dzurinda,Drew_Barrymore,Gillian_Anderson,Peter_Arnett,Ahmad_Masood,Christopher_Walken,Kathleen_Kennedy_Townsend,Nadia_Petrova,Juanes,Jennifer_Thompson,Reese_Witherspoon
probe/Camilla_Parker_Bowles/Camilla_Parker_Bowles_0002.jpg,Camilla_Parker_Bowles,671,0.0014903129657228018,0.5379608869552612,0.011332450434565544,Ozzy_Osbourne,Sally_Kirkland,James_Morris,Judi_Dench,Monica_Seles,Rick_Romley,Paul_McCartney,Ann_Veneman,Cristina_Saralegui,Joe_Nichols,Janet_Thorpe,Celine_Dion,Mary_Landrieu,Doris_Roberts,Luke_Walton,Blythe_Danner,Alice_Fisher,Eve_Pelletier,Barbra_Streisand,John_Howard,Ralph_Lauren,Julie_Gerberding,Gro_Harlem_Brundtland,Leon_LaPorte,Brendan_Hansen,Paula_Zahn,Sheila_Wellstone,Lisa_Raymond,Gordon_Campbell,Queen_Beatrix,Gregg_Popovich,Karin_Stoiber,Eva_Dimas,Harry_Kalas,John_Kerry,Franz_Beckenbauer,Mike_Price,Martha_Burk,Helen_Clark,Manfred_Stolpe,Oscar_De_La_Hoya,Dennis_Erickson,James_Kelly,Tom_Daschle,Brooke_Shields,Geraldine_Chaplin,Elisabeth_Schumacher,Tom_Cruise,Lina_Krasnoroutskaya,Anna_Kournikova
probe/Candie_Kung/Candie_Kung_0002.jpg,Candie_Kung,1,1.0,0.8756800293922424,0.8756800293922424,Candie_Kung,Anna_Kournikova,Princess_Aiko,Yao_Ming,Thaksin_Shinawatra,Hitomi_Soga,Prince_Naruhito,Lee_Tae-sik,Heizo_Takenaka,Sachiko_Yamada,Zhang_Ziyi,Jong_Thae_Hwa,Martina_Hingis,Gloria_Macapagal_Arroyo,Goran_Persson,Kim_Dae-jung,Stanley_Tong,Taufik_Hidayat,Chung_Mong-joon,Jennifer_Rodriguez,Megawati_Sukarnoputri,Kim_Ryong-sung,Lee_Hoi-chang,Flor_Montulo,Goh_Kun,Dennis_Kucinich,Yoko_Ono,Kwon_Yang-sook,Kim_Jong-Il,Chang_Dae-whan,Ben_Curtis,Michael_Chang,Jia_Qinglin,Jon_Gruden,Edward_Lu,Hideki_Matsui,Nora_Bendijo,Yukiko_Okudo,Emanuel_Ginobili,Gao_Qiang,Serena_Williams,Lisa_Ling,Lee_Jun,Hamzah_Haz,Kosuke_Kitajima,James_Parker,Freddy_Garcia,Lindsay_Davenport,Hu_Jintao,Juan_Pablo_Montoya
probe/Carl_Reiner/Carl_Reiner_0002.jpg,Carl_Reiner,1,1.0,0.7842985391616821,0.7842985391616821,Carl_Reiner,Frank_Lautenberg,James_Morris,Frank_Cassell,Thomas_OBrien,Dick_Cheney,Larry_Brown,Larry_Coker,Valery_Giscard_dEstaing,Patrick_Leahy,Gregg_Popovich,Peter_Greenaway,Johnny_Carson,Augusto_Pinochet,Benjamin_Netanyahu,Mel_Brooks,John_Negroponte,Jorge_Batlle,John_Howard,Costas_Simitis,Mike_Price,Richie_Adubato,Gunter_Pleuger,Albert_Costa,Guillermo_Ortiz,Nabil_Shaath,Arnold_Palmer,Ernie_Eves,Franz_Beckenbauer,Robert_Duvall,Dick_Latessa,Francis_George,Chok_Tong_Goh,Ferenc_Madl,Emile_Lahoud,John_Rigas,Bill_Parcells,Peter_Struck,Arlen_Specter,Warren_Buffett,Max_Mayfield,John_McEnroe,Trent_Lott,Bob_Hope,Hitomi_Soga,Dennis_Kozlowski,Cristina_Saralegui,Mohamed_Benaissa,James_Smith,Leszek_Miller
probe/Carla_Myers/Carla_Myers_0002.jpg,Carla_Myers,1,1.0,0.6908778548240662,0.6908778548240662,Carla_Myers,Sharon_Frey,Judy_Genshaft,Rita_Wilson,Gloria_Allred,John_Kerry,Aron_Ralston,Desiree_Lemosi,Michael_Ballack,Trent_Lott,Ann_Veneman,Michael_Phelps,Claire_Leger,Joe_Torre,Paul_McNulty,Marc_Grossman,Brian_Cowen,James_Kopp,Mike_Price,Jose_Manuel_Durao_Barroso,Julie_Taymor,Queen_Beatrix,Helen_Clark,Janica_Kostelic,Celine_Dion,Christine_Gregoire,Donna_Shalala,Tom_Crean,Paul_Bremer,Carol_Burnett,Kathleen_Kennedy_Townsend,Amber_Tamblyn,Geraldine_Chaplin,Lynne_Cheney,Liza_Minnelli,Ronald_Reagan,Hipolito_Mejia,Barry_Zito,Bill_Simon,Juanes,Hanan_Ashrawi,Luke_Walton,Kalpana_Chawla,Justine_Henin,Marisa_Tomei,Brian_Griese,Kate_Capshaw,Monica_Seles,Dennis_Kucinich,Juan_Valencia_Osorio
probe/Carlo_Ancelotti/Carlo_Ancelotti_0002.jpg,Carlo_Ancelotti,1,1.0,0.8185092210769653,0.8185092210769653,Carlo_Ancelotti,Paul_William_Hurley,John_Allen_Muhammad,Alexander_Losyukov,Lou_Piniella,Xanana_Gusmao,Gray_Davis,Benjamin_Netanyahu,Jonathan_Edwards,Ricky_Ponting,Hootie_Johnson,John_Walsh,John_Manley,Carmen_Electra,Martha_Burk,Zoran_Djindjic,Edward_Said,Charles_Mathews,Mario_Dumont,Gary_Carter,Chris_Bell,Antonio_Banderas,Simon_Cowell,James_Kelly,Joseph_Ralston,Eddy_Merckx,John_Howard,Padraig_Harrington,Mohamed_Benaissa,Roy_Williams,Andrei_Mikhnevich,Janet_Thorpe,Gary_Williams,James_McGreevey,John_Abizaid,Michael_Phelps,Peter_Harrison,Oscar_De_La_Hoya,Gary_Forsee,Scott_McClellan,Gary_Doer,Marcelo_Salas,Colin_Powell,Guillermo_Coria,Darren_Clarke,Hillary_Clinton,Ben_Curtis,James_Traficant,Gil_de_Ferran,Jack_Straw
probe/Carlos_Bianchi/Carlos_Bianchi_0002.jpg,Carlos_Bianchi,2,0.5,0.7540130019187927,0.7313687801361084,Nabil_Shaath,Carlos_Bianchi,Costas_Simitis,Paul_ONeill,Paul_Patton,Dick_Cheney,Sarah_Jessica_Parker,Valery_Giscard_dEstaing,Bob_Beauprez,Gary_Carter,Fayssal_Mekdad,Alejandro_Toledo,Ray_Nagin,Larry_Brown,Art_Howe,John_Howard,Wesley_Clark,Henrique_Meirelles,Igor_Ivanov,Gregory_Geoffroy,Chakib_Khelil,John_Snow,Max_Mayfield,Pascal_Lamy,Dalai_Lama,Mike_Price,David_Dodge,Ferenc_Madl,Roy_Williams,William_Bratton,Stephen_Friedman,Leszek_Miller,Robin_McLaurin_Williams,James_Franco,Vladimir_Putin,Francis_George,Juan_Valencia_Osorio,Kemal_Dervis,Anibal_Ibarra,Pete_Sampras,Yasar_Yakis,Dave_Campo,John_Spencer,Dick_Latessa,Patrick_Leahy,William_Hochul,Ralph_Lauren,Benazir_Bhutto,Silvio_Berlusconi,Jessica_Lange
probe/Carlos_Ghosn/Carlos_Ghosn_0002.jpg,Carlos_Ghosn,1,1.0,0.9098140001296997,0.9098140001296997,Carlos_Ghosn,Spencer_Abraham,Silvan_Shalom,Nia_Vardalos,Alexander_Losyukov,Boris_Berezovsky,John_Negroponte,Jose_Serra,Cruz_Bustamante,Li_Peng,Hilmi_Ozkok,Robert_Kocharian,Hector_Babenco,Abel_Pacheco,Ilan_Ramon,Joe_Mantello,Cesar_Maia,Frances_Fisher,Pete_Sampras,Gabriel_Valdes,Nestor_Kirchner,John_McEnroe,Imad_Moustapha,Christopher_Patten,Ernesto_Zedillo,Ismail_Merchant,Guillermo_Ortiz,Jorge_Rodolfo_Canicoba_Corral,Fidel_Castro,Pamela_Anderson,Geraldine_Chaplin,Nasser_al-Kidwa,Carlos_Quintanilla_Schmidt,Silvio_Berlusconi,Hipolito_Mejia,Luciano_Pavarotti,Mario_Kreutzberger,Thomas_Birmingham,Job_Cohen,Kathryn_Bigelow,Alan_Ball,Costas_Simitis,Bob_Hope,Alexander_Rumyantsev,Frank_Dunham_Jr,Richard_Shelby,Kemal_Dervis,John_McCormack,Gregory_Hines,Emile_Lahoud
probe/Carlos_Manuel_Pruneda/Carlos_Manuel_Pruneda_0002.jpg,Carlos_Manuel_Pruneda,1,1.0,0.8920841217041016,0.8920841217041016,Carlos_Manuel_Pruneda,Antonio_Banderas,Aitor_Gonzalez,Jim_Carrey,Juan_Pablo_Montoya,Daniel_Day-Lewis,Vitali_Klitschko,Paul-Henri_Mathieu,Jimmy_Kimmel,Kevin_Spacey,Jonathan_Edwards,Mary_Landrieu,Arnaud_Clement,James_Traficant,George_Lopez,Gil_de_Ferran,Elvis_Presley,Ben_Curtis,Darrell_Porter,Sourav_Ganguly,Mohammad_Khatami,Tyler_Hamilton,Tom_Daschle,Xanana_Gusmao,Sandra_Bullock,Yasar_Yakis,Natalie_Coughlin,Alex_Penelas,Sheila_Copps,Miroljub,Guillermo_Coria,Brendan_Hansen,Robert_De_Niro,Manfred_Stolpe,Larry_Bowa,Abdullah_Gul,Branko_Crvenkovski,Daisy_Fuentes,Pedro_Solbes,Ann_Veneman,Harbhajan_Singh,Martina_McBride,James_McGreevey,Kathleen_Kennedy_Townsend,David_Wolf,Frank_Stallone,Jason_Kidd,Iain_Duncan_Smith,Peter_Arnett,Sally_Kirkland
probe/Carlos_Mesa/Carlos_Mesa_0002.jpg,Carlos_Mesa,1,1.0,0.8670519590377808,0.8670519590377808,Carlos_Mesa,Steven_Spielberg,Mohammad_Khatami,Amram_Mitzna,Pedro_Solbes,Osama_bin_Laden,Juergen_Peters,Xanana_Gusmao,Fidel_Castro,Ali_Khamenei,Gerry_Adams,Miroljub,Robert_De_Niro,Abdullah_Gul,Fayssal_Mekdad,Kathleen_Glynn,Inam-ul-Haq,Abdullah,Benazir_Bhutto,Len_Jenoff,Jennifer_Reilly,Scott_Rudin,Francis_Ford_Coppola,Robin_Cook,Sean_Patrick_OMalley,Edward_James_Olmos,Luciano_Pavarotti,John_Blaney,Edie_Falco,Ellen_Engleman,Jean-Marc_de_La_Sabliere,Ibrahim_Jaafari,Michel_Temer,Omar_Sharif,Vicente_Fernandez,Pupi_Avati,Natalie_Coughlin,Nasser_al-Kidwa,Melanie_Griffith,Abdel_Nasser_Assidi,John_Kerry,Saeb_Erekat,Alejandro_Atchugarry,Mary_Landrieu,Garry_Kasparov,Frank_Stallone,Matt_Doherty,Hector_Babenco,Dorthy_Moxley,Carolina_Moraes
probe/Carlos_Quintanilla_Schmidt/Carlos_Quintanilla_Schmidt_0002.jpg,Carlos_Quintanilla_Schmidt,1,1.0,0.8961694836616516,0.8961694836616516,Carlos_Quintanilla_Schmidt,Nicanor_Duarte_Frutos,Mohamed_Benaissa,Gregory_Geoffroy,Anders_Fogh_Rasmussen,Jorge_Castaneda,Li_Peng,Kim_Ryong-sung,Mohammad_Khatami,Alvaro_Uribe,Alejandro_Toledo,Mitoji_Yabunaka,Dalai_Lama,Gao_Qiang,Wang_Yingfan,Hassan_Wirajuda,Megawati_Sukarnoputri,Munir_Akram,Kim_Jin-sun,Hu_Jintao,Gregory_Hines,Carlos_Ghosn,Masum_Turker,Charles_Kartman,Ernesto_Zedillo,Juan_Valencia_Osorio,John_McCormack,Robert_Mugabe,Jong_Thae_Hwa,Liu_Mingkang,John_Allen_Muhammad,Nabil_Shaath,John_Rowland,William_Bratton,Pamela_Anderson,Fayssal_Mekdad,Pedro_Malan,Hun_Sen,Robert_Kocharian,Hitomi_Soga,Prince_Naruhito,Goh_Kun,Abel_Pacheco,Chung_Mong-hun,Hilmi_Ozkok,Chen_Liang_Yu,Jonathan_Edwards,Nasser_al-Kidwa,Anwar_Ibrahim,Shaukat_Aziz
probe/Carmen_Electra/Carmen_Electra_0002.jpg,Carmen_Electra,1,1.0,0.8138464689254761,0.8138464689254761,Carmen_Electra,Martina_Hingis,Jim_Edmonds,Alec_Baldwin,Ronald_Reagan,Leslie_Ann_Woodward,LeAnn_Rimes,Paul_William_Hurley,Sophia_Loren,John_Manley,Vanessa_Incontrada,Martin_Brodeur,Carolyn_Dawn_Johnson,Kurt_Russell,Mikhail_Youzhny,Eva_Dimas,Cesar_Maia,Brad_Johnson,Jean-Sebastien_Giguere,Mike_Tyson,Kristanna_Loken,Latrell_Sprewell,Augustin_Calleri,Hal_Sutton,Mike_Weir,Trent_Lott,Lina_Krasnoroutskaya,Emmanuelle_Beart,Donatella_Versace,Ben_Glisan,Rita_Wilson,Magui_Serna,Raquel_Welch,Anders_Ebbeson,Guy_Hemmings,Jeremy_Shockey,Lindsay_Davenport,Alexandra_Vodjanikova,Carlo_Ancelotti,Nia_Vardalos,Hideki_Matsui,Laura_Hernandez,Bob_Hope,Thabo_Mbeki,Costas_Simitis,Christina_Aguilera,Pascal_Quignard,Claire_Danes,Hipolito_Mejia,Geoff_Hoon
probe/Carol_Burnett/Carol_Burnett_0002.jpg,Carol_Burnett,1,1.0,0.8654388189315796,0.8654388189315796,Carol_Burnett,Geraldine_Chaplin,Jane_Kaczmarek,Hanan_Ashrawi,Ann_Veneman,Jeanne_Moreau,LeAnn_Rimes,Frances_Fisher,Maggie_Smith,Donna_Shalala,Lili_Taylor,Judy_Genshaft,Barbara_Walters,Lily_Tomlin,Lynne_Cheney,Greg_Rusedski,Elizabeth_Taylor,Rita_Moreno,Eva_Dimas,Doris_Roberts,Cristina_Saralegui,Liza_Minnelli,Kate_Capshaw,Pat_Cox,Mary_Tyler_Moore,Stockard_Channing,Coretta_Scott_King,Barbra_Streisand,Rita_Wilson,Jane_Pauley,Martha_Burk,Queen_Beatrix,Hipolito_Mejia,Melanie_Griffith,Gerry_Adams,Prince_Edward,William_Martin,Gloria_Allred,Felix_Mantilla,Elisabeth_Schumacher,Nancy_Pelosi,Yoko_Ono,Sophia_Loren,Trent_Lott,Ron_Howard,Heizo_Takenaka,Ozzy_Osbourne,George_Voinovich,Nick_Nolte,Hitomi_Soga
probe/Carol_Moseley_Braun/Carol_Moseley_Braun_0002.jpg,Carol_Moseley_Braun,1,1.0,0.7570668458938599,0.7570668458938599,Carol_Moseley_Braun,Donatella_Versace,Jennifer_Lopez,Patti_Labelle,Dolma_Tsering,Serena_Williams,Nelson_Mandela,Intisar_Ajouri,Alejandro_Toledo,Begum_Khaleda_Zia,Laila_Ali,Tracee_Ellis_Ross,Charlie_Zaa,Lloyd_Ward,Melanie_Griffith,Flor_Montulo,Katie_Harman,Ashanti,Kalpana_Chawla,Edward_Lu,Jason_Kidd,Annette_Lu,Michael_Chang,Gloria_Macapagal_Arroyo,Rob_Schneider,Jesse_James_Leija,Cathy_Freeman,Juan_Pablo_Montoya,Jong_Thae_Hwa,John_Allen_Muhammad,Ann_Veneman,Pamela_Anderson,Vanessa_Williams,Reese_Witherspoon,Anna_Kournikova,Johnson_Panjaitan,Yoko_Ono,Brigitte_Boisselier,Sam_Bith,Mike_Tyson,Ricky_Barnes,Saddam_Hussein,Julianne_Moore,Hitomi_Soga,Lili_Taylor,Mariah_Carey,Natalie_Coughlin,Kwon_Yang-sook,Johnny_Depp,Hun_Sen
probe/Carolina_Moraes/Carolina_Moraes_0002.jpg,Carolina_Moraes,1,1.0,0.7240561842918396,0.7240561842918396,Carolina_Moraes,Silvia_Farina_Elia,Natalie_Coughlin,Meghann_Shaughnessy,Hayley_Tullett,Daniela_Hantuchova,Cathy_Freeman,Lindsay_Davenport,Eve_Pelletier,Iva_Majoli,Conchita_Martinez,Jennifer_Aniston,Nadia_Petrova,Anna_Kournikova,Gian_Marco,Roy_Moore,Juan_Pablo_Montoya,Sandra_Bullock,Freddy_Garcia,Magui_Serna,Stacy_Dragila,Lou_Piniella,Cameron_Diaz,Jennifer_Thompson,Tomoko_Hagiwara,Hannah_Stockbauer,Elisabeth_Schumacher,Mary_Landrieu,Jay_Garner,Carlos_Manuel_Pruneda,Julie_Gerberding,Intisar_Ajouri,Vanessa_Incontrada,Arantxa_Sanchez-Vicario,Fran_Drescher,Jose_Mourinho,Beth_Jones,Jeffrey_Scott_Postell,Ernie_Eves,Ann_Veneman,Sachiko_Yamada,Alan_Mulally,Alexandra_Stevenson,Dai_Bachtiar,Patty_Schnyder,Joe_Torre,Bill_Belichick,Marco_Antonio_Barrera,Dave_Campo,Claire_Hentzen
probe/Carolyn_Dawn_Johnson/Carolyn_Dawn_Johnson_0002.jpg,Carolyn_Dawn_Johnson,1,1.0,0.8816108703613281,0.8816108703613281,Carolyn_Dawn_Johnson,Jennifer_Thompson,Celine_Dion,Lina_Krasnoroutskaya,Alice_Fisher,Arantxa_Sanchez-Vicario,Julie_Gerberding,Alicia_Silverstone,Paula_Radcliffe,Lindsay_Davenport,Ellen_DeGeneres,Magui_Serna,Sarah_Jessica_Parker,Rita_Wilson,Hannah_Stockbauer,Carson_Daly,Patty_Schnyder,Hipolito_Mejia,Shannon_OBrien,Pedro_Solbes,Conchita_Martinez,Nadia_Petrova,Silvia_Farina_Elia,Martina_McBride,John_Reilly,Max_Mayfield,Judi_Dench,Serena_Williams,Natalie_Maines,Blythe_Hartley,Nia_Vardalos,Penelope_Ann_Miller,Hayley_Tullett,Sue_Wicks,Reese_Witherspoon,Scott_McClellan,James_Smith,Lou_Piniella,Meryl_Streep,LeAnn_Rimes,Mike_Price,Queen_Beatrix,George_Karl,Kathleen_Glynn,Julianne_Moore,Carmen_Electra,George_Ryan,Paul_Byrd,Elin_Nordegren,Joe_Torre
probe/Carson_Daly/Carson_Daly_0002.jpg,Carson_Daly,1,1.0,0.6695178747177124,0.6695178747177124,Carson_Daly,James_McGreevey,Guillermo_Coria,Aitor_Gonzalez,Jimmy_Kimmel,George_Lopez,Larry_Johnson,Antonio_Banderas,Carlos_Manuel_Pruneda,Andrew_Bunner,Joe_Dumars,Johnson_Panjaitan,Nicanor_Duarte_Frutos,Jason_Kidd,Alex_Penelas,Edward_Norton,Thomas_Birmingham,Theo_Epstein,Justin_Gatlin,Stanley_Tong,Abdullatif_Sener,Celine_Dion,Saparmurat_Niyazov,Scott_McClellan,Geoff_Hoon,Latrell_Sprewell,Elvis_Presley,Vanessa_Incontrada,Jean-David_Levitte,Magui_Serna,Orlando_Bloom,Dick_Clark,Darrell_Porter,Tom_Glavine,Patrice_Chereau,Thomas_Fargo,Joe_Gatti,Martina_McBride,Elsa_Zylberstein,Pete_Sampras,Gary_Doer,Robert_De_Niro,Tom_Brady,Alvaro_Uribe,Elisabeth_Schumacher,Joerg_Haider,Jonathan_Mostow,John_Cusack,Ben_Curtis,Colin_Jackson
probe/Cathy_Freeman/Cathy_Freeman_0002.jpg,Cathy_Freeman,1,1.0,0.7692587375640869,0.7692587375640869,Cathy_Freeman,Kelli_White,Chanda_Rubin,Denise_Johnson,Jada_Pinkett_Smith,Patty_Schnyder,Alexandra_Stevenson,Eunice_Barber,Silvia_Farina_Elia,Kalpana_Chawla,Dwayne_Johnson,John_Allen_Muhammad,Amanda_Beard,Laila_Ali,Lloyd_Ward,Paul_Pierce,Tomoko_Hagiwara,Lindsay_Davenport,Serena_Williams,GL_Peiris,Ashanti,Aaron_Sorkin,Jennifer_Lopez,Larry_Lucchino,Cyndi_Thompson,Donna_Shalala,Intisar_Ajouri,Shaukat_Aziz,Ahmet_Necdet_Sezer,Herb_Sendek,Iva_Majoli,Abdullah_al-Attiyah,Eduardo_Duhalde,Natalie_Coughlin,Benjamin_Netanyahu,Kathleen_Kennedy_Townsend,Leander_Paes,Ann_Veneman,Eve_Pelletier,Vince_Carter,Hayley_Tullett,Lynne_Cheney,Mark_Hamister,Martin_Verkerk,James_Blake,Venus_Williams,Kirk_Johnson,Elizabeth_Smart,LeBron_James,Paul_ONeill
probe/Celine_Dion/Celine_Dion_0002.jpg,Celine_Dion,1,1.0,0.6835428476333618,0.6835428476333618,Celine_Dion,Judy_Genshaft,Vanessa_Incontrada,Meryl_Streep,Jackie_Chan,John_Kerry,Patricia_Heaton,Gloria_Allred,Juanes,Liza_Minnelli,Sheila_Copps,Rita_Wilson,Zhang_Ziyi,Carla_Myers,Marisa_Tomei,Paula_Radcliffe,Arianna_Huffington,Nancy_Pelosi,Sandra_Bullock,Jean_Brumley,Robert_Mueller,Martina_McBride,Hipolito_Mejia,Gianna_Angelopoulos-Daskalaki,Sarah_Jessica_Parker,Amelia_Vega,Tony_Curtis,Leon_LaPorte,Queen_Beatrix,Susan_Collins,Julianne_Moore,Gloria_Macapagal_Arroyo,Daisy_Fuentes,Ann_Veneman,Augusto_Roa_Bastos,Celso_Amorim,Donna_Shalala,Marc_Grossman,John_Howard,Monica_Seles,Elsa_Zylberstein,Julie_Taymor,Bernard_Lord,Alice_Fisher,Jason_Jennings,Tammy_Lynn_Michaels,Brian_Heidik,Michael_Ballack,Benazir_Bhutto,Taufik_Hidayat
probe/Celso_Amorim/Celso_Amorim_0002.jpg,Celso_Amorim,1,1.0,0.6454243063926697,0.6454243063926697,Celso_Amorim,Ali_Khamenei,Amram_Mitzna,Gerry_Adams,Abdullah_Gul,Mohammad_Khatami,Francis_Ford_Coppola,Sean_Patrick_OMalley,Inam-ul-Haq,Steven_Spielberg,Diane_Green,Jack_Straw,Miroljub,Pupi_Avati,Mohamed_Benaissa,Adolfo_Aguilar_Zinser,Claire_Leger,Masum_Turker,Nicanor_Duarte_Frutos,Carlos_Mesa,Robert_De_Niro,Bill_Simon,Omar_Sharif,Robin_Cook,Bill_Gates,Brian_Cowen,John_Kerry,Juan_Valencia_Osorio,Michael_Phelps,Joan_Claybrook,George_Tenet,Paulo_Cesar_Pinheiro,John_Manley,Eric_Clapton,Edward_James_Olmos,Christine_Gregoire,Jean-Claude_Juncker,Ismail_Merchant,Ronald_Reagan,Lynne_Cheney,Rolf_Eckrodt,Oswaldo_Paya,Federico_Trillo,Yasser_Arafat,Alejandro_Avila,Xanana_Gusmao,Celine_Dion,Georgi_Parvanov,Elizabeth_Taylor,Carlo_Ancelotti
probe/Cesar_Maia/Cesar_Maia_0002.jpg,Cesar_Maia,1,1.0,0.5967310667037964,0.5967310667037964,Cesar_Maia,William_Bratton,Paul_Patton,Scott_McClellan,Leszek_Miller,Costas_Simitis,John_McCormack,Yasar_Yakis,Eduardo_Duhalde,Mohammad_Khatami,Daniel_Day-Lewis,Tom_Daschle,Nia_Vardalos,John_McCallum,Bob_Hope,John_Spencer,Chakib_Khelil,Pete_Sampras,Lon_Kruger,Boris_Berezovsky,Kemal_Dervis,Warren_Beatty,Dave_Campo,Robert_Mueller,Robert_Kocharian,John_Timoney,Jonathan_Edwards,Ismail_Merchant,Peter_Arnett,George_Tenet,Igor_Ivanov,Dick_Clark,John_McEnroe,Francis_Mer,Amelia_Vega,Garry_Trudeau,Butch_Davis,Paul_Byrd,Gil_de_Ferran,Padraig_Harrington,Vanessa_Incontrada,Jorge_Rodolfo_Canicoba_Corral,Nicanor_Duarte_Frutos,Robin_McLaurin_Williams,Chuck_Amato,Patricia_Heaton,Jean-Marc_de_La_Sabliere,Arnold_Palmer,Leon_LaPorte,Thomas_Birmingham
probe/Chakib_Khelil/Chakib_Khelil_0002.jpg,Chakib_Khelil,1,1.0,0.852996826171875,0.852996826171875,Chakib_Khelil,Wesley_Clark,George_Roy_Hill,Dennis_Erickson,Richard_Crenna,Shaukat_Aziz,Leslie_Moonves,Miguel_Contreras,Dick_Latessa,Charlton_Heston,Michael_Kostelnik,Tim_Allen,Igor_Ivanov,Jack_Straw,Costas_Simitis,Vladimir_Putin,Dennis_Kucinich,Jonathan_Edwards,Ralph_Lauren,Ismail_Merchant,Angelo_Reyes,Paul_ONeill,GL_Peiris,Chris_Bell,Edward_James_Olmos,Carlos_Bianchi,Gray_Davis,Boris_Yeltsin,Pedro_Malan,Sam_Bith,George_Pataki,Gary_Doer,Yasar_Yakis,Jose_Viegas_Filho,Dick_Vermeil,Mark_Hamister,James_Blake,Bob_Hope,Zarai_Toledo,Tom_Craddick,George_Voinovich,George_Tenet,Sarah_Jessica_Parker,Dick_Cheney,Ishaq_Shahryar,Jose_Manuel_Durao_Barroso,Colin_Powell,Joseph_Biden,Leszek_Miller,John_Banko
probe/Chanda_Rubin/Chanda_Rubin_0002.jpg,Chanda_Rubin,1,1.0,0.8345217704772949,0.8345217704772949,Chanda_Rubin,Laila_Ali,Cathy_Freeman,Tamara_Brooks,Amanda_Beard,Kelli_White,Eunice_Barber,Denise_Johnson,Venus_Williams,Patty_Schnyder,Michael_Douglas,Serena_Williams,Alexandra_Stevenson,Gro_Harlem_Brundtland,Bill_Sizemore,Eduardo_Duhalde,Michael_Chang,Tracee_Ellis_Ross,Kirk_Johnson,Natalie_Coughlin,Herta_Daeubler-Gmelin,Paul_Pierce,Eve_Pelletier,Hans_Eichel,Richard_Shelby,Bill_Graham,Vince_Carter,Dwayne_Johnson,Martin_Verkerk,Felix_Mantilla,John_Allen_Muhammad,Anders_Ebbeson,Robert_Duvall,Carol_Moseley_Braun,Abdullah_al-Attiyah,Ilan_Ramon,James_Butts,Leslie_Ann_Woodward,Martha_Bowen,Ruben_Studdard,Robert_Zoellick,Kosuke_Kitajima,Hitomi_Soga,Rita_Moreno,Latrell_Sprewell,Claire_Hentzen,Meghann_Shaughnessy,Jacqueline_Obradors,Reese_Witherspoon,Lindsay_Davenport
probe/Chang_Dae-whan/Chang_Dae-whan_0002.jpg,Chang_Dae-whan,1,1.0,0.8343537449836731,0.8343537449836731,Chang_Dae-whan,Hu_Jintao,Chen_Liang_Yu,Kim_Jin-sun,Gao_Qiang,Lim_Dong-won,Antony_Leung,Li_Peng,Kim_Dae-jung,Jia_Qinglin,Alberto_Fujimori,Lee_Tae-sik,Hichiro_Naemura,Yoko_Ono,Lee_Jun,Kim_Ryong-sung,Lee_Hoi-chang,Jong_Thae_Hwa,Chung_Mong-hun,Heizo_Takenaka,Annette_Lu,Thaksin_Shinawatra,Chung_Mong-joon,Jackie_Chan,Gary_Locke,Liu_Mingkang,Kim_Jong-Il,Prince_Naruhito,Goh_Kun,Mitoji_Yabunaka,Wang_Yingfan,Michael_Chang,Jorge_Castaneda,Alvaro_Uribe,George_Robertson,Edward_Lu,Nicanor_Duarte_Frutos,Franz_Muentefering,Megawati_Sukarnoputri,Bobby_Goldwater,Candie_Kung,Hun_Sen,Emma_Thompson,Pamela_Anderson,Jamling_Norgay,David_Trimble,Ron_Dittemore,Hassan_Wirajuda,Alimzhan_Tokhtakhounov,Chok_Tong_Goh
probe/Charles_Grassley/Charles_Grassley_0002.jpg,Charles_Grassley,84,0.011904761904761904,0.584967315196991,0.33974671363830566,Alejandro_Toledo,Bernard_Landry,Pedro_Malan,Richard_Shelby,Jack_Straw,Gregory_Geoffroy,Liu_Mingkang,Nicanor_Duarte_Frutos,Trent_Lott,Costas_Simitis,Dick_Clark,William_Ford_Jr,Tim_Allen,Antony_Leung,Thomas_Fargo,Vaclav_Havel,Julie_Gerberding,Robert_DeFraites,Anibal_Ibarra,George_Voinovich,Franz_Muentefering,Albrecht_Mentz,Dennis_Erickson,Mohamed_Benaissa,David_Leahy,Charlton_Heston,Miguel_Contreras,Chakib_Khelil,Brian_Wells,Munir_Akram,Roy_Williams,Gabriel_Valdes,Tom_Craddick,John_McCormack,Eddie_Sutton,Jay_Garner,Paul_Bremer,Garry_Trudeau,Gary_Doer,Paul_Patton,Colin_Powell,Warren_Beatty,Eric_Clapton,James_Kopp,Lim_Dong-won,Dick_Cheney,Bud_Selig,Ron_Dittemore,David_Dodge,Lee_Hoi-chang
probe/Charles_Kartman/Charles_Kartman_0002.jpg,Charles_Kartman,1,1.0,0.7941436767578125,0.7941436767578125,Charles_Kartman,Kim_Ryong-sung,John_McCormack,Nicanor_Duarte_Frutos,Nabil_Shaath,Hun_Sen,Liu_Mingkang,Paul_Bremer,Prince_Naruhito,Costas_Simitis,Anwar_Ibrahim,John_Negroponte,Alvaro_Uribe,Cruz_Bustamante,Li_Peng,Bill_Gates,William_Hochul,Dalai_Lama,Alejandro_Toledo,William_Ford_Jr,Thomas_Fargo,Hu_Jintao,Gary_Carter,Jason_Kidd,Fayssal_Mekdad,Gregory_Geoffroy,Masum_Turker,Robert_DeFraites,Nasser_al-Kidwa,Gary_Doer,Mohammad_Khatami,Lee_Hoi-chang,John_Rowland,Gary_Locke,Richard_Shelby,Carlos_Quintanilla_Schmidt,Bobby_Goldwater,Trent_Lott,Thaksin_Shinawatra,Aung_San_Suu_Kyi,Jackie_Chan,Wang_Yingfan,Meryl_Streep,Sharon_Frey,Bill_Simon,Butch_Davis,Abdullatif_Sener,Noah_Wyle,Mike_Price,Lawrence_MacAulay
probe/Charles_Mathews/Charles_Mathews_0002.jpg,Charles_Mathews,1,1.0,0.7974865436553955,0.7974865436553955,Charles_Mathews,Al_Davis,James_Ivory,Richard_Shelby,Joseph_Blatter,Gray_Davis,Kemal_Dervis,Valery_Giscard_dEstaing,Richard_Gephardt,Dick_Cheney,Bob_Hope,William_Bratton,Augusto_Pinochet,Nestor_Kirchner,Hans_Eichel,John_Manley,Christopher_Patten,Trent_Lott,Dennis_Erickson,John_Howard,Costas_Simitis,Chok_Tong_Goh,John_Cusack,Arnold_Palmer,Anders_Ebbeson,Joseph_Biden,Alexander_Losyukov,Mitchell_Daniels,Jean-Claude_Braquet,Mohamed_Benaissa,Chakib_Khelil,Gary_Carter,Pascal_Quignard,Ferenc_Madl,Tom_Cruise,Gregory_Geoffroy,Pedro_Malan,George_Brumley,Venus_Williams,George_Ryan,Boris_Yeltsin,Matthew_Perry,Jeffrey_Jones,Franz_Muentefering,Warren_Buffett,Goran_Persson,Wang_Yingfan,Eric_Clapton,Nicanor_Duarte_Frutos,Tony_Bennett
probe/Charles_Schumer/Charles_Schumer_0002.jpg,Charles_Schumer,239,0.0041841004184100415,0.5659902095794678,0.2024303376674652,Martin_Brodeur,John_Negroponte,Michael_Chiklis,Goran_Persson,Ben_Glisan,Michael_J_Sheehan,Costas_Simitis,Robert_Zoellick,Pascal_Quignard,Tim_Floyd,Frank_Solich,John_McEnroe,Richard_Norton-Taylor,George_Karl,Lina_Krasnoroutskaya,Bob_Hope,Richard_Shelby,Robert_Bonner,John_Reilly,Dick_Cheney,John_Snow,John_Brady,James_Ivory,Hans_Eichel,Anders_Ebbeson,Rick_Romley,Klaus_Zwickel,Thomas_Fargo,Jason_Alexander,Howard_Smith,John_Wolf,Gunter_Pleuger,Spencer_Abraham,Guy_Hemmings,Dick_Vermeil,Jamie_Villafane,Anthony_Hopkins,Arnold_Palmer,Donald_Evans,Brad_Johnson,Larry_Coker,Luis_Gonzalez_Macchi,Iain_Duncan_Smith,Emile_Lahoud,Hal_Sutton,Alan_Ball,Bernard_Landry,Jeffrey_Archer,Max_Mayfield,Carmen_Electra
probe/Charlie_Zaa/Charlie_Zaa_0002.jpg,Charlie_Zaa,1,1.0,0.705216646194458,0.705216646194458,Charlie_Zaa,Miguel_Contreras,Dai_Bachtiar,Megawati_Sukarnoputri,Hun_Sen,GL_Peiris,Juan_Pablo_Montoya,James_Kopp,Colin_Powell,Lauren_Hutton,Li_Peng,Alexandra_Stevenson,Coretta_Scott_King,Intisar_Ajouri,Angelo_Reyes,Kim_Ryong-sung,Johnson_Panjaitan,Takashi_Sorimachi,Alan_Mulally,Freddy_Garcia,Munir_Akram,Hu_Jintao,James_Blake,Antony_Leung,Cathy_Freeman,Lim_Dong-won,William_Ford_Jr,Sam_Bith,Tom_Craddick,Julie_Gerberding,Kim_Jin-sun,Kalpana_Chawla,Richard_Sambrook,Lee_Hoi-chang,Silvia_Farina_Elia,George_Lopez,Arye_Mekel,Alison_Lohman,Spencer_Abraham,Natalie_Coughlin,Xanana_Gusmao,Jimmy_Kimmel,Taufik_Hidayat,Jennifer_Lopez,Silvan_Shalom,Joseph_Estrada,Michael_Chang,Carolina_Moraes,Annette_Lu,Jong_Thae_Hwa
probe/Charlotte_Rampling/Charlotte_Rampling_0002.jpg,Charlotte_Rampling,638,0.001567398119122257,0.5569396018981934,-0.02758840098977089,Katie_Harman,Cameron_Diaz,Kathy_Winters,Arianna_Huffington,Elizabeth_Smart,Olivia_Newton-John,Christine_Ebersole,Julianne_Moore,Lea_Fastow,Justine_Henin,Penelope_Ann_Miller,Jose_Sarney,Abdullah_Gul,Martina_McBride,Mikhail_Kasyanov,Gillian_Anderson,Evan_Rachel_Wood,Natalie_Maines,Richard_Krajicek,Jodie_Foster,Gisele_Bundchen,Celine_Dion,Gloria_Macapagal_Arroyo,Garry_Trudeau,Elvis_Presley,Luis_Gonzalez_Macchi,Betsy_Smith,Yao_Ming,Michael_Ballack,Marina_Anissina,Gil_de_Ferran,Barbra_Streisand,Vicki_Zhao_Wei,Pedro_Solbes,Claire_Danes,Eddy_Merckx,Patty_Schnyder,Frank_Dunham_Jr,Lindsay_Benko,Jose_Manuel_Durao_Barroso,Jesse_Jackson,Michelle_Pfeiffer,John_Cusack,Lisa_Raymond,Elsa_Zylberstein,Saddam_Hussein,Juanes,Zhang_Ziyi,Anna_Kournikova,Abdullah
probe/Charlton_Heston/Charlton_Heston_0002.jpg,Charlton_Heston,1,1.0,0.8893550634384155,0.8893550634384155,Charlton_Heston,Jack_Straw,Robert_DeFraites,Sam_Bith,Tom_Daschle,Bill_Gates,Bud_Selig,John_Taylor,Wang_Yingfan,Michael_J_Sheehan,Jean-David_Levitte,Richard_Gephardt,Jean-Claude_Braquet,Michael_Kostelnik,Vaclav_Havel,James_Kelly,Gray_Davis,Franz_Beckenbauer,Dick_Cheney,Roy_Williams,Hootie_Johnson,Joseph_Biden,Jorge_Batlle,Anders_Ebbeson,Dick_Vermeil,Eric_Clapton,Chuck_Yeager,William_Martin,Trent_Lott,Valery_Giscard_dEstaing,Bill_Frist,Fred_Eckhard,Hans_Eichel,Pedro_Malan,Nicanor_Duarte_Frutos,Bob_Beauprez,Jose_Sarney,Dennis_Erickson,Johnny_Carson,Anders_Fogh_Rasmussen,Ron_Dittemore,Tom_Craddick,Robin_Cook,Christian_Wulff,Lyle_Vanclief,Wesley_Clark,David_Trimble,Peter_Struck,John_Manley,James_Kopp
probe/Chen_Liang_Yu/Chen_Liang_Yu_0002.jpg,Chen_Liang_Yu,1,1.0,0.8791565895080566,0.8791565895080566,Chen_Liang_Yu,Prince_Naruhito,Hu_Jintao,Lim_Dong-won,Alberto_Fujimori,Thaksin_Shinawatra,Mitoji_Yabunaka,Chung_Mong-joon,Liu_Mingkang,Lee_Tae-sik,Lee_Hoi-chang,Kim_Jin-sun,Hichiro_Naemura,Gao_Qiang,Jong_Thae_Hwa,Yoko_Ono,George_Robertson,Jorge_Castaneda,Nasser_al-Kidwa,Chang_Dae-whan,Heizo_Takenaka,Antony_Leung,Kim_Ryong-sung,Alejandro_Toledo,Jackie_Chan,Edward_Lu,Li_Peng,Bobby_Goldwater,Kim_Dae-jung,Anneli_Jaatteenmaki,Kim_Jong-Il,Annette_Lu,Angelo_Reyes,John_Rowland,Ken_Watanabe,Nicanor_Duarte_Frutos,Kieran_Prendergast,Lee_Jun,David_Trimble,Stanley_Tong,Wang_Yingfan,Goh_Kun,Hillary_Clinton,Alimzhan_Tokhtakhounov,Anwar_Ibrahim,Meryl_Streep,Michael_Chang,Jennifer_Rodriguez,Robert_Mugabe,Hassan_Wirajuda
probe/Chita_Rivera/Chita_Rivera_0002.jpg,Chita_Rivera,1,1.0,0.8938847184181213,0.8938847184181213,Chita_Rivera,Dolly_Parton,Yukiko_Okudo,Nancy_Pelosi,Yoko_Ono,Sourav_Ganguly,Hun_Sen,Jo_Dee_Messina,Luis_Figo,Vitali_Klitschko,Hichiro_Naemura,Anna_Kournikova,Raquel_Welch,Anneli_Jaatteenmaki,Zhang_Ziyi,Vicente_Fernandez,Gary_Locke,Rolf_Eckrodt,Gloria_Macapagal_Arroyo,Katie_Harman,Geraldine_Chaplin,Angela_Lansbury,Patti_Labelle,Michelle_Yeoh,Li_Peng,Prince_Naruhito,Susan_Collins,Patricia_Clarkson,Lee_Tae-sik,Yao_Ming,Begum_Khaleda_Zia,Gianna_Angelopoulos-Daskalaki,Doris_Roberts,Sophia_Loren,Heidi_Fleiss,Heizo_Takenaka,Barbara_Walters,Hassan_Wirajuda,Jong_Thae_Hwa,Thaksin_Shinawatra,Aaron_Sorkin,Joseph_Estrada,Edward_Lu,Mary_Tyler_Moore,Hitomi_Soga,Nancy_Reagan,Stanley_McChrystal,Benazir_Bhutto,Kim_Ryong-sung,Pupi_Avati
probe/Chok_Tong_Goh/Chok_Tong_Goh_0002.jpg,Chok_Tong_Goh,1,1.0,0.8276684284210205,0.8276684284210205,Chok_Tong_Goh,Kim_Jong-Il,Pedro_Malan,Colin_Powell,Lee_Hoi-chang,Bernard_Landry,Sam_Bith,GL_Peiris,Wang_Yingfan,Angelo_Reyes,Arye_Mekel,Gao_Qiang,Antony_Leung,Richard_Gephardt,Jorge_Batlle,Ferenc_Madl,Michael_Chang,Li_Peng,Trent_Lott,Dick_Cheney,Larry_Brown,Hamzah_Haz,Hu_Jintao,Julie_Gerberding,Anwar_Ibrahim,Kim_Ryong-sung,William_Ford_Jr,Nelson_Mandela,Hichiro_Naemura,Christopher_Patten,Richie_Adubato,Jesse_Jackson,Robert_DeFraites,Charlton_Heston,James_Cunningham,Kim_Jin-sun,Thaksin_Shinawatra,Peter_Struck,Michael_J_Sheehan,Gabriel_Valdes,Chen_Liang_Yu,Flor_Montulo,Jay_Garner,Yoko_Ono,Dalai_Lama,Jose_Viegas_Filho,Franko_Simatovic,Mike_Miller,Mohamed_Benaissa,Albrecht_Mentz
probe/Chris_Bell/Chris_Bell_0002.jpg,Chris_Bell,1,1.0,0.9148557782173157,0.9148557782173157,Chris_Bell,Tom_Daschle,Jonathan_Edwards,Trent_Lott,Hootie_Johnson,Leslie_Moonves,William_Bratton,James_Traficant,Gregg_Popovich,Michael_Kostelnik,Chakib_Khelil,Mikhail_Kasyanov,John_Manley,Darren_Clarke,Gray_Davis,Bruce_Van_De_Velde,Wesley_Clark,Butch_Davis,John_Kerry,Zoran_Djindjic,Al_Davis,Rolf_Eckrodt,Vladimir_Putin,Carlo_Ancelotti,Adolfo_Aguilar_Zinser,Brad_Johnson,Lou_Piniella,Gil_de_Ferran,Iain_Duncan_Smith,Kent_Rominger,Gordon_Campbell,Mohamed_Benaissa,Gregory_Geoffroy,Robert_Duvall,Tony_Curtis,Gary_Carter,Jon_Gruden,Christopher_Walken,James_Morris,John_Timoney,Dick_Latessa,Guy_Ritchie,Mikulas_Dzurinda,Eddy_Merckx,Mack_Brown,Richard_Gephardt,Bill_Frist,Bill_Gates,Aleksander_Kwasniewski,Art_Howe
probe/Chris_Byrd/Chris_Byrd_0002.jpg,Chris_Byrd,1,1.0,0.8035398721694946,0.8035398721694946,Chris_Byrd,Evander_Holyfield,LeBron_James,Adrian_McPherson,Latrell_Sprewell,Mike_Tyson,Kirk_Johnson,Paul_Pierce,Donatella_Versace,OJ_Simpson,George_Foreman,Gustavo_Kuerten,Jesse_James_Leija,Harry_Schmidt,John_Rosa,Lon_Kruger,Alexandra_Vodjanikova,Joe_Dumars,Thabo_Mbeki,Mikhail_Youzhny,Daisy_Fuentes,Mohammad_Khatami,Greg_Gilbert,Paul_McNulty,Angelo_Reyes,Ishaq_Shahryar,John_Allen_Muhammad,Dave_Campo,Doug_Duncan,James_Kelly,John_Kerry,Vidar_Helgesen,Leland_Chapman,Serena_Williams,Brad_Johnson,Bill_Callahan,Julianne_Moore,Margaret_Thatcher,Ruben_Studdard,Jason_Lezak,Frank_Griswold,Emmit_Smith,Guillaume_Soro,Grady_Irvin_Jr,Mike_Babcock,Natalie_Maines,Patrick_Ewing,Rick_Romley,Yevgeny_Kafelnikov,Jeremy_Shockey
probe/Chris_Cooper/Chris_Cooper_0002.jpg,Chris_Cooper,1,1.0,0.8126628398895264,0.8126628398895264,Chris_Cooper,George_Pataki,Pedro_Malan,Harvey_Weinstein,Richard_Crenna,Roy_Moore,Charles_Grassley,Michelle_Yeoh,Jeffrey_Jones,Vladimir_Putin,Ron_Dittemore,Kristanna_Loken,Tom_Crean,Lee_Hoi-chang,Bill_Gates,Tom_Cruise,Thomas_OBrien,Franz_Muentefering,Silvio_Berlusconi,Bob_Hope,Stellan_Skarsgard,George_Voinovich,Arnold_Palmer,Jose_Dirceu,Christopher_Patten,Joseph_Deiss,David_Myers,Robert_Zoellick,Pascal_Quignard,John_Blaney,Bud_Selig,Alastair_Campbell,Jose_Manuel_Durao_Barroso,James_Cunningham,Lynn_Abraham,Ricardo_Maduro,Rob_Schneider,Alvaro_Uribe,Marie-Reine_Le_Gougne,Gloria_Macapagal_Arroyo,Ken_Watanabe,James_Maguire,Richard_Gephardt,Michael_Chiklis,Pamela_Anderson,David_Trimble,Frank_Cassell,Paul_ONeill,Jean-Claude_Juncker,Gunter_Pleuger
probe/Chris_Rock/Chris_Rock_0002.jpg,Chris_Rock,1,1.0,0.8770195245742798,0.8770195245742798,Chris_Rock,Richard_Sambrook,Mark_Dacey,Patrick_Ewing,Darren_Clarke,Allen_Iverson,Kathryn_Bigelow,Alexander_Rumyantsev,Dexter_Jackson,Jose_Sarney,Andrei_Mikhnevich,Georgi_Parvanov,Kirk_Johnson,Billy_Sollie,Guillaume_Soro,Alan_Ball,Doug_Duncan,Lou_Piniella,Luciano_Pavarotti,Guillermo_Coria,Hal_Sutton,Dominik_Garcia-Lorido,Abel_Pacheco,Pamela_Anderson,John_Manley,Silvan_Shalom,Gerry_Adams,Vince_Carter,Carlo_Ancelotti,Bill_Gates,Leonard_Hamilton,Thaksin_Shinawatra,Ruben_Studdard,Brad_Johnson,Hayley_Tullett,Kenneth_Evans,Alejandro_Avila,Paulo_Cesar_Pinheiro,Kieran_Prendergast,Jeremy_Shockey,Will_Smith,Steve_Spurrier,James_Traficant,Jimmy_Kimmel,Ellen_Engleman,Byron_Scott,Art_Hoffmann,Rupert_Grint,Elinor_Caplan,Edward_Norton
probe/Chris_Tucker/Chris_Tucker_0002.jpg,Chris_Tucker,1,1.0,0.7980182766914368,0.7980182766914368,Chris_Tucker,Doug_Duncan,Emmit_Smith,Byron_Scott,Patrick_Ewing,Jesse_Jackson,Nastassia_Kinski,Serena_Williams,Michelle_Pfeiffer,Mariangel_Ruiz_Torrealba,Angelo_Reyes,Joe_Dumars,Latrell_Sprewell,Kenneth_Evans,Ruben_Studdard,Guillaume_Soro,John_Allen_Muhammad,Isaiah_Washington,Chris_Rock,Justin_Gatlin,Dexter_Jackson,Dale_Earnhardt_Jr,Lloyd_Ward,Tom_Crean,Richard_Gephardt,Julie_Gerberding,Spencer_Abraham,Abel_Pacheco,Sophia_Loren,Venus_Williams,Elin_Nordegren,Maria_Luisa_Mendonca,Lionel_Richie,Yevgeny_Kafelnikov,Jan_Ullrich,Felix_Mantilla,Jon_Gruden,Will_Smith,Tom_Daschle,Justin_Guarini,Martin_Brodeur,Sandra_Bullock,Gordon_Campbell,Larry_Lindsey,Paul_Pierce,Goran_Persson,Jose_Manuel_Durao_Barroso,Bill_Simon,Abdullah_al-Attiyah,Laila_Ali
probe/Christian_Fittipaldi/Christian_Fittipaldi_0002.jpg,Christian_Fittipaldi,1,1.0,0.6888176202774048,0.6888176202774048,Christian_Fittipaldi,Juan_Pablo_Montoya,Sourav_Ganguly,Pete_Sampras,Carlos_Manuel_Pruneda,Padraig_Harrington,Marco_Antonio_Barrera,Bruce_Weber,Ben_Curtis,Darrell_Porter,Jim_Edmonds,Mike_Weir,Luis_Figo,Alvaro_Uribe,George_P_Bush,Vitali_Klitschko,Anibal_Ibarra,Alex_Penelas,Stephen_Friedman,Arnaud_Clement,Mark_Cuban,Nicolas_Lapentti,Jose_Mourinho,Antonio_Banderas,Barry_Alvarez,Vincent_Brooks,Oscar_De_La_Hoya,Matt_Doherty,Harry_Schmidt,Carlos_Bianchi,Gloria_Macapagal_Arroyo,John_F_Kennedy_Jr,Frank_Dunham_Jr,Manuel_Poggiali,Goldie_Hawn,Daisy_Fuentes,Jason_Kidd,Elvis_Presley,Laurent_Jalabert,Augustin_Calleri,Lisa_Ling,Eric_Rosser,Jefferson_Perez,Gil_de_Ferran,Juan_Manuel_Marquez,Raquel_Welch,David_Wolf,Mohammad_Khatami,Daniel_Day-Lewis,Luis_Horna
probe/Christian_Wulff/Christian_Wulff_0002.jpg,Christian_Wulff,1,1.0,0.7956351041793823,0.7956351041793823,Christian_Wulff,James_Kelly,Jean-David_Levitte,Ron_Dittemore,Bud_Selig,Bill_Simon,Simon_Cowell,James_Kopp,Geno_Auriemma,Paul_McNulty,Scott_McNealy,Joseph_Deiss,Robert_DeFraites,David_Heymann,Alvaro_Uribe,Robert_Zoellick,Joan_Claybrook,Stanley_McChrystal,Prince_Willem-Alexander,Lyle_Vanclief,Camilla_Parker_Bowles,Bill_Belichick,Bill_Frist,Yevgeny_Kafelnikov,Jan_Ullrich,Marc_Grossman,Bill_Gates,Charles_Grassley,Jose_Sarney,Kiki_Vandeweghe,David_Dodge,Dennis_Kucinich,Roman_Polanski,Guido_Westerwelle,David_Leahy,George_Robertson,Yao_Ming,Lawrence_MacAulay,Tom_Daschle,Franz_Muentefering,Dale_Earnhardt_Jr,Tim_Floyd,Luis_Figo,Bill_Nelson,Gray_Davis,Mario_Dumont,Gerry_Adams,Larry_Coker,Aron_Ralston,Richard_Krajicek
probe/Christina_Aguilera/Christina_Aguilera_0002.jpg,Christina_Aguilera,1,1.0,0.5716006755828857,0.5716006755828857,Christina_Aguilera,Patti_Labelle,Tracee_Ellis_Ross,Susan_Collins,Pamela_Anderson,Chita_Rivera,Martin_Scorsese,Meryl_Streep,Luis_Horna,Jon_Gruden,Thaksin_Shinawatra,Bertrand_Bonello,Dale_Earnhardt_Jr,Zhang_Ziyi,Mikhail_Youzhny,Hideki_Matsui,Chung_Mong-hun,Brigitte_Boisselier,Anna_Kournikova,Guillermo_Coria,Tony_Curtis,Jennifer_Rodriguez,Jennifer_Lopez,Laurent_Gbagbo,Yevgeny_Kafelnikov,Tamara_Brooks,Robert_Mugabe,Keira_Knightley,Paula_Radcliffe,Prince_Naruhito,Jackie_Chan,John_Ruiz,John_Cusack,Carmen_Electra,Reese_Witherspoon,Sophia_Loren,Serena_Williams,Lee_Hoi-chang,Madonna,Donatella_Versace,Yao_Ming,Orlando_Bloom,Venus_Williams,David_Nalbandian,George_Foreman,Tony_Bennett,Yoko_Ono,Franz_Muentefering,Nadia_Petrova,George_Ryan
probe/Christine_Ebersole/Christine_Ebersole_0002.jpg,Christine_Ebersole,1,1.0,0.7963339686393738,0.7963339686393738,Christine_Ebersole,Jolanta_Kwasniewski,Meryl_Streep,Karin_Stoiber,Dolly_Parton,Jessica_Lange,Raquel_Welch,Miroljub,Jean_Brumley,Nancy_Reagan,Barbara_Walters,Madonna,Marie-Reine_Le_Gougne,Reese_Witherspoon,Julianne_Moore,Paula_Radcliffe,Sally_Kirkland,Lea_Fastow,Kristanna_Loken,Courtney_Love,Melanie_Griffith,Ozzy_Osbourne,Gloria_Macapagal_Arroyo,Penelope_Ann_Miller,Jason_Kidd,Chita_Rivera,Gro_Harlem_Brundtland,Eric_Rosser,Tammy_Lynn_Michaels,Jeanne_Moreau,Celine_Dion,Gunter_Pleuger,Elizabeth_Dole,Judi_Dench,Serena_Williams,Debra_Brown,Rita_Moreno,Edie_Falco,Christian_Fittipaldi,Betsy_Smith,Sophia_Loren,Goran_Persson,Pamela_Anderson,Laila_Ali,Bob_Hope,Elvis_Presley,John_Snow,Dorthy_Moxley,Tyra_Banks,Patricia_Clarkson
probe/Christine_Gregoire/Christine_Gregoire_0002.jpg,Christine_Gregoire,1,1.0,0.8798952102661133,0.8798952102661133,Christine_Gregoire,Lynne_Cheney,Dorthy_Moxley,Debra_Brown,Nancy_Pelosi,Jean_Carnahan,Robert_Stack,Paula_Radcliffe,Jean_Brumley,Sheila_Wellstone,Blythe_Danner,Patricia_Clarkson,Nestor_Kirchner,Paul_McCartney,Georgi_Parvanov,Julie_Gerberding,Maggie_Smith,Gabriel_Valdes,Coretta_Scott_King,Monica_Seles,Mikhail_Kasyanov,Hichiro_Naemura,Nancy_Reagan,Michelle_Pfeiffer,John_Negroponte,Lynn_Abraham,Sally_Kirkland,Charlton_Heston,Julie_Taymor,Bill_Gates,Christopher_Walken,Donna_Shalala,Joe_Mantello,Kim_Jong-Il,Karin_Stoiber,Kathleen_Glynn,Jorge_Batlle,Hillary_Clinton,Augustin_Calleri,Paula_Zahn,Felix_Mantilla,Annette_Bening,John_Abizaid,Rita_Moreno,Valery_Giscard_dEstaing,Margaret_Thatcher,Alexander_Rumyantsev,Gro_Harlem_Brundtland,Ann_Veneman,Anders_Ebbeson
probe/Christopher_Patten/Christopher_Patten_0002.jpg,Christopher_Patten,1,1.0,0.8259047269821167,0.8259047269821167,Christopher_Patten,James_Ivory,Paul_ONeill,Valdas_Adamkus,Chok_Tong_Goh,Jimmy_Carter,Trent_Lott,Dick_Cheney,Joseph_Biden,Bob_Hope,John_Rigas,Richard_Gephardt,Francis_George,Jorge_Rodolfo_Canicoba_Corral,Arye_Mekel,Kemal_Dervis,Arnold_Palmer,Richard_Shelby,Larry_Brown,Richie_Adubato,Benjamin_Netanyahu,Dennis_Erickson,Augusto_Pinochet,Charles_Mathews,Pedro_Malan,Nestor_Kirchner,George_Voinovich,Bill_Graham,Jose_Viegas_Filho,Franz_Muentefering,Richard_Sambrook,John_Snow,Max_Mayfield,Warren_Buffett,Jose_Serra,Michael_Chiklis,George_Ryan,Abel_Pacheco,Ferenc_Madl,Bobby_Robson,Bernard_Landry,Jay_Garner,Tony_Curtis,Colin_Powell,Gunter_Pleuger,George_Brumley,Spencer_Abraham,Michael_J_Sheehan,William_Ford_Jr,Larry_Lindsey
probe/Christopher_Walken/Christopher_Walken_0002.jpg,Christopher_Walken,1,1.0,0.9214059114456177,0.9214059114456177,Christopher_Walken,Gerry_Parsky,Rupert_Grint,Bill_Gates,Vladimir_Putin,Sandra_Bullock,Goh_Kun,Matthew_Perry,Bill_Sizemore,John_Snow,John_Timoney,Peter_Arnett,Joseph_Estrada,James_Cunningham,Abel_Pacheco,Michael_Chang,John_Manley,Thaksin_Shinawatra,John_Jumper,Dai_Bachtiar,William_Ford_Jr,Sally_Kirkland,Alan_Mulally,Franko_Simatovic,George_Pataki,Fred_Eckhard,Mikhail_Kasyanov,Hillary_Clinton,David_Trimble,Antony_Leung,Elijah_Wood,Kim_Jong-Il,Vaclav_Havel,Boris_Becker,Arlen_Specter,Christine_Gregoire,Robert_Zoellick,Todd_Haynes,Cameron_Diaz,Augusto_Pinochet,Jesse_Jackson,John_Blaney,James_Kopp,James_Schultz,Hichiro_Naemura,Eddie_Sutton,Richard_Crenna,Kenneth_Evans,Chung_Mong-joon,Julianne_Moore
probe/Chuck_Amato/Chuck_Amato_0002.jpg,Chuck_Amato,1,1.0,0.9336588978767395,0.9336588978767395,Chuck_Amato,Vladimir_Putin,William_Bratton,Brad_Johnson,Benjamin_Netanyahu,Anthony_LaPaglia,James_Butts,Nestor_Kirchner,Bernard_Lord,Abel_Pacheco,Eduardo_Duhalde,Robert_Duvall,Butch_Davis,Michael_Douglas,Geoff_Hoon,Vitali_Klitschko,Mitchell_Daniels,John_Abizaid,Shaukat_Aziz,David_Nalbandian,Fabiola_Zuluaga,Noah_Wyle,Emily_Robison,Martin_Verkerk,Edward_Lu,Damon_van_Dam,Ray_Nagin,Li_Peng,Frank_Cassell,Igor_Ivanov,Phil_Mickelson,Lon_Kruger,Francis_Mer,Sean_Penn,John_Negroponte,Bill_Graham,Xanana_Gusmao,Fayssal_Mekdad,Eve_Pelletier,Patricia_Clarkson,Mark_Geragos,Herb_Sendek,Edward_Said,Kurt_Busch,Joe_Torre,James_Jones,Ben_Curtis,Gian_Marco,Frank_Stallone,Matthew_Perry
probe/Chuck_Yeager/Chuck_Yeager_0002.jpg,Chuck_Yeager,1,1.0,0.8907155394554138,0.8907155394554138,Chuck_Yeager,Klaus_Zwickel,Franz_Beckenbauer,Manfred_Stolpe,Doug_Collins,James_Kelly,Bill_Graham,Robert_DeFraites,Charlton_Heston,Robert_Bonner,Roy_Williams,Don_Nickles,Leszek_Miller,Joseph_Biden,Yao_Ming,Robert_Duvall,Tom_Daschle,Dick_Cheney,William_Martin,Bobby_Robson,John_Malkovich,John_Snow,Sam_Bith,Ernie_Eves,Mel_Brooks,Johnny_Carson,Richard_Shelby,Dick_Vermeil,Asa_Hutchinson,Kiki_Vandeweghe,John_Howard,Patrick_Leahy,Robert_Zoellick,Dennis_Erickson,Franz_Muentefering,Geoff_Hoon,Billy_Graham,Jose_Serra,Nelson_Mandela,Warren_Buffett,Eddie_Sutton,Hootie_Johnson,Thierry_Falise,Trent_Lott,Bill_Nelson,Harry_Kalas,Roy_Moore,Zoran_Djindjic,Ralph_Lauren,Pascal_Lamy
probe/Chung_Mong-hun/Chung_Mong-hun_0002.jpg,Chung_Mong-hun,1,1.0,0.740748405456543,0.740748405456543,Chung_Mong-hun,Bill_Gates,Antony_Leung,Hun_Sen,Hassan_Wirajuda,Juan_Valencia_Osorio,Lee_Jun,Hu_Jintao,Kim_Jin-sun,Kim_Dae-jung,Jackie_Chan,Jong_Thae_Hwa,Joseph_Estrada,Bill_Simon,Ron_Dittemore,Edward_Lu,Michael_Chang,Goh_Kun,Kim_Ryong-sung,Lee_Tae-sik,Jia_Qinglin,Mohamed_Benaissa,Lee_Hoi-chang,Gary_Locke,Dai_Bachtiar,Marc_Grossman,Bud_Selig,Jean-David_Levitte,Yoko_Ono,Christopher_Walken,Jorge_Castaneda,Chang_Dae-whan,David_Trimble,Thaksin_Shinawatra,Alejandro_Toledo,Annette_Lu,Wang_Yingfan,Liu_Mingkang,Jack_Straw,Bobby_Goldwater,David_Leahy,Chung_Mong-joon,Arlen_Specter,Chok_Tong_Goh,Trent_Lott,Anwar_Ibrahim,Chen_Liang_Yu,Alberto_Fujimori,Tony_Bennett,Camilla_Parker_Bowles
probe/Chung_Mong-joon/Chung_Mong-joon_0002.jpg,Chung_Mong-joon,1,1.0,0.8364386558532715,0.8364386558532715,Chung_Mong-joon,Lee_Tae-sik,Kim_Dae-jung,Chang_Dae-whan,Hichiro_Naemura,Ken_Watanabe,Chen_Liang_Yu,Lee_Hoi-chang,Heizo_Takenaka,Thaksin_Shinawatra,Chung_Mong-hun,Alberto_Fujimori,Candie_Kung,Lee_Jun,Jia_Qinglin,Jackie_Chan,Stanley_Tong,Kim_Ryong-sung,Hu_Jintao,Jong_Thae_Hwa,Jamling_Norgay,Prince_Naruhito,Goh_Kun,Edward_Lu,Kim_Jin-sun,Michael_Chang,Lino_Oviedo,Dennis_Kucinich,Mitoji_Yabunaka,Yoko_Ono,Liu_Mingkang,Alimzhan_Tokhtakhounov,Hillary_Clinton,Sachiko_Yamada,John_Timoney,Antony_Leung,Silvio_Berlusconi,Li_Peng,Alejandro_Toledo,Tom_Cruise,Nestor_Kirchner,Lim_Dong-won,Gao_Qiang,Ozzy_Osbourne,Ian_McKellen,Elizabeth_Dole,George_Robertson,Kim_Jong-Il,Megawati_Sukarnoputri,Eduardo_Duhalde
probe/Cindy_Margolis/Cindy_Margolis_0002.jpg,Cindy_Margolis,1,1.0,0.7663016319274902,0.7663016319274902,Cindy_Margolis,Mariah_Carey,Julianne_Moore,Kristanna_Loken,Michelle_Pfeiffer,Elizabeth_Shue,Mary_Carey,Amanda_Coetzer,Raquel_Welch,Anna_Nicole_Smith,Vicente_Fernandez,Daisy_Fuentes,Priscilla_Presley,Alejandro_Avila,Jeffrey_Archer,David_Nalbandian,Mariangel_Ruiz_Torrealba,Donatella_Versace,Corinne_Coman,Jan_Ullrich,Gabriel_Valdes,Natalie_Maines,Jo_Dee_Messina,Lana_Clarkson,Arye_Mekel,Guillermo_Ortiz,Spencer_Abraham,Olesya_Bonabarenko,Fred_Eckhard,Ken_Watanabe,Bruce_Weber,Jim_Furyk,Ernesto_Zedillo,Bob_Hope,Tom_Daschle,Sophia_Loren,Justin_Guarini,Yasser_Arafat,Ron_Howard,Pamela_Anderson,Nancy_Pelosi,Gerry_Adams,Lee_Hoi-chang,Jennifer_Lopez,Larry_Ellison,Alberto_Ruiz_Gallardon,Joseph_Biden,Kathleen_Glynn,Goldie_Hawn,Charlton_Heston
probe/Claire_Danes/Claire_Danes_0002.jpg,Claire_Danes,1,1.0,0.7117763757705688,0.7117763757705688,Claire_Danes,Bud_Selig,Barbra_Streisand,Maria_Luisa_Mendonca,Isabelle_Huppert,Amber_Tamblyn,Charles_Grassley,Julie_Gerberding,Tom_Craddick,Daryl_Hannah,Michelle_Pfeiffer,Julianne_Moore,Trent_Lott,Elin_Nordegren,Marina_Anissina,Bobby_Robson,Marco_Antonio_Barrera,Nia_Vardalos,Emily_Robison,Orlando_Bloom,Kristanna_Loken,Tom_Daschle,Jennifer_Aniston,Jack_Straw,Saddam_Hussein,Evan_Rachel_Wood,Jose_Sarney,Peter_Struck,Ron_Dittemore,LeBron_James,Christian_Wulff,Dominik_Garcia-Lorido,Cameron_Diaz,Natalie_Maines,Mel_Brooks,Sue_Wicks,Roman_Polanski,Mark_Warner,Celine_Dion,David_Spade,Tom_Cruise,Prince_Harry,Vaclav_Havel,Pamela_Anderson,Thomas_Fargo,Jason_Kidd,Nastassia_Kinski,Sandra_Bullock,Julianna_Margulies,Jennifer_Thompson
probe/Claire_Hentzen/Claire_Hentzen_0002.jpg,Claire_Hentzen,1,1.0,0.922120213508606,0.922120213508606,Claire_Hentzen,Diana_Taurasi,Jennifer_Rodriguez,Hayley_Tullett,Nadia_Petrova,Anna_Kournikova,Bill_Graham,Vladimir_Putin,Jennifer_Thompson,Stacy_Dragila,Blythe_Hartley,Martin_Verkerk,Martha_Bowen,Monica_Seles,Lindsay_Benko,Eve_Pelletier,Prince_Harry,James_Schultz,Laurent_Gbagbo,Paula_Radcliffe,Patricia_Clarkson,Marlene_Weingartner,David_Nalbandian,Iva_Majoli,Michael_Douglas,Richie_Adubato,Hannah_Stockbauer,Conchita_Martinez,Meghann_Shaughnessy,Serena_Williams,Tamara_Brooks,Bill_Sizemore,Prince_Edward,Magui_Serna,Martina_Hingis,Meryl_Streep,Silvia_Farina_Elia,Eunice_Barber,Art_Howe,Frank_Cassell,Ron_Howard,Biljana_Plavsic,Jan_Ullrich,Amanda_Beard,Jim_Furyk,Gordon_Campbell,John_Abizaid,Fabiola_Zuluaga,Lino_Oviedo,Karin_Stoiber
probe/Claire_Leger/Claire_Leger_0002.jpg,Claire_Leger,1,1.0,0.845883846282959,0.845883846282959,Claire_Leger,Elinor_Caplan,Helen_Clark,James_Kopp,Joan_Claybrook,Conchita_Martinez,Biljana_Plavsic,Kathleen_Kennedy_Townsend,Priscilla_Owen,Martha_Burk,Kathy_Winters,David_Heymann,Begum_Khaleda_Zia,Bud_Selig,Gerard_Depardieu,Bill_Simon,Jolanta_Kwasniewski,Bill_Gates,Hitomi_Soga,Jean_Carnahan,Arianna_Huffington,Diane_Green,Sheila_Wellstone,Aung_San_Suu_Kyi,Nancy_Pelosi,Megawati_Sukarnoputri,Celso_Amorim,Margaret_Thatcher,Justin_Leonard,Yoko_Ono,Hillary_Clinton,Ann_Veneman,Ellen_Engleman,Marc_Grossman,Lawrence_MacAulay,Chanda_Rubin,Christine_Gregoire,Gloria_Allred,Sean_Patrick_OMalley,Eric_Clapton,Richard_Krajicek,Gro_Harlem_Brundtland,Jean-David_Levitte,Charlotte_Rampling,Alvaro_Uribe,Joseph_Deiss,Jorge_Castaneda,Arnaud_Clement,Benazir_Bhutto,Janet_Thorpe
probe/Colin_Jackson/Colin_Jackson_0002.jpg,Colin_Jackson,1,1.0,0.9024315476417542,0.9024315476417542,Colin_Jackson,Vince_Carter,Isaiah_Washington,Sophia_Loren,Hector_Babenco,Pete_Sampras,S_Jayakumar,Dexter_Jackson,Tony_Bennett,Carlos_Quintanilla_Schmidt,Alexander_Losyukov,Kelli_White,Vincent_Brooks,Luis_Horna,Valery_Giscard_dEstaing,Kifah_Ajouri,Harry_Belafonte,Joe_Mantello,Paul_Pierce,Heidi_Fleiss,Venus_Williams,Jim_Furyk,William_Bratton,Matt_Doherty,Mike_Weir,Boris_Becker,Ben_Curtis,Albert_Costa,John_Abizaid,Chanda_Rubin,Art_Howe,Anders_Fogh_Rasmussen,Vladimir_Putin,Justin_Gatlin,Laura_Hernandez,Vanessa_Incontrada,Tracee_Ellis_Ross,Jada_Pinkett_Smith,Manuel_Poggiali,Emanuel_Ginobili,Mathias_Reichhold,Martin_Verkerk,Fidel_Castro,Robert_Kocharian,Dwayne_Johnson,Nestor_Kirchner,Nastassia_Kinski,Silvan_Shalom,Jason_Kidd,Geraldine_Chaplin
probe/Conchita_Martinez/Conchita_Martinez_0002.jpg,Conchita_Martinez,1,1.0,0.9071065187454224,0.9071065187454224,Conchita_Martinez,Janet_Thorpe,Magui_Serna,Monica_Seles,Martina_Hingis,Fabiola_Zuluaga,Kurt_Busch,Hayley_Tullett,Meghann_Shaughnessy,Blythe_Hartley,Silvia_Farina_Elia,Justine_Henin,Biljana_Plavsic,Kathleen_Kennedy_Townsend,Nadia_Petrova,Candie_Kung,Robert_Mueller,Daniela_Hantuchova,Vanessa_Incontrada,Joe_Torre,Anna_Kournikova,Pedro_Solbes,Juan_Pablo_Montoya,Jennifer_Rodriguez,Arantxa_Sanchez-Vicario,Richard_Krajicek,Guillermo_Coria,Howard_Dean,Elizabeth_Smart,Gloria_Allred,Brian_Griese,Megawati_Sukarnoputri,Justin_Leonard,Sarah_Jessica_Parker,Gregg_Popovich,Marlene_Weingartner,Hanan_Ashrawi,Jennifer_Reilly,Alexander_Losyukov,Ben_Curtis,Helen_Clark,Stacy_Dragila,Christine_Gregoire,Martha_Bowen,Gian_Marco,Julio_Iglesias_Jr,Prince_Willem-Alexander,John_Negroponte,Martha_Burk,Intisar_Ajouri
probe/Coretta_Scott_King/Coretta_Scott_King_0002.jpg,Coretta_Scott_King,1,1.0,0.8708311319351196,0.8708311319351196,Coretta_Scott_King,Nancy_Pelosi,Rita_Moreno,Julie_Taymor,Yukiko_Okudo,Aung_San_Suu_Kyi,Gloria_Macapagal_Arroyo,Megawati_Sukarnoputri,Valerie_Harper,Geraldine_Chaplin,Shannon_OBrien,Michelle_Yeoh,Patty_Schnyder,Nelson_Mandela,Thomas_OBrien,Donna_Shalala,Robert_Mugabe,Yoko_Ono,Carol_Burnett,Flor_Montulo,Silvio_Berlusconi,Christine_Gregoire,Eduardo_Duhalde,Annette_Bening,Sam_Bith,Hanan_Ashrawi,Adolfo_Rodriguez_Saa,Lauren_Hutton,Ann_Veneman,Gloria_Allred,Xanana_Gusmao,Mathias_Reichhold,Arsinee_Khanjian,Sally_Kirkland,Thabo_Mbeki,Juan_Valencia_Osorio,Lily_Tomlin,Colin_Powell,Vanessa_Williams,Fabiola_Zuluaga,Julie_Gerberding,Pete_Sampras,Kelli_White,Andrew_Cuomo,Harry_Belafonte,Hitomi_Soga,Blythe_Danner,Nora_Bendijo,Li_Peng,Sophia_Loren
probe/Corinne_Coman/Corinne_Coman_0002.jpg,Corinne_Coman,1,1.0,0.8882032036781311,0.8882032036781311,Corinne_Coman,Karen_Mok,Luis_Figo,Jimmy_Carter,Kristanna_Loken,Cindy_Margolis,Howard_Smith,Gunter_Pleuger,Jada_Pinkett_Smith,George_Pataki,Mariangel_Ruiz_Torrealba,Gloria_Macapagal_Arroyo,Saddam_Hussein,Sean_Astin,Robert_Zoellick,Sam_Torrance,Stellan_Skarsgard,Tom_Daschle,Dolma_Tsering,Heidi_Fleiss,Mary-Kate_Olsen,James_McGreevey,Mary_Tyler_Moore,Patti_Labelle,Vanessa_Williams,Marco_Antonio_Barrera,Dwayne_Johnson,Duane_Lee_Chapman,Lana_Clarkson,Cathy_Freeman,Ron_Howard,Andrew_Cuomo,Joe_Nichols,Kiki_Vandeweghe,Tracee_Ellis_Ross,Bill_Nelson,Simon_Cowell,Michelle_Yeoh,Venus_Williams,Laurent_Jalabert,Nick_Nolte,Carol_Moseley_Braun,Chris_Cooper,Jennifer_Lopez,Vicente_Fernandez,George_P_Bush,Ashanti,Vaclav_Havel,Lisa_Ling,Coretta_Scott_King
probe/Costas_Simitis/Costas_Simitis_0002.jpg,Costas_Simitis,1,1.0,0.7832978367805481,0.7832978367805481,Costas_Simitis,John_Negroponte,David_Dodge,Mike_Price,William_Bratton,Jorge_Batlle,Richard_Shelby,Pete_Sampras,Mohammad_Khatami,John_McEnroe,Nabil_Shaath,Cruz_Bustamante,Dick_Cheney,Fayssal_Mekdad,John_Howard,Francis_George,Guillermo_Ortiz,John_Snow,Warren_Beatty,Ismail_Merchant,Garry_Trudeau,Bob_Beauprez,Hans_Eichel,Valery_Giscard_dEstaing,Bob_Hope,John_McCormack,Jason_Alexander,Carlos_Bianchi,Barry_Alvarez,Gabriel_Valdes,Anders_Fogh_Rasmussen,Pedro_Malan,Geraldine_Chaplin,Peter_Arnett,William_Hochul,James_Cunningham,Jose_Serra,Dick_Clark,Charles_Schumer,Nicanor_Duarte_Frutos,Paul_Patton,John_Rowland,Hipolito_Mejia,Frank_Lautenberg,OJ_Simpson,Jeffrey_Archer,Leon_LaPorte,Sarah_Jessica_Parker,Gary_Carter,Robert_Duvall
probe/Courtney_Love/Courtney_Love_0002.jpg,Courtney_Love,1,1.0,0.4978322386741638,0.4978322386741638,Courtney_Love,Kristanna_Loken,Madonna,Cindy_Margolis,Yasser_Arafat,Melanie_Griffith,Ismail_Merchant,Barbra_Streisand,Pamela_Anderson,Lili_Taylor,Dolly_Parton,Tom_Daschle,Alejandro_Avila,Jeanne_Moreau,Ricky_Barnes,Reese_Witherspoon,LeAnn_Rimes,Vitali_Klitschko,Mariangel_Ruiz_Torrealba,Penelope_Ann_Miller,Mariah_Carey,Jason_Kidd,Hun_Sen,Justin_Guarini,Joseph_Estrada,Raquel_Welch,Jane_Fonda,Julianne_Moore,Nastassia_Kinski,Lynne_Cheney,Peter_Struck,Carol_Burnett,George_Brumley,Patrick_Leahy,Gray_Davis,Mary_Carey,Dick_Cheney,Christine_Ebersole,Cruz_Bustamante,Michael_Ballack,John_Ruiz,Nelson_Mandela,Mary_Tyler_Moore,Abdullah_al-Attiyah,Warren_Beatty,Annette_Bening,Inam-ul-Haq,Patricia_Clarkson,Costas_Simitis,Guy_Ritchie
probe/Cristina_Fernandez/Cristina_Fernandez_0002.jpg,Cristina_Fernandez,251,0.00398406374501992,0.37935853004455566,0.09392455220222473,Chita_Rivera,Benazir_Bhutto,Stockard_Channing,David_Trimble,Madonna,Amelia_Vega,Pedro_Malan,Arlen_Specter,David_Leahy,Gianna_Angelopoulos-Daskalaki,Bud_Selig,John_Blaney,Kwon_Yang-sook,Barbara_Brezigar,Goldie_Hawn,Priscilla_Owen,Robbie_Fowler,Bill_Gates,Alastair_Campbell,George_Robertson,Katie_Harman,Liza_Minnelli,Olesya_Bonabarenko,Gloria_Macapagal_Arroyo,Marc_Grossman,Dennis_Kucinich,Nancy_Pelosi,Jennifer_Lopez,Hermann_Maier,Stanley_McChrystal,Yasser_Arafat,Jolanta_Kwasniewski,Larry_Ellison,Robert_Duvall,Michelle_Yeoh,Hassan_Wirajuda,Tim_Allen,Jessica_Lynch,Julianna_Margulies,Brigitte_Boisselier,Vincent_Brooks,Franko_Simatovic,Bobby_Goldwater,Joseph_Estrada,Christian_Wulff,Robert_Zoellick,Gray_Davis,Alvaro_Uribe,Sophia_Loren,Kristin_Davis
probe/Cristina_Saralegui/Cristina_Saralegui_0002.jpg,Cristina_Saralegui,1,1.0,0.8861658573150635,0.8861658573150635,Cristina_Saralegui,Melanie_Griffith,Ann_Veneman,Karin_Stoiber,Ozzy_Osbourne,Johnny_Carson,Doris_Roberts,Rick_Romley,Sally_Kirkland,Mary_Tyler_Moore,Mariah_Carey,Judi_Dench,James_Morris,Anna_Kournikova,Richie_Adubato,Jane_Pauley,Dave_Campo,Gwendal_Peizerat,Luis_Horna,Roman_Polanski,Mary_Carey,Paul_William_Hurley,Marilyn_Monroe,Zoran_Djindjic,Jeanne_Moreau,Barbara_Walters,Jay_Garner,George_Karl,Jackie_Chan,Elizabeth_Dole,Larry_Lindsey,Lina_Krasnoroutskaya,Gregg_Popovich,Silvio_Berlusconi,Kim_Jong-Il,Tony_Curtis,John_Howard,Carlo_Ancelotti,Bernard_Landry,Barbra_Streisand,Nick_Nolte,Colin_Powell,Diane_Green,Robert_Bonner,Jonathan_Edwards,Tom_Cruise,Celine_Dion,Kieran_Prendergast,Mike_Holmgren,Herb_Sendek
probe/Cruz_Bustamante/Cruz_Bustamante_0002.jpg,Cruz_Bustamante,1,1.0,0.8938292264938354,0.8938292264938354,Cruz_Bustamante,Len_Jenoff,Nia_Vardalos,Spencer_Abraham,John_Negroponte,Jose_Serra,Nasser_al-Kidwa,John_McEnroe,Carlos_Ghosn,Ibrahim_Jaafari,Jason_Alexander,Lon_Kruger,Luciano_Pavarotti,Scott_McClellan,Costas_Simitis,Abdullah_Gul,Boris_Berezovsky,Mohammad_Khatami,Saeb_Erekat,Pedro_Solbes,Nicanor_Duarte_Frutos,Garry_Kasparov,Iain_Duncan_Smith,Jesse_Jackson,Jean-Marc_de_La_Sabliere,Mario_Kreutzberger,Barry_Alvarez,Martina_Hingis,Tom_Cruise,Marwan_Barghouthi,Saparmurat_Niyazov,Yasser_Arafat,Luis_Gonzalez_Macchi,Emanuel_Ginobili,Pupi_Avati,Pete_Sampras,Bob_Hope,Gunter_Pleuger,Kim_Ryong-sung,Goran_Persson,John_McCormack,Saddam_Hussein,Ben_Curtis,Lindsay_Davenport,Hans_Eichel,Richard_Shelby,Oswaldo_Paya,Miroljub,George_Lopez,Joseph_Estrada
probe/Cyndi_Thompson/Cyndi_Thompson_0002.jpg,Cyndi_Thompson,1,1.0,0.7835102081298828,0.7835102081298828,Cyndi_Thompson,Erika_Christensen,Vanessa_Williams,Amber_Tamblyn,Mary-Kate_Olsen,Valerie_Harper,Goldie_Hawn,Marina_Anissina,Hermann_Maier,Natalie_Coughlin,Denise_Johnson,Reese_Witherspoon,Lana_Clarkson,Ann_Veneman,Natalie_Maines,Alexandra_Vodjanikova,Paul-Henri_Mathieu,Amanda_Beard,Lynne_Cheney,Todd_Haynes,Martina_McBride,Kathleen_Kennedy_Townsend,Dennis_Kucinich,Elizabeth_Smart,Madonna,Julianne_Moore,Corinne_Coman,Kristanna_Loken,Doris_Schroeder,OJ_Simpson,Patty_Schnyder,Lindsay_Davenport,Carmen_Electra,Jennifer_Lopez,Mary_Landrieu,Carol_Burnett,Juan_Pablo_Montoya,Jesse_Jackson,Mark_Warner,George_Lopez,Mathias_Reichhold,Tim_Allen,John_Reilly,Sourav_Ganguly,Pete_Sampras,Mariah_Carey,George_Robertson,Alex_Barros,Scott_McNealy,Mary_Carey
probe/Dai_Bachtiar/Dai_Bachtiar_0002.jpg,Dai_Bachtiar,1,1.0,0.9075750112533569,0.9075750112533569,Dai_Bachtiar,Hun_Sen,Anwar_Ibrahim,Angelo_Reyes,Thaksin_Shinawatra,Megawati_Sukarnoputri,Johnson_Panjaitan,Michael_Chang,Joseph_Estrada,Yao_Ming,Dwayne_Johnson,Annette_Lu,GL_Peiris,Hu_Jintao,Freddy_Garcia,Li_Peng,Spencer_Abraham,Lee_Hoi-chang,Alan_Mulally,Antony_Leung,Miguel_Contreras,Dalai_Lama,Lee_Jun,Roy_Moore,Laurent_Gbagbo,Lee_Tae-sik,Ken_Watanabe,Mary_Landrieu,Jesse_Jackson,Edward_Lu,Xanana_Gusmao,Hamzah_Haz,Jong_Thae_Hwa,Sam_Bith,Hassan_Wirajuda,Saeb_Erekat,Kim_Ryong-sung,Lino_Oviedo,Vladimir_Putin,Kim_Dae-jung,Claire_Hentzen,Kim_Jin-sun,Rob_Schneider,Arye_Mekel,Fidel_Castro,Jimmy_Carter,Anna_Kournikova,Lim_Dong-won,Patti_Labelle,Kim_Jong-Il
probe/Daisy_Fuentes/Daisy_Fuentes_0002.jpg,Daisy_Fuentes,1,1.0,0.7159726619720459,0.7159726619720459,Daisy_Fuentes,Sandra_Bullock,Marisa_Tomei,Vanessa_Incontrada,Juanes,Jennifer_Aniston,Fran_Drescher,Brooke_Shields,Cristina_Fernandez,Bridget_Fonda,Julie_Gerberding,Mack_Brown,Cameron_Diaz,Hector_Babenco,Celine_Dion,Lauren_Killian,Elisabeth_Schumacher,Jennifer_Lopez,Amelia_Vega,Mariangel_Ruiz_Torrealba,Sue_Wicks,Luis_Gonzalez_Macchi,Monica_Bellucci,Annette_Bening,Carolina_Moraes,Luis_Figo,William_Ford_Jr,Branko_Crvenkovski,Jo_Dee_Messina,Nia_Vardalos,Nancy_Reagan,Richard_Krajicek,Stacy_Dragila,Freddy_Garcia,Richard_Branson,Benazir_Bhutto,Olivia_Newton-John,Heidi_Fleiss,Robert_De_Niro,Elizabeth_Smart,Nancy_Pelosi,Lionel_Richie,Michelle_Pfeiffer,Lou_Piniella,Antonio_Banderas,Omar_Sharif,Marat_Safin,Gray_Davis,Bob_Beauprez,Damon_van_Dam
probe/Dalai_Lama/Dalai_Lama_0002.jpg,Dalai_Lama,1,1.0,0.8425809144973755,0.8425809144973755,Dalai_Lama,Larry_Brown,Henrique_Meirelles,Chok_Tong_Goh,GL_Peiris,Colin_Powell,Jackie_Chan,Li_Peng,Bo_Ryan,Jose_Serra,Yasar_Yakis,Hipolito_Mejia,John_Howard,Jonathan_Edwards,Kim_Ryong-sung,Paul_Patton,Pascal_Lamy,Coretta_Scott_King,Flor_Montulo,Sam_Bith,Silvan_Shalom,Hun_Sen,Anwar_Ibrahim,Gao_Qiang,Francis_Ford_Coppola,Paul_ONeill,Lino_Oviedo,Gerardo_Gambala,Xanana_Gusmao,Michael_Chang,Adolfo_Rodriguez_Saa,Harry_Belafonte,Lim_Dong-won,Ahmet_Necdet_Sezer,William_Martin,Albrecht_Mentz,Thaksin_Shinawatra,Silvio_Berlusconi,Yoko_Ono,Liu_Mingkang,Shaukat_Aziz,Benjamin_Netanyahu,Larry_Lucchino,Fidel_Castro,Pedro_Malan,Anthony_Fauci,Nia_Vardalos,Vladimir_Putin,Kim_Jong-Il,Antony_Leung
probe/Dale_Earnhardt_Jr/Dale_Earnhardt_Jr_0002.jpg,Dale_Earnhardt_Jr,1,1.0,0.7585262060165405,0.7585262060165405,Dale_Earnhardt_Jr,Jeremy_Shockey,Kenneth_Branagh,Jan_Ullrich,Robert_Zoellick,Prince_Harry,Gerry_Adams,Kirk_Ferentz,Leland_Chapman,Brad_Johnson,Jason_Jennings,Damon_van_Dam,Yevgeny_Kafelnikov,Julianne_Moore,Jon_Gruden,Serena_Williams,Luis_Figo,Rupert_Grint,Patrick_Ewing,Howard_Smith,James_Schultz,Matthew_Perry,Lindsay_Davenport,Mariangel_Ruiz_Torrealba,Paul_Byrd,Sean_Astin,Scott_Rudin,Larry_Ellison,Spencer_Abraham,Elsa_Zylberstein,Tom_Daschle,Steve_Park,Sean_Patrick_OMalley,Duane_Lee_Chapman,Elinor_Caplan,Franz_Muentefering,Christian_Wulff,Chris_Rock,Bill_Frist,Doug_Duncan,Mike_Babcock,John_Blaney,Peter_Bacanovic,Kathy_Winters,Barry_Zito,Richard_Sambrook,Luke_Walton,Lindsay_Benko,Anna_Nicole_Smith,Richard_Gephardt
probe/Damon_van_Dam/Damon_van_Dam_0002.jpg,Damon_van_Dam,1,1.0,0.779093861579895,0.779093861579895,Damon_van_Dam,Brad_Johnson,James_Parker,Tom_Glavine,Matthew_Perry,Jeffrey_Immelt,Jon_Gruden,Kirk_Ferentz,Marcus_Gronholm,Jason_Jennings,Goran_Persson,Derek_Lowe,Jose_Manuel_Durao_Barroso,Aleksander_Kwasniewski,Jason_Lezak,Martin_Brodeur,Brendan_Hansen,Lindsay_Davenport,Gil_de_Ferran,Dale_Earnhardt_Jr,Elvis_Presley,David_Nalbandian,Kurt_Russell,Yevgeny_Kafelnikov,Richard_Krajicek,Guillermo_Coria,Butch_Davis,James_Schultz,Lawrence_MacAulay,George_Karl,James_Kelly,Harvey_Weinstein,Bode_Miller,George_Robertson,Greg_Owen,Candie_Kung,Sean_Astin,Scott_McClellan,Christopher_Walken,Kenneth_Branagh,David_Bell,Jennifer_Rodriguez,Luke_Walton,Bill_Frist,Vidar_Helgesen,Guido_Westerwelle,Sharon_Frey,Michael_Chang,Dai_Bachtiar,Yao_Ming
probe/Dan_Wheldon/Dan_Wheldon_0002.jpg,Dan_Wheldon,741,0.001349527665317139,0.424554705619812,-0.07921412587165833,Mike_Weir,Jim_Carrey,Brendan_Hansen,Gil_de_Ferran,Geraldine_Chaplin,Mario_Cipollini,Kenneth_Branagh,Geoff_Hoon,Jennifer_Connelly,Leon_LaPorte,Roy_Moore,Alec_Baldwin,Bo_Ryan,Pascal_Quignard,Justin_Leonard,Ishaq_Shahryar,Nick_Nolte,Jason_Jennings,Elijah_Wood,Luke_Walton,Jason_Lezak,Daniel_Day-Lewis,Dennis_Powell,JJ_Redick,Bill_Callahan,Gary_Bergeron,James_Parker,Brooke_Shields,John_Howard,Hipolito_Mejia,John_Cusack,Frank_Solich,Richard_Krajicek,Tim_Allen,Mathias_Reichhold,Joe_Nichols,Gregg_Popovich,Bode_Miller,David_Heymann,Kate_Capshaw,James_Gandolfini,Pete_Sampras,Marcus_Gronholm,Elvis_Presley,Kristanna_Loken,Larry_Brown,Martin_Verkerk,David_Spade,Tom_Cruise,Andrew_Bunner
probe/Daniel_Day-Lewis/Daniel_Day-Lewis_0002.jpg,Daniel_Day-Lewis,1,1.0,0.7124320864677429,0.7124320864677429,Daniel_Day-Lewis,Barrett_Jackman,Luis_Horna,Leon_LaPorte,Juan_Manuel_Marquez,Jason_Kidd,Matt_Doherty,Peter_Hillary,Thomas_Rupprath,Carlos_Bianchi,Martin_Scorsese,Stephen_Friedman,Kifah_Ajouri,Guillermo_Coria,Laurent_Jalabert,Pete_Sampras,Gian_Marco,Sally_Kirkland,John_Abizaid,Oswaldo_Paya,Antonio_Banderas,John_Howard,Robert_Kocharian,Jose_Serra,Paul_Patton,John_Stallworth,Iban_Mayo,Michael_Phelps,Eric_Rosser,Jefferson_Perez,Jorge_Arce,Yasar_Yakis,Emanuel_Ginobili,William_Bratton,Martin_Verkerk,Iain_Duncan_Smith,Aitor_Gonzalez,Mohammad_Khatami,Dalai_Lama,James_McGreevey,Mathias_Reichhold,Anders_Fogh_Rasmussen,Miroljub,Omar_Sharif,Mike_Tyson,Jennifer_Connelly,Ron_Howard,Nick_Nolte,Harry_Schmidt,Bo_Ryan
probe/Daniela_Hantuchova/Daniela_Hantuchova_0002.jpg,Daniela_Hantuchova,1,1.0,0.8541330695152283,0.8541330695152283,Daniela_Hantuchova,Nadia_Petrova,Anna_Kournikova,Justine_Henin,Natalie_Coughlin,Conchita_Martinez,Martina_Hingis,Julie_Gerberding,Elizabeth_Smart,Flavia_Delaroli,Janet_Thorpe,Hayley_Tullett,Monica_Seles,Meghann_Shaughnessy,Richard_Sambrook,Jeffrey_Scott_Postell,Prince_Willem-Alexander,Jennifer_Reilly,Lindsay_Davenport,Sally_Kirkland,Mike_Miller,Elisabeth_Schumacher,Candie_Kung,Marlene_Weingartner,Iva_Majoli,Carolina_Moraes,Barrett_Jackman,Patty_Schnyder,Hector_Babenco,Pedro_Solbes,Justin_Gatlin,Guillermo_Coria,Robert_Zoellick,Andrei_Mikhnevich,Blythe_Danner,Venus_Williams,Mike_Weir,Lou_Piniella,Justin_Leonard,Lina_Krasnoroutskaya,James_Cunningham,Silvan_Shalom,Martha_Burk,James_Schultz,Gian_Marco,Annette_Bening,Jason_Jennings,Magui_Serna,Colin_Powell,Blythe_Hartley
probe/Darrell_Issa/Darrell_Issa_0002.jpg,Darrell_Issa,1,1.0,0.7808094620704651,0.7808094620704651,Darrell_Issa,James_McGreevey,Juan_Pablo_Montoya,Hashim_Thaci,Joe_Mantello,Jonathan_Edwards,Jorge_Valdano,Andrew_Cuomo,Bijan_Namdar_Zangeneh,Inocencio_Arias,Mohammad_Khatami,Anthony_Fauci,Kim_Ryong-sung,Michel_Temer,Lino_Oviedo,Alejandro_Toledo,Masum_Turker,Eduardo_Duhalde,Benjamin_Netanyahu,Xanana_Gusmao,Marco_Antonio_Barrera,Carlos_Manuel_Pruneda,Ahmet_Necdet_Sezer,Adolfo_Rodriguez_Saa,Gil_de_Ferran,Mark_Cuban,Laurent_Jalabert,Oscar_De_La_Hoya,Abdullatif_Sener,Jim_Harrick,Leslie_Moonves,Joe_Torre,Luis_Figo,Alec_Baldwin,John_F_Kennedy_Jr,Vitali_Klitschko,Katie_Harman,Alvaro_Uribe,John_Allen_Muhammad,Herb_Sendek,George_P_Bush,Jack_Grubman,Dan_Wheldon,Igor_Ivanov,Imad_Moustapha,Chuck_Amato,Bashar_Assad,Frank_Stallone,Shaukat_Aziz,Jamie_Villafane
probe/Darrell_Porter/Darrell_Porter_0002.jpg,Darrell_Porter,1,1.0,0.4828251302242279,0.4828251302242279,Darrell_Porter,Orlando_Bloom,Jose_Theodore,Theo_Epstein,Peter_Struck,Elvis_Presley,Tyler_Hamilton,David_Spade,Carlos_Bianchi,Anibal_Ibarra,Liza_Minnelli,Paul_ONeill,James_Blake,David_Kelley,Antonio_Banderas,Julianne_Moore,Martina_McBride,Jose_Manuel_Durao_Barroso,Elijah_Wood,Jason_Alexander,Johnny_Unitas,Juan_Pablo_Montoya,Matthew_Perry,Branko_Crvenkovski,Ian_Thorpe,Jim_Furyk,James_Kopp,Ralph_Lauren,Harvey_Weinstein,Thierry_Falise,Aron_Ralston,Keira_Knightley,Jamling_Norgay,Lloyd_Ward,Monica_Bellucci,Kevin_Stallings,Garry_Kasparov,Barry_Zito,Jackie_Chan,Bernardo_Segura,Bob_Beauprez,Tom_Cruise,William_Ford_Jr,Tom_Craddick,Luke_Walton,Ben_Glisan,Augustin_Calleri,Costas_Simitis,Janica_Kostelic,Bode_Miller
probe/Darren_Clarke/Darren_Clarke_0002.jpg,Darren_Clarke,1,1.0,0.6219255924224854,0.6219255924224854,Darren_Clarke,David_Wolf,John_Jumper,Spencer_Abraham,Ilan_Ramon,John_Negroponte,Kurt_Busch,Lou_Piniella,George_Tenet,Michael_Chiklis,Jason_Alexander,Magui_Serna,Nia_Vardalos,John_McEnroe,Richard_Sambrook,Iain_Duncan_Smith,Alexandra_Stevenson,Barry_Alvarez,Guillermo_Coria,Job_Cohen,Jose_Serra,Frank_Solich,George_Karl,Alexander_Losyukov,Joe_Torre,John_Abizaid,Silvan_Shalom,Francis_George,Abdullah_al-Attiyah,Joe_Mantello,Anna_Kournikova,John_Brady,Peter_Arnett,Adrian_Nastase,Dick_Vermeil,Nadia_Petrova,Mary_Carey,Martin_Brodeur,Oswaldo_Paya,Dave_Campo,Hector_Babenco,Lindsey_Graham,Michael_Douglas,Mikhail_Kasyanov,Mack_Brown,Janet_Thorpe,Andrew_Bunner,Bruce_Van_De_Velde,Herb_Sendek,Carlos_Ghosn
probe/Daryl_Hannah/Daryl_Hannah_0002.jpg,Daryl_Hannah,1,1.0,0.6369017362594604,0.6369017362594604,Daryl_Hannah,Jessica_Lange,Leslie_Ann_Woodward,Gary_Carter,Doris_Schroeder,Reese_Witherspoon,Chuck_Yeager,Luis_Gonzalez_Macchi,Billy_Graham,Alexandra_Vodjanikova,Bridget_Fonda,Charlton_Heston,Olivia_Newton-John,Bill_Graham,Dick_Cheney,Stephen_Friedman,Asa_Hutchinson,Cameron_Diaz,Bill_Nelson,Claire_Danes,Robert_Bonner,Orlando_Bloom,Yasar_Yakis,Leszek_Miller,Manfred_Stolpe,Robert_Duvall,Elisabeth_Schumacher,Vladimir_Putin,Pedro_Solbes,John_Spencer,Lyle_Vanclief,James_Jones,Goldie_Hawn,Omar_Sharif,John_Snow,Natalie_Maines,Brooke_Shields,Kemal_Dervis,Marco_Antonio_Barrera,Emma_Thompson,Betsy_Smith,Mark_Schweiker,Luis_Figo,Alicia_Silverstone,Carmen_Electra,Barbra_Streisand,Tom_Cruise,Kathleen_Kennedy_Townsend,Thabo_Mbeki,Art_Hoffmann
probe/Dave_Campo/Dave_Campo_0002.jpg,Dave_Campo,1,1.0,0.8898037672042847,0.8898037672042847,Dave_Campo,Bo_Ryan,Herb_Sendek,John_Jumper,Colin_Powell,Rick_Romley,Bruce_Van_De_Velde,Howard_Smith,James_Kelly,Gary_Williams,Nick_Nolte,Roy_Moore,Spencer_Abraham,George_Karl,Mack_Brown,Larry_Lucchino,Aleksander_Kwasniewski,Richard_Gephardt,Tony_Curtis,Roy_Williams,Bill_Simon,Jose_Dirceu,Carlo_Ancelotti,Ishaq_Shahryar,John_Spencer,Bill_Nelson,Raghad_Saddam_Hussein,Gregg_Popovich,Silvio_Berlusconi,Pascal_Quignard,Mike_Holmgren,Gordon_Campbell,Natalie_Coughlin,Arnold_Palmer,Robert_Zoellick,Bill_Parcells,Lou_Piniella,Frank_Solich,Omar_Sharif,Vaclav_Havel,Howard_Dean,Dick_Vermeil,Marcus_Gronholm,Roman_Polanski,Andrew_Cuomo,Chris_Cooper,Kenneth_Branagh,John_McCallum,Lyle_Vanclief,Tom_Daschle
probe/David_Bell/David_Bell_0002.jpg,David_Bell,1,1.0,0.8038309812545776,0.8038309812545776,David_Bell,Brendan_Hansen,Joe_Nichols,Harry_Schmidt,Orlando_Bloom,Guillermo_Coria,Brad_Johnson,Jason_Lezak,Luis_Figo,Bode_Miller,Geoff_Hoon,Gustavo_Kuerten,Stacy_Dragila,Steve_Park,Emma_Thompson,Prince_Harry,Theo_Epstein,Iban_Mayo,Ricky_Ponting,Aitor_Gonzalez,Pete_Rose,LeBron_James,Leland_Chapman,Tom_Brady,Elizabeth_Smart,Rich_Gannon,Matthew_Perry,David_Coulthard,Anthony_LaPaglia,Mario_Cipollini,David_Nalbandian,Vitali_Klitschko,Guy_Ritchie,Mike_Weir,Sean_Penn,Daisy_Fuentes,Richard_Krajicek,Slobodan_Milosevic,David_Kelley,John_Wolf,Paul_Bremer,Sarah_Jessica_Parker,Jennifer_Aniston,Stanley_McChrystal,Kathleen_Kennedy_Townsend,Jackie_Chan,Jeremy_Shockey,Greg_Rusedski,Pete_Sampras,Tom_Cruise
probe/David_Caraway/David_Caraway_0002.jpg,David_Caraway,1,1.0,0.7657102346420288,0.7657102346420288,David_Caraway,James_Morris,Dennis_Kozlowski,Jon_Gruden,Richard_Gephardt,Larry_Coker,Prince_Willem-Alexander,Jay_Garner,John_Snow,Richard_Norton-Taylor,Jeffrey_Immelt,Roy_Moore,Hermann_Maier,James_Schultz,Stellan_Skarsgard,Peter_Arnett,John_Manley,James_Kopp,Gian_Marco,Scott_McNealy,Peter_Hillary,Blythe_Hartley,Goran_Persson,Doug_Collins,Boris_Becker,Thomas_OBrien,James_Cunningham,Alan_Mulally,Justine_Henin,George_Robertson,Ron_Howard,Robert_Bonner,Robert_Duvall,John_Jumper,George_Pataki,Howard_Dean,Anders_Ebbeson,Billy_Graham,Arlen_Specter,Gregg_Popovich,Claire_Hentzen,Don_Nickles,Mark_Warner,Scott_McClellan,Paul-Henri_Mathieu,Jane_Pauley,Robert_Zoellick,Stanley_McChrystal,Mary_Carey,Gordon_Campbell
probe/David_Coulthard/David_Coulthard_0002.jpg,David_Coulthard,1,1.0,0.7116520404815674,0.7116520404815674,David_Coulthard,Vitali_Klitschko,Ron_Dittemore,Stanley_McChrystal,Jan_Ullrich,Jim_Furyk,Guillermo_Coria,Padraig_Harrington,Dale_Earnhardt_Jr,Chita_Rivera,David_Nalbandian,Thomas_Rupprath,Richard_Krajicek,Iban_Mayo,James_Jones,Monica_Seles,David_Bell,Tom_Glavine,Joe_Nichols,Sourav_Ganguly,Lana_Clarkson,Trent_Lott,Robert_DeFraites,Jeffrey_Immelt,Patti_Labelle,Brendan_Hansen,Mathias_Reichhold,Simon_Cowell,Stephen_Friedman,Bruce_Weber,Harry_Schmidt,Bill_Nelson,Aaron_Sorkin,Jason_Jennings,Gian_Marco,Marcus_Gronholm,Christian_Wulff,Tom_Daschle,Thierry_Falise,Hun_Sen,Chuck_Yeager,Pete_Rose,Brooke_Shields,John_Snow,Sean_Astin,Christine_Ebersole,Elijah_Wood,Barry_Zito,Bill_Graham,Robert_Duvall
probe/David_Dodge/David_Dodge_0002.jpg,David_Dodge,1,1.0,0.8183122873306274,0.8183122873306274,David_Dodge,Robert_Zoellick,Asa_Hutchinson,Bob_Beauprez,Joseph_Deiss,Prince_Edward,David_Myers,Donald_Evans,Roy_Moore,Herb_Sendek,Bill_Nelson,Mike_Holmgren,James_Maguire,Rick_Romley,Ilan_Ramon,Tim_Floyd,Harvey_Weinstein,Bill_Graham,Jeffrey_Archer,James_Cunningham,Bill_Belichick,Jason_Alexander,Gerry_Parsky,Aleksander_Kwasniewski,Klaus_Zwickel,Robert_Bonner,Ricardo_Maduro,Charles_Schumer,Johnny_Carson,Emile_Lahoud,Dennis_Powell,Frank_Solich,Silvio_Berlusconi,Frank_Cassell,Gunter_Pleuger,Damon_van_Dam,Ron_Dittemore,Geoff_Hoon,Robert_Kocharian,Pascal_Quignard,Bob_Hope,Don_Nickles,Bill_Simon,Michael_Kostelnik,Vaclav_Havel,John_Malkovich,Chris_Cooper,Michael_J_Sheehan,John_Negroponte,Richard_Norton-Taylor
probe/David_Heyman/David_Heyman_0002.jpg,David_Heyman,1,1.0,0.9391292333602905,0.9391292333602905,David_Heyman,Orlando_Bloom,Jude_Law,Alvaro_Uribe,Luis_Figo,Mario_Cipollini,Antonio_Banderas,Patrice_Chereau,John_Cusack,Betsy_Smith,Marco_Antonio_Barrera,Elizabeth_Shue,Fran_Drescher,Ian_McKellen,Ricardo_Maduro,Steve_Waugh,Chris_Cooper,Alastair_Campbell,Monica_Bellucci,Anneli_Jaatteenmaki,Nestor_Kirchner,Celine_Dion,Jean-David_Levitte,Gary_Forsee,John_Garamendi,Marat_Safin,Aldo_Paredes,Richard_Krajicek,Demetrius_Ferraciu,David_Bell,Alec_Baldwin,Abdullatif_Sener,Guillaume_Soro,Alvaro_Noboa,James_Gandolfini,John_Kerry,Evan_Rachel_Wood,Sue_Wicks,Joseph_Deiss,Yevgeny_Kafelnikov,Pamela_Anderson,Gillian_Anderson,Elsa_Zylberstein,Pascal_Quignard,Cristina_Fernandez,Hillary_Clinton,Osama_bin_Laden,Paul_ONeill,Elizabeth_Dole,John_Allen_Muhammad
probe/David_Heymann/David_Heymann_0002.jpg,David_Heymann,1,1.0,0.8451048135757446,0.8451048135757446,David_Heymann,Bill_Frist,Andrew_Cuomo,Bill_Simon,Dennis_Kucinich,Yao_Ming,Larry_Ellison,Anthony_Fauci,Robert_Duvall,Ron_Dittemore,Pascal_Lamy,Mack_Brown,Mike_Babcock,Bud_Selig,Gary_Williams,Andy_Hebb,Shaukat_Aziz,Roy_Moore,Mark_Heller,Celso_Amorim,Rolf_Eckrodt,Gil_de_Ferran,Joan_Claybrook,John_Rosa,Jorge_Valdano,Bill_Gates,Barry_Zito,Yoko_Ono,Yukiko_Okudo,Gerry_Parsky,Tom_Daschle,Ilan_Ramon,Leslie_Moonves,Nancy_Reagan,Robert_Zoellick,Claire_Leger,Alvaro_Uribe,Simon_Cowell,Larry_Coker,David_Dodge,Herb_Sendek,Jack_Grubman,Marc_Grossman,Juan_Valencia_Osorio,Lindsey_Graham,John_Kerry,Vladimir_Putin,Hitomi_Soga,Trent_Lott,Michael_Douglas
probe/David_Kelley/David_Kelley_0002.jpg,David_Kelley,1,1.0,0.827254056930542,0.827254056930542,David_Kelley,Peter_Bacanovic,Joerg_Haider,Yukiko_Okudo,Kiki_Vandeweghe,Tom_Daschle,Beth_Jones,Dennis_Kucinich,Gary_Doer,Joe_Calzaghe,John_Kerry,Don_Nickles,Alex_Penelas,Roy_Williams,Luke_Walton,James_Kelly,Larry_Bowa,Bill_Callahan,Juan_Valencia_Osorio,Janica_Kostelic,Doris_Schroeder,Barry_Zito,Simon_Cowell,Aaron_Sorkin,Thierry_Falise,Harry_Schmidt,Brad_Johnson,Asa_Hutchinson,Lily_Tomlin,Ashanti,Ricky_Ponting,Tim_Allen,Venus_Williams,Michael_Chang,Johnson_Panjaitan,Padraig_Harrington,Rolf_Eckrodt,Yao_Ming,Aron_Ralston,Paul_Bremer,Elvis_Presley,Mike_Tyson,Nick_Nolte,Johnny_Unitas,Amram_Mitzna,Jackie_Chan,Alexandra_Vodjanikova,Queen_Beatrix,Kurt_Russell,Alejandro_Toledo
probe/David_Leahy/David_Leahy_0002.jpg,David_Leahy,5,0.2,0.6412890553474426,0.5740164518356323,Ron_Dittemore,Fred_Eckhard,David_Trimble,Vaclav_Havel,David_Leahy,Robert_DeFraites,Christian_Wulff,David_Dodge,Kent_Rominger,John_Banko,Tom_Daschle,Geoff_Hoon,Robert_Zoellick,Arlen_Specter,Michael_Kostelnik,Pedro_Malan,Bill_Gates,John_Rowland,Bill_Simon,Bernard_Landry,Charlton_Heston,James_Kopp,Tom_Craddick,Bill_Frist,Camilla_Parker_Bowles,William_Ford_Jr,Trent_Lott,Brian_Wells,Richard_Gephardt,Christopher_Walken,Ilan_Ramon,Bobby_Goldwater,Julie_Gerberding,Joseph_Estrada,Stellan_Skarsgard,William_Martin,James_Kelly,Gerry_Parsky,Jean-David_Levitte,Bud_Selig,Jeffrey_Jones,Lawrence_MacAulay,Jose_Sarney,Hootie_Johnson,Gabriel_Valdes,Guido_Westerwelle,George_Voinovich,Antony_Leung,Peter_Struck,Thomas_Fargo
probe/David_Myers/David_Myers_0002.jpg,David_Myers,1,1.0,0.7896980047225952,0.7896980047225952,David_Myers,Kevin_Spacey,Igor_Ivanov,Adolfo_Rodriguez_Saa,Pedro_Malan,Alvaro_Uribe,Matthew_Perry,Jonathan_Mostow,Steve_Waugh,Butch_Davis,Nestor_Kirchner,Kent_Rominger,Bobby_Goldwater,Mitchell_Daniels,Fayssal_Mekdad,Tom_Cruise,Charles_Schumer,Guy_Hemmings,Sandra_Bullock,Ken_Watanabe,Aung_San_Suu_Kyi,Ricardo_Maduro,Edward_Norton,Hitomi_Soga,Ray_Nagin,Paul_McCartney,Robbie_Fowler,Elsa_Zylberstein,Gray_Davis,George_Pataki,Owen_Wilson,Jean_Carnahan,John_Blaney,Scott_McClellan,Vaclav_Havel,Edward_Lu,Alejandro_Avila,Emile_Lahoud,Geoff_Hoon,Alvaro_Noboa,Costas_Simitis,Gerry_Parsky,David_Dodge,Jackie_Chan,Steven_Spielberg,Vladimir_Putin,Alejandro_Atchugarry,Alan_Ball,John_Negroponte,Jose_Manuel_Durao_Barroso
probe/David_Nalbandian/David_Nalbandian_0002.jpg,David_Nalbandian,1,1.0,0.7589378356933594,0.7589378356933594,David_Nalbandian,Yevgeny_Kafelnikov,Jim_Furyk,Damon_van_Dam,Ishaq_Shahryar,Jan_Ullrich,Greg_Gilbert,Brad_Johnson,Jamie_Villafane,Kirk_Ferentz,Bill_Simon,Stanley_McChrystal,Michael_Douglas,Paul_Bremer,Bertrand_Bonello,Ian_Thorpe,Felix_Mantilla,Greg_Ostertag,Tom_Glavine,Guy_Hemmings,Gustavo_Kuerten,Andy_Hebb,Bill_Graham,Tom_Crean,Frank_Solich,Jeffrey_Immelt,Prince_Edward,Ron_Dittemore,Camilla_Parker_Bowles,Gordon_Campbell,Jonathan_Edwards,Ricky_Barnes,James_Jones,Peter_Hillary,Bill_Sizemore,Spencer_Abraham,Johnny_Unitas,Doug_Duncan,Jason_Alexander,Jeremy_Shockey,S_Jayakumar,James_Parker,Mikhail_Youzhny,Bill_Frist,Laurent_Gbagbo,Rolf_Eckrodt,Martin_Brodeur,Raquel_Welch,Alec_Baldwin,Luis_Figo
probe/David_Spade/David_Spade_0002.jpg,David_Spade,1,1.0,0.6087892055511475,0.6087892055511475,David_Spade,Alejandro_Avila,Vaclav_Havel,Robert_Zoellick,Alejandro_Atchugarry,Lindsey_Graham,Gray_Davis,Eric_Clapton,Jonathan_Mostow,Roman_Polanski,Jimmy_Carter,Edward_Norton,Alan_Ball,Larry_Ellison,Steven_Spielberg,David_Myers,Dennis_Powell,Mike_Weir,Prince_Edward,George_Pataki,Duane_Lee_Chapman,Barbra_Streisand,Gerry_Adams,Richard_Branson,William_Ford_Jr,Asa_Hutchinson,Jackie_Chan,Ellen_Engleman,John_Blaney,Pedro_Malan,Tim_Floyd,Frank_Solich,Martha_Burk,Ron_Howard,Gunter_Pleuger,Geoff_Hoon,Don_Nickles,Margaret_Thatcher,Stellan_Skarsgard,Fidel_Castro,Tom_Cruise,Michelle_Pfeiffer,Arlen_Specter,Sandra_Bullock,Biljana_Plavsic,Boris_Becker,Gwendal_Peizerat,Thomas_OBrien,Paul_ONeill,Annette_Bening
probe/David_Trimble/David_Trimble_0002.jpg,David_Trimble,1,1.0,0.8960908651351929,0.8960908651351929,David_Trimble,Fred_Eckhard,George_Robertson,Bill_Gates,Christopher_Walken,Antony_Leung,Robin_McLaurin_Williams,Christian_Wulff,Franko_Simatovic,David_Leahy,Ron_Dittemore,Gerry_Parsky,Jeffrey_Jones,Charlton_Heston,Marc_Grossman,Tom_Daschle,Bernard_Landry,Bobby_Goldwater,Richie_Adubato,Camilla_Parker_Bowles,Jean-Claude_Juncker,Dennis_Kozlowski,Joseph_Estrada,Kent_Rominger,Kristin_Davis,Tom_Crean,Bill_Sizemore,Patrick_Ewing,Ozzy_Osbourne,Bud_Selig,Richard_Sambrook,Ilan_Ramon,Bill_Simon,Joseph_Deiss,Roman_Polanski,Hu_Jintao,Arlen_Specter,Abel_Pacheco,Prince_Willem-Alexander,Stellan_Skarsgard,Lee_Hoi-chang,Steve_Spurrier,Pedro_Malan,Charles_Grassley,Richard_Gephardt,Eric_Clapton,John_Timoney,Francis_George,James_Kelly,William_Ford_Jr
probe/David_Wolf/David_Wolf_0002.jpg,David_Wolf,1,1.0,0.6500318050384521,0.6500318050384521,David_Wolf,Iain_Duncan_Smith,Art_Howe,Hector_Babenco,Mark_Hamister,Benjamin_Netanyahu,Daniel_Day-Lewis,Gil_de_Ferran,Bo_Ryan,George_Tenet,Ilan_Ramon,Michael_Chiklis,Lou_Piniella,James_McGreevey,Joe_Gatti,Marc_Grossman,Juan_Pablo_Montoya,Jose_Viegas_Filho,Sam_Torrance,Carolyn_Dawn_Johnson,Jose_Theodore,Michael_J_Sheehan,Aleksander_Kwasniewski,Dave_Campo,Saddam_Hussein,Bruce_Van_De_Velde,Juergen_Peters,Phil_Mickelson,Spencer_Abraham,William_Bratton,Larry_Brown,Abdullah_al-Attiyah,Gary_Williams,Jonathan_Edwards,Max_Mayfield,Francis_George,John_Jumper,Luis_Gonzalez_Macchi,Federico_Trillo,Howard_Dean,John_Abizaid,Abdullatif_Sener,Gregory_Hines,Justin_Leonard,Alejandro_Avila,Leon_LaPorte,Ben_Curtis,Oscar_De_La_Hoya,Damon_van_Dam,Alvaro_Uribe
probe/Debra_Brown/Debra_Brown_0002.jpg,Debra_Brown,1,1.0,0.8530890941619873,0.8530890941619873,Debra_Brown,Paula_Radcliffe,Queen_Beatrix,Jean_Carnahan,Christine_Gregoire,Betsy_Smith,Lynn_Abraham,Lynne_Cheney,Gro_Harlem_Brundtland,Karin_Stoiber,Tammy_Lynn_Michaels,Margaret_Thatcher,Joan_Claybrook,Julie_Gerberding,Kathleen_Glynn,Doris_Roberts,Sheila_Wellstone,Jean_Brumley,Maggie_Smith,Martha_Beatriz_Roque,John_Rigas,Michelle_Pfeiffer,Angela_Lansbury,Meryl_Streep,Judi_Dench,Biljana_Plavsic,John_Negroponte,Nia_Vardalos,Dorthy_Moxley,Kate_Capshaw,Nastassia_Kinski,Fred_Funk,Marie-Reine_Le_Gougne,Gloria_Allred,Paul_McCartney,Bill_Parcells,George_Robertson,Nancy_Pelosi,Nancy_Reagan,Anthony_Hopkins,Bashar_Assad,Ozzy_Osbourne,Michael_Douglas,Frances_Fisher,Natalie_Maines,Vicente_Fernandez,Maria_Luisa_Mendonca,Alejandro_Avila,Ellen_DeGeneres,Arnaud_Clement
probe/Demetrius_Ferraciu/Demetrius_Ferraciu_0002.jpg,Demetrius_Ferraciu,1,1.0,0.6134113073348999,0.6134113073348999,Demetrius_Ferraciu,Pete_Sampras,Elizabeth_Shue,Robert_Kocharian,Vladimir_Putin,Charles_Schumer,Alejandro_Toledo,Art_Howe,Anibal_Ibarra,John_Rosa,James_Franco,Jason_Lezak,Jose_Mourinho,Matthew_Perry,Emanuel_Ginobili,John_Wolf,Robin_McLaurin_Williams,Anders_Fogh_Rasmussen,Christopher_Walken,Jim_Furyk,Fidel_Castro,James_McGreevey,Jorge_Rodolfo_Canicoba_Corral,Stephen_Friedman,Camilla_Parker_Bowles,Alvaro_Uribe,George_Roy_Hill,John_Allen_Muhammad,Kristin_Davis,Fayssal_Mekdad,Gerry_Parsky,Tony_Bennett,Nestor_Kirchner,Mikhail_Youzhny,Eduardo_Duhalde,Jorge_Valdano,William_Bratton,Mathias_Reichhold,Carlos_Bianchi,Harry_Schmidt,Dan_Wheldon,Valery_Giscard_dEstaing,Joerg_Haider,Francis_Mer,Theo_Epstein,Lauren_Killian,Bill_Graham,Adolfo_Rodriguez_Saa,James_Gandolfini,Greg_Gilbert
probe/Denise_Johnson/Denise_Johnson_0002.jpg,Denise_Johnson,1,1.0,0.5548980832099915,0.5548980832099915,Denise_Johnson,Michael_Chang,Carol_Moseley_Braun,Begum_Khaleda_Zia,Tracee_Ellis_Ross,Chanda_Rubin,Leander_Paes,Ann_Veneman,Kim_Ryong-sung,GL_Peiris,Dai_Bachtiar,Lauren_Hutton,Natalie_Coughlin,Jesse_Jackson,Coretta_Scott_King,Intisar_Ajouri,Julianne_Moore,Rob_Schneider,Thaksin_Shinawatra,Patti_Labelle,Lloyd_Ward,Anwar_Ibrahim,Jackie_Chan,Hu_Jintao,Kalpana_Chawla,Brigitte_Boisselier,Cathy_Freeman,Charlie_Zaa,Nora_Bendijo,Antony_Leung,Dolma_Tsering,Yoko_Ono,Iva_Majoli,David_Nalbandian,Munir_Akram,Amanda_Beard,Claire_Hentzen,Dalai_Lama,John_Allen_Muhammad,Kim_Jin-sun,Flor_Montulo,Martin_Verkerk,Lee_Hoi-chang,Joe_Mantello,Johnson_Panjaitan,Dwayne_Johnson,OJ_Simpson,Ashanti,Juan_Pablo_Montoya,Sam_Bith
probe/Dennis_Erickson/Dennis_Erickson_0002.jpg,Dennis_Erickson,1,1.0,0.8330944180488586,0.8330944180488586,Dennis_Erickson,Lyle_Vanclief,Charlton_Heston,Dick_Vermeil,Omar_Sharif,Chakib_Khelil,Wesley_Clark,Donald_Evans,Bill_Graham,Luis_Gonzalez_Macchi,Aleksander_Kwasniewski,Lou_Piniella,Roy_Williams,John_Manley,Ralph_Lauren,Abdullah_Gul,Richard_Branson,Adrian_Nastase,Mark_Schweiker,Harry_Kalas,Gabriel_Batistuta,Paulo_Cesar_Pinheiro,John_Spencer,Spencer_Abraham,Paul_Bremer,Franz_Beckenbauer,Joseph_Biden,Tom_Craddick,Hootie_Johnson,Jose_Viegas_Filho,Bob_Beauprez,Ishaq_Shahryar,Bill_Nelson,Alex_Penelas,John_Rigas,Richard_Shelby,Asa_Hutchinson,David_Wolf,Chuck_Yeager,John_Taylor,Mikhail_Kasyanov,Angela_Lansbury,Nick_Nolte,Christopher_Patten,James_Kelly,Gary_Doer,Mack_Brown,Anna_Kournikova,Mike_Tyson,Dick_Cheney
probe/Dennis_Kozlowski/Dennis_Kozlowski_0002.jpg,Dennis_Kozlowski,1,1.0,0.7954725623130798,0.7954725623130798,Dennis_Kozlowski,Boris_Becker,James_Morris,John_Snow,Richard_Gephardt,Frank_Cassell,Trent_Lott,Thomas_OBrien,Jay_Garner,Richie_Adubato,John_Negroponte,Prince_Willem-Alexander,Scott_McNealy,Bill_Parcells,Marc-Andre_Fleury,Augusto_Pinochet,Peter_Hillary,Christopher_Walken,Ferenc_Madl,Gunter_Pleuger,George_Robertson,Larry_Coker,John_Rigas,Don_Nickles,Claire_Hentzen,Barry_Alvarez,Gregg_Popovich,Howard_Dean,James_Smith,Jimmy_Carter,Lou_Piniella,Joseph_Biden,Billy_Graham,David_Trimble,Klaus_Zwickel,James_Kelly,John_Manley,Peter_Struck,Bernard_Landry,Michael_Chiklis,James_Schultz,George_Pataki,Kim_Jong-Il,Ernie_Eves,Brian_Mulroney,Emanuel_Ginobili,Steve_Spurrier,Alan_Mulally,David_Nalbandian,Ron_Howard
probe/Dennis_Kucinich/Dennis_Kucinich_0002.jpg,Dennis_Kucinich,1,1.0,0.8926993608474731,0.8926993608474731,Dennis_Kucinich,Alastair_Campbell,Roy_Moore,Gloria_Macapagal_Arroyo,Chris_Cooper,Angelo_Reyes,Aleksander_Kwasniewski,Gerry_Parsky,Yao_Ming,Bill_Frist,Ricardo_Maduro,Tim_Allen,Jack_Grubman,Alejandro_Toledo,Alvaro_Uribe,John_Rosa,Lon_Kruger,Mark_Geragos,Nancy_Reagan,Bobby_Goldwater,John_Allen_Muhammad,James_Kelly,Doug_Collins,Paul_McCartney,George_Robertson,Hun_Sen,Ken_Watanabe,Lawrence_MacAulay,Mitoji_Yabunaka,Pedro_Malan,Lee_Tae-sik,Harry_Kalas,Thomas_OBrien,John_Kerry,Chung_Mong-joon,Heizo_Takenaka,Hu_Jintao,Jong_Thae_Hwa,Doris_Schroeder,David_Heymann,Hermann_Maier,Scott_McNealy,Amber_Tamblyn,Francis_Mer,Valerie_Harper,OJ_Simpson,Elizabeth_Smart,Camilla_Parker_Bowles,Costas_Simitis,Bill_Belichick
probe/Dennis_Powell/Dennis_Powell_0002.jpg,Dennis_Powell,1,1.0,0.7669008374214172,0.7669008374214172,Dennis_Powell,George_Voinovich,George_Pataki,Robert_Zoellick,Thomas_Fargo,Tim_Floyd,Bill_Frist,William_Ford_Jr,Frank_Solich,Tom_Crean,James_Kelly,Christian_Wulff,Nick_Nolte,Roy_Moore,Lawrence_MacAulay,Yevgeny_Kafelnikov,Vaclav_Havel,Guy_Ritchie,Chris_Cooper,Warren_Beatty,Richard_Gephardt,Silvio_Berlusconi,Kenneth_Branagh,Tom_Daschle,Paul_Bremer,Gerry_Parsky,Damon_van_Dam,Garry_Trudeau,Lisa_Raymond,Jay_Garner,Bill_Gates,Pedro_Malan,Roy_Williams,Mathias_Reichhold,Bruce_Van_De_Velde,Dennis_Kucinich,Michael_Kostelnik,Gregg_Popovich,Thomas_Birmingham,Howard_Smith,David_Dodge,Arnold_Palmer,Anders_Ebbeson,Bo_Pelini,Gil_de_Ferran,Joerg_Haider,Alastair_Campbell,Kiki_Vandeweghe,John_Brady,Jon_Gruden
probe/Derek_Lowe/Derek_Lowe_0002.jpg,Derek_Lowe,1,1.0,0.668686032295227,0.668686032295227,Derek_Lowe,James_Parker,Marcus_Gronholm,Guillermo_Coria,Tom_Glavine,Dale_Earnhardt_Jr,Jon_Gruden,Bertrand_Bonello,Paul_Byrd,Jason_Jennings,Andrei_Mikhnevich,Ruben_Studdard,Martin_Verkerk,Robert_Zoellick,Yevgeny_Kafelnikov,Byron_Scott,Brad_Johnson,Michael_Chang,Sean_Astin,James_Schultz,Bill_Frist,Padraig_Harrington,Jan_Ullrich,Jeremy_Shockey,Scott_Rudin,George_Karl,Emanuel_Ginobili,Hal_Sutton,Gian_Marco,Martin_Brodeur,David_Nalbandian,David_Bell,Hideki_Matsui,Tom_Brady,Kirk_Ferentz,Jeffrey_Immelt,David_Coulthard,Kieran_Prendergast,Candie_Kung,Patti_Labelle,John_Jumper,Harry_Schmidt,Joe_Nichols,Pete_Rose,Roy_Moore,Mike_Holmgren,Jennifer_Rodriguez,Jim_Carrey,John_Timoney,Ricky_Ponting
probe/Desiree_Lemosi/Desiree_Lemosi_0002.jpg,Desiree_Lemosi,1,1.0,0.5400534868240356,0.5400534868240356,Desiree_Lemosi,Jennifer_Aniston,Emily_Robison,Claire_Danes,Patty_Schnyder,Arianna_Huffington,Monica_Seles,Anna_Kournikova,Elizabeth_Smart,Julie_Gerberding,Lily_Tomlin,Jessica_Lynch,Janica_Kostelic,Hanan_Ashrawi,Barbra_Streisand,Jennifer_Thompson,Elsa_Zylberstein,Zarai_Toledo,Jamling_Norgay,Prince_Harry,Cristina_Fernandez,Michelle_Yeoh,Ali_Abbas,Joe_Nichols,Stacy_Dragila,Sachiko_Yamada,Alexandra_Stevenson,Marisa_Tomei,Brian_Cowen,Nia_Vardalos,Bijan_Namdar_Zangeneh,Ian_Thorpe,Mike_Babcock,Joe_Torre,Justine_Henin,Kathleen_Kennedy_Townsend,Kosuke_Kitajima,Mary_Landrieu,Eduardo_Duhalde,Natalie_Maines,Georgi_Parvanov,Thomas_Rupprath,Christine_Gregoire,Marissa_Jaret_Winokur,Raghad_Saddam_Hussein,Laura_Hernandez,Juan_Pablo_Montoya,Mel_Brooks,Julie_Taymor,Alvaro_Noboa
probe/Dexter_Jackson/Dexter_Jackson_0002.jpg,Dexter_Jackson,1,1.0,0.8068563342094421,0.8068563342094421,Dexter_Jackson,Chris_Rock,Colin_Jackson,Guillaume_Soro,Joe_Dumars,Chanda_Rubin,Paul_Pierce,Byron_Scott,Mike_Weir,Isaiah_Washington,Emma_Thompson,Larry_Johnson,Dwayne_Johnson,Vincent_Brooks,Justin_Gatlin,Luis_Horna,Emmit_Smith,Janet_Thorpe,Hipolito_Mejia,Yevgeny_Kafelnikov,Silvan_Shalom,Larry_Brown,Allen_Iverson,Will_Smith,Alexander_Losyukov,Billy_Sollie,Kevin_Spacey,John_Stallworth,Andrei_Mikhnevich,Anwar_Ibrahim,Chris_Tucker,Venus_Williams,Warren_Buffett,Joseph_Blatter,Jimmy_Carter,Adrian_McPherson,Harbhajan_Singh,Martin_Verkerk,Sophia_Loren,Silvio_Berlusconi,Tony_Curtis,David_Myers,Guillermo_Coria,Daisy_Fuentes,Tom_Cruise,Ruben_Studdard,Gordon_Campbell,Jude_Law,Gary_Winnick,Sarah_Jessica_Parker
probe/Diana_Taurasi/Diana_Taurasi_0002.jpg,Diana_Taurasi,1,1.0,0.8295714855194092,0.8295714855194092,Diana_Taurasi,Claire_Hentzen,Anna_Kournikova,Albert_Costa,David_Nalbandian,Iva_Majoli,Martha_Bowen,Marlene_Weingartner,Mohammad_Khatami,Eunice_Barber,Silvia_Farina_Elia,Eve_Pelletier,Nadia_Petrova,Gwendal_Peizerat,Paula_Radcliffe,Mary_Carey,Martina_Hingis,Spencer_Abraham,Kelli_White,Venus_Williams,Blythe_Hartley,Frank_Cassell,John_Abizaid,Lindsay_Benko,John_Negroponte,Herb_Sendek,Meghann_Shaughnessy,Oswaldo_Paya,Hayley_Tullett,Serena_Williams,Osama_bin_Laden,Imad_Moustapha,Ali_Abbas,Carolina_Moraes,Stacy_Dragila,Mariah_Carey,Ian_Thorpe,Martha_Beatriz_Roque,Monica_Seles,Jennifer_Thompson,Jennifer_Aniston,Amanda_Coetzer,Bill_Parcells,Fabiola_Zuluaga,Amanda_Beard,Natalie_Coughlin,Christine_Gregoire,Daniela_Hantuchova,Jennifer_Rodriguez,Benazir_Bhutto
probe/Diane_Green/Diane_Green_0002.jpg,Diane_Green,1,1.0,0.8084776401519775,0.8084776401519775,Diane_Green,Elinor_Caplan,Ann_Veneman,Sheila_Copps,Biljana_Plavsic,Lynne_Cheney,John_Manley,Joan_Claybrook,Adolfo_Aguilar_Zinser,Donna_Shalala,James_Kopp,Angela_Lansbury,Sean_Patrick_OMalley,Herta_Daeubler-Gmelin,Dorthy_Moxley,Lindsay_Davenport,Sheila_Wellstone,Alejandro_Toledo,Martha_Beatriz_Roque,Claire_Leger,Hillary_Clinton,Intisar_Ajouri,Annette_Lu,Amram_Mitzna,Yoko_Ono,Ellen_Engleman,Jean_Carnahan,Elizabeth_Dole,Bill_Gates,Scott_McNealy,Prince_Harry,Doris_Roberts,Ian_Thorpe,Hitomi_Soga,Julie_Gerberding,Brian_Cowen,Jay_Garner,Colin_Powell,George_Robertson,Melanie_Griffith,Jeanne_Moreau,Adrian_Nastase,Zoran_Djindjic,Diana_Taurasi,Jean_Brumley,Marissa_Jaret_Winokur,Matthew_Perry,Megawati_Sukarnoputri,Kwon_Yang-sook,Inam-ul-Haq
probe/Dick_Cheney/Dick_Cheney_0002.jpg,Dick_Cheney,1,1.0,0.8899024724960327,0.8899024724960327,Dick_Cheney,Francis_George,Patrick_Leahy,Ferenc_Madl,John_Negroponte,Peter_Struck,Max_Mayfield,Hans_Eichel,Costas_Simitis,Michael_J_Sheehan,Charlton_Heston,John_Snow,Guillermo_Ortiz,Nabil_Shaath,Paul_ONeill,Jorge_Batlle,William_Martin,Richard_Shelby,John_Howard,Larry_Brown,Bernard_Landry,Valery_Giscard_dEstaing,Franz_Beckenbauer,Joseph_Biden,Bill_Gates,Cruz_Bustamante,Charles_Mathews,Mitchell_Daniels,Pedro_Malan,George_Brumley,Jay_Rasulo,Henrique_Meirelles,Oscar_De_La_Hoya,David_Dodge,Bob_Hope,Bob_Beauprez,Carlos_Bianchi,Kristin_Davis,Christopher_Patten,Jose_Viegas_Filho,James_Ivory,Frank_Cassell,Arye_Mekel,Robin_Cook,Mike_Price,John_Rigas,Franco_Dragone,Ralph_Lauren,Paul_Patton,Igor_Ivanov
probe/Dick_Clark/Dick_Clark_0002.jpg,Dick_Clark,1,1.0,0.8015372157096863,0.8015372157096863,Dick_Clark,Frank_Griswold,Vaclav_Havel,Alexander_Losyukov,Trent_Lott,Charlton_Heston,Heizo_Takenaka,Kim_Dae-jung,Thomas_Fargo,Ronald_Reagan,Joseph_Biden,Warren_Beatty,Eduardo_Duhalde,Chuck_Yeager,Saddam_Hussein,Thomas_Birmingham,Li_Peng,Warren_Buffett,Anders_Ebbeson,John_Taylor,Jose_Serra,Albrecht_Mentz,Kathleen_Kennedy_Townsend,Richard_Shelby,Pat_Cox,Bob_Hope,Anibal_Ibarra,Garry_Trudeau,Donna_Shalala,John_Spencer,Jeanne_Moreau,Kim_Ryong-sung,Mark_Schweiker,Nicanor_Duarte_Frutos,Jack_Straw,George_Voinovich,Jean-Claude_Braquet,Franz_Muentefering,Pete_Sampras,Ralph_Lauren,Mark_Warner,Ernie_Fletcher,Gray_Davis,Tim_Allen,Manfred_Stolpe,Joe_Torre,Paul_William_Hurley,John_Snow,Liu_Mingkang,James_Kopp
probe/Dick_Latessa/Dick_Latessa_0002.jpg,Dick_Latessa,1,1.0,0.7623779773712158,0.7623779773712158,Dick_Latessa,Valdas_Adamkus,Leszek_Miller,Bill_Graham,Bobby_Robson,Lord_Hutton,Paul_ONeill,Charlton_Heston,Yasar_Yakis,Art_Howe,Bob_Hope,Larry_Brown,Vladimir_Putin,Stephen_Friedman,John_Snow,Omar_Sharif,Manfred_Stolpe,Chakib_Khelil,Tony_Curtis,Wesley_Clark,Juan_Manuel_Marquez,Warren_Buffett,Larry_Coker,Billy_Graham,Paul_Patton,Carl_Reiner,Nick_Nolte,James_Traficant,Mel_Brooks,Robert_Duvall,George_Pataki,Joseph_Biden,Dick_Cheney,Augusto_Roa_Bastos,Frank_Lautenberg,Tom_Craddick,Jimmy_Carter,Richard_Crenna,Anthony_Hopkins,Benjamin_Netanyahu,Leon_LaPorte,John_Spencer,James_Morris,Arnold_Palmer,John_Howard,John_Rigas,Frank_Cassell,John_Timoney,Martin_Scorsese,Bo_Ryan
probe/Dick_Vermeil/Dick_Vermeil_0002.jpg,Dick_Vermeil,1,1.0,0.7091659903526306,0.7091659903526306,Dick_Vermeil,Hootie_Johnson,Dennis_Erickson,John_Taylor,Tom_Daschle,Mack_Brown,Tony_Curtis,Lyle_Vanclief,Warren_Buffett,John_Manley,Richard_Gephardt,Charlton_Heston,Darren_Clarke,Gordon_Campbell,Valdas_Adamkus,Trent_Lott,James_Kelly,John_Timoney,Anders_Ebbeson,Hans_Eichel,Dick_Cheney,David_Leahy,Bob_Hope,Aleksander_Kwasniewski,Arnold_Palmer,Max_Mayfield,Billy_Sollie,Lou_Piniella,Abel_Pacheco,Chris_Bell,Goran_Persson,Christopher_Patten,Spencer_Abraham,Mikhail_Kasyanov,Robert_DeFraites,George_Voinovich,Wesley_Clark,Cesar_Maia,Bobby_Robson,Franko_Simatovic,James_Traficant,Tom_Craddick,Anthony_Hopkins,Bud_Selig,Michael_J_Sheehan,Brad_Johnson,Dale_Earnhardt_Jr,Franz_Muentefering,Paul_ONeill,Zoran_Djindjic
probe/Dino_de_Laurentis/Dino_de_Laurentis_0002.jpg,Dino_de_Laurentis,1,1.0,0.8744311928749084,0.8744311928749084,Dino_de_Laurentis,Sean_Patrick_OMalley,Ali_Khamenei,Inam-ul-Haq,Pupi_Avati,Robin_Cook,Yasser_Arafat,Francis_Ford_Coppola,Elsa_Zylberstein,Thabo_Mbeki,Peter_Struck,Mohammad_Khatami,Hassan_Nasrallah,Ibrahim_Jaafari,Kieran_Prendergast,Miroljub,Ian_McKellen,Cesar_Maia,Fidel_Castro,Len_Jenoff,Nelson_Mandela,Yao_Ming,Boris_Yeltsin,Luciano_Pavarotti,Eddie_Sutton,Jean-Claude_Braquet,Yasar_Yakis,Mel_Brooks,Priscilla_Presley,Steven_Spielberg,Amram_Mitzna,Leszek_Miller,Stockard_Channing,George_Ryan,Alejandro_Avila,John_Malkovich,Kwon_Yang-sook,Elizabeth_Dole,Lech_Walesa,Julianna_Margulies,Saeb_Erekat,Gerry_Adams,Mike_Holmgren,Robert_De_Niro,Paulo_Cesar_Pinheiro,Joseph_Biden,Kemal_Dervis,Omar_Sharif,Jesse_James_Leija,Franz_Muentefering
probe/Dolly_Parton/Dolly_Parton_0002.jpg,Dolly_Parton,1,1.0,0.8028862476348877,0.8028862476348877,Dolly_Parton,Meryl_Streep,Barbara_Walters,Raquel_Welch,Lauren_Hutton,Julianne_Moore,Madonna,Costas_Simitis,Courtney_Love,Melanie_Griffith,Patricia_Clarkson,Christine_Ebersole,Pamela_Anderson,Jo_Dee_Messina,Robert_Duvall,Ozzy_Osbourne,Rita_Moreno,Penelope_Ann_Miller,Jackie_Chan,Noah_Wyle,Ferenc_Madl,Thomas_Fargo,Mike_Tyson,Sarah_Jessica_Parker,Dick_Cheney,Dorthy_Moxley,Elizabeth_Dole,Goldie_Hawn,Chita_Rivera,Cindy_Margolis,Frank_Cassell,David_Nalbandian,Bertrand_Bonello,Jeanne_Moreau,William_Bratton,John_Negroponte,Gary_Carter,Paula_Zahn,Anneli_Jaatteenmaki,Geno_Auriemma,John_Howard,Nastassia_Kinski,Sheila_Wellstone,Doris_Roberts,Kemal_Dervis,Evander_Holyfield,Jonathan_Edwards,Tammy_Lynn_Michaels,Ian_Thorpe,Gisele_Bundchen
probe/Dolma_Tsering/Dolma_Tsering_0002.jpg,Dolma_Tsering,1,1.0,0.894991934299469,0.894991934299469,Dolma_Tsering,Flor_Montulo,Ashanti,Annette_Lu,Carol_Moseley_Braun,Michael_Chang,Nora_Bendijo,Tracee_Ellis_Ross,Natalie_Coughlin,Kwon_Yang-sook,Edward_Lu,Sachiko_Yamada,Mariah_Carey,Patti_Labelle,Hitomi_Soga,Thaksin_Shinawatra,Gao_Qiang,Princess_Aiko,Gloria_Macapagal_Arroyo,Miyako_Miyazaki,Lee_Hoi-chang,Anna_Kournikova,Chung_Mong-hun,Intisar_Ajouri,Chung_Mong-joon,Corinne_Coman,Robert_De_Niro,Lisa_Ling,Serena_Williams,Goh_Kun,Chanda_Rubin,Jia_Qinglin,Megawati_Sukarnoputri,Li_Peng,Yoko_Ono,Kim_Ryong-sung,Prince_Naruhito,Hideki_Matsui,Harvey_Weinstein,Candie_Kung,Chang_Dae-whan,Lindsay_Davenport,Brigitte_Boisselier,Karen_Mok,Jorge_Arce,Jason_Kidd,Cathy_Freeman,Jong_Thae_Hwa,Christina_Aguilera,Begum_Khaleda_Zia
probe/Dominik_Garcia-Lorido/Dominik_Garcia-Lorido_0002.jpg,Dominik_Garcia-Lorido,1,1.0,0.6905370950698853,0.6905370950698853,Dominik_Garcia-Lorido,Boris_Becker,Gray_Davis,Rich_Gannon,John_Manley,Benazir_Bhutto,Kathryn_Bigelow,Tony_Bennett,Sophia_Loren,Carlo_Ancelotti,Vaclav_Havel,Olesya_Bonabarenko,Jimmy_Carter,Jon_Gruden,Ian_McKellen,Jonathan_Edwards,Bud_Selig,Yasser_Arafat,Robby_Ginepri,Thomas_Fargo,James_McGreevey,Arianna_Huffington,Mark_Schweiker,Michael_Phelps,Bill_Graham,Matthew_Perry,Jack_Straw,Gianna_Angelopoulos-Daskalaki,Fidel_Castro,Liza_Minnelli,Steven_Spielberg,Prince_Harry,Michelle_Yeoh,Jim_Furyk,Gary_Forsee,Gloria_Macapagal_Arroyo,Zarai_Toledo,Dino_de_Laurentis,Roman_Polanski,Vicki_Zhao_Wei,Christina_Aguilera,Christian_Wulff,Eric_Clapton,Emma_Thompson,Stephen_Friedman,Gerry_Adams,Paul_William_Hurley,Jason_Jennings,Stanley_McChrystal,Charles_Grassley
probe/Don_Nickles/Don_Nickles_0002.jpg,Don_Nickles,1,1.0,0.8173855543136597,0.8173855543136597,Don_Nickles,Roy_Moore,Roy_Williams,Robert_Bonner,Klaus_Zwickel,James_Kelly,Donald_Evans,Doug_Collins,Robert_Zoellick,Dennis_Kucinich,Scott_McNealy,Franz_Beckenbauer,Yao_Ming,Todd_Haynes,Alan_Mulally,Tom_Daschle,Ron_Howard,Cyndi_Thompson,James_Cunningham,Julianne_Moore,John_Snow,Dennis_Kozlowski,Peter_Hillary,James_Maguire,John_Malkovich,James_Kopp,Bruce_Van_De_Velde,Hermann_Maier,Jon_Gruden,David_Kelley,Harry_Kalas,George_Pataki,Gian_Marco,Lyle_Vanclief,David_Caraway,Paul_McNulty,Queen_Beatrix,Antony_Leung,Robert_DeFraites,James_Schultz,Gray_Davis,Trent_Lott,Doris_Schroeder,Lindsay_Davenport,Barry_Zito,Kiki_Vandeweghe,Richard_Gephardt,Paul_ONeill,Elizabeth_Smart,Prince_Willem-Alexander
probe/Donald_Evans/Donald_Evans_0002.jpg,Donald_Evans,1,1.0,0.8856967687606812,0.8856967687606812,Donald_Evans,Bob_Beauprez,Pascal_Quignard,James_Kelly,Robert_Bonner,John_Spencer,Thomas_Fargo,Jose_Dirceu,Costas_Simitis,Roy_Williams,Dennis_Erickson,Paul_ONeill,Roy_Moore,Ishaq_Shahryar,Arnold_Palmer,Bruce_Van_De_Velde,Kevin_Stallings,Ralph_Lauren,Hans_Eichel,Jon_Gruden,Paul_McNulty,Dick_Vermeil,Dave_Campo,Frank_Solich,Rick_Romley,Jorge_Batlle,Robert_Zoellick,Bill_Nelson,Herb_Sendek,Richard_Gephardt,Gray_Davis,John_McCallum,Doug_Collins,Paula_Zahn,Luis_Gonzalez_Macchi,Dennis_Powell,Don_Nickles,Nick_Nolte,James_Cunningham,Dennis_Kucinich,Tom_Daschle,Franz_Beckenbauer,Spencer_Abraham,Kurt_Russell,Klaus_Zwickel,John_Negroponte,David_Dodge,Jason_Alexander,Bob_Hope,Warren_Beatty
probe/Donatella_Versace/Donatella_Versace_0002.jpg,Donatella_Versace,1,1.0,0.754202127456665,0.754202127456665,Donatella_Versace,Dolly_Parton,Melanie_Griffith,Goldie_Hawn,Hassan_Nasrallah,Brigitte_Boisselier,Anna_Kournikova,Sophia_Loren,Marilyn_Monroe,Paul_McCartney,Courtney_Love,Pamela_Anderson,Carol_Moseley_Braun,Abdullah_al-Attiyah,Tracee_Ellis_Ross,Jeanne_Moreau,Barbra_Streisand,Martha_Beatriz_Roque,Yasser_Arafat,Morgan_Freeman,Luciano_Pavarotti,Dino_de_Laurentis,Jason_Kidd,Barbara_Walters,Alejandro_Avila,Jeffrey_Archer,Nelson_Mandela,Charlie_Zaa,Omar_Sharif,Ricky_Barnes,Liza_Minnelli,Christina_Aguilera,Inam-ul-Haq,Gisele_Bundchen,Evander_Holyfield,John_Howard,Fidel_Castro,Patti_Labelle,Ann_Veneman,Kathleen_Glynn,Sally_Kirkland,Peter_Struck,Mariah_Carey,Martin_Scorsese,Jane_Fonda,Vicente_Fernandez,Imad_Moustapha,Isabelle_Huppert,Intisar_Ajouri,Ismail_Merchant
probe/Donna_Shalala/Donna_Shalala_0002.jpg,Donna_Shalala,1,1.0,0.9032573103904724,0.9032573103904724,Donna_Shalala,Lynne_Cheney,Gloria_Allred,Paul_McCartney,Robert_Stack,Joan_Claybrook,Liza_Minnelli,Doris_Roberts,Herta_Daeubler-Gmelin,Laila_Ali,Ronald_Reagan,Angela_Lansbury,Christine_Gregoire,Debra_Brown,Julie_Gerberding,Ralph_Lauren,Valerie_Harper,John_Kerry,Nancy_Reagan,Kelli_White,Jean_Brumley,Jeanne_Moreau,Rita_Moreno,Frank_Griswold,Queen_Beatrix,Biljana_Plavsic,Sheila_Copps,Ashanti,Hanan_Ashrawi,George_Lopez,Carol_Burnett,Dennis_Kucinich,Fabiola_Zuluaga,Colin_Powell,Nancy_Pelosi,John_McCallum,Lindsay_Davenport,Abdullah_al-Attiyah,Juan_Valencia_Osorio,Kathleen_Kennedy_Townsend,Sheila_Wellstone,Trent_Lott,Gro_Harlem_Brundtland,Eduardo_Duhalde,Dorthy_Moxley,Harry_Kalas,Shannon_OBrien,S_Jayakumar,Monica_Seles,Ahmad_Masood
probe/Doris_Roberts/Doris_Roberts_0002.jpg,Doris_Roberts,1,1.0,0.8710036277770996,0.8710036277770996,Doris_Roberts,Angela_Lansbury,Gro_Harlem_Brundtland,Tammy_Lynn_Michaels,Meryl_Streep,Ozzy_Osbourne,Donna_Shalala,Judi_Dench,Herta_Daeubler-Gmelin,Karin_Stoiber,Sheila_Wellstone,Queen_Beatrix,Biljana_Plavsic,Dorthy_Moxley,Paul_William_Hurley,John_Negroponte,Rick_Romley,Cristina_Saralegui,Shannon_OBrien,Kosuke_Kitajima,Julie_Gerberding,John_McCallum,Debra_Brown,Carolyn_Dawn_Johnson,Rita_Moreno,Gloria_Macapagal_Arroyo,Jean_Brumley,Gloria_Allred,Janet_Thorpe,Carmen_Electra,Alexander_Losyukov,Hitomi_Soga,Lindsay_Davenport,Gustavo_Kuerten,Martha_Beatriz_Roque,Slobodan_Milosevic,Jeanne_Moreau,Lynne_Cheney,Zoran_Djindjic,Conchita_Martinez,Martha_Burk,Marwan_Barghouthi,Brian_Heidik,Dolly_Parton,Penelope_Ann_Miller,Alice_Fisher,Joan_Claybrook,Elinor_Caplan,Frank_Griswold,Chris_Bell
probe/Doris_Schroeder/Doris_Schroeder_0002.jpg,Doris_Schroeder,1,1.0,0.8955244421958923,0.8955244421958923,Doris_Schroeder,Sheila_Wellstone,Natalie_Maines,Melanie_Griffith,Queen_Beatrix,Barbra_Streisand,Celine_Dion,Janica_Kostelic,Kathleen_Kennedy_Townsend,Dennis_Kucinich,Paula_Radcliffe,Doug_Collins,Martha_Burk,Hillary_Clinton,Jeanne_Moreau,Judi_Dench,Nancy_Reagan,Jo_Dee_Messina,Priscilla_Owen,Alexandra_Vodjanikova,Claire_Danes,Jean_Carnahan,Ellen_DeGeneres,Peter_Bacanovic,Bud_Selig,James_Kelly,Lynne_Cheney,Robert_DeFraites,Ozzy_Osbourne,Wang_Yingfan,Gloria_Allred,Raquel_Welch,Anders_Ebbeson,Olivia_Newton-John,David_Leahy,Trent_Lott,Donna_Shalala,Nicanor_Duarte_Frutos,Sophia_Loren,Gary_Carter,Barbara_Brezigar,James_Kopp,Julie_Gerberding,Martina_McBride,Christian_Fittipaldi,Reese_Witherspoon,Nancy_Pelosi,Candie_Kung,Amber_Tamblyn,Jane_Pauley
probe/Dorthy_Moxley/Dorthy_Moxley_0002.jpg,Dorthy_Moxley,1,1.0,0.8298022747039795,0.8298022747039795,Dorthy_Moxley,Julie_Gerberding,Nancy_Pelosi,Jean_Brumley,Hillary_Clinton,Lynne_Cheney,Christine_Gregoire,Doris_Roberts,Kim_Jong-Il,Herta_Daeubler-Gmelin,Bernard_Landry,Hichiro_Naemura,Rita_Moreno,Lynn_Abraham,Jeanne_Moreau,Yoko_Ono,Donna_Shalala,Angela_Lansbury,Coretta_Scott_King,Heidi_Fleiss,Karin_Stoiber,Jean_Carnahan,Sheila_Wellstone,Paul_McCartney,Debra_Brown,Nancy_Reagan,James_Kopp,Valery_Giscard_dEstaing,Hitomi_Soga,Barbara_Walters,Pedro_Malan,Wang_Yingfan,Pupi_Avati,Biljana_Plavsic,Elinor_Caplan,Meryl_Streep,Christopher_Walken,Jolanta_Kwasniewski,Paula_Radcliffe,Jose_Sarney,Anders_Ebbeson,Yasser_Arafat,Diane_Green,Marilyn_Monroe,Martha_Beatriz_Roque,Queen_Beatrix,Chanda_Rubin,Lauren_Hutton,Felix_Mantilla,John_Rowland
probe/Doug_Collins/Doug_Collins_0002.jpg,Doug_Collins,1,1.0,0.7312581539154053,0.7312581539154053,Doug_Collins,Roy_Moore,Peter_Hillary,Gary_Carter,Roy_Williams,Stanley_McChrystal,Gian_Marco,Klaus_Zwickel,David_Caraway,Yao_Ming,John_Malkovich,Jay_Garner,Gregg_Popovich,Dennis_Kucinich,Don_Nickles,Mark_Warner,Ernie_Eves,Alan_Mulally,Thomas_Fargo,Frank_Solich,Bill_Belichick,Ricky_Barnes,William_Ford_Jr,Robert_Duvall,Trent_Lott,Robert_DeFraites,Peter_Arnett,Tom_Daschle,Nick_Nolte,Hermann_Maier,Robert_Bonner,Howard_Dean,Ron_Dittemore,James_Kopp,Chuck_Yeager,James_Morris,Bill_Graham,Johnny_Carson,Butch_Davis,Harry_Schmidt,Larry_Coker,Al_Davis,John_Snow,Igor_Ivanov,Kevin_Stallings,James_Kelly,Fred_Eckhard,Robert_Zoellick,Stephen_Friedman,Arlen_Specter
probe/Doug_Duncan/Doug_Duncan_0002.jpg,Doug_Duncan,547,0.0018281535648994515,0.5588934421539307,0.06981057673692703,Bill_Frist,Mikhail_Kasyanov,Bill_Callahan,Lon_Kruger,Brad_Johnson,Gary_Winnick,Gabriel_Valdes,Tom_Daschle,Geoff_Hoon,Andy_Hebb,Bruce_Weber,Chuck_Amato,David_Nalbandian,Butch_Davis,Robert_Duvall,Steve_Spurrier,David_Trimble,Michael_Douglas,Augustin_Calleri,Anthony_LaPaglia,Tim_Floyd,George_Robertson,Matthew_Perry,Fred_Eckhard,Jim_Harrick,Jeffrey_Immelt,James_Kelly,Damon_van_Dam,Paul_McCartney,Abel_Pacheco,James_Traficant,Jeffrey_Jones,John_Timoney,Mark_Schweiker,Aleksander_Kwasniewski,Alimzhan_Tokhtakhounov,Goran_Persson,Saparmurat_Niyazov,Bob_Hope,Lisa_Gottsegen,Vitali_Klitschko,Jennifer_Connelly,Lech_Walesa,Hootie_Johnson,Brooke_Shields,Jon_Gruden,Mack_Brown,Ron_Dittemore,Jim_Carrey,Robert_Zoellick
probe/Drew_Barrymore/Drew_Barrymore_0002.jpg,Drew_Barrymore,1,1.0,0.6799397468566895,0.6799397468566895,Drew_Barrymore,Gillian_Anderson,Madonna,Natalie_Maines,Abdel_Nasser_Assidi,Cameron_Diaz,Patricia_Clarkson,Alicia_Silverstone,Alice_Fisher,Evan_Rachel_Wood,Marissa_Jaret_Winokur,Reese_Witherspoon,Julianne_Moore,Bridget_Fonda,Dorthy_Moxley,Fidel_Castro,Abdullah_Gul,Elizabeth_Smart,Nadia_Petrova,Paula_Radcliffe,Valerie_Harper,Hillary_Clinton,Megawati_Sukarnoputri,Debra_Brown,Jolanta_Kwasniewski,Jennifer_Reilly,Anna_Nicole_Smith,Nia_Vardalos,Jodie_Foster,Gregory_Hines,Doris_Schroeder,Mikulas_Dzurinda,Marie-Reine_Le_Gougne,Monica_Bellucci,Edie_Falco,Elizabeth_Shue,Johnny_Depp,Michelle_Pfeiffer,Joseph_Estrada,Kathleen_Glynn,Melanie_Griffith,John_Malkovich,Ahmad_Masood,Matthew_Perry,Osama_bin_Laden,Martin_Brodeur,Betsy_Smith,Charlotte_Rampling,Helen_Clark,Vicki_Zhao_Wei
probe/Duane_Lee_Chapman/Duane_Lee_Chapman_0002.jpg,Duane_Lee_Chapman,1,1.0,0.6917115449905396,0.6917115449905396,Duane_Lee_Chapman,Roman_Polanski,Jimmy_Carter,John_Blaney,George_Voinovich,Richard_Branson,David_Kelley,Eric_Clapton,Tim_Floyd,Robert_Zoellick,David_Spade,Boris_Becker,Jean-Claude_Juncker,Brad_Johnson,Yasser_Arafat,Jeremy_Shockey,Dennis_Erickson,Franz_Muentefering,Ricky_Ponting,Howard_Smith,Nelson_Mandela,Vaclav_Havel,Steve_Waugh,Dick_Vermeil,Ann_Veneman,Alan_Ball,Goldie_Hawn,Joerg_Haider,Eddie_Sutton,Nick_Nolte,Gary_Doer,Harvey_Weinstein,Harry_Schmidt,Ozzy_Osbourne,Chris_Cooper,John_Malkovich,Charlotte_Rampling,Elizabeth_Taylor,Tom_Cruise,Sam_Bith,Ellen_Engleman,Steven_Spielberg,William_Ford_Jr,Jonathan_Mostow,Mario_Cipollini,Elsa_Zylberstein,Thabo_Mbeki,George_Pataki,Morgan_Freeman,Lindsey_Graham
probe/Dwayne_Johnson/Dwayne_Johnson_0002.jpg,Dwayne_Johnson,1,1.0,0.9238300323486328,0.9238300323486328,Dwayne_Johnson,John_Allen_Muhammad,Patti_Labelle,Freddy_Garcia,Vladimir_Putin,Gerardo_Gambala,Rob_Schneider,Marco_Antonio_Barrera,Edward_Lu,James_Butts,Lionel_Richie,Juan_Pablo_Montoya,Colin_Jackson,Vincent_Brooks,Corinne_Coman,Justin_Guarini,Harbhajan_Singh,Will_Smith,Dai_Bachtiar,Vince_Carter,Thomas_Rupprath,Benjamin_Netanyahu,John_Stallworth,Jason_Kidd,Jennifer_Lopez,Joseph_Biden,Igor_Ivanov,Kelli_White,Tracee_Ellis_Ross,Dexter_Jackson,Sally_Kirkland,Michael_Chang,Martin_Verkerk,Emma_Thompson,Sourav_Ganguly,George_Pataki,Denise_Johnson,Lloyd_Ward,Jorge_Arce,Larry_Johnson,Carol_Moseley_Braun,Mitchell_Daniels,Claire_Hentzen,Lino_Oviedo,Adolfo_Rodriguez_Saa,Bill_Graham,Bernardo_Segura,Patricia_Clarkson,Jimmy_Carter,Cathy_Freeman
probe/Eddie_Sutton/Eddie_Sutton_0002.jpg,Eddie_Sutton,1,1.0,0.7593035697937012,0.7593035697937012,Eddie_Sutton,Alejandro_Toledo,Gary_Doer,Francis_Mer,Robert_De_Niro,Jeffrey_Jones,Thaksin_Shinawatra,Adolfo_Aguilar_Zinser,Kirk_Ferentz,Kurt_Russell,Chakib_Khelil,Jean-Claude_Braquet,Ronald_Reagan,Bob_Hope,Vaclav_Havel,Liu_Mingkang,Hootie_Johnson,Eduardo_Duhalde,Spencer_Abraham,Dick_Vermeil,Matthew_Perry,John_Rosa,Dennis_Erickson,Steve_Waugh,Joseph_Blatter,Franz_Muentefering,Lino_Oviedo,Leszek_Miller,Robert_Mueller,Dennis_Kucinich,Trent_Lott,Ken_Watanabe,Elsa_Zylberstein,David_Leahy,Geoff_Hoon,Ahmet_Necdet_Sezer,Costas_Simitis,Tom_Daschle,Jia_Qinglin,Nestor_Kirchner,John_Blaney,Chuck_Yeager,Munir_Akram,Robert_Zoellick,Mitoji_Yabunaka,Abel_Pacheco,Alec_Baldwin,Christopher_Walken,Gabriel_Valdes,Cesar_Maia
probe/Eddy_Merckx/Eddy_Merckx_0002.jpg,Eddy_Merckx,1,1.0,0.8662854433059692,0.8662854433059692,Eddy_Merckx,Rolf_Eckrodt,Abdullah_Gul,Jorge_Castaneda,Brad_Johnson,Hu_Jintao,Lou_Piniella,Henrique_Meirelles,Gary_Locke,John_Garamendi,Goldie_Hawn,Laurent_Jalabert,Bill_Callahan,Nicanor_Duarte_Frutos,Yao_Ming,Lee_Tae-sik,LeBron_James,Jose_Serra,John_Rosa,Saparmurat_Niyazov,Kim_Ryong-sung,Sourav_Ganguly,Vitali_Klitschko,Edward_Lu,Ali_Abbas,Jamling_Norgay,Simon_Cowell,Nestor_Kirchner,Megawati_Sukarnoputri,Daniela_Hantuchova,Andy_Hebb,Christine_Gregoire,John_Allen_Muhammad,Michael_Chang,Mario_Kreutzberger,Wang_Yingfan,Kristanna_Loken,Jonathan_Edwards,David_Heymann,Patricia_Clarkson,Jia_Qinglin,Mohamed_Benaissa,Bill_Frist,Antonio_Banderas,Prince_Naruhito,Georgi_Parvanov,Mack_Brown,Hassan_Wirajuda,Lee_Jun,Hamzah_Haz
probe/Edie_Falco/Edie_Falco_0002.jpg,Edie_Falco,2,0.5,0.48316025733947754,0.4824397563934326,Paula_Radcliffe,Edie_Falco,Jennifer_Aniston,Celine_Dion,Ellen_Engleman,Kathleen_Glynn,Martha_Bowen,Hillary_Clinton,Boris_Becker,Judy_Genshaft,Abdullah,Sarah_Jessica_Parker,Eduardo_Duhalde,Amanda_Coetzer,Silvia_Farina_Elia,Patricia_Clarkson,Ellen_DeGeneres,Hayley_Tullett,Andrew_Niccol,Jennifer_Lopez,Nastassia_Kinski,Jennifer_Rodriguez,Elsa_Zylberstein,Arianna_Huffington,Brigitte_Boisselier,Claire_Hentzen,Rob_Schneider,Shannon_OBrien,Madonna,Lynne_Cheney,Jamling_Norgay,Mariah_Carey,Nia_Vardalos,Meryl_Streep,Rupert_Grint,Sheila_Wellstone,Eva_Dimas,Augusto_Roa_Bastos,Jane_Kaczmarek,Tony_Bennett,Nancy_Pelosi,Yasser_Arafat,Donna_Shalala,Tracee_Ellis_Ross,Brian_Mulroney,Sally_Kirkland,Angela_Lansbury,David_Nalbandian,Anneli_Jaatteenmaki,Sean_Penn
probe/Eduardo_Duhalde/Eduardo_Duhalde_0002.jpg,Eduardo_Duhalde,1,1.0,0.8474553823471069,0.8474553823471069,Eduardo_Duhalde,Michael_Douglas,Edward_Said,Edward_Lu,Arlen_Specter,Jerry_Falwell,Augusto_Roa_Bastos,Geoff_Hoon,Roman_Polanski,Jackie_Chan,Alejandro_Toledo,Tony_Bennett,Marco_Antonio_Barrera,Chuck_Amato,Jamling_Norgay,Anthony_LaPaglia,Ricardo_Maduro,Lino_Oviedo,Emily_Robison,Mel_Brooks,Ozzy_Osbourne,Hanan_Ashrawi,Nestor_Kirchner,John_Banko,William_Bratton,Ben_Curtis,Bill_Graham,Jorge_Rodolfo_Canicoba_Corral,Lee_Jun,Butch_Davis,Prince_Naruhito,Ahmet_Necdet_Sezer,Vladimir_Putin,Andrew_Niccol,Brad_Johnson,James_Butts,Luiz_Felipe_Scolari,Robert_De_Niro,Kim_Ryong-sung,Franz_Muentefering,Sam_Torrance,Francis_Mer,Bobby_Robson,Adolfo_Aguilar_Zinser,Pamela_Anderson,Thomas_OBrien,Thaksin_Shinawatra,Steve_Waugh,John_Walsh,Kim_Dae-jung
probe/Edward_James_Olmos/Edward_James_Olmos_0002.jpg,Edward_James_Olmos,1,1.0,0.7718331813812256,0.7718331813812256,Edward_James_Olmos,Xanana_Gusmao,Abdullatif_Sener,Michel_Temer,Igor_Ivanov,James_McGreevey,Anthony_Fauci,Jorge_Valdano,Jesse_Jackson,Ann_Veneman,Mary_Landrieu,Adolfo_Rodriguez_Saa,John_Banko,Luis_Gonzalez_Macchi,Abdullah_Gul,Mark_Geragos,Leslie_Moonves,Mikulas_Dzurinda,Bashar_Assad,Johnson_Panjaitan,Jackie_Chan,Mohammad_Khatami,Larry_Lucchino,Kent_Rominger,Saddam_Hussein,Alvaro_Uribe,John_Kerry,Megawati_Sukarnoputri,Fidel_Castro,Asa_Hutchinson,Branko_Crvenkovski,Judy_Genshaft,Joseph_Estrada,Alvaro_Noboa,Silvio_Berlusconi,Robert_Mueller,Vladimir_Putin,Jose_Sarney,Pamela_Anderson,Joe_Torre,Tim_Allen,Abdullah_al-Attiyah,Intisar_Ajouri,Sheila_Copps,Andrew_Bunner,Andrew_Cuomo,Annette_Bening,Robert_De_Niro,Andrew_Niccol,Osama_bin_Laden
probe/Edward_Lu/Edward_Lu_0002.jpg,Edward_Lu,1,1.0,0.899917721748352,0.899917721748352,Edward_Lu,Lee_Jun,Thaksin_Shinawatra,Prince_Naruhito,Chung_Mong-joon,Lee_Tae-sik,Jamling_Norgay,Michael_Chang,Jackie_Chan,Kim_Dae-jung,Brad_Johnson,Hun_Sen,Goh_Kun,Lee_Hoi-chang,Jia_Qinglin,Liu_Mingkang,Alejandro_Toledo,Eduardo_Duhalde,Yoko_Ono,Kim_Ryong-sung,Vladimir_Putin,Jong_Thae_Hwa,Candie_Kung,Li_Peng,Ron_Dittemore,Gerardo_Gambala,Michelle_Yeoh,Lino_Oviedo,Chang_Dae-whan,Stanley_Tong,Chen_Liang_Yu,Anthony_LaPaglia,Chung_Mong-hun,Vitali_Klitschko,James_Butts,Hu_Jintao,Alimzhan_Tokhtakhounov,Antony_Leung,Ozzy_Osbourne,John_Allen_Muhammad,Lisa_Ling,Geoff_Hoon,Kwon_Yang-sook,Adolfo_Rodriguez_Saa,Megawati_Sukarnoputri,Alberto_Fujimori,Annette_Lu,Gary_Locke,Marco_Antonio_Barrera,Emma_Thompson
probe/Edward_Norton/Edward_Norton_0002.jpg,Edward_Norton,1,1.0,0.6637659072875977,0.6637659072875977,Edward_Norton,John_Cusack,Kevin_Spacey,Matthew_Perry,Scott_McClellan,Ben_Curtis,Mark_Dacey,Conchita_Martinez,Guillermo_Coria,Dick_Clark,Gil_de_Ferran,Demetrius_Ferraciu,Kristin_Davis,John_McCormack,Jude_Law,Alexander_Losyukov,Orlando_Bloom,Gillian_Anderson,Joseph_Blatter,Chris_Rock,Lon_Kruger,Sandra_Bullock,Alvaro_Uribe,Alec_Baldwin,Jackie_Chan,Greg_Gilbert,Eduardo_Duhalde,Peter_Harrison,Candie_Kung,Nestor_Kirchner,Kurt_Busch,George_Robertson,Pete_Sampras,Prince_Willem-Alexander,John_Rowland,Gray_Davis,Gerard_Depardieu,Charles_Mathews,Marc-Andre_Fleury,James_Gandolfini,Kim_Dae-jung,Jim_Carrey,LeBron_James,Evan_Rachel_Wood,John_Allen_Muhammad,Thomas_Birmingham,Jason_Lezak,Brian_Griese,Valery_Giscard_dEstaing,Thomas_Fargo
probe/Edward_Said/Edward_Said_0002.jpg,Edward_Said,1,1.0,0.5757352113723755,0.5757352113723755,Edward_Said,Gerry_Adams,Bill_Frist,Xanana_Gusmao,Juan_Valencia_Osorio,Nancy_Pelosi,Edward_James_Olmos,Gray_Davis,Oscar_De_La_Hoya,Anthony_Fauci,Antonio_Banderas,Mike_Babcock,Kent_Rominger,David_Heymann,Marcelo_Salas,Anders_Fogh_Rasmussen,Ernesto_Zedillo,Fidel_Castro,Robert_De_Niro,Jonathan_Edwards,Carlos_Mesa,Jorge_Castaneda,John_Allen_Muhammad,Jean-David_Levitte,Yasser_Arafat,Eddy_Merckx,John_Abizaid,Bill_Simon,Joan_Claybrook,Steven_Spielberg,Aung_San_Suu_Kyi,Venus_Williams,Albert_Costa,Tony_Bennett,Mohamed_Benaissa,Amram_Mitzna,Kathy_Winters,Miguel_Contreras,Marat_Safin,Hitomi_Soga,Yukiko_Okudo,Omar_Sharif,Camilla_Parker_Bowles,John_F_Kennedy_Jr,Franco_Dragone,Andrew_Cuomo,Yoko_Ono,Patricia_Clarkson,Ali_Khamenei,Hillary_Clinton
probe/Elijah_Wood/Elijah_Wood_0002.jpg,Elijah_Wood,1,1.0,0.8216755390167236,0.8216755390167236,Elijah_Wood,Prince_Harry,Monica_Seles,Jennifer_Connelly,Conchita_Martinez,Bob_Colvin,Elvis_Presley,Kathleen_Kennedy_Townsend,Jim_Furyk,Orlando_Bloom,Juan_Pablo_Montoya,David_Coulthard,Augustin_Calleri,James_McGreevey,Christine_Gregoire,Tyler_Hamilton,David_Nalbandian,Matthew_Perry,JJ_Redick,Jeffrey_Scott_Postell,Daniela_Hantuchova,Eric_Hinske,Michael_Douglas,Jan_Ullrich,James_Blake,Nadia_Petrova,Mike_Weir,Kalpana_Chawla,Lord_Hutton,Jim_Carrey,Sharon_Frey,Richard_Krajicek,Abdullah,Paul_Bremer,Bob_Hope,Barry_Zito,Owen_Wilson,Sourav_Ganguly,Marc-Andre_Fleury,Iban_Mayo,Gian_Marco,Joseph_Biden,Jason_Jennings,Cristina_Fernandez,Brooke_Shields,Anna_Kournikova,Dominik_Garcia-Lorido,Howard_Dean,Claire_Leger,Kim_Ryong-sung
probe/Elin_Nordegren/Elin_Nordegren_0002.jpg,Elin_Nordegren,1,1.0,0.6968798637390137,0.6968798637390137,Elin_Nordegren,Jennifer_Aniston,Bo_Ryan,Reese_Witherspoon,Abdullah_al-Attiyah,Paulo_Cesar_Pinheiro,Michael_J_Sheehan,Kristanna_Loken,Natalie_Maines,Adrian_Nastase,Mariangel_Ruiz_Torrealba,Mary-Kate_Olsen,Jose_Dirceu,Tim_Floyd,Michelle_Pfeiffer,Natalie_Coughlin,Kate_Capshaw,Carolyn_Dawn_Johnson,Hipolito_Mejia,Emmanuelle_Beart,Christopher_Patten,Sean_Astin,Jorge_Batlle,Julie_Gerberding,Alexandra_Vodjanikova,Silvan_Shalom,Chris_Rock,Ilan_Ramon,Xanana_Gusmao,Pamela_Anderson,Cathy_Freeman,Anna_Nicole_Smith,Elisabeth_Schumacher,Patrick_Leahy,Steve_Park,Joe_Mantello,Benjamin_Netanyahu,Donald_Evans,Lana_Clarkson,GL_Peiris,Herb_Sendek,Jamie_Villafane,Max_Mayfield,George_Voinovich,Dave_Campo,LeAnn_Rimes,Anthony_Hopkins,Lina_Krasnoroutskaya,Silvia_Farina_Elia,Todd_Haynes
probe/Elinor_Caplan/Elinor_Caplan_0002.jpg,Elinor_Caplan,1,1.0,0.8698281049728394,0.8698281049728394,Elinor_Caplan,Claire_Leger,Herta_Daeubler-Gmelin,Helen_Clark,Gro_Harlem_Brundtland,Joan_Claybrook,Sheila_Copps,Nadia_Petrova,Bill_Gates,Diane_Green,Debra_Brown,Angela_Lansbury,Gordon_Campbell,Chanda_Rubin,Kathleen_Kennedy_Townsend,Anneli_Jaatteenmaki,Dorthy_Moxley,Serena_Williams,Brad_Johnson,Eunice_Barber,Lindsay_Davenport,Yoko_Ono,Hillary_Clinton,Chen_Liang_Yu,Sean_Patrick_OMalley,Dick_Vermeil,Mikhail_Youzhny,Mike_Miller,Megawati_Sukarnoputri,Kalpana_Chawla,Nicanor_Duarte_Frutos,Jolanta_Kwasniewski,George_Robertson,David_Trimble,Elizabeth_Dole,Arianna_Huffington,Jean_Brumley,Nia_Vardalos,Karin_Stoiber,Jean_Carnahan,Meryl_Streep,Lynn_Abraham,Arnaud_Clement,Joseph_Deiss,Andy_Hebb,Biljana_Plavsic,Jennifer_Rodriguez,Adolfo_Aguilar_Zinser,Hayley_Tullett,James_Kopp
probe/Elisabeth_Schumacher/Elisabeth_Schumacher_0002.jpg,Elisabeth_Schumacher,206,0.0048543689320388345,0.5303101539611816,0.18571197986602783,Hillary_Clinton,Karin_Stoiber,Helen_Clark,Biljana_Plavsic,Jean_Carnahan,Prince_Willem-Alexander,Sheila_Copps,Joan_Claybrook,Jolanta_Kwasniewski,Jeremy_Shockey,Elinor_Caplan,Martha_Burk,Gro_Harlem_Brundtland,Judi_Dench,Diane_Green,Elizabeth_Dole,Brad_Johnson,Debra_Brown,Cristina_Saralegui,Georgi_Parvanov,Edie_Falco,Mike_Babcock,John_Manley,Marcelo_Salas,Yoko_Ono,Shannon_OBrien,Monica_Seles,Edward_Said,Ann_Veneman,Megawati_Sukarnoputri,Jean_Brumley,Celine_Dion,Kathleen_Kennedy_Townsend,James_Kelly,Steve_Spurrier,Arianna_Huffington,Ellen_Engleman,Marat_Safin,Tony_Curtis,Serena_Williams,Claire_Leger,Nancy_Pelosi,Doris_Roberts,Elizabeth_Smart,Gloria_Allred,Angela_Lansbury,Paula_Radcliffe,Sheila_Wellstone,Margaret_Thatcher,Ozzy_Osbourne
probe/Elizabeth_Dole/Elizabeth_Dole_0002.jpg,Elizabeth_Dole,1,1.0,0.8718001842498779,0.8718001842498779,Elizabeth_Dole,Benazir_Bhutto,Hillary_Clinton,Sheila_Copps,Biljana_Plavsic,Robert_De_Niro,Arianna_Huffington,Boris_Yeltsin,Megawati_Sukarnoputri,Nancy_Pelosi,Edie_Falco,Lynn_Abraham,Kathleen_Kennedy_Townsend,Jolanta_Kwasniewski,Sally_Kirkland,Elizabeth_Smart,Amram_Mitzna,Jean_Brumley,Anna_Kournikova,Angela_Lansbury,Ian_McKellen,Helen_Clark,Monica_Seles,Pupi_Avati,Patricia_Clarkson,Celine_Dion,Barbara_Walters,Kim_Dae-jung,Kwon_Yang-sook,Ann_Veneman,Lee_Tae-sik,Anneli_Jaatteenmaki,Saddam_Hussein,Dino_de_Laurentis,Charlotte_Rampling,Meryl_Streep,Elinor_Caplan,Martha_Burk,Shannon_OBrien,Annette_Lu,Margaret_Thatcher,Marissa_Jaret_Winokur,Leland_Chapman,Thaksin_Shinawatra,Susan_Collins,Yoko_Ono,Ellen_DeGeneres,Paul_McCartney,Martin_Scorsese,Diane_Green
probe/Elizabeth_Shue/Elizabeth_Shue_0002.jpg,Elizabeth_Shue,1,1.0,0.7608212232589722,0.7608212232589722,Elizabeth_Shue,Jodie_Foster,Alicia_Silverstone,Jessica_Lange,Pamela_Anderson,Marcelo_Salas,Bernardo_Segura,Kathryn_Bigelow,Kristin_Davis,Jean-David_Levitte,Christina_Aguilera,Mariah_Carey,Marie-Reine_Le_Gougne,Robert_Kocharian,Bill_Graham,James_Ivory,Orlando_Bloom,Kathy_Winters,Carmen_Electra,Valery_Giscard_dEstaing,Drew_Barrymore,Marat_Safin,Alison_Lohman,Alejandro_Toledo,Julianne_Moore,Natalie_Maines,Lino_Oviedo,Kristanna_Loken,Anna_Nicole_Smith,Paul_ONeill,Daryl_Hannah,Albert_Costa,Rita_Wilson,Jorge_Castaneda,John_Wolf,Theo_Epstein,Hillary_Clinton,Adolfo_Rodriguez_Saa,John_Snow,Tony_Bennett,Mary_Carey,Stephen_Friedman,James_Blake,Demetrius_Ferraciu,Marco_Antonio_Barrera,Guillermo_Coria,Emmanuelle_Beart,Doris_Schroeder,Raquel_Welch,Robby_Ginepri
probe/Elizabeth_Smart/Elizabeth_Smart_0002.jpg,Elizabeth_Smart,1,1.0,0.8137376308441162,0.8137376308441162,Elizabeth_Smart,Anna_Kournikova,Justine_Henin,Mary_Landrieu,Daniela_Hantuchova,Sally_Kirkland,Evan_Rachel_Wood,Patty_Schnyder,Lisa_Raymond,Patricia_Clarkson,Alison_Lohman,Cameron_Diaz,Desiree_Lemosi,Kristanna_Loken,Erika_Christensen,Katie_Harman,Arianna_Huffington,Flavia_Delaroli,Elizabeth_Dole,Monica_Seles,Bijan_Namdar_Zangeneh,Ibrahim_Jaafari,Jennifer_Aniston,Jennifer_Reilly,Michel_Temer,Hillary_Clinton,Fidel_Castro,Slobodan_Milosevic,Jerry_Falwell,Marissa_Jaret_Winokur,Scott_McClellan,Lindsay_Davenport,Saddam_Hussein,Natalie_Coughlin,Kathy_Winters,Rupert_Grint,Mary-Kate_Olsen,Penelope_Ann_Miller,Nadia_Petrova,Annette_Bening,Candie_Kung,Kathleen_Kennedy_Townsend,Howard_Dean,Emma_Thompson,Ellen_DeGeneres,Duane_Lee_Chapman,David_Bell,Gian_Marco,Xanana_Gusmao,Jane_Pauley
probe/Elizabeth_Taylor/Elizabeth_Taylor_0002.jpg,Elizabeth_Taylor,1,1.0,0.7016023397445679,0.7016023397445679,Elizabeth_Taylor,Doris_Roberts,Lynne_Cheney,Queen_Beatrix,Jeanne_Moreau,Martha_Beatriz_Roque,Martha_Burk,Judi_Dench,Gloria_Allred,Doris_Schroeder,Alexander_Losyukov,Mary_Carey,Donna_Shalala,Paul_William_Hurley,Raquel_Welch,Karin_Stoiber,Jean_Brumley,Angela_Lansbury,Nancy_Reagan,Melanie_Griffith,John_McCallum,Maggie_Smith,Marilyn_Monroe,Courtney_Love,Cristina_Saralegui,Dolly_Parton,Debra_Brown,Pete_Sampras,Kate_Capshaw,John_Taylor,Biljana_Plavsic,Ozzy_Osbourne,Carol_Burnett,LeAnn_Rimes,Michael_Ballack,Michael_J_Sheehan,Christine_Ebersole,Jason_Kidd,Herta_Daeubler-Gmelin,Joseph_Biden,John_Manley,Lindsay_Davenport,Natalie_Maines,Justin_Guarini,Frank_Griswold,Joan_Claybrook,Liza_Minnelli,Jack_Straw,Rita_Moreno,Paul_McCartney
probe/Ellen_DeGeneres/Ellen_DeGeneres_0002.jpg,Ellen_DeGeneres,1,1.0,0.7057499885559082,0.7057499885559082,Ellen_DeGeneres,Arantxa_Sanchez-Vicario,Sheila_Wellstone,Biljana_Plavsic,Nia_Vardalos,Debra_Brown,Silvia_Farina_Elia,Conchita_Martinez,Julie_Gerberding,Monica_Seles,Rita_Wilson,Anneli_Jaatteenmaki,Masum_Turker,Carolyn_Dawn_Johnson,Paula_Radcliffe,Priscilla_Owen,Tammy_Lynn_Michaels,Kathleen_Kennedy_Townsend,Emily_Robison,Paul_Bremer,Arnaud_Clement,Frank_Griswold,Gro_Harlem_Brundtland,Fred_Funk,Chanda_Rubin,Sarah_Jessica_Parker,Jason_Kidd,Tom_Cruise,Owen_Wilson,Alicia_Silverstone,Trent_Lott,Jennifer_Thompson,Mike_Weir,Serena_Williams,Claire_Danes,Leslie_Ann_Woodward,Betsy_Smith,Arianna_Huffington,Maggie_Smith,Laila_Ali,Jean_Carnahan,Jennifer_Aniston,Nadia_Petrova,Magui_Serna,Claire_Leger,Phil_Vassar,Gloria_Allred,Elizabeth_Smart,Jackie_Chan,Michael_Douglas
probe/Ellen_Engleman/Ellen_Engleman_0002.jpg,Ellen_Engleman,1,1.0,0.7721085548400879,0.7721085548400879,Ellen_Engleman,Nancy_Pelosi,Gwendal_Peizerat,Ann_Veneman,Sheila_Copps,Maria_Luisa_Mendonca,Jane_Kaczmarek,Edie_Falco,Lynn_Abraham,Nastassia_Kinski,Gerard_Depardieu,Arianna_Huffington,Kathleen_Glynn,Julie_Gerberding,Silvan_Shalom,Sally_Kirkland,Julianne_Moore,Silvio_Berlusconi,Rupert_Grint,Larry_Lucchino,Scott_Rudin,Stockard_Channing,Hillary_Clinton,Allison_Janney,Frances_Fisher,Sandra_Bullock,Maggie_Smith,Megawati_Sukarnoputri,Benazir_Bhutto,Paula_Radcliffe,Margaret_Thatcher,Isabelle_Huppert,Claire_Leger,Liza_Minnelli,Emmit_Smith,Gordon_Campbell,Jeffrey_Scott_Postell,Judy_Genshaft,Elizabeth_Dole,Arnaud_Clement,Pat_Cox,Shannon_OBrien,Luis_Horna,Lynne_Cheney,David_Nalbandian,Evan_Rachel_Wood,Ahmad_Masood,Phil_Vassar,Jose_Dirceu,Flavia_Delaroli
probe/Elsa_Zylberstein/Elsa_Zylberstein_0002.jpg,Elsa_Zylberstein,1,1.0,0.6673340797424316,0.6673340797424316,Elsa_Zylberstein,Sarah_Jessica_Parker,Hillary_Clinton,Geoff_Hoon,Thaksin_Shinawatra,Emanuel_Ginobili,Elizabeth_Dole,Monica_Bellucci,Chen_Liang_Yu,Shannon_OBrien,Meryl_Streep,Jennifer_Aniston,Arlen_Specter,Jennifer_Connelly,David_Bell,Barbara_Walters,Carl_Reiner,Megawati_Sukarnoputri,Jackie_Chan,Emma_Thompson,James_Franco,Nancy_Pelosi,Thomas_OBrien,Anneli_Jaatteenmaki,Vladimir_Putin,Kim_Jin-sun,Gerard_Depardieu,Aung_San_Suu_Kyi,Ahmet_Necdet_Sezer,Kim_Dae-jung,Helen_Clark,Conchita_Martinez,Lauren_Killian,Cameron_Diaz,Barbara_Brezigar,Dominik_Garcia-Lorido,Igor_Ivanov,Kim_Jong-Il,Patricia_Clarkson,Yoko_Ono,Christopher_Walken,Susan_Collins,Eduardo_Duhalde,Nasser_al-Kidwa,Hayley_Tullett,Tim_Allen,Li_Peng,Robin_McLaurin_Williams,Prince_Naruhito,Lauren_Hutton
probe/Elvis_Presley/Elvis_Presley_0002.jpg,Elvis_Presley,1,1.0,0.7891836166381836,0.7891836166381836,Elvis_Presley,Matthew_Perry,Pupi_Avati,Kalpana_Chawla,Juan_Pablo_Montoya,Miroljub,Bruce_Weber,Guy_Ritchie,Alex_Penelas,Elijah_Wood,Sharon_Frey,Nicanor_Duarte_Frutos,Jimmy_Kimmel,Harry_Kalas,Paul_Bremer,Joseph_Biden,Kenneth_Evans,Saeb_Erekat,Branko_Crvenkovski,Anibal_Ibarra,Queen_Beatrix,Jennifer_Connelly,Gian_Marco,Frank_Stallone,Lon_Kruger,Bridget_Fonda,John_Abizaid,Juanes,Mikhail_Kasyanov,OJ_Simpson,Alimzhan_Tokhtakhounov,Peter_Arnett,Antonio_Banderas,Augustin_Calleri,John_Rigas,Sourav_Ganguly,James_Blake,Michael_Ballack,Tim_Allen,Cruz_Bustamante,Justin_Guarini,Abdullah_Gul,Liza_Minnelli,Sally_Kirkland,Angela_Lansbury,Tyra_Banks,Barry_Zito,Jason_Kidd,Joe_Calzaghe,Darrell_Porter
probe/Emanuel_Ginobili/Emanuel_Ginobili_0002.jpg,Emanuel_Ginobili,1,1.0,0.8563246726989746,0.8563246726989746,Emanuel_Ginobili,Vitali_Klitschko,Bernard_Lord,William_Bratton,Iban_Mayo,Guillermo_Ortiz,Paul_McCartney,Pupi_Avati,Chen_Liang_Yu,John_Howard,Sean_Penn,Abel_Pacheco,John_Negroponte,Gao_Qiang,John_Rowland,Chuck_Amato,Marwan_Barghouthi,Nancy_Pelosi,Noah_Wyle,Robbie_Fowler,Nestor_Kirchner,Prince_Naruhito,Thaksin_Shinawatra,Pedro_Solbes,Dorthy_Moxley,Matthew_Perry,John_McCormack,Demetrius_Ferraciu,Hector_Babenco,Marc-Andre_Fleury,Michael_Chang,Ferenc_Madl,Sheila_Wellstone,Eunice_Barber,Gregory_Geoffroy,Elsa_Zylberstein,Ali_Khamenei,Kim_Jong-Il,Hassan_Nasrallah,Yao_Ming,David_Nalbandian,Luiz_Felipe_Scolari,Gregory_Hines,Costas_Simitis,Ben_Curtis,Heidi_Fleiss,Valery_Giscard_dEstaing,Albert_Costa,Ian_Thorpe,Luciano_Pavarotti
probe/Emile_Lahoud/Emile_Lahoud_0002.jpg,Emile_Lahoud,1,1.0,0.8231420516967773,0.8231420516967773,Emile_Lahoud,Sandra_Bullock,Costas_Simitis,Pedro_Malan,Herb_Sendek,Silvan_Shalom,Silvio_Berlusconi,Ilan_Ramon,Alejandro_Toledo,Alan_Ball,John_Negroponte,Spencer_Abraham,Paul_ONeill,Robert_Kocharian,Gerry_Parsky,John_Brady,Roy_Moore,Lloyd_Ward,Benjamin_Netanyahu,Paul_McCartney,Boris_Berezovsky,Vladimir_Putin,Prince_Edward,Thomas_OBrien,John_Wolf,Adolfo_Rodriguez_Saa,Frank_Solich,Igor_Ivanov,Pascal_Lamy,Lino_Oviedo,Charles_Schumer,Jose_Dirceu,Christopher_Patten,Dennis_Kucinich,Pascal_Quignard,Cathy_Freeman,Billy_Sollie,Larry_Coker,Matthew_Perry,Julie_Gerberding,Carlos_Ghosn,Vaclav_Havel,Ken_Watanabe,Cesar_Maia,Mitchell_Daniels,Yao_Ming,John_Rosa,Richard_Shelby,Hans_Eichel,Trent_Lott
probe/Emily_Robison/Emily_Robison_0002.jpg,Emily_Robison,201,0.004975124378109453,0.54179847240448,0.19394665956497192,Natalie_Maines,Betsy_Smith,Elizabeth_Smart,Kathy_Winters,Jean_Carnahan,Emma_Thompson,Arianna_Huffington,Conchita_Martinez,Sheila_Wellstone,Debra_Brown,Kathleen_Kennedy_Townsend,Gerard_Depardieu,Martha_Burk,Gro_Harlem_Brundtland,Monica_Seles,Jennifer_Thompson,Justine_Henin,Michelle_Pfeiffer,Elinor_Caplan,Candie_Kung,Paula_Radcliffe,Janet_Thorpe,Biljana_Plavsic,Marlene_Weingartner,Julie_Gerberding,Christine_Gregoire,Gloria_Allred,Carolyn_Dawn_Johnson,Pete_Sampras,Barbra_Streisand,Margaret_Thatcher,Nadia_Petrova,Celine_Dion,Doris_Schroeder,Lindsay_Davenport,Edie_Falco,Claire_Leger,Joan_Claybrook,Arantxa_Sanchez-Vicario,Ellen_Engleman,Jean_Brumley,James_Kopp,Elin_Nordegren,Lindsey_Graham,Jon_Gruden,Ellen_DeGeneres,Hillary_Clinton,Tom_Cruise,Claire_Danes,Alice_Fisher
probe/Emma_Thompson/Emma_Thompson_0002.jpg,Emma_Thompson,1,1.0,0.6825920343399048,0.6825920343399048,Emma_Thompson,Benazir_Bhutto,Nancy_Pelosi,Goh_Kun,Arianna_Huffington,Liza_Minnelli,David_Trimble,Hu_Jintao,Kathy_Winters,John_Garamendi,Julie_Taymor,Vincent_Brooks,Patricia_Clarkson,Anders_Fogh_Rasmussen,John_Howard,Jolanta_Kwasniewski,Kim_Jin-sun,Martina_McBride,Hillary_Clinton,Isabelle_Huppert,Marc-Andre_Fleury,Priscilla_Owen,Kent_Rominger,Bud_Selig,Lynn_Abraham,Kristin_Davis,Lily_Tomlin,Lisa_Ling,Yoko_Ono,Emanuel_Ginobili,Rich_Gannon,Alvaro_Uribe,Lee_Jun,Jackie_Chan,Aung_San_Suu_Kyi,Antony_Leung,Christopher_Walken,Lee_Tae-sik,Cristina_Fernandez,Kathryn_Bigelow,David_Myers,Marisa_Tomei,Annette_Bening,Phil_Vassar,Doris_Schroeder,Hitomi_Soga,Fidel_Castro,Edward_Lu,Kim_Dae-jung,Bill_Gates
probe/Emmanuelle_Beart/Emmanuelle_Beart_0002.jpg,Emmanuelle_Beart,1,1.0,0.933403730392456,0.933403730392456,Emmanuelle_Beart,Vladimir_Putin,Monica_Bellucci,Cameron_Diaz,Madonna,Lauren_Hutton,Pascal_Lamy,Hillary_Clinton,Jennifer_Lopez,James_Franco,Lana_Clarkson,Robert_Duvall,Vitali_Klitschko,Lino_Oviedo,Donatella_Versace,Lauren_Killian,Vince_Carter,Goldie_Hawn,Dominik_Garcia-Lorido,Mary-Kate_Olsen,Fayssal_Mekdad,Li_Peng,Ian_McKellen,Flavia_Delaroli,Mitchell_Daniels,Sarah_Jessica_Parker,Pamela_Anderson,Hector_Babenco,Michelle_Pfeiffer,Nestor_Kirchner,Morgan_Freeman,Valerie_Harper,Alison_Lohman,Daryl_Hannah,Carlo_Ancelotti,Amanda_Coetzer,Christopher_Patten,Yoko_Ono,Jada_Pinkett_Smith,Anwar_Ibrahim,Anthony_Fauci,Roman_Polanski,Francis_Mer,Julianne_Moore,Igor_Ivanov,Bud_Selig,Jennifer_Aniston,Lee_Hoi-chang,Priscilla_Presley,Anneli_Jaatteenmaki
probe/Emmit_Smith/Emmit_Smith_0002.jpg,Emmit_Smith,1,1.0,0.8969439268112183,0.8969439268112183,Emmit_Smith,Joe_Dumars,Jesse_Jackson,Chris_Tucker,Ruben_Studdard,John_Stallworth,Leonard_Hamilton,Dexter_Jackson,Doug_Duncan,Grady_Irvin_Jr,Byron_Scott,John_Allen_Muhammad,Guillaume_Soro,George_Foreman,Kirk_Johnson,Latrell_Sprewell,LeBron_James,Thabo_Mbeki,Patrick_Ewing,Venus_Williams,Eric_Rosser,Morgan_Freeman,Jeffrey_Archer,Liza_Minnelli,Michael_Chiklis,Paul_Byrd,Martin_Verkerk,Howard_Smith,Vidar_Helgesen,Sandra_Bullock,Harry_Belafonte,Pascal_Quignard,Scott_Rudin,Evander_Holyfield,Lloyd_Ward,Kenneth_Evans,Peter_Struck,Isaiah_Washington,Mike_Tyson,Paul_Pierce,Richard_Norton-Taylor,George_Ryan,S_Jayakumar,Ibrahim_Jaafari,James_Schultz,Dale_Earnhardt_Jr,Betsy_Smith,Chris_Byrd,Duane_Lee_Chapman,Richard_Branson
probe/Eric_Clapton/Eric_Clapton_0002.jpg,Eric_Clapton,1,1.0,0.7651644349098206,0.7651644349098206,Eric_Clapton,David_Leahy,Vaclav_Havel,James_Kelly,Bud_Selig,Jean-David_Levitte,Alvaro_Uribe,Gray_Davis,Alan_Ball,Sandra_Bullock,Gerry_Adams,Kent_Rominger,Fidel_Castro,Steve_Waugh,Steve_Spurrier,Scott_McNealy,Roman_Polanski,Paul_McCartney,Joseph_Estrada,Sean_Patrick_OMalley,George_Robertson,David_Trimble,Prince_Willem-Alexander,Yasser_Arafat,John_Blaney,Jonathan_Mostow,Pedro_Malan,Nestor_Kirchner,Richard_Branson,John_Manley,Robert_De_Niro,Bill_Gates,Nancy_Pelosi,Larry_Ellison,Alejandro_Avila,Ronald_Reagan,Peter_Harrison,Thomas_OBrien,Jean-Claude_Juncker,Jeffrey_Jones,Martha_Burk,Nicanor_Duarte_Frutos,Al_Davis,Fred_Funk,Joerg_Haider,Dennis_Kucinich,Lindsey_Graham,Jimmy_Carter,Christopher_Walken,Arlen_Specter
probe/Eric_Hinske/Eric_Hinske_0002.jpg,Eric_Hinske,100,0.01,0.5413421392440796,0.22156861424446106,Flor_Montulo,Nora_Bendijo,Megawati_Sukarnoputri,Candie_Kung,Hamzah_Haz,Sophia_Loren,Sachiko_Yamada,Michael_Chang,Kim_Ryong-sung,Laura_Hernandez,Guillermo_Coria,Johnny_Depp,Jennifer_Lopez,Hun_Sen,Yoko_Ono,Dalai_Lama,Chung_Mong-joon,Tomoko_Hagiwara,Anna_Kournikova,Kim_Jong-Il,Jesse_James_Leija,Hideki_Matsui,Jia_Qinglin,Olesya_Bonabarenko,Janica_Kostelic,Dolma_Tsering,Jorge_Arce,Liu_Mingkang,Chung_Mong-hun,Begum_Khaleda_Zia,Heizo_Takenaka,Lee_Hoi-chang,Edward_Lu,Anwar_Ibrahim,Lee_Jun,Prince_Naruhito,Annette_Lu,Hu_Jintao,Daisy_Fuentes,Li_Peng,Patti_Labelle,Kim_Dae-jung,Julio_Iglesias_Jr,Ken_Watanabe,Greg_Owen,Yukiko_Okudo,Vincent_Brooks,Hermann_Maier,Lisa_Ling,Heidi_Fleiss
probe/Eric_Rosser/Eric_Rosser_0002.jpg,Eric_Rosser,1,1.0,0.817358672618866,0.817358672618866,Eric_Rosser,Cruz_Bustamante,Ibrahim_Jaafari,Paul_Byrd,John_Snow,Fidel_Castro,Scott_McClellan,Luciano_Pavarotti,Mohammad_Khatami,Vicente_Fernandez,Jim_Edmonds,Stephen_Friedman,John_McEnroe,Natalie_Maines,Garry_Trudeau,Robert_Bonner,Padraig_Harrington,Pete_Sampras,Abdullah_Gul,Leon_LaPorte,Kemal_Dervis,Anders_Fogh_Rasmussen,John_Malkovich,Julianne_Moore,Jason_Kidd,Edward_Norton,Jose_Serra,Anna_Nicole_Smith,Christine_Ebersole,Gunter_Pleuger,Barry_Alvarez,Joe_Torre,Pedro_Solbes,Saddam_Hussein,Jonathan_Mostow,Gerry_Adams,John_Cusack,Sam_Torrance,Evander_Holyfield,Juergen_Peters,Dick_Clark,Steve_Park,Bob_Hope,Nia_Vardalos,Robert_Kocharian,Stockard_Channing,Pascal_Quignard,Miroljub,Pete_Rose,Hipolito_Mejia
probe/Erika_Christensen/Erika_Christensen_0002.jpg,Erika_Christensen,1,1.0,0.7796178460121155,0.7796178460121155,Erika_Christensen,Natalie_Coughlin,Anna_Kournikova,Mary_Carey,Hillary_Clinton,Goldie_Hawn,Jennifer_Lopez,Monica_Bellucci,Eva_Dimas,Lindsay_Davenport,Ann_Veneman,Mariah_Carey,Juan_Pablo_Montoya,Carmen_Electra,Desiree_Lemosi,Robert_Mueller,Mary-Kate_Olsen,Cameron_Diaz,Sheila_Copps,Paul-Henri_Mathieu,Mary_Landrieu,Melanie_Griffith,Barbara_Walters,Paula_Zahn,Ahmet_Necdet_Sezer,Kevin_Stallings,Nora_Bendijo,Cyndi_Thompson,Alexandra_Stevenson,Heizo_Takenaka,Christina_Aguilera,Greg_Owen,Megawati_Sukarnoputri,Patty_Schnyder,Boris_Berezovsky,Jennifer_Reilly,Sally_Kirkland,Amelia_Vega,Jennifer_Aniston,Michel_Temer,Elsa_Zylberstein,Garry_Kasparov,Intisar_Ajouri,Alexandra_Vodjanikova,Gian_Marco,Beth_Jones,Federico_Trillo,James_Blake,Nicolas_Lapentti,Abdullah_Gul
probe/Ernesto_Zedillo/Ernesto_Zedillo_0002.jpg,Ernesto_Zedillo,1,1.0,0.769243597984314,0.769243597984314,Ernesto_Zedillo,Carlos_Quintanilla_Schmidt,Frank_Dunham_Jr,Martin_Scorsese,Tom_Craddick,John_Abizaid,Fayssal_Mekdad,Matt_Doherty,John_Allen_Muhammad,Carlos_Ghosn,Gabriel_Valdes,Pamela_Anderson,Alexander_Losyukov,Spencer_Abraham,William_Bratton,Chung_Mong-hun,Lino_Oviedo,Jonathan_Edwards,Alvaro_Uribe,Nestor_Kirchner,Jose_Mourinho,Xanana_Gusmao,Ismail_Merchant,Edward_Said,Lee_Hoi-chang,David_Myers,Bill_Simon,Tom_Daschle,Abel_Pacheco,Dan_Wheldon,John_McCormack,Robert_Kocharian,Robert_De_Niro,John_Rosa,Jean-Claude_Juncker,Pete_Sampras,Mario_Kreutzberger,Vaclav_Havel,James_McGreevey,Anders_Fogh_Rasmussen,Gil_de_Ferran,Gary_Williams,Silvio_Berlusconi,Allison_Janney,Jorge_Castaneda,Oscar_De_La_Hoya,Li_Peng,Jean-David_Levitte,Thomas_Birmingham,George_Tenet
probe/Ernie_Eves/Ernie_Eves_0002.jpg,Ernie_Eves,1,1.0,0.8362454175949097,0.8362454175949097,Ernie_Eves,Mel_Brooks,Roy_Williams,Jay_Garner,James_Kelly,Thomas_OBrien,George_Pataki,Johnny_Carson,Gregg_Popovich,Alan_Mulally,Boris_Yeltsin,Silvio_Berlusconi,Asa_Hutchinson,Al_Davis,Ozzy_Osbourne,John_Timoney,Manfred_Stolpe,Chuck_Yeager,David_Kelley,Valdas_Adamkus,Leszek_Miller,Dennis_Powell,Warren_Buffett,Anna_Kournikova,Howard_Schultz,Igor_Ivanov,Larry_Lindsey,Howard_Dean,Joseph_Biden,Robin_McLaurin_Williams,Daisy_Fuentes,Jimmy_Carter,George_Robertson,Don_Nickles,Nick_Nolte,Larry_Bowa,Alvaro_Noboa,Doug_Collins,Bill_Graham,Roy_Moore,Hootie_Johnson,Arlen_Specter,Stacy_Dragila,Lino_Oviedo,Camilla_Parker_Bowles,Yao_Ming,Pat_Cox,Harry_Kalas,Bill_Belichick,Arnold_Palmer
probe/Ernie_Fletcher/Ernie_Fletcher_0002.jpg,Ernie_Fletcher,1,1.0,0.8182795643806458,0.8182795643806458,Ernie_Fletcher,Jean-David_Levitte,Trent_Lott,William_Martin,Jonathan_Mostow,Aleksander_Kwasniewski,Brian_Wells,Masum_Turker,Robert_DeFraites,Mario_Dumont,Charles_Kartman,James_Kopp,Anthony_Fauci,Mack_Brown,Hun_Sen,Alvaro_Uribe,Ben_Glisan,Zoran_Djindjic,David_Heymann,Bill_Simon,Gary_Williams,Joe_Gatti,Guillermo_Coria,Tim_Floyd,Alec_Baldwin,John_McCormack,Ronald_Reagan,Geoff_Hoon,Herb_Sendek,Guido_Westerwelle,Abdullatif_Sener,Roy_Williams,Li_Peng,Nicanor_Duarte_Frutos,Bill_Nelson,Alex_Penelas,Carolyn_Dawn_Johnson,James_Kelly,Tom_Daschle,Tom_Crean,Albrecht_Mentz,Lawrence_MacAulay,Gary_Locke,Matthew_Perry,Harry_Schmidt,Tom_Craddick,Dalai_Lama,Jose_Dirceu,Paul_Bremer,Marcus_Gronholm
probe/Eunice_Barber/Eunice_Barber_0002.jpg,Eunice_Barber,1,1.0,0.7954180836677551,0.7954180836677551,Eunice_Barber,Chanda_Rubin,Kelli_White,Tamara_Brooks,Venus_Williams,Jada_Pinkett_Smith,Serena_Williams,Marlene_Weingartner,Jennifer_Thompson,David_Trimble,Denise_Johnson,Nadia_Petrova,Amanda_Beard,Ashanti,Laila_Ali,Paul_McCartney,Tyra_Banks,Sourav_Ganguly,David_Nalbandian,Arianna_Huffington,Hayley_Tullett,Guillaume_Soro,Mikulas_Dzurinda,Patti_Labelle,Carolyn_Dawn_Johnson,Alex_Barros,Dennis_Kozlowski,Yevgeny_Kafelnikov,Gunter_Pleuger,Stellan_Skarsgard,Brad_Johnson,Mark_Geragos,Damon_van_Dam,Iva_Majoli,Eve_Pelletier,Sean_Penn,Jesse_Jackson,George_Pataki,George_Robertson,Lindsay_Davenport,Claire_Hentzen,Todd_Haynes,Larry_Coker,Paula_Radcliffe,Luiz_Felipe_Scolari,Leander_Paes,Abel_Pacheco,Michael_Douglas,Guillermo_Ortiz,Bill_Sizemore
probe/Eva_Dimas/Eva_Dimas_0002.jpg,Eva_Dimas,1,1.0,0.750732421875,0.750732421875,Eva_Dimas,Lindsay_Davenport,Herta_Daeubler-Gmelin,Ozzy_Osbourne,Gro_Harlem_Brundtland,Jolanta_Kwasniewski,Paul_McCartney,Ann_Veneman,Shannon_OBrien,Raghad_Saddam_Hussein,Doris_Roberts,Meghann_Shaughnessy,Carmen_Electra,Karin_Stoiber,Diane_Green,Nicanor_Duarte_Frutos,Mikhail_Youzhny,Elinor_Caplan,LeAnn_Rimes,Sheila_Copps,Magui_Serna,Venus_Williams,Charlotte_Rampling,Natalie_Coughlin,Hitomi_Soga,Tammy_Lynn_Michaels,Judi_Dench,George_Karl,Sharon_Frey,Laila_Ali,Jean-Sebastien_Giguere,Ellen_Engleman,Gerard_Depardieu,Martina_Hingis,Kalpana_Chawla,Charles_Schumer,John_Howard,Chanda_Rubin,Guillermo_Coria,Meryl_Streep,Blythe_Hartley,Gustavo_Kuerten,Megawati_Sukarnoputri,Nadia_Petrova,Heizo_Takenaka,Pete_Sampras,Conchita_Martinez,Marlene_Weingartner,Kate_Capshaw,Christine_Gregoire
probe/Evan_Rachel_Wood/Evan_Rachel_Wood_0002.jpg,Evan_Rachel_Wood,1,1.0,0.7299879789352417,0.7299879789352417,Evan_Rachel_Wood,Elizabeth_Smart,Marina_Anissina,Gwendal_Peizerat,Alicia_Silverstone,Amber_Tamblyn,Reese_Witherspoon,Bijan_Namdar_Zangeneh,Blythe_Danner,Larry_Lindsey,Natalie_Maines,Mary-Kate_Olsen,Cameron_Diaz,Flavia_Delaroli,Patty_Schnyder,Mary_Landrieu,Melanie_Griffith,Pat_Cox,Daryl_Hannah,Kristanna_Loken,Maria_Luisa_Mendonca,Silvio_Berlusconi,Hipolito_Mejia,Penelope_Ann_Miller,Emmit_Smith,Kate_Capshaw,Jane_Pauley,Julianne_Moore,Joe_Torre,Jennifer_Thompson,Cristina_Saralegui,Martina_McBride,Michelle_Pfeiffer,Scott_McClellan,Arianna_Huffington,Manfred_Stolpe,James_Gandolfini,Jennifer_Aniston,Peter_Arnett,James_Traficant,Ann_Veneman,Roy_Moore,Claire_Danes,Kevin_Spacey,Eduardo_Duhalde,Jennifer_Reilly,Bashar_Assad,Carolyn_Dawn_Johnson,Georgi_Parvanov,Anthony_Hopkins
probe/Evander_Holyfield/Evander_Holyfield_0002.jpg,Evander_Holyfield,1,1.0,0.8044428825378418,0.8044428825378418,Evander_Holyfield,Mike_Tyson,Jesse_James_Leija,OJ_Simpson,George_Foreman,John_Stallworth,Mohammad_Khatami,LeBron_James,Harry_Schmidt,Adrian_McPherson,Chris_Byrd,Joe_Dumars,Paul_Pierce,Saeb_Erekat,Jason_Kidd,John_Allen_Muhammad,Vince_Carter,James_Butts,Thabo_Mbeki,Donatella_Versace,Morgan_Freeman,Serena_Williams,Len_Jenoff,Grady_Irvin_Jr,Nia_Vardalos,Venus_Williams,Emmit_Smith,Dino_de_Laurentis,Omar_Sharif,Costas_Simitis,Cruz_Bustamante,Leslie_Ann_Woodward,Ishaq_Shahryar,Vicente_Fernandez,Fidel_Castro,Leonard_Hamilton,Bill_Nelson,Larry_Johnson,Olesya_Bonabarenko,Kurt_Russell,Nelson_Mandela,Justin_Gatlin,Latrell_Sprewell,Mitchell_Daniels,Ismail_Merchant,Hassan_Nasrallah,Miroljub,Princess_Aiko,Robert_Kocharian,Raquel_Welch
probe/Eve_Pelletier/Eve_Pelletier_0002.jpg,Eve_Pelletier,1,1.0,0.809316873550415,0.809316873550415,Eve_Pelletier,Meghann_Shaughnessy,Iva_Majoli,Anna_Kournikova,Venus_Williams,Monica_Seles,Nadia_Petrova,Lisa_Raymond,Lindsay_Davenport,Stacy_Dragila,Martha_Bowen,Martina_Hingis,Charles_Schumer,Amanda_Coetzer,Diana_Taurasi,Claire_Hentzen,Carolina_Moraes,Michael_Chang,Damon_van_Dam,Paula_Radcliffe,Marlene_Weingartner,Mitchell_Daniels,Fabiola_Zuluaga,Jennifer_Rodriguez,Sachiko_Yamada,Hayley_Tullett,David_Nalbandian,Hitomi_Soga,Sheila_Wellstone,Natalie_Coughlin,Jennifer_Aniston,Serena_Williams,Daniela_Hantuchova,Leander_Paes,Laura_Hernandez,Mike_Weir,Eunice_Barber,Jennifer_Thompson,Lina_Krasnoroutskaya,Jada_Pinkett_Smith,Justin_Leonard,Bill_Frist,Oscar_De_La_Hoya,Arnold_Palmer,Howard_Schultz,Larry_Ellison,Tom_Glavine,Padraig_Harrington,Lisa_Ling,Jim_Furyk
probe/Fabiola_Zuluaga/Fabiola_Zuluaga_0002.jpg,Fabiola_Zuluaga,1,1.0,0.8481730222702026,0.8481730222702026,Fabiola_Zuluaga,Monica_Seles,Conchita_Martinez,Julie_Gerberding,Lindsay_Davenport,Venus_Williams,Stacy_Dragila,Hanan_Ashrawi,Aung_San_Suu_Kyi,Nadia_Petrova,Yukiko_Okudo,Patty_Schnyder,Tomoko_Hagiwara,Costas_Simitis,Arsinee_Khanjian,Herta_Daeubler-Gmelin,Lon_Kruger,Emily_Robison,David_Heymann,Sharon_Frey,Eve_Pelletier,Gloria_Allred,Gregg_Popovich,Kelli_White,Donna_Shalala,John_Allen_Muhammad,Bruce_Weber,Jason_Alexander,Martina_Hingis,Gil_de_Ferran,Justine_Henin,Meghann_Shaughnessy,John_Abizaid,Mike_Weir,Marlene_Weingartner,Hans_Eichel,Silvia_Farina_Elia,Arantxa_Sanchez-Vicario,Bo_Ryan,Mack_Brown,Leslie_Ann_Woodward,Laila_Ali,Harry_Belafonte,Kalpana_Chawla,Serena_Williams,Janet_Thorpe,Goran_Persson,Blythe_Hartley,Christine_Gregoire,Kathleen_Kennedy_Townsend
probe/Fayssal_Mekdad/Fayssal_Mekdad_0002.jpg,Fayssal_Mekdad,1,1.0,0.8840537071228027,0.8840537071228027,Fayssal_Mekdad,Nasser_al-Kidwa,Alvaro_Uribe,John_McCormack,Mohammad_Khatami,Igor_Ivanov,Steven_Spielberg,David_Myers,Carlos_Quintanilla_Schmidt,Carlos_Mesa,John_Negroponte,Bobby_Goldwater,Carlos_Bianchi,Robert_Kocharian,Costas_Simitis,Lino_Oviedo,Xanana_Gusmao,Masum_Turker,Alejandro_Toledo,Nabil_Shaath,Osama_bin_Laden,Darrell_Issa,Hassan_Wirajuda,Boris_Berezovsky,Robin_McLaurin_Williams,John_Howard,Fidel_Castro,Chuck_Amato,Hector_Babenco,Silvan_Shalom,Jorge_Castaneda,Jonathan_Mostow,Ricardo_Maduro,Anthony_Fauci,Gregory_Geoffroy,Cruz_Bustamante,Len_Jenoff,William_Bratton,Anibal_Ibarra,John_Rowland,Gregory_Hines,Sarah_Jessica_Parker,Juan_Pablo_Montoya,Kevin_Spacey,Chen_Liang_Yu,Brigitte_Boisselier,Vladimir_Putin,Alejandro_Atchugarry,Mitchell_Daniels,Jean-Marc_de_La_Sabliere
probe/Federico_Trillo/Federico_Trillo_0002.jpg,Federico_Trillo,1,1.0,0.7036464214324951,0.7036464214324951,Federico_Trillo,Silvio_Berlusconi,Larry_Lucchino,Gil_de_Ferran,Roy_Moore,George_Lopez,Georgi_Parvanov,Andrew_Cuomo,Leslie_Moonves,Trent_Lott,Bill_Simon,John_Jumper,Bill_Frist,Jim_Carrey,Thomas_Birmingham,Mack_Brown,Pat_Cox,Sandra_Bullock,George_Pataki,Hashim_Thaci,Bill_Callahan,James_Kelly,Antonio_Banderas,Leander_Paes,John_Kerry,Munir_Akram,Branko_Crvenkovski,Edward_Said,Jackie_Chan,Ernesto_Zedillo,Mike_Babcock,Ann_Veneman,Harvey_Weinstein,Mark_Heller,Hipolito_Mejia,Franco_Dragone,Dai_Bachtiar,Pete_Rose,Paul_Bremer,Gary_Winnick,Gabriel_Valdes,Marcelo_Salas,Mario_Kreutzberger,Angelo_Reyes,Paul_Patton,Spencer_Abraham,Brian_Wells,Celine_Dion,Jennifer_Lopez,Marisa_Tomei
probe/Felix_Mantilla/Felix_Mantilla_0002.jpg,Felix_Mantilla,1,1.0,0.523783266544342,0.523783266544342,Felix_Mantilla,Augustin_Calleri,Jean-Sebastien_Giguere,Ian_Thorpe,Greg_Ostertag,Jeffrey_Scott_Postell,Jamie_Villafane,Gerry_Adams,Chanda_Rubin,Mikhail_Youzhny,Michael_Douglas,Jane_Kaczmarek,Isaiah_Washington,Ellen_Engleman,Carmen_Electra,Scott_Rudin,Rita_Moreno,Paul_McCartney,Diane_Green,Robby_Ginepri,Dorthy_Moxley,Ali_Khamenei,Charles_Schumer,Abel_Pacheco,Leander_Paes,Justin_Leonard,Oscar_De_La_Hoya,James_Blake,Nancy_Pelosi,Steven_Spielberg,Jim_Carrey,Nastassia_Kinski,Sheila_Wellstone,Greg_Rusedski,Bob_Geldof,Luis_Horna,Kirk_Johnson,Ilan_Ramon,Mike_Weir,Jonathan_Edwards,Sean_Patrick_OMalley,Venus_Williams,Phil_Vassar,Nanni_Moretti,Paul_William_Hurley,David_Nalbandian,Matthew_Perry,Mohammad_Khatami,Hans_Eichel,Elinor_Caplan
probe/Ferenc_Madl/Ferenc_Madl_0002.jpg,Ferenc_Madl,1,1.0,0.780691385269165,0.780691385269165,Ferenc_Madl,Trent_Lott,Dick_Cheney,Francis_George,Christopher_Patten,Frank_Cassell,Valery_Giscard_dEstaing,Larry_Brown,James_Ivory,Chok_Tong_Goh,Patrick_Leahy,Jorge_Batlle,John_Rigas,Paul_ONeill,George_Pataki,Pedro_Malan,Jimmy_Carter,Ralph_Lauren,David_Trimble,Augusto_Pinochet,Joseph_Biden,Alvaro_Noboa,Richard_Gephardt,Johnny_Carson,Charles_Mathews,Frank_Lautenberg,Charlton_Heston,Gray_Davis,Bernard_Landry,Benjamin_Netanyahu,Kim_Jong-Il,Silvio_Berlusconi,Max_Mayfield,Peter_Struck,John_Negroponte,Dennis_Kozlowski,Lord_Hutton,Robert_Duvall,Thomas_OBrien,Costas_Simitis,Bob_Beauprez,John_Snow,Franz_Beckenbauer,Arnold_Palmer,Julie_Gerberding,Richie_Adubato,Mel_Brooks,John_Howard,Henrique_Meirelles,Michael_Chiklis
probe/Fidel_Castro/Fidel_Castro_0002.jpg,Fidel_Castro,1,1.0,0.8131780624389648,0.8131780624389648,Fidel_Castro,Yasser_Arafat,Xanana_Gusmao,Mohammad_Khatami,Adolfo_Rodriguez_Saa,Luis_Gonzalez_Macchi,Hector_Babenco,Igor_Ivanov,Robert_De_Niro,Lino_Oviedo,Vicente_Fernandez,Edward_James_Olmos,Steven_Spielberg,Omar_Sharif,Alvaro_Uribe,Asa_Hutchinson,Ibrahim_Jaafari,Matt_Doherty,Luciano_Pavarotti,Fayssal_Mekdad,Jose_Serra,Juergen_Peters,John_Banko,Pedro_Solbes,Stephen_Friedman,Mark_Geragos,Len_Jenoff,William_Bratton,Ismail_Merchant,Vladimir_Putin,Nestor_Kirchner,Valery_Giscard_dEstaing,Marc_Grossman,Vaclav_Havel,Jorge_Batlle,Gunter_Pleuger,Sam_Torrance,John_Allen_Muhammad,Mary_Carey,Richard_Branson,John_Spencer,Mikulas_Dzurinda,Abdullah_Gul,Leon_LaPorte,Elsa_Zylberstein,Alejandro_Atchugarry,David_Wolf,Cruz_Bustamante,Michel_Temer,Carl_Reiner
probe/Flavia_Delaroli/Flavia_Delaroli_0002.jpg,Flavia_Delaroli,1,1.0,0.617638885974884,0.617638885974884,Flavia_Delaroli,Diana_Taurasi,Anna_Kournikova,Hayley_Tullett,Intisar_Ajouri,Meghann_Shaughnessy,Natalie_Coughlin,Cathy_Freeman,Nadia_Petrova,Kelli_White,Silvia_Farina_Elia,Martina_Hingis,Blythe_Hartley,Eve_Pelletier,Eunice_Barber,Nora_Bendijo,Fabiola_Zuluaga,Claire_Hentzen,Lindsay_Davenport,Jeffrey_Scott_Postell,Marlene_Weingartner,Daniela_Hantuchova,Alexandra_Stevenson,Greg_Rusedski,Hannah_Stockbauer,Mary_Landrieu,Gian_Marco,Tomoko_Hagiwara,Ruben_Studdard,Bo_Ryan,Jeffrey_Immelt,Mary_Carey,Denise_Johnson,Abdullah_al-Attiyah,Coretta_Scott_King,Paula_Radcliffe,Nancy_Pelosi,Thomas_Rupprath,Gregg_Popovich,Herb_Sendek,John_Jumper,Amanda_Beard,Martha_Beatriz_Roque,Patty_Schnyder,James_Morris,Mariah_Carey,David_Nalbandian,Dai_Bachtiar,Stacy_Dragila,Chanda_Rubin
probe/Flor_Montulo/Flor_Montulo_0002.jpg,Flor_Montulo,3,0.3333333333333333,0.6107214093208313,0.5800713300704956,Begum_Khaleda_Zia,Nora_Bendijo,Flor_Montulo,Hamzah_Haz,Cathy_Freeman,Alexandra_Stevenson,Michael_Chang,Hun_Sen,Denise_Johnson,Coretta_Scott_King,Megawati_Sukarnoputri,Hitomi_Soga,Julie_Gerberding,Angelo_Reyes,GL_Peiris,Ashanti,Xanana_Gusmao,Sam_Bith,Karen_Mok,Intisar_Ajouri,Eve_Pelletier,Natalie_Coughlin,Shaukat_Aziz,Aung_San_Suu_Kyi,Leander_Paes,Adolfo_Rodriguez_Saa,Chok_Tong_Goh,Nelson_Mandela,Dwayne_Johnson,Annette_Bening,Dai_Bachtiar,Li_Peng,Joseph_Estrada,Martha_Burk,Vincent_Brooks,Mike_Weir,Gloria_Macapagal_Arroyo,Sachiko_Yamada,Christine_Gregoire,Jimmy_Carter,Richard_Sambrook,Lindsey_Graham,Annette_Lu,Pedro_Malan,William_Ford_Jr,Anwar_Ibrahim,Martha_Beatriz_Roque,Julianne_Moore,Dalai_Lama,Chanda_Rubin
probe/Fran_Drescher/Fran_Drescher_0002.jpg,Fran_Drescher,1,1.0,0.6326931715011597,0.6326931715011597,Fran_Drescher,Kathryn_Bigelow,Kristin_Davis,Richard_Sambrook,Mariah_Carey,Sandra_Bullock,George_Pataki,Jonathan_Mostow,James_Schultz,Anna_Nicole_Smith,Jay_Garner,William_Ford_Jr,Lindsay_Benko,Alan_Ball,Alan_Mulally,Silvia_Farina_Elia,Annette_Bening,Chris_Rock,Lindsay_Davenport,Silvio_Berlusconi,Peter_Struck,Amber_Tamblyn,Gerry_Parsky,Marat_Safin,Chris_Cooper,Frank_Solich,Oscar_De_La_Hoya,Elizabeth_Shue,John_Snow,Joseph_Estrada,Jose_Manuel_Durao_Barroso,Mariangel_Ruiz_Torrealba,David_Myers,Tom_Crean,Harvey_Weinstein,Pedro_Malan,Arnold_Palmer,Rich_Gannon,Antonio_Banderas,Ernie_Eves,David_Dodge,George_Voinovich,Fidel_Castro,Stacy_Dragila,Gunter_Pleuger,Martha_Burk,Ron_Dittemore,Hanan_Ashrawi,Vaclav_Havel,Bernard_Landry
probe/Frances_Fisher/Frances_Fisher_0002.jpg,Frances_Fisher,1,1.0,0.8111653327941895,0.8111653327941895,Frances_Fisher,Geraldine_Chaplin,Julianne_Moore,Allison_Janney,Jodie_Foster,Carol_Burnett,Jane_Kaczmarek,Nastassia_Kinski,Maggie_Smith,LeAnn_Rimes,Liza_Minnelli,Anders_Fogh_Rasmussen,Elizabeth_Taylor,Pascal_Quignard,Sophia_Loren,Rita_Moreno,Maria_Luisa_Mendonca,Meryl_Streep,Patrick_Ewing,Goldie_Hawn,Rita_Wilson,Kate_Capshaw,Queen_Beatrix,Marina_Anissina,Christine_Ebersole,Courtney_Love,Kristanna_Loken,Kathryn_Bigelow,Carlos_Ghosn,Jean-Sebastien_Giguere,Vincent_Brooks,Tamara_Brooks,Natalie_Maines,Penelope_Ann_Miller,Tom_Crean,Gwendal_Peizerat,Stockard_Channing,Kifah_Ajouri,Barbra_Streisand,Jacqueline_Obradors,Lili_Taylor,Gloria_Allred,Gerry_Adams,Cruz_Bustamante,Felix_Mantilla,Raquel_Welch,Phil_Vassar,Tammy_Lynn_Michaels,Betsy_Smith,Pete_Sampras
probe/Francis_Ford_Coppola/Francis_Ford_Coppola_0002.jpg,Francis_Ford_Coppola,1,1.0,0.7821899652481079,0.7821899652481079,Francis_Ford_Coppola,Inam-ul-Haq,Xanana_Gusmao,Mohammad_Khatami,Gerry_Adams,Ali_Khamenei,Li_Peng,Albrecht_Mentz,Dalai_Lama,Alexander_Losyukov,Annette_Bening,Fidel_Castro,Paul_William_Hurley,Carlos_Mesa,Chok_Tong_Goh,Arye_Mekel,Robin_Cook,Gao_Qiang,Thabo_Mbeki,Pupi_Avati,Robert_De_Niro,Sean_Patrick_OMalley,Carlos_Ghosn,Ernesto_Zedillo,Hipolito_Mejia,Juan_Manuel_Marquez,Steven_Spielberg,Pamela_Anderson,Omar_Sharif,Amram_Mitzna,Mohamed_Benaissa,Miroljub,Alvaro_Uribe,Carol_Burnett,Jorge_Batlle,Sophia_Loren,Ismail_Merchant,Brian_Wells,Kieran_Prendergast,Colin_Powell,Paul_Patton,Jennifer_Reilly,Kathryn_Bigelow,Elizabeth_Taylor,Cruz_Bustamante,Yoko_Ono,Martha_Burk,John_Abizaid,Pedro_Malan,Megawati_Sukarnoputri
probe/Francis_George/Francis_George_0002.jpg,Francis_George,1,1.0,0.8148339986801147,0.8148339986801147,Francis_George,Larry_Brown,Hipolito_Mejia,Jorge_Batlle,Jose_Serra,Paul_ONeill,John_Negroponte,John_Snow,Art_Howe,Michael_Chiklis,Harry_Belafonte,Max_Mayfield,Dick_Cheney,James_Ivory,Michael_J_Sheehan,Ferenc_Madl,Henrique_Meirelles,Carlos_Bianchi,Peter_Struck,Costas_Simitis,Nabil_Shaath,Trent_Lott,Patrick_Leahy,Mike_Price,Pascal_Quignard,Christopher_Patten,John_Rigas,Barry_Alvarez,Carlos_Ghosn,Guillermo_Ortiz,Kemal_Dervis,Abel_Pacheco,Cruz_Bustamante,Luis_Gonzalez_Macchi,Drew_Barrymore,Valery_Giscard_dEstaing,Bill_Gates,Hans_Eichel,Bijan_Namdar_Zangeneh,Hector_Babenco,James_Smith,Ralph_Lauren,Jose_Viegas_Filho,Bill_Graham,Arye_Mekel,Isaiah_Washington,Bob_Beauprez,Silvan_Shalom,Peter_Arnett,Chok_Tong_Goh
probe/Francis_Mer/Francis_Mer_0002.jpg,Francis_Mer,1,1.0,0.8099377155303955,0.8099377155303955,Francis_Mer,Vladimir_Putin,Robin_McLaurin_Williams,Ricardo_Maduro,Bill_Graham,Fayssal_Mekdad,Eduardo_Duhalde,Lon_Kruger,Jorge_Rodolfo_Canicoba_Corral,Geoff_Hoon,Chuck_Amato,Jean-Claude_Trichet,Michael_Douglas,Nestor_Kirchner,Alvaro_Uribe,Luiz_Felipe_Scolari,Jerry_Falwell,Valdas_Adamkus,Robert_Duvall,Bobby_Robson,Butch_Davis,Bill_Nelson,Charles_Schumer,Nasser_al-Kidwa,Silvio_Berlusconi,Joseph_Blatter,Mike_Holmgren,Harvey_Weinstein,James_Traficant,Jackie_Chan,William_Bratton,Art_Howe,Bridget_Fonda,Bob_Hope,John_Timoney,Gil_de_Ferran,Asa_Hutchinson,Mikhail_Kasyanov,Matthew_Perry,Gary_Carter,John_Banko,Jeffrey_Jones,Vicki_Zhao_Wei,Brad_Johnson,Chakib_Khelil,Thomas_Birmingham,Aleksander_Kwasniewski,John_McCormack,Joseph_Deiss,Ron_Dittemore
probe/Franco_Dragone/Franco_Dragone_0002.jpg,Franco_Dragone,1,1.0,0.6804909706115723,0.6804909706115723,Franco_Dragone,Alejandro_Toledo,Paul_McCartney,Tom_Daschle,John_Allen_Muhammad,Andy_Hebb,Shaukat_Aziz,OJ_Simpson,Hun_Sen,David_Heymann,Bill_Frist,George_Lopez,Hassan_Wirajuda,Cindy_Margolis,Jorge_Castaneda,Dennis_Kucinich,Steve_Waugh,Hashim_Thaci,Andrew_Cuomo,Federico_Trillo,Sam_Bith,John_Rosa,Bill_Gates,Alexander_Rumyantsev,Bob_Hope,Gary_Doer,Noah_Wyle,Tim_Allen,Mikhail_Kasyanov,Todd_Haynes,Jean-Claude_Braquet,Paul_McNulty,Munir_Akram,Jean-David_Levitte,Adolfo_Aguilar_Zinser,Aldo_Paredes,Spencer_Abraham,Lionel_Richie,Nicanor_Duarte_Frutos,Justin_Guarini,Ronald_Reagan,Steve_Spurrier,Ishaq_Shahryar,Juan_Valencia_Osorio,Joseph_Estrada,Olesya_Bonabarenko,Wang_Yingfan,Yasser_Arafat,Tim_Floyd,James_Kelly
probe/Frank_Cassell/Frank_Cassell_0002.jpg,Frank_Cassell,1,1.0,0.8387105464935303,0.8387105464935303,Frank_Cassell,Vladimir_Putin,Robert_Duvall,John_Negroponte,Ferenc_Madl,Larry_Coker,William_Bratton,Pascal_Lamy,Mitchell_Daniels,Dick_Cheney,Gunter_Pleuger,Benjamin_Netanyahu,Chuck_Amato,Marie-Reine_Le_Gougne,Marc_Grossman,Lord_Hutton,Charles_Schumer,Christopher_Patten,Butch_Davis,Trent_Lott,Franko_Simatovic,Arlen_Specter,Jeffrey_Jones,Michael_Douglas,Kemal_Dervis,Yasser_Arafat,Mark_Geragos,Stephen_Friedman,David_Dodge,Abel_Pacheco,Igor_Ivanov,Luiz_Felipe_Scolari,James_Ivory,Yasar_Yakis,Nestor_Kirchner,John_Howard,James_Cunningham,Emile_Lahoud,Costas_Simitis,Lisa_Gottsegen,Phil_Mickelson,Art_Howe,David_Myers,Fred_Funk,Gregg_Popovich,Lynn_Abraham,Fidel_Castro,Francis_Mer,Dick_Latessa,Peter_Greenaway
probe/Frank_Dunham_Jr/Frank_Dunham_Jr_0002.jpg,Frank_Dunham_Jr,373,0.002680965147453083,0.6008552312850952,0.11586752533912659,Pedro_Malan,Bill_Gates,Eric_Clapton,Bobby_Goldwater,William_Ford_Jr,Alvaro_Uribe,Thomas_OBrien,Carlos_Quintanilla_Schmidt,Nicanor_Duarte_Frutos,Mikhail_Kasyanov,John_Rowland,Ilan_Ramon,John_McCormack,David_Trimble,George_Robertson,Jean-Claude_Juncker,Fred_Eckhard,Masum_Turker,John_Negroponte,Christian_Wulff,Roman_Polanski,Butch_Davis,Alan_Ball,David_Myers,Arye_Mekel,Steven_Spielberg,Charles_Kartman,Lawrence_MacAulay,Richard_Sambrook,Wang_Yingfan,Bill_Frist,Julie_Gerberding,Ferenc_Madl,Lindsey_Graham,Hans_Eichel,Richie_Adubato,Kim_Jong-Il,Hillary_Clinton,Brian_Cowen,Mohamed_Benaissa,Gray_Davis,Peter_Harrison,John_Blaney,Christopher_Walken,Christine_Gregoire,Pedro_Solbes,Thomas_Fargo,Bernard_Landry,Nabil_Shaath,Greg_Ostertag
probe/Frank_Griswold/Frank_Griswold_0002.jpg,Frank_Griswold,1,1.0,0.8365212678909302,0.8365212678909302,Frank_Griswold,Trent_Lott,Paul_Bremer,Jean-David_Levitte,John_Taylor,John_McCallum,Charlton_Heston,Lawrence_MacAulay,Anthony_Hopkins,Ernie_Fletcher,Masum_Turker,John_Snow,Bill_Frist,Marcus_Gronholm,Harry_Kalas,Lon_Kruger,Dick_Vermeil,Bob_Hope,Tom_Daschle,Jeffrey_Immelt,George_Voinovich,Alastair_Campbell,Nicanor_Duarte_Frutos,Hans_Eichel,Jan_Ullrich,Bud_Selig,James_Kopp,Omar_Sharif,Jack_Straw,George_Brumley,Jean-Claude_Trichet,Bill_Gates,James_Kelly,Dennis_Erickson,Dick_Clark,Debra_Brown,David_Trimble,Reese_Witherspoon,Pete_Rose,Mario_Kreutzberger,Ishaq_Shahryar,Gustavo_Kuerten,Paul_ONeill,Sam_Bith,Lyle_Vanclief,George_Robertson,Bill_Simon,Fred_Eckhard,Anders_Ebbeson,Nancy_Reagan
probe/Frank_Lautenberg/Frank_Lautenberg_0002.jpg,Frank_Lautenberg,1,1.0,0.7875558137893677,0.7875558137893677,Frank_Lautenberg,John_Howard,Dick_Cheney,Costas_Simitis,Trent_Lott,Dick_Latessa,Ferenc_Madl,Kemal_Dervis,James_Ivory,Charlton_Heston,Lord_Hutton,Michael_J_Sheehan,Charles_Mathews,Leszek_Miller,Valery_Giscard_dEstaing,Franz_Beckenbauer,Mohamed_Benaissa,Jorge_Batlle,John_Snow,Hans_Eichel,Benjamin_Netanyahu,Joseph_Biden,John_Negroponte,Bob_Hope,Albrecht_Mentz,John_Taylor,Stephen_Friedman,Jose_Serra,Guillermo_Ortiz,Mike_Price,Henrique_Meirelles,Max_Mayfield,Peter_Struck,Klaus_Zwickel,William_Bratton,Bob_Beauprez,Patrick_Leahy,Paul_ONeill,Carlos_Bianchi,John_Rigas,Gabriel_Valdes,Howard_Dean,Robin_Cook,Anders_Ebbeson,George_Brumley,Paul_Patton,Larry_Brown,Christopher_Patten,Oscar_De_La_Hoya,Frank_Cassell
probe/Frank_Solich/Frank_Solich_0002.jpg,Frank_Solich,1,1.0,0.918569803237915,0.918569803237915,Frank_Solich,Peter_Hillary,Ilan_Ramon,Nick_Nolte,Gregg_Popovich,Herb_Sendek,Bo_Ryan,John_Brady,George_Karl,Pascal_Quignard,Tom_Crean,Bo_Pelini,Johnny_Carson,Prince_Edward,John_Spencer,Thomas_Fargo,Dennis_Powell,John_Jumper,Yevgeny_Kafelnikov,Roy_Moore,William_Ford_Jr,Howard_Dean,Blythe_Hartley,Silvio_Berlusconi,Roman_Polanski,Michael_Chiklis,Lou_Piniella,Martin_Verkerk,Robert_Zoellick,Barry_Alvarez,Klaus_Zwickel,Art_Howe,Mark_Warner,Robert_Bonner,Joseph_Biden,Julie_Gerberding,Gian_Marco,Asa_Hutchinson,Kiki_Vandeweghe,Tim_Floyd,Bill_Simon,Alexander_Losyukov,Richard_Gephardt,Marcus_Gronholm,John_Abizaid,James_Schultz,Hipolito_Mejia,Jim_Edmonds,Jorge_Batlle,Dave_Campo
probe/Frank_Stallone/Frank_Stallone_0002.jpg,Frank_Stallone,1,1.0,0.863859236240387,0.863859236240387,Frank_Stallone,Bashar_Assad,Eduardo_Duhalde,Jorge_Valdano,Paul_McCartney,Chuck_Amato,Carlos_Mesa,Anthony_LaPaglia,Mohammad_Khatami,John_Rosa,Matthew_Perry,Juan_Pablo_Montoya,Greg_Ostertag,Sean_Penn,John_Negroponte,Luiz_Felipe_Scolari,John_Garamendi,Osama_bin_Laden,Garry_Kasparov,Michael_Douglas,Vicente_Fernandez,Mikulas_Dzurinda,Mark_Geragos,Alec_Baldwin,Marco_Antonio_Barrera,Charles_Schumer,Emanuel_Ginobili,Jorge_Castaneda,Begum_Khaleda_Zia,Art_Hoffmann,Laurent_Jalabert,Abel_Pacheco,Xanana_Gusmao,Alejandro_Toledo,Abdullah_Gul,Bill_Callahan,Carlos_Manuel_Pruneda,Alejandro_Avila,Edward_Lu,Peter_Arnett,Vitali_Klitschko,George_Tenet,Phil_Mickelson,William_Bratton,Joe_Torre,Todd_Haynes,David_Wolf,Robert_Duvall,Bobby_Goldwater,Brian_Mulroney
probe/Franko_Simatovic/Franko_Simatovic_0002.jpg,Franko_Simatovic,1,1.0,0.7156788110733032,0.7156788110733032,Franko_Simatovic,Abel_Pacheco,John_Howard,Sandra_Bullock,Steve_Waugh,Franz_Muentefering,John_Blaney,Jorge_Castaneda,Matthew_Perry,Gary_Winnick,Alec_Baldwin,Christopher_Walken,Chen_Liang_Yu,Alberto_Fujimori,Mitoji_Yabunaka,Jose_Viegas_Filho,Ken_Watanabe,Lee_Tae-sik,Eddie_Sutton,Saeb_Erekat,Jay_Rasulo,George_Ryan,John_Garamendi,Gerry_Parsky,Benazir_Bhutto,Thaksin_Shinawatra,Scott_Rudin,Robin_Cook,Lou_Piniella,Chuck_Yeager,Anthony_LaPaglia,Yoko_Ono,Fidel_Castro,Dick_Cheney,Kirk_Ferentz,Patricia_Clarkson,Dick_Vermeil,Gary_Doer,Robert_Zoellick,Jong_Thae_Hwa,Robert_Mugabe,Yasser_Arafat,Chang_Dae-whan,Paul_McCartney,Igor_Ivanov,Jean-David_Levitte,James_Ivory,Francis_Mer,Prince_Naruhito,Robert_Duvall
probe/Franz_Beckenbauer/Franz_Beckenbauer_0002.jpg,Franz_Beckenbauer,1,1.0,0.7503408193588257,0.7503408193588257,Franz_Beckenbauer,Lord_Hutton,Klaus_Zwickel,John_Snow,Valery_Giscard_dEstaing,Donald_Evans,John_Rigas,Joseph_Biden,Trent_Lott,Dennis_Kozlowski,Charlton_Heston,Stephen_Friedman,Costas_Simitis,Jimmy_Carter,Max_Mayfield,Mike_Price,Johnny_Carson,Peter_Struck,Dick_Cheney,Paul_ONeill,Robert_Bonner,Charles_Mathews,Bob_Beauprez,Harry_Kalas,Frank_Lautenberg,Hans_Eichel,Jorge_Batlle,Ralph_Lauren,Francis_George,Prince_Willem-Alexander,Michael_J_Sheehan,James_Morris,Pascal_Lamy,James_Kelly,Manfred_Stolpe,Gray_Davis,Don_Nickles,Larry_Brown,Roy_Williams,Pascal_Quignard,Dick_Latessa,Michael_Chiklis,Patrick_Leahy,Anthony_Hopkins,Leon_LaPorte,Carlos_Bianchi,Larry_Coker,Frank_Cassell,Arnold_Palmer,Silvio_Berlusconi
probe/Franz_Muentefering/Franz_Muentefering_0002.jpg,Franz_Muentefering,1,1.0,0.8156644701957703,0.8156644701957703,Franz_Muentefering,Trent_Lott,Jean-David_Levitte,Jack_Straw,David_Leahy,Alberto_Fujimori,George_Voinovich,Ronald_Reagan,Vaclav_Havel,Bud_Selig,Tom_Craddick,Chuck_Yeager,Frank_Griswold,Wang_Yingfan,Dick_Clark,James_Kelly,Robert_DeFraites,Albrecht_Mentz,Ron_Dittemore,Charles_Grassley,Gary_Locke,Dick_Vermeil,Liu_Mingkang,Nicanor_Duarte_Frutos,Ian_McKellen,Hu_Jintao,Jose_Sarney,Inocencio_Arias,Kim_Dae-jung,Christian_Wulff,Charlton_Heston,Ernie_Fletcher,Lee_Hoi-chang,Yoko_Ono,Tom_Daschle,Franko_Simatovic,Mitoji_Yabunaka,Simon_Cowell,Guido_Westerwelle,James_Kopp,Geno_Auriemma,Biljana_Plavsic,Jose_Dirceu,Lim_Dong-won,Jean-Claude_Braquet,John_Taylor,Bill_Gates,Eric_Clapton,Lyle_Vanclief,Robert_Mugabe
probe/Fred_Eckhard/Fred_Eckhard_0002.jpg,Fred_Eckhard,1,1.0,0.9524893760681152,0.9524893760681152,Fred_Eckhard,David_Trimble,Tom_Daschle,Christian_Wulff,George_Robertson,Marc_Grossman,Bill_Gates,Christopher_Walken,James_Kelly,Julianne_Moore,Jay_Garner,Hootie_Johnson,Todd_Haynes,Ron_Dittemore,Greg_Ostertag,James_Traficant,Larry_Bowa,John_Manley,Sean_Patrick_OMalley,James_Kopp,Kristin_Davis,Jean-Claude_Juncker,Aleksander_Kwasniewski,Charlton_Heston,Tim_Floyd,Jose_Manuel_Durao_Barroso,Harry_Kalas,Angelo_Reyes,Camilla_Parker_Bowles,Trent_Lott,Nicanor_Duarte_Frutos,Guido_Westerwelle,Bernard_Landry,Bobby_Goldwater,Matthew_Perry,Paul_McNulty,John_Timoney,David_Leahy,Bill_Simon,Tom_Craddick,Franko_Simatovic,Robert_DeFraites,Dick_Cheney,Charles_Grassley,Robin_Cook,Jack_Straw,Eric_Clapton,Vaclav_Havel,William_Ford_Jr,Robin_McLaurin_Williams
probe/Fred_Funk/Fred_Funk_0002.jpg,Fred_Funk,1,1.0,0.7479004263877869,0.7479004263877869,Fred_Funk,Phil_Mickelson,Michael_Douglas,Jim_Furyk,Mark_Schweiker,Oswaldo_Paya,Kurt_Busch,Greg_Owen,Joseph_Deiss,John_Negroponte,Paul_McCartney,Ilan_Ramon,Bashar_Assad,Chanda_Rubin,James_Jones,Yevgeny_Kafelnikov,David_Nalbandian,Greg_Gilbert,Robert_Duvall,Bill_Sizemore,Steve_Spurrier,Alastair_Campbell,John_Rosa,Bill_Belichick,Damon_van_Dam,John_Manley,Tim_Floyd,Matthew_Perry,Aleksander_Kwasniewski,John_Garamendi,Brad_Johnson,Larry_Coker,Mike_Babcock,Frank_Cassell,David_Dodge,Martha_Bowen,Ben_Curtis,Justin_Leonard,Arantxa_Sanchez-Vicario,Ricardo_Maduro,Patrice_Chereau,Jean-Claude_Trichet,Lawrence_MacAulay,Andy_Hebb,Jorge_Rodolfo_Canicoba_Corral,David_Heymann,Howard_Dean,Gunter_Pleuger,Frank_Solich,Charles_Schumer
probe/Freddy_Garcia/Freddy_Garcia_0002.jpg,Freddy_Garcia,1,1.0,0.601004958152771,0.601004958152771,Freddy_Garcia,Sourav_Ganguly,Harbhajan_Singh,Dwayne_Johnson,Marco_Antonio_Barrera,Greg_Owen,Conchita_Martinez,Phil_Mickelson,Meghann_Shaughnessy,Carolina_Moraes,Juan_Pablo_Montoya,Anna_Kournikova,Yao_Ming,Kurt_Busch,Jennifer_Rodriguez,Dai_Bachtiar,Mike_Weir,Thomas_Rupprath,Gian_Marco,Michael_Chang,Jorge_Arce,LeBron_James,Nora_Bendijo,Manuel_Poggiali,Iva_Majoli,Nadia_Petrova,David_Coulthard,Osama_bin_Laden,Tomoko_Hagiwara,Eric_Hinske,Megawati_Sukarnoputri,Igor_Ivanov,Candie_Kung,Andrei_Mikhnevich,Alex_Barros,Taufik_Hidayat,Hamzah_Haz,Adam_Scott,Tyler_Hamilton,Lee_Tae-sik,Justin_Leonard,Martina_Hingis,Gerardo_Gambala,Paul-Henri_Mathieu,Luke_Walton,Saeb_Erekat,Guillermo_Coria,Richard_Krajicek,Nicolas_Lapentti,Daniela_Hantuchova
probe/GL_Peiris/GL_Peiris_0002.jpg,GL_Peiris,1,1.0,0.884032666683197,0.884032666683197,GL_Peiris,Colin_Powell,Angelo_Reyes,Miguel_Contreras,Harry_Belafonte,Sam_Bith,Lloyd_Ward,Chok_Tong_Goh,Saeb_Erekat,Jorge_Batlle,Dalai_Lama,Nelson_Mandela,Dai_Bachtiar,Larry_Brown,Sally_Kirkland,Henrique_Meirelles,Alexandra_Stevenson,Paul_ONeill,Jay_Garner,Abdullah_al-Attiyah,Shaukat_Aziz,Jesse_Jackson,Charlie_Zaa,Ali_Abbas,Jose_Viegas_Filho,Jimmy_Carter,Inam-ul-Haq,Larry_Lucchino,Jay_Rasulo,Munir_Akram,Gordon_Campbell,Yasar_Yakis,Igor_Ivanov,John_Howard,Jennifer_Lopez,Anwar_Ibrahim,Pedro_Malan,Benjamin_Netanyahu,Bo_Ryan,Denise_Johnson,Cathy_Freeman,Coretta_Scott_King,Chakib_Khelil,Fidel_Castro,Intisar_Ajouri,Ralph_Lauren,S_Jayakumar,Melanie_Griffith,Dwayne_Johnson,Bernard_Landry
probe/Gabriel_Batistuta/Gabriel_Batistuta_0002.jpg,Gabriel_Batistuta,1,1.0,0.5823656916618347,0.5823656916618347,Gabriel_Batistuta,Branko_Crvenkovski,Brian_Heidik,Jason_Kidd,Gregory_Geoffroy,Hector_Babenco,Edward_Norton,Augustin_Calleri,Cameron_Diaz,Monica_Bellucci,Robert_De_Niro,Anders_Fogh_Rasmussen,Luis_Horna,Miroljub,Jean-Sebastien_Giguere,Elsa_Zylberstein,Meryl_Streep,Amelia_Vega,Carlos_Manuel_Pruneda,Darrell_Porter,Garry_Kasparov,Tom_Cruise,Queen_Beatrix,Gustavo_Kuerten,Daniel_Day-Lewis,Guy_Ritchie,Barbara_Brezigar,Emanuel_Ginobili,William_Bratton,Celine_Dion,Charlton_Heston,Franz_Beckenbauer,Mark_Warner,Claire_Danes,Juergen_Peters,Marwan_Barghouthi,Christian_Fittipaldi,Gian_Marco,Demetrius_Ferraciu,Amanda_Beard,Pedro_Solbes,Mohammad_Khatami,Costas_Simitis,Colin_Jackson,Penelope_Ann_Miller,OJ_Simpson,Sarah_Jessica_Parker,Hermann_Maier,Alvaro_Uribe,Robert_Duvall
probe/Gabriel_Valdes/Gabriel_Valdes_0002.jpg,Gabriel_Valdes,1,1.0,0.7362130880355835,0.7362130880355835,Gabriel_Valdes,Albrecht_Mentz,John_Howard,Carlos_Ghosn,Vaclav_Havel,Silvan_Shalom,Colin_Powell,Chok_Tong_Goh,Ernesto_Zedillo,Li_Peng,Gao_Qiang,Geoff_Hoon,Pedro_Malan,Lee_Hoi-chang,Dave_Campo,Thomas_Birmingham,Brian_Wells,Richard_Gephardt,Howard_Dean,Mohamed_Benaissa,Lim_Dong-won,William_Ford_Jr,Jose_Sarney,Abel_Pacheco,Ilan_Ramon,Bill_Simon,Hu_Jintao,Frank_Dunham_Jr,Spencer_Abraham,Larry_Brown,Carlos_Quintanilla_Schmidt,Tom_Daschle,Ron_Dittemore,Nia_Vardalos,Hilmi_Ozkok,John_Walsh,Roy_Moore,Jose_Dirceu,John_McCormack,Lindsey_Graham,Gregory_Geoffroy,Alexander_Losyukov,Jorge_Batlle,Robert_DeFraites,Lino_Oviedo,Bernard_Landry,Kim_Ryong-sung,Alberto_Ruiz_Gallardon,Hipolito_Mejia,John_Jumper
probe/Gao_Qiang/Gao_Qiang_0002.jpg,Gao_Qiang,1,1.0,0.9277988076210022,0.9277988076210022,Gao_Qiang,Thaksin_Shinawatra,Chen_Liang_Yu,Li_Peng,Chang_Dae-whan,Lim_Dong-won,Hu_Jintao,Kim_Ryong-sung,Yoko_Ono,Kim_Jong-Il,Kim_Jin-sun,Liu_Mingkang,Lee_Hoi-chang,Fidel_Castro,Jia_Qinglin,Gary_Locke,Hichiro_Naemura,Michael_Chang,Chok_Tong_Goh,Wang_Yingfan,Nasser_al-Kidwa,Prince_Naruhito,Annette_Lu,Dalai_Lama,Jackie_Chan,John_Howard,Antony_Leung,Alberto_Fujimori,Heizo_Takenaka,William_Bratton,Abel_Pacheco,Alvaro_Uribe,Chung_Mong-joon,Kim_Dae-jung,Chung_Mong-hun,Mohammad_Khatami,Albrecht_Mentz,Goh_Kun,Gregory_Geoffroy,Ali_Khamenei,Candie_Kung,Megawati_Sukarnoputri,Yao_Ming,Henrique_Meirelles,Lee_Tae-sik,Carlos_Ghosn,Jesse_Jackson,Iban_Mayo,Pedro_Malan,Jong_Thae_Hwa
probe/Garry_Kasparov/Garry_Kasparov_0002.jpg,Garry_Kasparov,1,1.0,0.8674008846282959,0.8674008846282959,Garry_Kasparov,Scott_McClellan,Robert_Kocharian,Pete_Sampras,Nia_Vardalos,Juan_Pablo_Montoya,Cruz_Bustamante,Lindsay_Davenport,Boris_Berezovsky,Kifah_Ajouri,Luciano_Pavarotti,Vicente_Fernandez,Charles_Schumer,Bob_Geldof,Anders_Fogh_Rasmussen,Eduardo_Duhalde,Fidel_Castro,Daniel_Day-Lewis,Jose_Serra,Laurent_Jalabert,Abdullah,Ashanti,Frank_Stallone,Carolyn_Dawn_Johnson,Gil_de_Ferran,Ben_Glisan,Frank_Dunham_Jr,Guillermo_Ortiz,Nicolas_Lapentti,John_Cusack,Ibrahim_Jaafari,John_Rosa,Silvan_Shalom,Ben_Curtis,Michel_Temer,Carson_Daly,Luis_Horna,Mathias_Reichhold,Matt_Doherty,Oscar_De_La_Hoya,Eric_Rosser,Kalpana_Chawla,Abdullah_Gul,Joe_Torre,Paul_ONeill,Howard_Dean,John_Negroponte,Hector_Babenco,John_Abizaid,Steve_Park
probe/Garry_Trudeau/Garry_Trudeau_0002.jpg,Garry_Trudeau,1,1.0,0.7895739078521729,0.7895739078521729,Garry_Trudeau,John_Allen_Muhammad,Anibal_Ibarra,Thomas_Fargo,Matt_Doherty,Robert_Mueller,Howard_Dean,Frank_Dunham_Jr,Steven_Spielberg,Alvaro_Uribe,Dick_Clark,Saddam_Hussein,Stephen_Friedman,John_McCormack,Warren_Beatty,Costas_Simitis,Paul_Bremer,Tim_Allen,James_McGreevey,Mark_Schweiker,Alexander_Losyukov,Sam_Torrance,Antonio_Banderas,Dennis_Powell,Padraig_Harrington,Mark_Warner,Vaclav_Havel,Bruce_Weber,George_P_Bush,Brian_Griese,Cruz_Bustamante,Hilmi_Ozkok,Gary_Carter,Alex_Penelas,Jim_Furyk,Lisa_Raymond,Mario_Kreutzberger,Gian_Marco,Gabriel_Valdes,Robert_Kocharian,Daniel_Day-Lewis,Richard_Shelby,William_Ford_Jr,Thomas_Birmingham,Spencer_Abraham,Jose_Sarney,Mike_Price,John_Spencer,Fayssal_Mekdad,Robert_Bonner
probe/Gary_Bergeron/Gary_Bergeron_0002.jpg,Gary_Bergeron,1,1.0,0.6186577677726746,0.6186577677726746,Gary_Bergeron,Alexander_Losyukov,John_Walsh,Mike_Weir,Abdullatif_Sener,Ernie_Fletcher,Jonathan_Mostow,Jean-David_Levitte,Dick_Clark,James_McGreevey,Carson_Daly,Eduardo_Duhalde,David_Heymann,Ben_Glisan,Alvaro_Uribe,Adolfo_Rodriguez_Saa,John_Allen_Muhammad,Xanana_Gusmao,Martha_Burk,Vaclav_Havel,Sam_Torrance,Gerry_Adams,Saddam_Hussein,Gray_Davis,Ben_Curtis,John_Cusack,Ricky_Ponting,Prince_Edward,Paul_William_Hurley,Guillermo_Coria,Joseph_Ralston,Pascal_Quignard,Roy_Williams,Bob_Hope,Conchita_Martinez,Carlo_Ancelotti,Elizabeth_Smart,Jim_Edmonds,Howard_Dean,Rich_Gannon,John_Negroponte,Joerg_Haider,Anthony_LaPaglia,Alex_Penelas,David_Spade,Patty_Schnyder,Jonathan_Edwards,Megawati_Sukarnoputri,Alan_Ball,Bob_Colvin
probe/Gary_Carter/Gary_Carter_0002.jpg,Gary_Carter,1,1.0,0.8843791484832764,0.8843791484832764,Gary_Carter,Robert_Duvall,John_McEnroe,Howard_Dean,Robert_Mueller,Gregg_Popovich,Lawrence_MacAulay,Asa_Hutchinson,John_Spencer,Bill_Graham,Mike_Price,Thomas_Fargo,Johnny_Carson,Warren_Buffett,Warren_Beatty,Sarah_Jessica_Parker,Robert_Bonner,Jon_Gruden,Thomas_OBrien,Steven_Spielberg,Joe_Nichols,Leszek_Miller,Pete_Sampras,Fayssal_Mekdad,Geoff_Hoon,Frank_Solich,Dave_Campo,Art_Howe,Magui_Serna,Arlen_Specter,Costas_Simitis,Jay_Garner,William_Ford_Jr,Kevin_Stallings,Alexander_Losyukov,James_Maguire,Silvio_Berlusconi,Gunter_Pleuger,Ernie_Eves,Nick_Nolte,Lisa_Raymond,Mohammad_Khatami,Hipolito_Mejia,John_McCormack,Goran_Persson,Venus_Williams,Brian_Griese,Garry_Trudeau,Ilan_Ramon,Richard_Gephardt
probe/Gary_Doer/Gary_Doer_0002.jpg,Gary_Doer,648,0.0015432098765432098,0.657934308052063,0.030609063804149628,Bernard_Landry,Julie_Gerberding,William_Martin,Jay_Garner,Kim_Jong-Il,Chok_Tong_Goh,Pedro_Malan,Colin_Powell,Patrick_Leahy,Jose_Dirceu,Jorge_Batlle,Dick_Cheney,William_Ford_Jr,Jay_Rasulo,Arye_Mekel,Michael_J_Sheehan,Robin_Cook,George_Pataki,David_Trimble,Gabriel_Valdes,Peter_Struck,Emile_Lahoud,Richard_Gephardt,Larry_Brown,Igor_Ivanov,Martha_Beatriz_Roque,Anders_Ebbeson,Thomas_OBrien,Ferenc_Madl,Roy_Moore,Henrique_Meirelles,Lindsay_Davenport,Jimmy_Carter,Sam_Bith,James_Morris,GL_Peiris,Christopher_Patten,Yasser_Arafat,Flor_Montulo,Alvaro_Noboa,Jesse_Jackson,Sandra_Bullock,Richard_Sambrook,Tom_Crean,Fred_Eckhard,James_Kopp,Brian_Cowen,Trent_Lott,Michael_Chang,Fidel_Castro
probe/Gary_Forsee/Gary_Forsee_0002.jpg,Gary_Forsee,1,1.0,0.7386060953140259,0.7386060953140259,Gary_Forsee,Gray_Davis,Robert_Mueller,John_Rosa,Silvio_Berlusconi,Vaclav_Havel,Mark_Schweiker,Frank_Dunham_Jr,Gary_Doer,Ian_McKellen,Saparmurat_Niyazov,Martin_Scorsese,Howard_Dean,Nicanor_Duarte_Frutos,Dick_Clark,Gary_Winnick,James_Kelly,Hu_Jintao,Trent_Lott,Wesley_Clark,Greg_Owen,Tom_Craddick,Jean-David_Levitte,Bill_Nelson,George_Lopez,Hilmi_Ozkok,Justine_Henin,Jason_Lezak,John_Allen_Muhammad,Padraig_Harrington,Saddam_Hussein,Joseph_Blatter,Alvaro_Noboa,Yevgeny_Kafelnikov,Nestor_Kirchner,Simon_Cowell,Lino_Oviedo,Peter_Harrison,Alberto_Fujimori,Margaret_Thatcher,Patrice_Chereau,Boris_Berezovsky,Paul_Bremer,Dennis_Kucinich,Thomas_Fargo,Gary_Bergeron,Martha_Burk,Alvaro_Uribe,Edward_James_Olmos,Ricardo_Maduro
probe/Gary_Locke/Gary_Locke_0002.jpg,Gary_Locke,1,1.0,0.9222723245620728,0.9222723245620728,Gary_Locke,Lim_Dong-won,Hu_Jintao,Nicanor_Duarte_Frutos,Kim_Jin-sun,Heizo_Takenaka,Jia_Qinglin,Kim_Ryong-sung,Li_Peng,Thaksin_Shinawatra,Chang_Dae-whan,Annette_Lu,Kim_Dae-jung,Hun_Sen,Saparmurat_Niyazov,Jackie_Chan,Chung_Mong-hun,Eddy_Merckx,Megawati_Sukarnoputri,Brian_Cowen,Lee_Jun,Prince_Naruhito,Yoko_Ono,Gao_Qiang,Michael_Chang,Lee_Hoi-chang,Jorge_Castaneda,Wang_Yingfan,Yao_Ming,Saddam_Hussein,Franz_Muentefering,Mitoji_Yabunaka,Alejandro_Toledo,Johnson_Panjaitan,Antony_Leung,Liu_Mingkang,Lee_Tae-sik,Candie_Kung,Alberto_Fujimori,GL_Peiris,Anna_Kournikova,Henrique_Meirelles,David_Kelley,Gary_Doer,Stanley_Tong,Chen_Liang_Yu,Trent_Lott,Jong_Thae_Hwa,Dick_Clark,Edward_Lu
probe/Gary_Williams/Gary_Williams_0002.jpg,Gary_Williams,1,1.0,0.7311632633209229,0.7311632633209229,Gary_Williams,Bo_Ryan,Trent_Lott,Mack_Brown,John_Abizaid,Frank_Solich,Richard_Gephardt,Robert_Zoellick,John_Jumper,Bill_Parcells,Tom_Daschle,John_Allen_Muhammad,Darren_Clarke,Gregg_Popovich,Dennis_Powell,Jason_Jennings,Herb_Sendek,Lindsey_Graham,Nick_Nolte,Guillermo_Coria,Bruce_Van_De_Velde,John_Walsh,Ron_Dittemore,Camilla_Parker_Bowles,Richard_Krajicek,Bill_Simon,Robert_DeFraites,David_Coulthard,Johnny_Carson,Carlo_Ancelotti,Dave_Campo,Justin_Leonard,Alvaro_Uribe,Lou_Piniella,Bernard_Lord,Roy_Moore,Roy_Williams,Ilan_Ramon,William_Hochul,Mark_Warner,Jonathan_Edwards,Robert_Duvall,Zoran_Djindjic,Robert_Stack,Andrei_Mikhnevich,Richard_Sambrook,Jeffrey_Scott_Postell,Larry_Brown,Howard_Dean,James_Kelly
probe/Gary_Winnick/Gary_Winnick_0002.jpg,Gary_Winnick,1,1.0,0.7556599378585815,0.7556599378585815,Gary_Winnick,Peter_Harrison,Vaclav_Havel,Geoff_Hoon,Steve_Spurrier,Jerry_Falwell,Saparmurat_Niyazov,Mike_Holmgren,Arlen_Specter,Tim_Floyd,Silvio_Berlusconi,Howard_Dean,Charles_Schumer,Dennis_Powell,Alexander_Losyukov,Alberto_Fujimori,Thomas_Birmingham,Kim_Dae-jung,Ronald_Reagan,Nestor_Kirchner,Lech_Walesa,William_Ford_Jr,Al_Davis,Sandra_Bullock,Alimzhan_Tokhtakhounov,Robert_Zoellick,Edward_Said,Trent_Lott,Kurt_Russell,Lee_Hoi-chang,Ozzy_Osbourne,Franz_Muentefering,Paul_McCartney,Anders_Ebbeson,Eric_Clapton,Joseph_Blatter,Thomas_OBrien,Bill_Callahan,Jean-David_Levitte,Mike_Weir,Gregg_Popovich,Kevin_Spacey,Kim_Ryong-sung,Pamela_Anderson,John_Walsh,Alec_Baldwin,Arnold_Palmer,Prince_Willem-Alexander,Pat_Cox,David_Myers
probe/Geno_Auriemma/Geno_Auriemma_0002.jpg,Geno_Auriemma,1,1.0,0.6939948201179504,0.6939948201179504,Geno_Auriemma,Hashim_Thaci,Bill_Simon,Sean_Astin,Tom_Brady,Andy_Hebb,Harry_Schmidt,Jean-David_Levitte,Mario_Dumont,Marco_Antonio_Barrera,Herb_Sendek,Paul_McNulty,Jan_Ullrich,Mike_Babcock,Aldo_Paredes,Simon_Cowell,Alastair_Campbell,James_Kelly,Hun_Sen,Yao_Ming,Jack_Grubman,Oswaldo_Paya,Kiki_Vandeweghe,Trent_Lott,Zoran_Djindjic,Jamie_Villafane,Ron_Dittemore,Andrew_Cuomo,Paul_Bremer,Mack_Brown,Steve_Waugh,Hal_Sutton,Julianne_Moore,Lou_Piniella,Ian_McKellen,Marcelo_Salas,Bill_Parcells,Bill_Callahan,Alejandro_Toledo,Thierry_Falise,Roy_Moore,Tom_Daschle,Freddy_Garcia,Ann_Veneman,Andrew_Niccol,Tim_Floyd,Tom_Craddick,Todd_Haynes,Alex_Barros,Priscilla_Presley
probe/Geoff_Hoon/Geoff_Hoon_0002.jpg,Geoff_Hoon,1,1.0,0.8124744892120361,0.8124744892120361,Geoff_Hoon,Vaclav_Havel,Brad_Johnson,Gary_Doer,Dave_Campo,Tim_Floyd,John_Walsh,Edward_Said,Nick_Nolte,Jim_Carrey,John_Banko,Larry_Lucchino,Roman_Polanski,Asa_Hutchinson,Bill_Nelson,Larry_Bowa,Silvan_Shalom,Lindsey_Graham,Silvio_Berlusconi,Jonathan_Edwards,Eduardo_Duhalde,Gary_Winnick,Ilan_Ramon,Ann_Veneman,Kevin_Spacey,Dennis_Powell,Jerry_Falwell,Ron_Dittemore,Franz_Muentefering,Thomas_OBrien,Bill_Callahan,Howard_Dean,William_Ford_Jr,Guillermo_Coria,Mike_Weir,Alvaro_Noboa,Sandra_Bullock,George_Lopez,Robert_Zoellick,Kim_Ryong-sung,Ishaq_Shahryar,Anthony_Fauci,Butch_Davis,Ernesto_Zedillo,Jennifer_Aniston,Joe_Mantello,Thomas_Fargo,Jada_Pinkett_Smith,Jean-David_Levitte,Zoran_Djindjic
probe/George_Brumley/George_Brumley_0002.jpg,George_Brumley,1,1.0,0.6384605169296265,0.6384605169296265,George_Brumley,John_Negroponte,Max_Mayfield,John_Rigas,Paul_ONeill,Hans_Eichel,Bob_Hope,Dick_Cheney,Francis_George,Frank_Griswold,Jose_Viegas_Filho,John_McCallum,Michael_J_Sheehan,Ralph_Lauren,Larry_Brown,James_Ivory,Nabil_Shaath,Jeffrey_Archer,Guillermo_Ortiz,Jean-Marc_de_La_Sabliere,Trent_Lott,Spencer_Abraham,Richard_Shelby,Jorge_Batlle,Abdullah_al-Attiyah,Charlton_Heston,Gregory_Hines,John_Taylor,Nestor_Kirchner,Mark_Hamister,Michael_Chiklis,Peter_Struck,Arye_Mekel,Bill_Gates,Ferenc_Madl,Barry_Alvarez,Laila_Ali,Debra_Brown,John_Howard,Abel_Pacheco,Anthony_Hopkins,Justin_Guarini,Saeb_Erekat,Costas_Simitis,Pascal_Quignard,Carlos_Bianchi,Joseph_Biden,Franko_Simatovic,John_Snow,Jason_Alexander
probe/George_Foreman/George_Foreman_0002.jpg,George_Foreman,1,1.0,0.8854432106018066,0.8854432106018066,George_Foreman,Mike_Tyson,Morgan_Freeman,Joe_Dumars,Justin_Gatlin,Thabo_Mbeki,Adrian_McPherson,Nelson_Mandela,Leonard_Hamilton,Slobodan_Milosevic,Saeb_Erekat,Jesse_James_Leija,Emmit_Smith,LeBron_James,Thaksin_Shinawatra,Laurent_Gbagbo,Sam_Bith,Boris_Yeltsin,Jia_Qinglin,Latrell_Sprewell,Jesse_Jackson,Guillaume_Soro,Hun_Sen,James_Schultz,Serena_Williams,Ray_Nagin,Paul_Pierce,Steve_Park,Dalai_Lama,Dino_de_Laurentis,George_Ryan,Colin_Powell,Venus_Williams,Grady_Irvin_Jr,Kirk_Johnson,Joe_Calzaghe,Ian_McKellen,Angelo_Reyes,Mike_Holmgren,Robert_Mugabe,Kenneth_Evans,Elizabeth_Dole,Prince_Naruhito,Mitchell_Daniels,Brad_Johnson,Harry_Schmidt,Evander_Holyfield,George_Karl,Saparmurat_Niyazov,Yao_Ming
probe/George_Karl/George_Karl_0002.jpg,George_Karl,1,1.0,0.8093282580375671,0.8093282580375671,George_Karl,Lou_Piniella,James_Schultz,Blythe_Hartley,Rick_Romley,James_Morris,John_Reilly,John_Jumper,George_Foreman,Gian_Marco,Emanuel_Ginobili,Robert_Bonner,Frank_Solich,Richard_Norton-Taylor,Darren_Clarke,John_Manley,Jay_Garner,Guillermo_Coria,Slobodan_Milosevic,Mike_Holmgren,Bo_Ryan,Gregg_Popovich,Dave_Campo,Lina_Krasnoroutskaya,Scott_McClellan,John_McEnroe,Andrei_Mikhnevich,Robert_Zoellick,Peter_Hillary,Magui_Serna,Natalie_Coughlin,Richard_Sambrook,Jon_Gruden,John_Snow,Mikhail_Youzhny,Klaus_Zwickel,Nick_Nolte,Howard_Smith,Michael_Chiklis,Hipolito_Mejia,Lindsay_Davenport,Bernard_Landry,Don_Nickles,Bill_Graham,Steve_Park,John_Spencer,Hal_Sutton,Kieran_Prendergast,Goran_Persson,Marcus_Gronholm
probe/George_Lopez/George_Lopez_0002.jpg,George_Lopez,1,1.0,0.809912919998169,0.809912919998169,George_Lopez,Gary_Doer,Gary_Forsee,Leander_Paes,Branko_Crvenkovski,Mark_Heller,Johnson_Panjaitan,Jackie_Chan,Abdullah,Bob_Colvin,Jonathan_Edwards,Megawati_Sukarnoputri,Larry_Lucchino,Federico_Trillo,Amanda_Coetzer,Hideki_Matsui,Stanley_Tong,Steve_Park,Spencer_Abraham,Gary_Locke,Nicanor_Duarte_Frutos,Kim_Ryong-sung,Yukiko_Okudo,Colin_Powell,Cindy_Margolis,Antonio_Banderas,Xanana_Gusmao,OJ_Simpson,Mariangel_Ruiz_Torrealba,Carmen_Electra,Yao_Ming,Mario_Kreutzberger,James_McGreevey,Marcelo_Salas,John_Allen_Muhammad,Franco_Dragone,Bernardo_Segura,Taufik_Hidayat,Michel_Temer,Tom_Daschle,Shannon_OBrien,Slobodan_Milosevic,Augustin_Calleri,Elsa_Zylberstein,Saeb_Erekat,Heizo_Takenaka,Gil_de_Ferran,Ben_Glisan,Vaclav_Havel,Michael_Chang
probe/George_P_Bush/George_P_Bush_0002.jpg,George_P_Bush,1,1.0,0.787760853767395,0.787760853767395,George_P_Bush,John_F_Kennedy_Jr,Mariangel_Ruiz_Torrealba,Justin_Leonard,Jefferson_Perez,Jose_Theodore,Spencer_Abraham,Gary_Bergeron,Alex_Penelas,Padraig_Harrington,Pete_Sampras,Brian_Griese,Dick_Clark,Richard_Krajicek,James_McGreevey,Garry_Trudeau,Gray_Davis,Corinne_Coman,Oscar_De_La_Hoya,Cindy_Margolis,Mary_Tyler_Moore,Vincent_Brooks,Doris_Schroeder,Mike_Miller,Olesya_Bonabarenko,Robert_DeFraites,Ernesto_Zedillo,Cathy_Freeman,Dan_Wheldon,Jonathan_Edwards,Bob_Colvin,Juan_Pablo_Montoya,Mark_Heller,Matt_Doherty,Jose_Mourinho,Gloria_Macapagal_Arroyo,Hu_Jintao,Saddam_Hussein,Jorge_Batlle,George_Lopez,Tom_Craddick,Albert_Costa,Richard_Gephardt,Martha_Burk,Xanana_Gusmao,Gabriel_Batistuta,Alexander_Losyukov,Allison_Janney,Sandra_Bullock,Kiki_Vandeweghe
probe/George_Pataki/George_Pataki_0002.jpg,George_Pataki,1,1.0,0.8932245373725891,0.8932245373725891,George_Pataki,Robert_Zoellick,Alan_Mulally,John_Timoney,James_Cunningham,Jimmy_Carter,Arnold_Palmer,Jeffrey_Jones,Mitchell_Daniels,Rob_Schneider,Larry_Lucchino,Al_Davis,Bernard_Landry,Karen_Mok,Billy_Sollie,Igor_Ivanov,James_Schultz,Bill_Nelson,Silvio_Berlusconi,Antony_Leung,Jay_Rasulo,Tom_Daschle,Roy_Moore,Richard_Sambrook,Tom_Glavine,James_Maguire,Ron_Howard,John_Snow,Corinne_Coman,Richard_Gephardt,Takashi_Sorimachi,David_Trimble,James_Morris,Iva_Majoli,Tim_Allen,Sally_Kirkland,Anna_Kournikova,Kevin_Spacey,Lord_Hutton,Ernie_Eves,Lisa_Raymond,Vladimir_Putin,Don_Nickles,John_Jumper,Christopher_Walken,Michael_Chang,Christopher_Patten,David_Kelley,James_Kelly,Stellan_Skarsgard
probe/George_Robertson/George_Robertson_0002.jpg,George_Robertson,1,1.0,0.9021987915039062,0.9021987915039062,George_Robertson,Dennis_Kozlowski,David_Trimble,James_Kelly,Prince_Willem-Alexander,Jay_Garner,Thomas_OBrien,Scott_McNealy,Jeffrey_Jones,Ernie_Eves,Al_Davis,Alan_Mulally,Dennis_Kucinich,Arlen_Specter,Steve_Spurrier,George_Pataki,Kim_Dae-jung,Augusto_Pinochet,Alastair_Campbell,Jose_Manuel_Durao_Barroso,Jimmy_Carter,Peter_Harrison,John_Timoney,Ozzy_Osbourne,Camilla_Parker_Bowles,Harry_Kalas,Fred_Eckhard,Jon_Gruden,Charles_Grassley,Tim_Allen,Jackie_Chan,Princess_Aiko,John_Snow,Elvis_Presley,John_Manley,Candie_Kung,Eduardo_Duhalde,Elsa_Zylberstein,Lawrence_MacAulay,Arianna_Huffington,David_Caraway,David_Leahy,Richard_Gephardt,Goran_Persson,John_Cusack,Guillaume_Soro,Lee_Tae-sik,Thaksin_Shinawatra,Bill_Frist,Frank_Dunham_Jr
probe/George_Roy_Hill/George_Roy_Hill_0002.jpg,George_Roy_Hill,1,1.0,0.8389995098114014,0.8389995098114014,George_Roy_Hill,Igor_Ivanov,Alastair_Campbell,Dennis_Kucinich,John_Wolf,Vladimir_Putin,Jorge_Rodolfo_Canicoba_Corral,Steve_Waugh,Pedro_Malan,Christopher_Walken,Larry_Coker,Nabil_Shaath,Gerry_Parsky,James_Kopp,Chakib_Khelil,Richard_Crenna,Emile_Lahoud,David_Caraway,Todd_Haynes,Mark_Geragos,Roman_Polanski,Adolfo_Rodriguez_Saa,Jose_Manuel_Durao_Barroso,Patrice_Chereau,Richard_Norton-Taylor,Doug_Collins,Michael_Chiklis,Hitomi_Soga,Jesse_Jackson,Michael_Chang,James_Cunningham,Lloyd_Ward,Hermann_Maier,Costas_Simitis,Robin_McLaurin_Williams,Vidar_Helgesen,Jeffrey_Jones,Guido_Westerwelle,Dennis_Kozlowski,Mathias_Reichhold,David_Dodge,Stellan_Skarsgard,Valery_Giscard_dEstaing,Elizabeth_Smart,Thomas_OBrien,Joe_Torre,James_Maguire,Art_Howe,Cyndi_Thompson,Robert_Kocharian
probe/George_Ryan/George_Ryan_0002.jpg,George_Ryan,1,1.0,0.8577702641487122,0.8577702641487122,George_Ryan,Jay_Garner,Manfred_Stolpe,Peter_Struck,Boris_Yeltsin,Warren_Buffett,John_Snow,George_Voinovich,Mike_Price,Augusto_Roa_Bastos,George_Brumley,Leszek_Miller,Jimmy_Carter,Billy_Graham,Alvaro_Noboa,Jose_Manuel_Durao_Barroso,Larry_Brown,Joseph_Biden,Bernard_Landry,Bobby_Robson,Peter_Arnett,James_Smith,Mel_Brooks,Jerry_Falwell,Anthony_Hopkins,James_Ivory,Colin_Powell,John_Ruiz,Hipolito_Mejia,Paul_ONeill,Duane_Lee_Chapman,Jeffrey_Archer,Slobodan_Milosevic,Jorge_Rodolfo_Canicoba_Corral,Jamling_Norgay,Patrick_Leahy,Martin_Scorsese,Silvio_Berlusconi,Trent_Lott,Frank_Griswold,Nelson_Mandela,John_McCallum,James_Blake,Howard_Smith,Liza_Minnelli,David_Leahy,Bill_Graham,Valdas_Adamkus,Pat_Cox,Nabil_Shaath
probe/George_Tenet/George_Tenet_0002.jpg,George_Tenet,1,1.0,0.8413652181625366,0.8413652181625366,George_Tenet,Thomas_Birmingham,David_Wolf,Eduardo_Duhalde,Gary_Williams,John_Jumper,Joe_Torre,Michael_Douglas,Butch_Davis,Pete_Sampras,Alexander_Losyukov,Carlos_Ghosn,Pete_Rose,Peter_Arnett,Tom_Crean,Abel_Pacheco,Xanana_Gusmao,Lon_Kruger,Jim_Harrick,John_Walsh,Jose_Mourinho,Jorge_Rodolfo_Canicoba_Corral,Gil_de_Ferran,Pamela_Anderson,Jose_Manuel_Durao_Barroso,Dave_Campo,Roy_Moore,Alvaro_Uribe,Nestor_Kirchner,Ernesto_Zedillo,Ilan_Ramon,Leslie_Moonves,Frank_Stallone,Nasser_al-Kidwa,Charles_Kartman,John_Kerry,Jose_Serra,Madonna,Bud_Selig,Spencer_Abraham,Darren_Clarke,Jack_Grubman,Li_Peng,Darrell_Issa,Mark_Hamister,Robert_Mueller,Chuck_Amato,Bernard_Lord,Carlos_Manuel_Pruneda,Robert_Stack
probe/George_Voinovich/George_Voinovich_0002.jpg,George_Voinovich,1,1.0,0.6979016661643982,0.6979016661643982,George_Voinovich,David_Leahy,Vaclav_Havel,James_Kelly,Charles_Grassley,Hootie_Johnson,Dennis_Erickson,Anders_Ebbeson,John_Manley,Franz_Muentefering,Trent_Lott,Alan_Ball,Elsa_Zylberstein,Arnold_Palmer,Gray_Davis,Gary_Doer,Lyle_Vanclief,Tom_Craddick,Lawrence_MacAulay,Ian_McKellen,Richard_Gephardt,Michael_Kostelnik,Thomas_Fargo,Ronald_Reagan,William_Ford_Jr,Tom_Daschle,Jeffrey_Jones,Paul_Bremer,Alan_Mulally,Thomas_Birmingham,Roman_Polanski,Kim_Dae-jung,Patrice_Chereau,Boris_Yeltsin,Ron_Dittemore,Spencer_Abraham,Jose_Manuel_Durao_Barroso,Nick_Nolte,Eric_Clapton,Kenneth_Branagh,Eddie_Sutton,Wesley_Clark,Robert_Zoellick,Joerg_Haider,Miyako_Miyazaki,Joseph_Biden,Dick_Vermeil,Bob_Hope,Chris_Cooper,Raghad_Saddam_Hussein
probe/Georgi_Parvanov/Georgi_Parvanov_0002.jpg,Georgi_Parvanov,1,1.0,0.7232137322425842,0.7232137322425842,Georgi_Parvanov,Andy_Hebb,Mohammad_Khatami,Oswaldo_Paya,Adolfo_Aguilar_Zinser,Masum_Turker,Alejandro_Toledo,Boris_Berezovsky,Jean-Claude_Juncker,Federico_Trillo,Nestor_Kirchner,Hashim_Thaci,Jack_Grubman,Munir_Akram,Bill_Gates,Sandra_Bullock,Franco_Dragone,Phil_Mickelson,Jean-David_Levitte,Inocencio_Arias,Paul_McCartney,Spencer_Abraham,Alexander_Rumyantsev,Benjamin_Netanyahu,Shaukat_Aziz,Edward_Said,Adrian_Nastase,John_Negroponte,Abdullah_Gul,Mark_Cuban,Carlo_Ancelotti,Herb_Sendek,Andrew_Niccol,Andrew_Cuomo,Job_Cohen,Nicanor_Duarte_Frutos,Osama_bin_Laden,Alexander_Losyukov,Ronald_Reagan,Mark_Heller,Nanni_Moretti,Alec_Baldwin,Steve_Waugh,Robert_De_Niro,Amram_Mitzna,Igor_Ivanov,Tony_Bennett,Emile_Lahoud,Alexandra_Stevenson,Eddie_Sutton
probe/Geraldine_Chaplin/Geraldine_Chaplin_0002.jpg,Geraldine_Chaplin,1,1.0,0.8769781589508057,0.8769781589508057,Geraldine_Chaplin,Frances_Fisher,Jane_Kaczmarek,Carol_Burnett,Carlos_Ghosn,Hipolito_Mejia,Rita_Moreno,Allison_Janney,Elisabeth_Schumacher,Anders_Fogh_Rasmussen,Pascal_Quignard,Barbara_Walters,Pedro_Malan,LeAnn_Rimes,Martin_Verkerk,Maria_Luisa_Mendonca,Li_Peng,Larry_Brown,Lee_Hoi-chang,Guillermo_Ortiz,Julianne_Moore,Alvaro_Uribe,Nastassia_Kinski,Sarah_Jessica_Parker,Pete_Sampras,Jan_Ullrich,Joe_Mantello,Hideki_Matsui,Kate_Capshaw,George_Voinovich,Isaiah_Washington,Nancy_Pelosi,Silvio_Berlusconi,Jodie_Foster,Meryl_Streep,Kathryn_Bigelow,Coretta_Scott_King,Patrick_Leahy,Sophia_Loren,Jackie_Chan,Bill_Simon,Leon_LaPorte,Kristanna_Loken,Paul_Patton,Kim_Jong-Il,Ann_Veneman,Mike_Weir,Barbra_Streisand,Hanan_Ashrawi,Chung_Mong-hun
probe/Gerard_Depardieu/Gerard_Depardieu_0002.jpg,Gerard_Depardieu,317,0.0031545741324921135,0.5186038613319397,0.12707817554473877,Ernie_Eves,Gary_Carter,Bill_Belichick,Jay_Garner,Arlen_Specter,Joe_Torre,Thomas_OBrien,Edward_Said,Eduardo_Duhalde,John_Walsh,George_Robertson,Roman_Polanski,Brad_Johnson,Nick_Nolte,Valdas_Adamkus,Michael_Douglas,Ron_Dittemore,Carlo_Ancelotti,Steven_Spielberg,Gregg_Popovich,Larry_Bowa,Pete_Rose,Bill_Callahan,Bill_Graham,Joe_Nichols,Jim_Harrick,Bobby_Robson,John_Kerry,Gary_Williams,Bill_Frist,Thaksin_Shinawatra,Jackie_Chan,Camilla_Parker_Bowles,James_Smith,Mel_Brooks,Jon_Gruden,Robert_De_Niro,Hootie_Johnson,Celso_Amorim,Bashar_Assad,Xanana_Gusmao,Robert_Duvall,Al_Davis,Alec_Baldwin,Oswaldo_Paya,Richard_Crenna,Bill_Simon,Michael_Phelps,Stanley_McChrystal,Sean_Penn
probe/Gerardo_Gambala/Gerardo_Gambala_0002.jpg,Gerardo_Gambala,1,1.0,0.8092365264892578,0.8092365264892578,Gerardo_Gambala,Edward_Lu,Hassan_Wirajuda,Taufik_Hidayat,Henrique_Meirelles,Hun_Sen,Michael_Chang,Juan_Valencia_Osorio,John_Allen_Muhammad,Hu_Jintao,Franco_Dragone,Dwayne_Johnson,Lionel_Richie,Jackie_Chan,Vincent_Brooks,Anwar_Ibrahim,Rob_Schneider,Goh_Kun,Hisao_Oguchi,Thomas_Rupprath,Wang_Yingfan,Kosuke_Kitajima,Hamzah_Haz,Liu_Mingkang,Johnson_Panjaitan,William_Ford_Jr,Justin_Guarini,Kim_Ryong-sung,Jonathan_Edwards,Freddy_Garcia,Shaukat_Aziz,Lily_Tomlin,Gary_Bergeron,Antony_Leung,David_Heymann,Kim_Jin-sun,Karen_Mok,Kenneth_Evans,Jason_Kidd,Mary_Landrieu,Marisa_Tomei,Takashi_Sorimachi,Jamling_Norgay,Robbie_Fowler,Allen_Iverson,Li_Peng,Lee_Jun,Mohammad_Khatami,Todd_Haynes,Bernardo_Segura
probe/Gerry_Adams/Gerry_Adams_0002.jpg,Gerry_Adams,1,1.0,0.8849208354949951,0.8849208354949951,Gerry_Adams,Amram_Mitzna,Jean-David_Levitte,Sean_Patrick_OMalley,Jose_Sarney,Mohammad_Khatami,Steven_Spielberg,Bill_Simon,Jean-Claude_Juncker,Eric_Clapton,Alejandro_Avila,Jonathan_Mostow,Robert_De_Niro,Felix_Mantilla,Ernesto_Zedillo,Ali_Khamenei,Rich_Gannon,Antonio_Banderas,Brian_Wells,Robin_Cook,Vaclav_Havel,Alberto_Ruiz_Gallardon,Xanana_Gusmao,Richard_Branson,David_Leahy,Inam-ul-Haq,Alejandro_Atchugarry,Francis_Ford_Coppola,John_Blaney,Albrecht_Mentz,Michael_Phelps,Thabo_Mbeki,Benazir_Bhutto,Alexander_Losyukov,Fidel_Castro,Carlos_Mesa,Martha_Burk,Diane_Green,Abdullah_Gul,Mike_Babcock,John_Allen_Muhammad,John_Walsh,Hassan_Nasrallah,Sophia_Loren,Ernie_Fletcher,Jan_Ullrich,Jorge_Castaneda,Nicanor_Duarte_Frutos,Frances_Fisher,Scott_Rudin
probe/Gerry_Parsky/Gerry_Parsky_0002.jpg,Gerry_Parsky,1,1.0,0.8764073252677917,0.8764073252677917,Gerry_Parsky,Dennis_Kucinich,Christopher_Walken,Nancy_Pelosi,Larry_Bowa,Antony_Leung,Silvio_Berlusconi,Fred_Eckhard,John_Rosa,Michael_Chang,Pedro_Malan,Scott_McNealy,Alejandro_Toledo,Angelo_Reyes,Larry_Ellison,David_Heymann,Sandra_Bullock,George_Pataki,Tom_Daschle,Bill_Gates,Francis_Mer,Roy_Moore,Yao_Ming,Jackie_Chan,Robert_Stack,Guido_Westerwelle,Igor_Ivanov,Paul_McCartney,Vladimir_Putin,Chung_Mong-joon,John_Timoney,Lee_Tae-sik,Jorge_Valdano,Matthew_Perry,William_Ford_Jr,Tim_Allen,James_Kopp,Jeffrey_Jones,Bernard_Landry,Daisy_Fuentes,Butch_Davis,Bobby_Goldwater,Bill_Frist,Ahmad_Masood,Paula_Radcliffe,Todd_Haynes,Mark_Geragos,Gloria_Macapagal_Arroyo,Hun_Sen,Cameron_Diaz
probe/Gian_Marco/Gian_Marco_0002.jpg,Gian_Marco,1,1.0,0.7327187061309814,0.7327187061309814,Gian_Marco,Daniel_Day-Lewis,Charlie_Zaa,Joe_Torre,Matthew_Perry,Bertrand_Bonello,Thomas_Rupprath,Amanda_Beard,Vidar_Helgesen,Harry_Belafonte,James_Kopp,Martin_Brodeur,Roy_Moore,Jason_Alexander,David_Caraway,James_Cunningham,David_Nalbandian,Michael_Chiklis,Frank_Solich,Robert_Zoellick,Conchita_Martinez,John_Negroponte,Anna_Kournikova,Scott_McClellan,John_Reilly,Reese_Witherspoon,Jeffrey_Scott_Postell,Todd_Haynes,Jan_Ullrich,Martin_Verkerk,Jay_Rasulo,Guillermo_Coria,Marcus_Gronholm,Mary_Landrieu,Lina_Krasnoroutskaya,James_Morris,Juan_Manuel_Marquez,Mikhail_Kasyanov,Jennifer_Reilly,Peter_Hillary,Brian_Wells,James_Smith,William_Martin,Francis_George,Jose_Serra,GL_Peiris,James_Jones,Penelope_Ann_Miller,Cruz_Bustamante,James_Gandolfini
probe/Gianna_Angelopoulos-Daskalaki/Gianna_Angelopoulos-Daskalaki_0002.jpg,Gianna_Angelopoulos-Daskalaki,1,1.0,0.7877452373504639,0.7877452373504639,Gianna_Angelopoulos-Daskalaki,Nancy_Pelosi,Jo_Dee_Messina,Shannon_OBrien,Nia_Vardalos,Yoko_Ono,Kim_Dae-jung,Thaksin_Shinawatra,Saparmurat_Niyazov,Paul_McCartney,Katie_Harman,Kwon_Yang-sook,Michelle_Yeoh,Carmen_Electra,Yukiko_Okudo,Lee_Hoi-chang,Hillary_Clinton,Elizabeth_Dole,Lee_Tae-sik,Laura_Hernandez,Silvio_Berlusconi,Julianna_Margulies,Larry_Bowa,Arlen_Specter,Trent_Lott,Benazir_Bhutto,Jeremy_Shockey,Freddy_Garcia,Alberto_Fujimori,Pat_Cox,Gary_Winnick,Jia_Qinglin,Stockard_Channing,Christina_Aguilera,Arnold_Palmer,Ian_McKellen,Jong_Thae_Hwa,Hanan_Ashrawi,Donatella_Versace,Tom_Daschle,David_Coulthard,George_Lopez,Lisa_Ling,Carl_Reiner,Hun_Sen,Li_Peng,Sophia_Loren,Kurt_Russell,Steve_Spurrier,Marisa_Tomei
probe/Gil_de_Ferran/Gil_de_Ferran_0002.jpg,Gil_de_Ferran,1,1.0,0.7323251962661743,0.7323251962661743,Gil_de_Ferran,Anders_Fogh_Rasmussen,Padraig_Harrington,David_Heymann,Mario_Cipollini,John_Allen_Muhammad,Bill_Simon,Mark_Cuban,Marcus_Gronholm,Bill_Frist,John_Kerry,Ronald_Reagan,Ernie_Fletcher,Frank_Dunham_Jr,Alvaro_Uribe,Antonio_Banderas,Gary_Forsee,Pete_Rose,Yevgeny_Kafelnikov,Pete_Sampras,Eddy_Merckx,Robert_Mueller,Christian_Fittipaldi,Mike_Babcock,Ben_Curtis,John_Cusack,Mack_Brown,Gary_Williams,Kristanna_Loken,Jan_Ullrich,Mario_Dumont,Garry_Trudeau,Simon_Cowell,Brian_Griese,Mike_Weir,Bill_Callahan,Justin_Leonard,Alberto_Ruiz_Gallardon,Nadia_Petrova,Venus_Williams,Leon_LaPorte,Oswaldo_Paya,Brad_Johnson,Jean-David_Levitte,Luis_Figo,Marat_Safin,Oscar_De_La_Hoya,James_Parker,John_F_Kennedy_Jr,Robert_Mugabe
probe/Gillian_Anderson/Gillian_Anderson_0002.jpg,Gillian_Anderson,1,1.0,0.6514977216720581,0.6514977216720581,Gillian_Anderson,Bridget_Fonda,Charlotte_Rampling,Alicia_Silverstone,Betsy_Smith,Julianne_Moore,Kathleen_Glynn,Tammy_Lynn_Michaels,Anneli_Jaatteenmaki,Ellen_DeGeneres,Cristina_Fernandez,Priscilla_Owen,Gro_Harlem_Brundtland,Elizabeth_Smart,Drew_Barrymore,Nia_Vardalos,Evan_Rachel_Wood,Leslie_Ann_Woodward,Julie_Gerberding,Monica_Bellucci,Meryl_Streep,Christine_Gregoire,Herta_Daeubler-Gmelin,Claire_Leger,Patricia_Clarkson,Jodie_Foster,Arsinee_Khanjian,Marissa_Jaret_Winokur,Orlando_Bloom,Phil_Vassar,Sarah_Jessica_Parker,Nadia_Petrova,Margaret_Thatcher,Elizabeth_Shue,Penelope_Ann_Miller,Alice_Fisher,Debra_Brown,Madonna,Lauren_Hutton,Abdullah,Ian_Thorpe,Carmen_Electra,Biljana_Plavsic,Silvia_Farina_Elia,Spencer_Abraham,Jeremy_Shockey,Lindsay_Benko,Claire_Danes,Mikhail_Youzhny,Carolyn_Dawn_Johnson
probe/Gisele_Bundchen/Gisele_Bundchen_0002.jpg,Gisele_Bundchen,1,1.0,0.8076920509338379,0.8076920509338379,Gisele_Bundchen,Julianne_Moore,Kathy_Winters,Dale_Earnhardt_Jr,Sue_Wicks,Kirk_Ferentz,Benazir_Bhutto,Prince_Harry,Gillian_Anderson,Alejandro_Toledo,Jodie_Foster,Jim_Furyk,Fran_Drescher,Keira_Knightley,Cameron_Diaz,Jeffrey_Jones,Bridget_Fonda,Ron_Dittemore,Katie_Harman,Jo_Dee_Messina,Kristin_Davis,Tom_Glavine,Steve_Waugh,Ken_Watanabe,Madonna,Lindsay_Benko,Daisy_Fuentes,Damon_van_Dam,Patricia_Clarkson,Boris_Becker,Jessica_Lange,Paula_Radcliffe,Juanes,James_Ivory,Tony_Bennett,Marie-Reine_Le_Gougne,Manuel_Poggiali,Michelle_Yeoh,Lea_Fastow,Doris_Schroeder,Yasser_Arafat,Valery_Giscard_dEstaing,Anna_Kournikova,Elizabeth_Shue,Brad_Johnson,Robert_De_Niro,Brooke_Shields,Edward_Lu,Barbra_Streisand,Chung_Mong-joon
probe/Gloria_Allred/Gloria_Allred_0002.jpg,Gloria_Allred,1,1.0,0.8355053663253784,0.8355053663253784,Gloria_Allred,Julie_Gerberding,Nancy_Pelosi,Sophia_Loren,Nia_Vardalos,David_Heymann,Priscilla_Owen,Biljana_Plavsic,Hanan_Ashrawi,Gianna_Angelopoulos-Daskalaki,Vanessa_Incontrada,Martha_Burk,Gerry_Adams,Janet_Thorpe,Christine_Gregoire,Donna_Shalala,Marisa_Tomei,Abdullah_al-Attiyah,Arianna_Huffington,Bud_Selig,Monica_Seles,Sue_Wicks,Marissa_Jaret_Winokur,Rita_Wilson,Claire_Leger,Sandra_Bullock,Raquel_Welch,Nancy_Reagan,Mack_Brown,Larry_Brown,Daisy_Fuentes,Hassan_Nasrallah,Juergen_Peters,Yevgeny_Kafelnikov,Richard_Branson,Yoko_Ono,Bill_Simon,Kate_Capshaw,Betsy_Smith,Hillary_Clinton,Judy_Genshaft,Jan_Ullrich,Sheila_Wellstone,Peter_Bacanovic,Elizabeth_Smart,Alexander_Losyukov,Benazir_Bhutto,Zoran_Djindjic,Natalie_Maines,Mike_Babcock
probe/Gloria_Macapagal_Arroyo/Gloria_Macapagal_Arroyo_0002.jpg,Gloria_Macapagal_Arroyo,1,1.0,0.8574358224868774,0.8574358224868774,Gloria_Macapagal_Arroyo,Zhang_Ziyi,Ali_Abbas,Flor_Montulo,Megawati_Sukarnoputri,Corinne_Coman,Hu_Jintao,Annette_Lu,Candie_Kung,Nora_Bendijo,Anna_Kournikova,Vanessa_Williams,Hitomi_Soga,Goldie_Hawn,Dolma_Tsering,Edward_Lu,Jong_Thae_Hwa,Dennis_Kucinich,Intisar_Ajouri,Gary_Locke,Kwon_Yang-sook,Richard_Krajicek,Jackie_Chan,Carol_Moseley_Braun,Jessica_Lynch,Pedro_Malan,Kim_Dae-jung,Michelle_Yeoh,Vicki_Zhao_Wei,Garry_Trudeau,Lea_Fastow,Hamzah_Haz,Coretta_Scott_King,Melanie_Griffith,Beth_Jones,Li_Peng,Princess_Aiko,Padraig_Harrington,Taufik_Hidayat,Dick_Clark,Jean_Brumley,Kim_Ryong-sung,Don_Nickles,Ashanti,Igor_Ivanov,Sachiko_Yamada,Juan_Pablo_Montoya,Goran_Persson,Thaksin_Shinawatra,Kathleen_Kennedy_Townsend
probe/Goh_Kun/Goh_Kun_0002.jpg,Goh_Kun,3,0.3333333333333333,0.7959359884262085,0.7494165897369385,Hichiro_Naemura,Yoko_Ono,Goh_Kun,Hu_Jintao,Kim_Jin-sun,Li_Peng,Alberto_Fujimori,Thaksin_Shinawatra,Chang_Dae-whan,Gao_Qiang,Chen_Liang_Yu,Lee_Hoi-chang,Lee_Tae-sik,Kim_Ryong-sung,Kim_Jong-Il,Jia_Qinglin,Wang_Yingfan,Kim_Dae-jung,Lee_Jun,Annette_Lu,Mitoji_Yabunaka,Jong_Thae_Hwa,Prince_Naruhito,Antony_Leung,Michael_Chang,Liu_Mingkang,Heizo_Takenaka,Lim_Dong-won,Chung_Mong-hun,Chung_Mong-joon,Hun_Sen,Jorge_Castaneda,Gary_Locke,Benazir_Bhutto,Alimzhan_Tokhtakhounov,Megawati_Sukarnoputri,Saparmurat_Niyazov,Pedro_Malan,Chok_Tong_Goh,Hamzah_Haz,Sam_Bith,Franko_Simatovic,Diane_Green,Dalai_Lama,Edward_Lu,Nancy_Pelosi,Nicanor_Duarte_Frutos,Kwon_Yang-sook,Bill_Gates,Candie_Kung
probe/Goldie_Hawn/Goldie_Hawn_0002.jpg,Goldie_Hawn,1,1.0,0.7704582214355469,0.7704582214355469,Goldie_Hawn,Reese_Witherspoon,Paula_Zahn,Jane_Fonda,Natalie_Maines,Allison_Janney,Dennis_Erickson,John_Taylor,Michael_Chiklis,Jessica_Lange,Marina_Anissina,Jeanne_Moreau,Costas_Simitis,Carmen_Electra,Jennifer_Lopez,Mario_Kreutzberger,LeAnn_Rimes,Ralph_Lauren,Donatella_Versace,Maggie_Smith,Dolly_Parton,Melanie_Griffith,Bridget_Fonda,Jose_Serra,Trent_Lott,Madonna,Olivia_Newton-John,George_Brumley,Geraldine_Chaplin,Carolyn_Dawn_Johnson,Phil_Vassar,Jeffrey_Archer,Kristanna_Loken,Liza_Minnelli,George_Ryan,Nicanor_Duarte_Frutos,Courtney_Love,Barbara_Walters,Lynne_Cheney,Cindy_Margolis,Doris_Schroeder,Dick_Vermeil,Eva_Dimas,Kathleen_Glynn,John_Spencer,Maria_Luisa_Mendonca,Gillian_Anderson,Alice_Fisher,Ann_Veneman,Latrell_Sprewell
probe/Goran_Persson/Goran_Persson_0002.jpg,Goran_Persson,1,1.0,0.6949483156204224,0.6949483156204224,Goran_Persson,George_Robertson,Hans_Eichel,Jon_Gruden,John_Timoney,Robin_McLaurin_Williams,Dick_Cheney,Joseph_Deiss,Fred_Eckhard,Christian_Wulff,Tom_Daschle,Costas_Simitis,Dennis_Kozlowski,Jeffrey_Immelt,David_Trimble,Jeffrey_Jones,Bernard_Landry,Dennis_Kucinich,Matthew_Perry,Mike_Price,Robert_Duvall,Meryl_Streep,Barbara_Brezigar,Kristin_Davis,Lawrence_MacAulay,Klaus_Zwickel,Aleksander_Kwasniewski,Gro_Harlem_Brundtland,James_Maguire,Al_Davis,Angelo_Reyes,Jeffrey_Archer,Jay_Garner,Jose_Sarney,Franko_Simatovic,David_Leahy,John_Taylor,Amelia_Vega,Frank_Griswold,Mohammad_Khatami,Damon_van_Dam,Arnold_Palmer,Anthony_Hopkins,Dick_Vermeil,Jean_Brumley,John_McCormack,James_Kelly,Michael_J_Sheehan,Vidar_Helgesen,Dorthy_Moxley
probe/Gordon_Campbell/Gordon_Campbell_0002.jpg,Gordon_Campbell,1,1.0,0.8427973985671997,0.8427973985671997,Gordon_Campbell,Rick_Romley,Bernard_Landry,George_Karl,Dave_Campo,Jay_Rasulo,Jeffrey_Archer,Dick_Vermeil,Richie_Adubato,James_Cunningham,Michael_J_Sheehan,Slobodan_Milosevic,Mike_Holmgren,Bill_Graham,Max_Mayfield,Jose_Viegas_Filho,Hans_Eichel,James_Morris,Peter_Struck,Richard_Gephardt,Arnold_Palmer,Larry_Brown,GL_Peiris,David_Dodge,Dick_Cheney,Jay_Garner,James_Schultz,Lou_Piniella,George_Ryan,Paul_ONeill,Luis_Gonzalez_Macchi,Scott_Rudin,Howard_Smith,Tom_Craddick,Colin_Powell,John_Howard,Jorge_Batlle,Richard_Branson,James_Smith,Richard_Norton-Taylor,John_Manley,Gregg_Popovich,Joseph_Deiss,Dennis_Erickson,Aleksander_Kwasniewski,Goran_Persson,Jose_Dirceu,Gary_Winnick,Robert_Zoellick,William_Martin
probe/Grady_Irvin_Jr/Grady_Irvin_Jr_0002.jpg,Grady_Irvin_Jr,1,1.0,0.8904982805252075,0.8904982805252075,Grady_Irvin_Jr,James_Butts,Leonard_Hamilton,Jesse_Jackson,Lloyd_Ward,John_Stallworth,Jason_Kidd,Vince_Carter,S_Jayakumar,LeBron_James,James_Gandolfini,John_Allen_Muhammad,Mike_Tyson,Thabo_Mbeki,Evander_Holyfield,Jonathan_Mostow,Doug_Duncan,Mark_Geragos,Harry_Schmidt,Nelson_Mandela,Ray_Nagin,Barry_Alvarez,Latrell_Sprewell,Venus_Williams,Emmit_Smith,Fran_Drescher,Kenneth_Evans,Ruben_Studdard,Frank_Solich,Adrian_McPherson,Joe_Dumars,Mark_Warner,Kalpana_Chawla,William_Ford_Jr,Morgan_Freeman,Lionel_Richie,Colin_Powell,Abdullah_al-Attiyah,Tom_Crean,OJ_Simpson,Roy_Williams,Jay_Garner,Julie_Gerberding,Mathias_Reichhold,Larry_Johnson,John_Rowland,Kirk_Johnson,Joerg_Haider,Cyndi_Thompson,Intisar_Ajouri
probe/Gray_Davis/Gray_Davis_0002.jpg,Gray_Davis,1,1.0,0.8870459794998169,0.8870459794998169,Gray_Davis,James_Kelly,Richard_Gephardt,Vaclav_Havel,John_Manley,Wesley_Clark,Tom_Daschle,Bruce_Van_De_Velde,Scott_McNealy,Alan_Mulally,Howard_Smith,Jimmy_Carter,James_Kopp,Al_Davis,Bill_Parcells,Richard_Branson,Trent_Lott,Doug_Collins,Prince_Willem-Alexander,Charles_Mathews,Gary_Forsee,Michael_Kostelnik,Donald_Evans,Ralph_Lauren,Johnny_Unitas,Roy_Williams,Jean-Claude_Braquet,Harry_Kalas,Gregg_Popovich,Colin_Powell,Boris_Yeltsin,Lech_Walesa,Lyle_Vanclief,Kenneth_Branagh,Ian_McKellen,Arnold_Palmer,Howard_Dean,Aleksander_Kwasniewski,Dennis_Kucinich,Roman_Polanski,Ronald_Reagan,Gil_de_Ferran,Tom_Craddick,Robert_Bonner,Dennis_Erickson,Paul_ONeill,Nick_Nolte,Frank_Solich,Paul_McNulty,Ricky_Barnes
probe/Greg_Gilbert/Greg_Gilbert_0002.jpg,Greg_Gilbert,1,1.0,0.8052780628204346,0.8052780628204346,Greg_Gilbert,David_Nalbandian,Jon_Gruden,Harry_Schmidt,Lon_Kruger,Jim_Furyk,Luis_Figo,Stanley_McChrystal,Yevgeny_Kafelnikov,Bill_Graham,Howard_Dean,Klaus_Zwickel,Matthew_Perry,Arantxa_Sanchez-Vicario,Evander_Holyfield,James_Jones,Joseph_Deiss,Brendan_Hansen,Bruce_Weber,John_Spencer,Alastair_Campbell,Jeffrey_Immelt,Marcus_Gronholm,Prince_Edward,Candie_Kung,Conchita_Martinez,Yao_Ming,Monica_Seles,Warren_Beatty,Donald_Evans,Alex_Penelas,Gary_Carter,Frank_Solich,Gustavo_Kuerten,Dale_Earnhardt_Jr,Thomas_Fargo,Elizabeth_Smart,Robert_Duvall,Damon_van_Dam,Padraig_Harrington,Jason_Alexander,Madonna,Greg_Owen,James_Kelly,Sarah_Jessica_Parker,John_Kerry,Jim_Harrick,Hermann_Maier,Gian_Marco,Matt_Doherty
probe/Greg_Ostertag/Greg_Ostertag_0002.jpg,Greg_Ostertag,1,1.0,0.5385568141937256,0.5385568141937256,Greg_Ostertag,Ian_Thorpe,Zoran_Djindjic,Jamie_Villafane,Doris_Roberts,Arianna_Huffington,Masum_Turker,Robbie_Fowler,Edie_Falco,Juan_Pablo_Montoya,Carmen_Electra,Kwon_Yang-sook,Christina_Aguilera,Jeffrey_Scott_Postell,Kosuke_Kitajima,Nia_Vardalos,Marissa_Jaret_Winokur,Larry_Lindsey,Marwan_Barghouthi,Paul_McCartney,Hitomi_Soga,Mohammad_Khatami,Harbhajan_Singh,Ricky_Ponting,Matthew_Perry,Osama_bin_Laden,Katie_Harman,Emanuel_Ginobili,Jimmy_Kimmel,John_Negroponte,Bob_Geldof,Sean_Penn,Slobodan_Milosevic,Adrian_Nastase,Julie_Gerberding,Bode_Miller,Martin_Brodeur,Ray_Nagin,Mark_Dacey,Iain_Duncan_Smith,Noah_Wyle,Bo_Pelini,Elijah_Wood,Benjamin_Netanyahu,Jennifer_Aniston,Gregg_Popovich,Eric_Hinske,Edward_Lu,Gianna_Angelopoulos-Daskalaki,Elizabeth_Smart
probe/Greg_Owen/Greg_Owen_0002.jpg,Greg_Owen,1,1.0,0.8295470476150513,0.8295470476150513,Greg_Owen,Jim_Furyk,Phil_Mickelson,Jason_Jennings,Brad_Johnson,John_Manley,Matthew_Perry,Jason_Lezak,John_Rosa,Justin_Leonard,Kent_Rominger,Fred_Funk,Dale_Earnhardt_Jr,Yevgeny_Kafelnikov,John_F_Kennedy_Jr,Al_Davis,Oswaldo_Paya,Lou_Piniella,Jean_Carnahan,David_Nalbandian,Owen_Wilson,Mark_Schweiker,Kirk_Ferentz,Arantxa_Sanchez-Vicario,Lindsey_Graham,Mikhail_Youzhny,Abdullah_Gul,Peter_Harrison,Tyler_Hamilton,Arianna_Huffington,Ian_Thorpe,Mike_Babcock,Alejandro_Avila,Peter_Bacanovic,Damon_van_Dam,Bill_Belichick,Jeffrey_Jones,Sue_Wicks,Mack_Brown,Tom_Glavine,George_Robertson,Art_Hoffmann,Eric_Hinske,Gary_Forsee,Prince_Harry,Bob_Hope,Paul_McCartney,Aleksander_Kwasniewski,Jackie_Chan,John_Garamendi
probe/Greg_Rusedski/Greg_Rusedski_0002.jpg,Greg_Rusedski,1,1.0,0.81846684217453,0.81846684217453,Greg_Rusedski,Luis_Horna,Kifah_Ajouri,Dennis_Powell,David_Nalbandian,Bo_Pelini,Barrett_Jackman,Ron_Howard,Padraig_Harrington,Martin_Verkerk,Stanley_McChrystal,Daniel_Day-Lewis,Peter_Hillary,Herb_Sendek,Nick_Nolte,Ricky_Barnes,Peter_Bacanovic,Felix_Mantilla,Gregg_Popovich,Albert_Costa,Luis_Figo,Matt_Doherty,Fred_Funk,Oscar_De_La_Hoya,Heidi_Fleiss,Kiki_Vandeweghe,Monica_Seles,Jean-Sebastien_Giguere,Rich_Gannon,Mark_Warner,Jamie_Villafane,John_Brady,Dan_Wheldon,Bill_Parcells,Pete_Sampras,James_Blake,Robby_Ginepri,Gustavo_Kuerten,Prince_Edward,Aaron_Sorkin,Mathias_Reichhold,Jim_Edmonds,Carol_Burnett,Mike_Weir,Lisa_Ling,Jan_Ullrich,Ian_Thorpe,Jane_Kaczmarek,Johnny_Carson,Scott_Rudin
probe/Gregg_Popovich/Gregg_Popovich_0002.jpg,Gregg_Popovich,1,1.0,0.8583405613899231,0.8583405613899231,Gregg_Popovich,Bill_Parcells,Johnny_Carson,Thomas_OBrien,George_Karl,Larry_Lindsey,Prince_Willem-Alexander,Larry_Coker,Ernie_Eves,James_Morris,Aleksander_Kwasniewski,Zoran_Djindjic,Frank_Solich,Rick_Romley,Bill_Graham,Paul_McCartney,Benjamin_Netanyahu,Nick_Nolte,Howard_Dean,Mack_Brown,Lou_Piniella,Richie_Adubato,Paul_ONeill,Gunter_Pleuger,Arnold_Palmer,Peter_Greenaway,Gordon_Campbell,Marc_Grossman,Brian_Mulroney,Roman_Polanski,Peter_Harrison,Joseph_Deiss,Jay_Garner,Dave_Campo,Robert_Duvall,Carl_Reiner,Herb_Sendek,David_Nalbandian,Michael_Chiklis,James_Kelly,Silvio_Berlusconi,Roy_Moore,Frank_Cassell,Oswaldo_Paya,John_Negroponte,James_Smith,Bo_Pelini,John_Manley,Dennis_Powell,Mike_Holmgren
probe/Gregory_Geoffroy/Gregory_Geoffroy_0002.jpg,Gregory_Geoffroy,1,1.0,0.8985596895217896,0.8985596895217896,Gregory_Geoffroy,William_Bratton,Carlos_Quintanilla_Schmidt,Pedro_Solbes,John_McCormack,Jonathan_Edwards,Nicanor_Duarte_Frutos,Mohamed_Benaissa,Tom_Daschle,Trent_Lott,Anders_Fogh_Rasmussen,John_Rowland,Fayssal_Mekdad,Miroljub,Robert_DeFraites,John_Howard,Chris_Bell,James_Kopp,Gao_Qiang,Pete_Sampras,Jose_Sarney,Jack_Straw,Jorge_Castaneda,Wang_Yingfan,William_Hochul,Albrecht_Mentz,Eddy_Merckx,Scott_McClellan,Christian_Wulff,Hector_Babenco,Abel_Pacheco,John_Allen_Muhammad,Padraig_Harrington,Barbara_Brezigar,GL_Peiris,Fidel_Castro,Costas_Simitis,Gerard_Depardieu,Henrique_Meirelles,Emanuel_Ginobili,Chen_Liang_Yu,Silvan_Shalom,Fred_Eckhard,Gary_Doer,Carlos_Bianchi,Paula_Radcliffe,Alvaro_Uribe,Mohammad_Khatami,Butch_Davis,Jean-Marc_de_La_Sabliere
probe/Gregory_Hines/Gregory_Hines_0002.jpg,Gregory_Hines,1,1.0,0.8712730407714844,0.8712730407714844,Gregory_Hines,Bob_Geldof,Eduardo_Duhalde,John_Blaney,Alejandro_Toledo,Bill_Gates,Carlos_Quintanilla_Schmidt,Robbie_Fowler,Bobby_Goldwater,Fidel_Castro,Grady_Irvin_Jr,Nestor_Kirchner,Nabil_Shaath,Pedro_Malan,Steven_Spielberg,Madonna,Charles_Kartman,Alvaro_Uribe,Hassan_Wirajuda,Munir_Akram,Jose_Manuel_Durao_Barroso,Benazir_Bhutto,Jesse_Jackson,Will_Smith,Hamzah_Haz,John_Allen_Muhammad,Vincent_Brooks,Spencer_Abraham,George_Tenet,Liu_Mingkang,Alejandro_Avila,Courtney_Love,Pamela_Anderson,Edie_Falco,Franco_Dragone,Kenneth_Evans,Vince_Carter,Dorthy_Moxley,Abdel_Nasser_Assidi,Christine_Gregoire,Mohammad_Khatami,Abel_Pacheco,James_Butts,Tom_Cruise,Aung_San_Suu_Kyi,Mohamed_Benaissa,Juan_Valencia_Osorio,Gao_Qiang,Alberto_Ruiz_Gallardon,Rita_Moreno
probe/Gro_Harlem_Brundtland/Gro_Harlem_Brundtland_0002.jpg,Gro_Harlem_Brundtland,1,1.0,0.7753535509109497,0.7753535509109497,Gro_Harlem_Brundtland,Herta_Daeubler-Gmelin,Charlotte_Rampling,Maggie_Smith,Karin_Stoiber,Kathy_Winters,Margaret_Thatcher,Biljana_Plavsic,Eva_Dimas,Megawati_Sukarnoputri,Anneli_Jaatteenmaki,Joseph_Blatter,Jolanta_Kwasniewski,Frances_Fisher,Ellen_Engleman,Christine_Gregoire,Jean_Brumley,Martha_Burk,Len_Jenoff,Lynn_Abraham,Lindsay_Davenport,Penelope_Ann_Miller,Kathleen_Kennedy_Townsend,Meryl_Streep,Doris_Roberts,Helen_Clark,Jane_Kaczmarek,Lynne_Cheney,Jerry_Falwell,Bob_Hope,Priscilla_Owen,Augustin_Calleri,Sheila_Copps,Carol_Burnett,Sean_Patrick_OMalley,Rick_Romley,Elinor_Caplan,Jean-Sebastien_Giguere,Ann_Veneman,David_Trimble,Chris_Cooper,Kim_Dae-jung,Geraldine_Chaplin,Diane_Green,Franz_Muentefering,Debra_Brown,Goran_Persson,Jodie_Foster,Angela_Lansbury,Elizabeth_Dole
probe/Guido_Westerwelle/Guido_Westerwelle_0002.jpg,Guido_Westerwelle,1,1.0,0.8301230072975159,0.8301230072975159,Guido_Westerwelle,Ron_Dittemore,Tom_Crean,Pedro_Malan,Angelo_Reyes,Dennis_Kucinich,Tim_Allen,James_Kopp,Robin_McLaurin_Williams,Richard_Crenna,Roy_Moore,Bud_Selig,Chris_Cooper,James_Maguire,William_Ford_Jr,Bill_Gates,Nick_Nolte,Dave_Campo,Vidar_Helgesen,Gabriel_Valdes,Bernard_Landry,George_Pataki,Jose_Dirceu,Lee_Hoi-chang,Bill_Nelson,Tom_Craddick,Trent_Lott,Geno_Auriemma,Dai_Bachtiar,John_Jumper,Brian_Wells,Bill_Simon,Joseph_Deiss,Christopher_Walken,Vladimir_Putin,Antony_Leung,Kenneth_Branagh,George_Roy_Hill,Hun_Sen,Tom_Daschle,Roman_Polanski,Alastair_Campbell,Julie_Gerberding,Christian_Wulff,John_Banko,Mikhail_Kasyanov,Hermann_Maier,Lawrence_MacAulay,Stellan_Skarsgard,Gerry_Parsky
probe/Guillaume_Soro/Guillaume_Soro_0002.jpg,Guillaume_Soro,10,0.1,0.7449277639389038,0.37007200717926025,Laurent_Gbagbo,Kirk_Johnson,Morgan_Freeman,Leonard_Hamilton,Doug_Duncan,Thabo_Mbeki,Claire_Hentzen,Patrick_Ewing,George_Robertson,Guillaume_Soro,George_Foreman,Tamara_Brooks,Jesse_Jackson,Evander_Holyfield,Adrian_McPherson,Isaiah_Washington,Vicente_Fernandez,David_Trimble,Patti_Labelle,Steve_Spurrier,Fidel_Castro,Robin_McLaurin_Williams,Kenneth_Evans,Joe_Dumars,Dennis_Kozlowski,Chris_Rock,Jason_Lezak,Michael_Chang,Luciano_Pavarotti,James_Schultz,Serena_Williams,Emmit_Smith,Spencer_Abraham,S_Jayakumar,David_Nalbandian,James_Parker,Dale_Earnhardt_Jr,Brad_Johnson,Robert_Mugabe,Carmen_Electra,Anna_Kournikova,Nadia_Petrova,Bashar_Assad,Gillian_Anderson,Angelo_Reyes,Arianna_Huffington,Larry_Lindsey,Pete_Sampras,Natalie_Maines,Kenneth_Branagh
probe/Guillermo_Coria/Guillermo_Coria_0002.jpg,Guillermo_Coria,1,1.0,0.8271956443786621,0.8271956443786621,Guillermo_Coria,Steve_Park,David_Bell,Jorge_Arce,Jesse_James_Leija,Juan_Manuel_Marquez,Mark_Dacey,Aitor_Gonzalez,Jason_Jennings,Magui_Serna,Jason_Kidd,Marat_Safin,Marco_Antonio_Barrera,David_Coulthard,Justin_Gatlin,Mikhail_Youzhny,Orlando_Bloom,Michael_Phelps,Stanley_Tong,Michelle_Yeoh,Ian_McKellen,Harry_Schmidt,Stacy_Dragila,Guy_Ritchie,Tom_Brady,Hanan_Ashrawi,Ben_Curtis,Mike_Weir,Blythe_Hartley,Allen_Iverson,Sharon_Frey,Mike_Tyson,Jim_Edmonds,LeAnn_Rimes,Vince_Carter,Jason_Lezak,Bernard_Lord,Yao_Ming,Hipolito_Mejia,Andrei_Mikhnevich,Gwendal_Peizerat,Jonathan_Edwards,Kenneth_Branagh,Pete_Sampras,Hideki_Matsui,Zhang_Ziyi,Conchita_Martinez,Paul_Byrd,Thomas_Rupprath,Paula_Radcliffe
probe/Guillermo_Ortiz/Guillermo_Ortiz_0002.jpg,Guillermo_Ortiz,1,1.0,0.843936026096344,0.843936026096344,Guillermo_Ortiz,John_Negroponte,Gabriel_Valdes,Costas_Simitis,Jorge_Batlle,Carlos_Ghosn,Silvan_Shalom,Dick_Cheney,Charlton_Heston,Valery_Giscard_dEstaing,Paul_ONeill,Mitchell_Daniels,Charles_Schumer,Larry_Brown,John_Howard,Emile_Lahoud,Paul_McCartney,Nestor_Kirchner,Boris_Berezovsky,Richard_Shelby,Hector_Babenco,Bob_Hope,Frank_Lautenberg,Pedro_Malan,John_McEnroe,Cesar_Maia,Hans_Eichel,David_Trimble,Abel_Pacheco,John_Rowland,Geraldine_Chaplin,Alexander_Rumyantsev,Jean-Marc_de_La_Sabliere,Jose_Serra,Isaiah_Washington,William_Bratton,Francis_George,Yasser_Arafat,Patrick_Leahy,Cruz_Bustamante,Robert_Kocharian,Jeffrey_Archer,Henrique_Meirelles,Cindy_Margolis,Franz_Beckenbauer,Jean-Claude_Braquet,Tom_Daschle,William_Martin,Ferenc_Madl,Alberto_Ruiz_Gallardon
probe/Gunter_Pleuger/Gunter_Pleuger_0002.jpg,Gunter_Pleuger,1,1.0,0.8590015172958374,0.8590015172958374,Gunter_Pleuger,Marc_Grossman,Kent_Rominger,Luis_Gonzalez_Macchi,Steven_Spielberg,Juergen_Peters,Peter_Struck,Kieran_Prendergast,Bernard_Landry,Dick_Cheney,Mark_Geragos,Yasser_Arafat,Luiz_Felipe_Scolari,Art_Hoffmann,John_McEnroe,Lynn_Abraham,Kemal_Dervis,Robin_Cook,Fidel_Castro,John_Snow,James_Maguire,Charles_Schumer,Len_Jenoff,David_Dodge,Guillermo_Ortiz,Cruz_Bustamante,James_Ivory,John_Negroponte,Saddam_Hussein,Richie_Adubato,Kate_Capshaw,Larry_Ellison,Michael_J_Sheehan,Costas_Simitis,Thabo_Mbeki,James_Cunningham,David_Leahy,Larry_Brown,Bill_Graham,Mike_Holmgren,Bob_Hope,Max_Mayfield,Joseph_Estrada,Lech_Walesa,Franko_Simatovic,Robert_Zoellick,Sean_Patrick_OMalley,Robert_Duvall,Gerry_Adams,Mitchell_Daniels
probe/Gustavo_Kuerten/Gustavo_Kuerten_0002.jpg,Gustavo_Kuerten,1,1.0,0.9184346199035645,0.9184346199035645,Gustavo_Kuerten,Mikhail_Youzhny,Brian_Heidik,Frank_Griswold,Demetrius_Ferraciu,Guillermo_Coria,Jeremy_Shockey,Marcus_Gronholm,Marat_Safin,David_Nalbandian,Yevgeny_Kafelnikov,Robby_Ginepri,Jim_Furyk,Lindsay_Davenport,Mike_Tyson,Jason_Jennings,Tammy_Lynn_Michaels,Dale_Earnhardt_Jr,David_Bell,Augustin_Calleri,Latrell_Sprewell,Lon_Kruger,Angela_Lansbury,Charlton_Heston,Nanni_Moretti,Leszek_Miller,Ishaq_Shahryar,David_Coulthard,Raghad_Saddam_Hussein,Hal_Sutton,Martin_Verkerk,Jonathan_Edwards,Luis_Horna,Mark_Schweiker,Theo_Epstein,Eva_Dimas,Queen_Beatrix,Jim_Carrey,Luis_Figo,Greg_Gilbert,Chris_Byrd,Tom_Brady,Paul_Bremer,Stanley_McChrystal,Paul_Byrd,Paul_Pierce,Bertrand_Bonello,Brendan_Hansen,Tom_Cruise,Herta_Daeubler-Gmelin
probe/Guy_Hemmings/Guy_Hemmings_0002.jpg,Guy_Hemmings,1,1.0,0.5495746731758118,0.5495746731758118,Guy_Hemmings,Robert_Zoellick,Mike_Miller,Andy_Hebb,Martin_Brodeur,Brad_Johnson,Elinor_Caplan,Andrei_Mikhnevich,Goran_Persson,Richard_Sambrook,Tom_Cruise,Sharon_Frey,Nadia_Petrova,Darren_Clarke,Damon_van_Dam,James_Cunningham,Dale_Earnhardt_Jr,Kevin_Spacey,Paul_McCartney,Jose_Manuel_Durao_Barroso,Herta_Daeubler-Gmelin,Bill_Gates,James_Schultz,Michael_Chang,Venus_Williams,Ben_Glisan,Lindsay_Davenport,Sean_Astin,Paul_McNulty,Hamzah_Haz,Jason_Alexander,Hitomi_Soga,Matthew_Perry,Jay_Rasulo,Iain_Duncan_Smith,David_Nalbandian,Ian_Thorpe,Rupert_Grint,Sheila_Copps,Dick_Vermeil,Bill_Frist,Bernard_Lord,Igor_Ivanov,James_Parker,Prince_Naruhito,Jan_Ullrich,Guillermo_Coria,Mack_Brown,Luke_Walton,Spencer_Abraham
probe/Guy_Ritchie/Guy_Ritchie_0002.jpg,Guy_Ritchie,1,1.0,0.7735040187835693,0.7735040187835693,Guy_Ritchie,Scott_McClellan,Thomas_Fargo,Mathias_Reichhold,Dennis_Powell,Richard_Sambrook,Paul_Bremer,Mark_Warner,Bill_Frist,Howard_Dean,Lon_Kruger,Sharon_Frey,Bruce_Weber,Kenneth_Branagh,John_McEnroe,Roy_Williams,Bruce_Van_De_Velde,Harry_Kalas,Edward_Norton,Bob_Hope,Thomas_Birmingham,Eric_Rosser,Lindsay_Davenport,Rich_Gannon,Prince_Willem-Alexander,John_Negroponte,Nick_Nolte,Brian_Heidik,Darren_Clarke,Elvis_Presley,Gian_Marco,Anders_Ebbeson,Joerg_Haider,Alex_Penelas,Boris_Becker,Mark_Schweiker,William_Ford_Jr,Barry_Alvarez,David_Wolf,Daniel_Day-Lewis,Todd_Haynes,Steve_Park,James_Schultz,Ricky_Ponting,Paul_McCartney,Joseph_Biden,John_Manley,Jonathan_Mostow,Scott_McNealy,Tom_Daschle
probe/Gwendal_Peizerat/Gwendal_Peizerat_0002.jpg,Gwendal_Peizerat,1,1.0,0.7224812507629395,0.7224812507629395,Gwendal_Peizerat,Prince_Harry,Stacy_Dragila,Tom_Cruise,Jim_Furyk,Howard_Dean,Elijah_Wood,Lindsay_Benko,Joe_Nichols,Ron_Dittemore,David_Nalbandian,Serena_Williams,Monica_Seles,Venus_Williams,Owen_Wilson,Jennifer_Thompson,Dale_Earnhardt_Jr,Sean_Penn,Arianna_Huffington,Richard_Krajicek,Benazir_Bhutto,Yevgeny_Kafelnikov,Orlando_Bloom,William_Ford_Jr,Billy_Graham,Lisa_Gottsegen,Kathleen_Kennedy_Townsend,Jan_Ullrich,Patty_Schnyder,David_Bell,Conchita_Martinez,Mike_Babcock,Julie_Gerberding,Emma_Thompson,David_Heymann,Edward_Lu,Elsa_Zylberstein,Will_Smith,Sandra_Bullock,Bill_Callahan,Arantxa_Sanchez-Vicario,Juan_Pablo_Montoya,Prince_Edward,Jennifer_Connelly,Jamling_Norgay,Sharon_Frey,Kathy_Winters,John_Walsh,Claire_Hentzen,Franz_Muentefering
probe/Hal_Sutton/Hal_Sutton_0002.jpg,Hal_Sutton,1,1.0,0.6962368488311768,0.6962368488311768,Hal_Sutton,Carmen_Electra,Ilan_Ramon,Fred_Funk,Phil_Mickelson,Charles_Schumer,Ishaq_Shahryar,Hashim_Thaci,Guillermo_Coria,Arnold_Palmer,Carlo_Ancelotti,Mark_Schweiker,Bill_Belichick,John_Negroponte,John_Brady,Bill_Frist,Jamie_Villafane,John_Abizaid,Bill_Simon,John_McEnroe,Hans_Eichel,Carl_Reiner,Meghann_Shaughnessy,Thomas_OBrien,Larry_Coker,Joseph_Ralston,Tim_Floyd,Jean-David_Levitte,Laurent_Gbagbo,Jim_Furyk,Costas_Simitis,Eduardo_Duhalde,Joe_Torre,Herb_Sendek,Emile_Lahoud,Georgi_Parvanov,Silvan_Shalom,Alec_Baldwin,Matthew_Perry,Silvio_Berlusconi,Steve_Spurrier,Scott_McClellan,Bill_Callahan,Laura_Hernandez,Yao_Ming,Justin_Leonard,Vaclav_Havel,David_Nalbandian,Gary_Carter,Peter_Greenaway
probe/Hamzah_Haz/Hamzah_Haz_0002.jpg,Hamzah_Haz,1,1.0,0.8400723934173584,0.8400723934173584,Hamzah_Haz,Megawati_Sukarnoputri,Hun_Sen,Edward_Lu,Flor_Montulo,Sam_Bith,Lee_Jun,Lee_Tae-sik,Anwar_Ibrahim,Prince_Naruhito,Angelo_Reyes,Jong_Thae_Hwa,Hitomi_Soga,Dalai_Lama,Hassan_Wirajuda,Hu_Jintao,Chung_Mong-joon,Liu_Mingkang,Ken_Watanabe,Dai_Bachtiar,Kim_Dae-jung,Shaukat_Aziz,Li_Peng,Joseph_Estrada,Wang_Yingfan,Yoko_Ono,Kim_Ryong-sung,Goh_Kun,Alejandro_Toledo,Mitoji_Yabunaka,Hichiro_Naemura,Freddy_Garcia,Thaksin_Shinawatra,Kim_Jong-Il,Jia_Qinglin,Michael_Chang,Jamling_Norgay,Heizo_Takenaka,Yasser_Arafat,Miguel_Contreras,Dennis_Kucinich,Ali_Abbas,Pedro_Malan,Lee_Hoi-chang,Aung_San_Suu_Kyi,Candie_Kung,Alimzhan_Tokhtakhounov,Vincent_Brooks,Kenneth_Evans,Tom_Cruise
probe/Hanan_Ashrawi/Hanan_Ashrawi_0002.jpg,Hanan_Ashrawi,1,1.0,0.8217484951019287,0.8217484951019287,Hanan_Ashrawi,Julie_Gerberding,Intisar_Ajouri,Gloria_Allred,Ann_Veneman,Donna_Shalala,Colin_Powell,Sophia_Loren,Fabiola_Zuluaga,Eduardo_Duhalde,Gianna_Angelopoulos-Daskalaki,Nancy_Pelosi,Stacy_Dragila,Judy_Genshaft,Martha_Burk,Magui_Serna,Geraldine_Chaplin,Hitomi_Soga,Annette_Lu,Silvan_Shalom,Laura_Hernandez,Christine_Gregoire,Rita_Wilson,Frank_Solich,Marcelo_Salas,Barbra_Streisand,Tom_Crean,Coretta_Scott_King,John_Walsh,Silvia_Farina_Elia,Sandra_Bullock,Vanessa_Incontrada,Steve_Spurrier,Thomas_OBrien,Raghad_Saddam_Hussein,Diana_Taurasi,Roman_Polanski,Silvio_Berlusconi,Biljana_Plavsic,Augusto_Roa_Bastos,George_Lopez,Doug_Duncan,Serena_Williams,Prince_Edward,Yoko_Ono,Ilan_Ramon,Hipolito_Mejia,Monica_Seles,Joe_Mantello,Shannon_OBrien
probe/Hannah_Stockbauer/Hannah_Stockbauer_0002.jpg,Hannah_Stockbauer,1,1.0,0.8683335781097412,0.8683335781097412,Hannah_Stockbauer,Meryl_Streep,Julianne_Moore,Judy_Genshaft,Hayley_Tullett,Paula_Radcliffe,James_Maguire,Celine_Dion,Helen_Clark,Marie-Reine_Le_Gougne,Serena_Williams,Art_Howe,Natalie_Coughlin,Jennifer_Rodriguez,Yao_Ming,Jodie_Foster,Melanie_Griffith,Lili_Taylor,Robin_McLaurin_Williams,Judi_Dench,Martina_McBride,Zhang_Ziyi,Beth_Jones,Penelope_Ann_Miller,Jon_Gruden,Michael_Chang,Bertrand_Bonello,Pamela_Anderson,Karin_Stoiber,Sarah_Jessica_Parker,Reese_Witherspoon,Bill_Simon,Yasar_Yakis,George_Roy_Hill,Tracee_Ellis_Ross,Alicia_Silverstone,Eva_Dimas,George_Robertson,Queen_Beatrix,Sue_Wicks,Eunice_Barber,Bill_Graham,Lea_Fastow,James_Franco,Dennis_Kucinich,Silvia_Farina_Elia,Claire_Hentzen,Carolyn_Dawn_Johnson,Rob_Schneider,Martha_Bowen
probe/Hans_Eichel/Hans_Eichel_0002.jpg,Hans_Eichel,1,1.0,0.8153272867202759,0.8153272867202759,Hans_Eichel,Abel_Pacheco,Dick_Cheney,John_Negroponte,Max_Mayfield,Fidel_Castro,Anthony_Hopkins,Robert_Duvall,Matthew_Perry,George_Brumley,Michael_J_Sheehan,John_Taylor,Mike_Price,Fred_Eckhard,Bobby_Goldwater,Chuck_Amato,Cruz_Bustamante,Paul_ONeill,Costas_Simitis,William_Bratton,Nabil_Shaath,Franko_Simatovic,Jean-Marc_de_La_Sabliere,Frank_Griswold,Bob_Hope,Masum_Turker,John_Howard,Saeb_Erekat,Bill_Gates,John_Snow,Goran_Persson,Arye_Mekel,Lon_Kruger,Natalie_Maines,Peter_Arnett,John_Rosa,Brian_Mulroney,Kristin_Davis,Charles_Schumer,Guillermo_Ortiz,Greg_Ostertag,Bill_Graham,Vidar_Helgesen,Robin_Cook,Gabriel_Valdes,John_McCallum,Len_Jenoff,Klaus_Zwickel,John_McCormack,Jeffrey_Archer
probe/Harbhajan_Singh/Harbhajan_Singh_0002.jpg,Harbhajan_Singh,1,1.0,0.897161066532135,0.897161066532135,Harbhajan_Singh,Osama_bin_Laden,Juan_Pablo_Montoya,Sourav_Ganguly,Nicolas_Lapentti,Hassan_Nasrallah,Manuel_Poggiali,Monica_Bellucci,Mohammad_Khatami,Ahmet_Necdet_Sezer,Abdullah,Freddy_Garcia,Yao_Ming,Marwan_Barghouthi,Anna_Kournikova,Johnny_Depp,Mike_Weir,Nadia_Petrova,Chen_Liang_Yu,Larry_Brown,Luis_Gonzalez_Macchi,Albert_Costa,Marco_Antonio_Barrera,Cameron_Diaz,Jennifer_Connelly,Arnaud_Clement,Emanuel_Ginobili,David_Heyman,Daisy_Fuentes,Jesse_James_Leija,Luiz_Felipe_Scolari,Fidel_Castro,Saeb_Erekat,Paula_Radcliffe,Ibrahim_Jaafari,Henrique_Meirelles,Larry_Johnson,Ali_Abbas,Saddam_Hussein,Thomas_Rupprath,Gunter_Pleuger,Arye_Mekel,Cristina_Fernandez,Christina_Aguilera,Nia_Vardalos,Juergen_Peters,Benjamin_Netanyahu,Vincent_Brooks,Sachiko_Yamada,Alexandra_Stevenson
probe/Harry_Belafonte/Harry_Belafonte_0002.jpg,Harry_Belafonte,1,1.0,0.8910377025604248,0.8910377025604248,Harry_Belafonte,Dalai_Lama,Jose_Serra,Larry_Brown,S_Jayakumar,Yasar_Yakis,John_Spencer,Bo_Ryan,Abdullah_al-Attiyah,GL_Peiris,Art_Howe,Leon_LaPorte,John_McEnroe,Francis_George,Hipolito_Mejia,Ralph_Lauren,John_Snow,Lloyd_Ward,Jorge_Batlle,John_Stallworth,Pascal_Quignard,OJ_Simpson,Jeffrey_Archer,Joe_Mantello,Martin_Verkerk,Larry_Coker,Justin_Guarini,Charlton_Heston,Thierry_Falise,Michael_Chiklis,Carlos_Ghosn,Geraldine_Chaplin,Omar_Sharif,Stephen_Friedman,Paul_Patton,Lord_Hutton,Donatella_Versace,Nia_Vardalos,Luis_Gonzalez_Macchi,Anibal_Ibarra,Nelson_Mandela,Raquel_Welch,Valery_Giscard_dEstaing,Roy_Moore,Dwayne_Johnson,Klaus_Zwickel,Patrick_Leahy,Sophia_Loren,Pascal_Lamy,Dai_Bachtiar
probe/Harry_Kalas/Harry_Kalas_0002.jpg,Harry_Kalas,1,1.0,0.7704821825027466,0.7704821825027466,Harry_Kalas,Hootie_Johnson,James_Kelly,Charles_Grassley,Jimmy_Carter,George_Pataki,James_Traficant,John_Timoney,Nicanor_Duarte_Frutos,Kenneth_Evans,Gary_Doer,Tom_Daschle,Jose_Manuel_Durao_Barroso,Alan_Mulally,Bobby_Robson,Boris_Yeltsin,Ernie_Eves,Fred_Eckhard,Larry_Lindsey,Dennis_Erickson,Alvaro_Noboa,George_Robertson,Gray_Davis,Ozzy_Osbourne,Lyle_Vanclief,Elsa_Zylberstein,George_Voinovich,John_Manley,John_Rigas,Prince_Willem-Alexander,Angelo_Reyes,Manfred_Stolpe,Lon_Kruger,Scott_McNealy,Sam_Bith,Charlton_Heston,Jeffrey_Jones,Jay_Garner,Billy_Sollie,Paul_Bremer,Angela_Lansbury,Antonio_Banderas,Marc_Grossman,Justin_Gatlin,Mikhail_Kasyanov,Jean-Claude_Braquet,Spencer_Abraham,Munir_Akram,Anthony_Hopkins,Guy_Ritchie
probe/Harry_Schmidt/Harry_Schmidt_0002.jpg,Harry_Schmidt,1,1.0,0.8620107173919678,0.8620107173919678,Harry_Schmidt,Alex_Penelas,Mike_Tyson,Jesse_James_Leija,Jason_Kidd,Evander_Holyfield,Alejandro_Toledo,Greg_Gilbert,Paul_Bremer,John_Malkovich,Bill_Graham,Vitali_Klitschko,Marco_Antonio_Barrera,Gary_Doer,Stephen_Friedman,Thomas_Fargo,Geno_Auriemma,Anibal_Ibarra,John_Abizaid,Brad_Johnson,Robert_Kocharian,Marat_Safin,James_Jones,Prince_Edward,Nick_Nolte,Ishaq_Shahryar,Peter_Hillary,Mikhail_Youzhny,Joe_Calzaghe,Gustavo_Kuerten,Charlton_Heston,Aaron_Sorkin,Stanley_McChrystal,Ron_Dittemore,Omar_Sharif,Oscar_De_La_Hoya,Thabo_Mbeki,Zoran_Djindjic,Joseph_Biden,Pete_Sampras,Vince_Carter,Tom_Brady,Mario_Dumont,Bruce_Weber,Jonathan_Edwards,Kalpana_Chawla,Jim_Harrick,Jim_Edmonds,Aleksander_Kwasniewski,Mohammad_Khatami
probe/Harvey_Weinstein/Harvey_Weinstein_0002.jpg,Harvey_Weinstein,1,1.0,0.8767392635345459,0.8767392635345459,Harvey_Weinstein,Mike_Holmgren,Chris_Cooper,Howard_Smith,Robert_Zoellick,Aleksander_Kwasniewski,Roy_Moore,John_Jumper,Paul_Bremer,Spencer_Abraham,John_Brady,Dai_Bachtiar,Prince_Edward,Bill_Simon,Tom_Crean,John_Malkovich,Harry_Schmidt,Tom_Brady,Nick_Nolte,Adrian_Nastase,Dave_Campo,Jack_Grubman,Bill_Graham,Damon_van_Dam,Michael_Douglas,Mike_Babcock,Jason_Alexander,Sean_Astin,Ilan_Ramon,Frank_Solich,James_Schultz,Bruce_Van_De_Velde,Gary_Williams,Kim_Dae-jung,Ron_Dittemore,Prince_Harry,Lloyd_Ward,Ricardo_Maduro,Jose_Dirceu,Edward_Lu,Pete_Rose,Jose_Manuel_Durao_Barroso,Steve_Park,Michael_Chiklis,Arnold_Palmer,Jacqueline_Obradors,Vidar_Helgesen,Bob_Hope,Brad_Johnson,Jon_Gruden
probe/Hashim_Thaci/Hashim_Thaci_0002.jpg,Hashim_Thaci,1,1.0,0.739142894744873,0.739142894744873,Hashim_Thaci,Todd_Haynes,Federico_Trillo,Alejandro_Avila,Darren_Clarke,Adrian_Nastase,Matthew_Perry,Joe_Mantello,Aldo_Paredes,Bijan_Namdar_Zangeneh,Hassan_Wirajuda,Michael_Chiklis,Lou_Piniella,Abdullah_al-Attiyah,Jamie_Villafane,Jimmy_Kimmel,Mario_Kreutzberger,Andy_Hebb,Jose_Serra,Georgi_Parvanov,Franco_Dragone,Mohammad_Khatami,Francis_George,Andrew_Niccol,Silvan_Shalom,Bill_Gates,Dai_Bachtiar,Oswaldo_Paya,Abdullah_Gul,Julianne_Moore,Justin_Guarini,John_Negroponte,Igor_Ivanov,Sourav_Ganguly,Alec_Baldwin,Jorge_Castaneda,Luis_Gonzalez_Macchi,Alexander_Rumyantsev,Shaukat_Aziz,Mikhail_Kasyanov,Harry_Belafonte,Bill_Simon,Leander_Paes,Larry_Lucchino,Hun_Sen,John_Manley,George_Lopez,Vincent_Brooks,Brian_Cowen,Darrell_Issa
probe/Hassan_Nasrallah/Hassan_Nasrallah_0002.jpg,Hassan_Nasrallah,1,1.0,0.8349692821502686,0.8349692821502686,Hassan_Nasrallah,Luciano_Pavarotti,Cruz_Bustamante,Pupi_Avati,Harbhajan_Singh,Mohammad_Khatami,Art_Hoffmann,Alejandro_Avila,Dino_de_Laurentis,Gerry_Adams,Ali_Khamenei,Abdullah_Gul,Sourav_Ganguly,Abdullah,Inam-ul-Haq,Osama_bin_Laden,Yao_Ming,Michel_Temer,Carmen_Electra,Juergen_Peters,Yasser_Arafat,Arye_Mekel,Len_Jenoff,Johnny_Depp,Jose_Sarney,Saddam_Hussein,Luis_Horna,Sean_Patrick_OMalley,Marwan_Barghouthi,Ibrahim_Jaafari,Alberto_Ruiz_Gallardon,Francis_Ford_Coppola,Jonathan_Mostow,Fidel_Castro,Gregory_Hines,Pedro_Solbes,Prince_Naruhito,Hisao_Oguchi,Luis_Gonzalez_Macchi,Olesya_Bonabarenko,Alexandra_Vodjanikova,George_Lopez,Kim_Ryong-sung,Angela_Lansbury,Spencer_Abraham,Juan_Pablo_Montoya,Paul_William_Hurley,Julio_Iglesias_Jr,John_Negroponte,Saeb_Erekat
probe/Hassan_Wirajuda/Hassan_Wirajuda_0002.jpg,Hassan_Wirajuda,1,1.0,0.8394525051116943,0.8394525051116943,Hassan_Wirajuda,Hun_Sen,Hamzah_Haz,Anwar_Ibrahim,Edward_Lu,Joseph_Estrada,Antony_Leung,Hu_Jintao,Hitomi_Soga,Bill_Gates,Dai_Bachtiar,Megawati_Sukarnoputri,David_Heymann,Igor_Ivanov,Jorge_Castaneda,Alvaro_Uribe,Begum_Khaleda_Zia,Prince_Naruhito,Charles_Kartman,Angelo_Reyes,Aung_San_Suu_Kyi,Sam_Bith,Lee_Tae-sik,Gerardo_Gambala,Alejandro_Toledo,Shaukat_Aziz,Ali_Abbas,Juan_Valencia_Osorio,Li_Peng,John_Allen_Muhammad,Anthony_Fauci,Vincent_Brooks,Nasser_al-Kidwa,Pedro_Malan,Masum_Turker,Nicanor_Duarte_Frutos,Bobby_Goldwater,Wang_Yingfan,Jean-Claude_Juncker,Kim_Jin-sun,Andy_Hebb,Liu_Mingkang,Munir_Akram,Jean-David_Levitte,Mitoji_Yabunaka,Todd_Haynes,Kim_Ryong-sung,Lee_Jun,John_Garamendi,Mohammad_Khatami
probe/Hayley_Tullett/Hayley_Tullett_0002.jpg,Hayley_Tullett,1,1.0,0.8276168704032898,0.8276168704032898,Hayley_Tullett,Silvia_Farina_Elia,Anna_Kournikova,Claire_Hentzen,Conchita_Martinez,Meghann_Shaughnessy,Nadia_Petrova,Martina_Hingis,Stacy_Dragila,Paula_Radcliffe,Blythe_Hartley,Marlene_Weingartner,Diana_Taurasi,Magui_Serna,Carolina_Moraes,Daniela_Hantuchova,Cathy_Freeman,Iva_Majoli,Martha_Bowen,David_Coulthard,Hillary_Clinton,Natalie_Coughlin,Guillermo_Coria,Lou_Piniella,Jennifer_Aniston,Jennifer_Rodriguez,Lindsay_Davenport,James_Schultz,Luis_Figo,Justin_Leonard,Monica_Seles,Jason_Lezak,Elisabeth_Schumacher,Eve_Pelletier,Ann_Veneman,Amanda_Coetzer,Alan_Mulally,Silvan_Shalom,Art_Howe,Serena_Williams,Jennifer_Thompson,Eunice_Barber,Arantxa_Sanchez-Vicario,Dorthy_Moxley,Marat_Safin,Vanessa_Incontrada,Oswaldo_Paya,Fabiola_Zuluaga,John_Abizaid,Kelli_White
probe/Hector_Babenco/Hector_Babenco_0002.jpg,Hector_Babenco,1,1.0,0.8042488098144531,0.8042488098144531,Hector_Babenco,Job_Cohen,Fidel_Castro,Juergen_Peters,William_Bratton,Boris_Berezovsky,Igor_Ivanov,Robert_Kocharian,Fayssal_Mekdad,Kevin_Spacey,Iain_Duncan_Smith,Pedro_Solbes,Garry_Kasparov,Mohammad_Khatami,Art_Howe,Ibrahim_Jaafari,John_Negroponte,Costas_Simitis,Gregory_Geoffroy,James_Cunningham,Carlos_Bianchi,William_Hochul,Martina_Hingis,Peter_Arnett,Anders_Fogh_Rasmussen,Silvan_Shalom,James_Gandolfini,Pete_Sampras,Bernard_Lord,Emanuel_Ginobili,Charles_Schumer,Scott_McClellan,Nestor_Kirchner,Alejandro_Atchugarry,Carlos_Ghosn,Ben_Curtis,Stephen_Friedman,Marwan_Barghouthi,Alvaro_Uribe,Jason_Alexander,Demetrius_Ferraciu,Jose_Serra,Bob_Beauprez,Jim_Furyk,Nasser_al-Kidwa,Pascal_Lamy,Daniel_Day-Lewis,Luis_Gonzalez_Macchi,Barry_Alvarez,Leon_LaPorte
probe/Heidi_Fleiss/Heidi_Fleiss_0002.jpg,Heidi_Fleiss,1,1.0,0.6230243444442749,0.6230243444442749,Heidi_Fleiss,Igor_Ivanov,Lauren_Hutton,Vanessa_Incontrada,Ann_Veneman,Donatella_Versace,Amanda_Beard,Carmen_Electra,Vladimir_Putin,Vanessa_Williams,Jefferson_Perez,Julie_Gerberding,Geraldine_Chaplin,Gisele_Bundchen,Pedro_Malan,Jennifer_Aniston,Goldie_Hawn,Cameron_Diaz,George_Voinovich,Lloyd_Ward,Laura_Hernandez,Art_Howe,Adolfo_Rodriguez_Saa,Natalie_Coughlin,Paul_Patton,Denise_Johnson,Jesse_Jackson,Julianne_Moore,George_Roy_Hill,Carlos_Ghosn,Elisabeth_Schumacher,Jennifer_Lopez,Martina_McBride,Martin_Verkerk,Aaron_Sorkin,Sophia_Loren,Lauren_Killian,Joe_Mantello,Larry_Brown,Nancy_Pelosi,Pascal_Lamy,Antony_Leung,Valery_Giscard_dEstaing,Vitali_Klitschko,John_Wolf,Ron_Dittemore,Lili_Taylor,Mary_Tyler_Moore,Geoff_Hoon,William_Ford_Jr
probe/Heizo_Takenaka/Heizo_Takenaka_0002.jpg,Heizo_Takenaka,1,1.0,0.9337437152862549,0.9337437152862549,Heizo_Takenaka,Prince_Naruhito,Mitoji_Yabunaka,Chang_Dae-whan,Megawati_Sukarnoputri,Hu_Jintao,Jackie_Chan,Nicanor_Duarte_Frutos,Kim_Dae-jung,Gary_Locke,Lee_Tae-sik,Lee_Jun,Candie_Kung,Jia_Qinglin,Hichiro_Naemura,Stanley_Tong,Li_Peng,Yoko_Ono,Chung_Mong-hun,Chung_Mong-joon,Flor_Montulo,George_Lopez,Kim_Ryong-sung,Yao_Ming,Jong_Thae_Hwa,Hilmi_Ozkok,Alimzhan_Tokhtakhounov,Goldie_Hawn,Saparmurat_Niyazov,Eduardo_Duhalde,Sachiko_Yamada,Saddam_Hussein,Hisao_Oguchi,Edward_Lu,Thaksin_Shinawatra,Michael_Chang,Taufik_Hidayat,Eddy_Merckx,Goh_Kun,Lee_Hoi-chang,Jamling_Norgay,Trent_Lott,Hun_Sen,Dick_Clark,Alberto_Fujimori,Dennis_Kucinich,Kim_Jin-sun,Lim_Dong-won,Pamela_Anderson,Hideki_Matsui
probe/Helen_Clark/Helen_Clark_0002.jpg,Helen_Clark,1,1.0,0.8722270727157593,0.8722270727157593,Helen_Clark,Kathleen_Kennedy_Townsend,Claire_Leger,Sheila_Copps,Arianna_Huffington,Isabelle_Huppert,Ann_Veneman,Biljana_Plavsic,Conchita_Martinez,Julianne_Moore,Kathy_Winters,Princess_Aiko,Priscilla_Owen,Daryl_Hannah,Cameron_Diaz,Thierry_Falise,Elinor_Caplan,Martha_Burk,Nia_Vardalos,Serena_Williams,LeBron_James,Margaret_Thatcher,Beth_Jones,David_Kelley,Guillaume_Soro,Charlotte_Rampling,Pascal_Lamy,Venus_Williams,Pedro_Solbes,Leslie_Ann_Woodward,Celso_Amorim,Joan_Claybrook,Hillary_Clinton,Martina_McBride,Bud_Selig,Bill_Nelson,Judi_Dench,Begum_Khaleda_Zia,Marco_Antonio_Barrera,James_Kopp,Jean_Brumley,Francis_Mer,Robert_Duvall,Joseph_Deiss,Queen_Beatrix,Anneli_Jaatteenmaki,Dennis_Kucinich,Janet_Thorpe,Prince_Willem-Alexander,Elizabeth_Dole
probe/Henrique_Meirelles/Henrique_Meirelles_0002.jpg,Henrique_Meirelles,1,1.0,0.7529182434082031,0.7529182434082031,Henrique_Meirelles,John_Howard,Igor_Ivanov,GL_Peiris,Larry_Brown,Jorge_Batlle,Hipolito_Mejia,Silvio_Berlusconi,Kim_Jong-Il,Ferenc_Madl,Paul_Patton,Jorge_Castaneda,Silvan_Shalom,Jose_Serra,Carlos_Bianchi,Colin_Powell,Jimmy_Carter,Pascal_Lamy,Paul_ONeill,Jay_Rasulo,Juan_Valencia_Osorio,John_Snow,Blythe_Danner,Sally_Kirkland,John_Negroponte,Mohamed_Benaissa,Patrick_Leahy,Lino_Oviedo,Adolfo_Rodriguez_Saa,Nabil_Shaath,Lily_Tomlin,Manfred_Stolpe,Megawati_Sukarnoputri,Jack_Straw,Chok_Tong_Goh,Miguel_Contreras,Robin_Cook,Francis_George,Dalai_Lama,Antony_Leung,Gao_Qiang,Peter_Arnett,Mary_Landrieu,Costas_Simitis,Xanana_Gusmao,Benjamin_Netanyahu,Julie_Taymor,Harry_Belafonte,Eddy_Merckx,Franz_Beckenbauer
probe/Herb_Sendek/Herb_Sendek_0002.jpg,Herb_Sendek,1,1.0,0.8906876444816589,0.8906876444816589,Herb_Sendek,Silvio_Berlusconi,Yao_Ming,Justin_Leonard,Bo_Pelini,John_Brady,Frank_Solich,Roy_Moore,Pascal_Lamy,Benjamin_Netanyahu,Jack_Grubman,Roy_Williams,Johnny_Carson,Andrew_Cuomo,Ray_Nagin,Dennis_Powell,Mark_Heller,Silvan_Shalom,Gregg_Popovich,Prince_Edward,Kiki_Vandeweghe,Bill_Parcells,Jose_Dirceu,Bill_Belichick,Larry_Lucchino,Larry_Brown,Emile_Lahoud,Pascal_Quignard,Anna_Kournikova,Ricky_Ponting,Mack_Brown,Iain_Duncan_Smith,Gary_Williams,David_Heymann,Gian_Marco,Luis_Horna,Donald_Evans,Vladimir_Putin,Jamie_Villafane,Igor_Ivanov,Thomas_Fargo,Paul_ONeill,Greg_Rusedski,Phil_Mickelson,Silvia_Farina_Elia,John_Negroponte,Zoran_Djindjic,Kevin_Stallings,John_Abizaid,Thomas_OBrien
probe/Hermann_Maier/Hermann_Maier_0002.jpg,Hermann_Maier,1,1.0,0.6539008617401123,0.6539008617401123,Hermann_Maier,Luke_Walton,Brendan_Hansen,Marcus_Gronholm,Stanley_McChrystal,David_Caraway,Roy_Moore,Yao_Ming,Dennis_Kucinich,Jon_Gruden,Barry_Zito,David_Nalbandian,Dale_Earnhardt_Jr,Doug_Collins,Sean_Astin,Peter_Hillary,David_Bell,Alastair_Campbell,Michael_Ballack,Ricky_Barnes,John_Snow,John_Brady,Luis_Figo,Tom_Glavine,Gary_Carter,Guido_Westerwelle,Jan_Ullrich,Aron_Ralston,Elizabeth_Smart,Alan_Mulally,John_Wolf,Prince_Harry,Aitor_Gonzalez,Geraldine_Chaplin,Joe_Nichols,Bud_Selig,Yevgeny_Kafelnikov,Thomas_Rupprath,James_Kopp,Paul_Byrd,Paul-Henri_Mathieu,Jennifer_Lopez,Guillermo_Coria,Jason_Kidd,Madonna,Christina_Aguilera,Tom_Crean,Robert_Zoellick,Tim_Allen,John_Reilly
probe/Herta_Daeubler-Gmelin/Herta_Daeubler-Gmelin_0002.jpg,Herta_Daeubler-Gmelin,1,1.0,0.8757578134536743,0.8757578134536743,Herta_Daeubler-Gmelin,Gro_Harlem_Brundtland,Jean_Brumley,Lindsay_Davenport,Rick_Romley,Elinor_Caplan,Sheila_Copps,Anneli_Jaatteenmaki,Karin_Stoiber,Goran_Persson,Meryl_Streep,Kathleen_Kennedy_Townsend,Margaret_Thatcher,Nestor_Kirchner,Angela_Lansbury,Paul_McCartney,Elizabeth_Dole,Debra_Brown,Joseph_Blatter,Queen_Beatrix,Len_Jenoff,Lynn_Abraham,Lynne_Cheney,Jose_Viegas_Filho,Jolanta_Kwasniewski,Charlotte_Rampling,Betsy_Smith,Bob_Hope,Venus_Williams,Biljana_Plavsic,Shannon_OBrien,Dorthy_Moxley,Julie_Gerberding,Diane_Green,Robin_McLaurin_Williams,Helen_Clark,Dick_Vermeil,Martha_Burk,Slobodan_Milosevic,Robert_Zoellick,George_Karl,Lindsay_Benko,Nelson_Mandela,Claire_Leger,Mike_Holmgren,Joan_Claybrook,Dennis_Erickson,Chanda_Rubin,Francis_Mer,Lon_Kruger
probe/Hichiro_Naemura/Hichiro_Naemura_0002.jpg,Hichiro_Naemura,1,1.0,0.7803937792778015,0.7803937792778015,Hichiro_Naemura,Joseph_Estrada,Chen_Liang_Yu,Li_Peng,Valery_Giscard_dEstaing,Yoko_Ono,Pedro_Malan,Goh_Kun,Yasser_Arafat,Kim_Dae-jung,Hu_Jintao,Hassan_Wirajuda,Bud_Selig,Hun_Sen,Antony_Leung,Anneli_Jaatteenmaki,Lee_Hoi-chang,Kim_Jong-Il,Lee_Tae-sik,Charlton_Heston,Mitoji_Yabunaka,Franz_Muentefering,Lee_Jun,Jong_Thae_Hwa,Jorge_Castaneda,Alejandro_Toledo,Edward_Lu,Christopher_Walken,Christine_Gregoire,Alberto_Fujimori,Liu_Mingkang,Kim_Ryong-sung,Franko_Simatovic,Wang_Yingfan,Chang_Dae-whan,Kim_Jin-sun,Bill_Gates,Chung_Mong-joon,Nancy_Pelosi,Lauren_Hutton,Vladimir_Putin,Bernard_Landry,Sam_Bith,Gerry_Parsky,Bob_Hope,Jimmy_Carter,Ken_Watanabe,George_Roy_Hill,Monica_Bellucci,Pupi_Avati
probe/Hideki_Matsui/Hideki_Matsui_0002.jpg,Hideki_Matsui,1,1.0,0.7374359369277954,0.7374359369277954,Hideki_Matsui,Kim_Ryong-sung,Jackie_Chan,Goh_Kun,Chung_Mong-hun,Chung_Mong-joon,Thaksin_Shinawatra,Heizo_Takenaka,Michael_Chang,Lee_Hoi-chang,Lee_Jun,Candie_Kung,Yao_Ming,Taufik_Hidayat,Chang_Dae-whan,Prince_Naruhito,Jong_Thae_Hwa,Jia_Qinglin,Kim_Jin-sun,Hichiro_Naemura,Kim_Dae-jung,Stanley_Tong,Ken_Watanabe,Pete_Sampras,Gao_Qiang,Li_Peng,Edward_Lu,Dalai_Lama,Jonathan_Edwards,Mathias_Reichhold,Kim_Jong-Il,Tim_Allen,Liu_Mingkang,Yoko_Ono,Lee_Tae-sik,Jamling_Norgay,Antony_Leung,Tom_Daschle,Wang_Yingfan,Johnson_Panjaitan,Tom_Cruise,William_Bratton,Dennis_Kucinich,Sachiko_Yamada,Alejandro_Toledo,Joerg_Haider,Alberto_Fujimori,Hisao_Oguchi,Anders_Fogh_Rasmussen,Sophia_Loren
probe/Hillary_Clinton/Hillary_Clinton_0002.jpg,Hillary_Clinton,1,1.0,0.8646732568740845,0.8646732568740845,Hillary_Clinton,Paula_Radcliffe,Shannon_OBrien,Jean_Carnahan,Nancy_Pelosi,Amanda_Coetzer,Edie_Falco,Barbara_Brezigar,Dorthy_Moxley,Gerard_Depardieu,Chung_Mong-joon,Jose_Mourinho,Doris_Schroeder,Elizabeth_Dole,Lino_Oviedo,Jo_Dee_Messina,Christina_Aguilera,Yoko_Ono,Cameron_Diaz,Kim_Dae-jung,Olivia_Newton-John,Alison_Lohman,Celine_Dion,Jane_Pauley,Li_Peng,Madonna,Silvio_Berlusconi,Kim_Jong-Il,Thaksin_Shinawatra,Lee_Tae-sik,Pat_Cox,Fidel_Castro,Alberto_Fujimori,Julie_Taymor,Michelle_Pfeiffer,Lauren_Hutton,Nestor_Kirchner,Butch_Davis,Wang_Yingfan,Julianne_Moore,Jennifer_Aniston,Billy_Sollie,Phil_Vassar,Jia_Qinglin,Goldie_Hawn,Doris_Roberts,Kristanna_Loken,Ellen_Engleman,Hu_Jintao,Coretta_Scott_King
probe/Hilmi_Ozkok/Hilmi_Ozkok_0002.jpg,Hilmi_Ozkok,1,1.0,0.904768705368042,0.904768705368042,Hilmi_Ozkok,Lim_Dong-won,Robert_Kocharian,Lee_Hoi-chang,Robert_Mugabe,Saddam_Hussein,Cesar_Maia,Li_Peng,Job_Cohen,Hu_Jintao,Heizo_Takenaka,Boris_Berezovsky,Guillermo_Ortiz,Bob_Beauprez,David_Dodge,Alberto_Fujimori,Pete_Sampras,Mohammad_Khatami,Carlos_Ghosn,Albert_Costa,Nia_Vardalos,Margaret_Thatcher,Saparmurat_Niyazov,Alvaro_Uribe,Jorge_Batlle,Fayssal_Mekdad,Yoko_Ono,Joseph_Deiss,John_Howard,Franz_Muentefering,Silvio_Berlusconi,Dick_Clark,Paul_ONeill,Costas_Simitis,Carlos_Quintanilla_Schmidt,Gloria_Macapagal_Arroyo,Pedro_Malan,Lino_Oviedo,Mitoji_Yabunaka,Hichiro_Naemura,Robert_Mueller,Kim_Dae-jung,Jean-Marc_de_La_Sabliere,Anders_Fogh_Rasmussen,Nicanor_Duarte_Frutos,Kemal_Dervis,Lynn_Abraham,Imad_Moustapha,Gary_Locke,Kim_Ryong-sung
probe/Hipolito_Mejia/Hipolito_Mejia_0002.jpg,Hipolito_Mejia,1,1.0,0.9147378206253052,0.9147378206253052,Hipolito_Mejia,John_Snow,Larry_Brown,Paul_Patton,Mike_Price,John_Howard,Patrick_Leahy,William_Martin,Silvio_Berlusconi,Silvan_Shalom,Cruz_Bustamante,John_McEnroe,Guillermo_Ortiz,Warren_Buffett,Robert_Bonner,Bernard_Landry,Jose_Serra,Carlos_Ghosn,Jose_Dirceu,Nasser_al-Kidwa,Manfred_Stolpe,Peter_Struck,Jay_Rasulo,Costas_Simitis,Trent_Lott,Geraldine_Chaplin,Jose_Sarney,Henrique_Meirelles,Pat_Cox,Dick_Cheney,Job_Cohen,Jorge_Batlle,Leszek_Miller,Michael_J_Sheehan,George_Ryan,George_Karl,Sandra_Bullock,Francis_George,Pedro_Solbes,Hans_Eichel,Pascal_Quignard,Nia_Vardalos,Luis_Gonzalez_Macchi,Elisabeth_Schumacher,Ernie_Fletcher,Jeffrey_Archer,Paul_ONeill,Dave_Campo,Cesar_Maia,Colin_Powell
probe/Hisao_Oguchi/Hisao_Oguchi_0002.jpg,Hisao_Oguchi,1,1.0,0.7280458211898804,0.7280458211898804,Hisao_Oguchi,Nicolas_Lapentti,Mike_Weir,Heizo_Takenaka,Taufik_Hidayat,Kim_Ryong-sung,Nancy_Pelosi,Jackie_Chan,Stanley_Tong,Michael_Chang,Eddy_Merckx,Candie_Kung,Hu_Jintao,Paul_William_Hurley,Yao_Ming,Kristanna_Loken,Daniela_Hantuchova,George_Lopez,Julio_Iglesias_Jr,LeBron_James,Rita_Moreno,Silvio_Berlusconi,Wang_Yingfan,Edward_Lu,Sourav_Ganguly,Imad_Moustapha,Gerardo_Gambala,Kosuke_Kitajima,Yoko_Ono,Jodie_Foster,Megawati_Sukarnoputri,Carlos_Ghosn,Martina_Hingis,Nestor_Kirchner,Augustin_Calleri,Paul-Henri_Mathieu,Mario_Dumont,Hichiro_Naemura,Gary_Locke,Mary_Carey,Nora_Bendijo,Prince_Naruhito,Abdullah_Gul,Hillary_Clinton,Adam_Scott,Justin_Leonard,Gao_Qiang,Vincent_Brooks,Leander_Paes,Lord_Hutton
probe/Hitomi_Soga/Hitomi_Soga_0002.jpg,Hitomi_Soga,1,1.0,0.842644453048706,0.842644453048706,Hitomi_Soga,Gloria_Macapagal_Arroyo,Aung_San_Suu_Kyi,Megawati_Sukarnoputri,Flor_Montulo,Begum_Khaleda_Zia,Annette_Lu,Jong_Thae_Hwa,Nora_Bendijo,Alejandro_Toledo,Hamzah_Haz,Sachiko_Yamada,Hassan_Wirajuda,Edward_Lu,Carol_Moseley_Braun,Yoko_Ono,Mitoji_Yabunaka,Kim_Jong-Il,Jennifer_Rodriguez,Zhang_Ziyi,Bobby_Goldwater,Kwon_Yang-sook,Intisar_Ajouri,Susan_Collins,Coretta_Scott_King,Michael_Chang,Jackie_Chan,Igor_Ivanov,Lily_Tomlin,Julie_Gerberding,Lee_Jun,Ann_Veneman,Rob_Schneider,Pedro_Malan,Goh_Kun,Princess_Aiko,Judy_Genshaft,Candie_Kung,Kim_Dae-jung,Thomas_OBrien,Jolanta_Kwasniewski,Lee_Tae-sik,Yukiko_Okudo,Yao_Ming,Nancy_Pelosi,Biljana_Plavsic,Hanan_Ashrawi,Prince_Naruhito,Nabil_Shaath,Chung_Mong-joon
probe/Hootie_Johnson/Hootie_Johnson_0002.jpg,Hootie_Johnson,2,0.5,0.6411876678466797,0.6390656232833862,Tom_Daschle,Hootie_Johnson,Bill_Gates,Trent_Lott,David_Trimble,James_Kelly,Bud_Selig,Nicanor_Duarte_Frutos,James_Kopp,Charlton_Heston,Bill_Simon,John_Manley,Richard_Gephardt,Marc_Grossman,Fred_Eckhard,Tom_Craddick,George_Voinovich,Franz_Muentefering,Gray_Davis,Vaclav_Havel,David_Leahy,Dennis_Erickson,Dick_Vermeil,Robert_DeFraites,Jean-David_Levitte,Pedro_Malan,Ron_Dittemore,William_Ford_Jr,Michael_Kostelnik,George_Pataki,Paul_Bremer,Paul_McNulty,Christian_Wulff,Charles_Grassley,Jean-Claude_Juncker,Ernesto_Zedillo,Jose_Sarney,Mikhail_Kasyanov,Bernard_Landry,Andrew_Bunner,Guido_Westerwelle,Lyle_Vanclief,Eric_Clapton,Jack_Straw,James_Traficant,Paul_ONeill,Alexander_Rumyantsev,Hu_Jintao,Roman_Polanski,Ernie_Fletcher
probe/Howard_Dean/Howard_Dean_0002.jpg,Howard_Dean,1,1.0,0.9268493056297302,0.9268493056297302,Howard_Dean,Thomas_Fargo,Peter_Harrison,Roy_Williams,Robert_Bonner,Joseph_Biden,Richard_Gephardt,Vaclav_Havel,Manfred_Stolpe,Gray_Davis,Jay_Garner,Paul_William_Hurley,John_Walsh,Mark_Warner,Bill_Parcells,John_Rigas,Frank_Solich,Lou_Piniella,Gregg_Popovich,Bruce_Van_De_Velde,James_Morris,John_Manley,Lord_Hutton,Bill_Graham,Alexander_Losyukov,Warren_Buffett,Doug_Collins,Valdas_Adamkus,Dave_Campo,Owen_Wilson,William_Ford_Jr,Larry_Lindsey,John_Abizaid,Geoff_Hoon,Billy_Graham,Frank_Lautenberg,Leon_LaPorte,Dick_Clark,Johnny_Carson,James_Smith,Yasar_Yakis,Franz_Beckenbauer,Ralph_Lauren,James_Jones,John_Howard,Mike_Price,Barry_Alvarez,Matt_Doherty,John_Spencer,Nick_Nolte
probe/Howard_Schultz/Howard_Schultz_0002.jpg,Howard_Schultz,1,1.0,0.7941327095031738,0.7941327095031738,Howard_Schultz,Jorge_Valdano,Ian_Thorpe,Bobby_Goldwater,Jack_Grubman,John_Kerry,Alejandro_Toledo,Andrew_Cuomo,Bill_Belichick,Eve_Pelletier,John_Rosa,Bo_Pelini,Donald_Evans,Yao_Ming,Sean_Penn,Jim_Furyk,Eric_Hinske,Gerry_Parsky,David_Heymann,Robbie_Fowler,Paul_ONeill,Jason_Alexander,Leslie_Moonves,David_Nalbandian,Alejandro_Atchugarry,Tomoko_Hagiwara,Michael_Douglas,Matthew_Perry,Robert_Stack,Kirk_Ferentz,Greg_Owen,Ricardo_Maduro,Mark_Geragos,Alejandro_Avila,Phil_Mickelson,Francis_Mer,Dennis_Kucinich,Al_Davis,Emile_Lahoud,Charles_Schumer,Amelia_Vega,Anibal_Ibarra,Mohammad_Khatami,Jennifer_Aniston,Nestor_Kirchner,Silvio_Berlusconi,Costas_Simitis,William_Ford_Jr,Lon_Kruger,John_Brady
probe/Howard_Smith/Howard_Smith_0002.jpg,Howard_Smith,1,1.0,0.6662915945053101,0.6662915945053101,Howard_Smith,Steve_Park,Gil_de_Ferran,Robert_Zoellick,Duane_Lee_Chapman,John_Snow,James_Schultz,Guillermo_Coria,Robert_Bonner,Paul_Byrd,James_Kelly,Lou_Piniella,Jonathan_Mostow,Richard_Gephardt,Silvio_Berlusconi,Roy_Moore,William_Martin,Alvaro_Noboa,Eric_Rosser,Don_Nickles,Yasser_Arafat,Gray_Davis,Vaclav_Havel,Ricky_Ponting,Gary_Carter,George_Foreman,Slobodan_Milosevic,Joe_Dumars,Billy_Sollie,Thomas_Fargo,John_Jumper,Hipolito_Mejia,Richard_Norton-Taylor,George_Karl,Jim_Edmonds,Jeffrey_Archer,Tom_Brady,Richard_Branson,Tom_Daschle,Pascal_Quignard,Yao_Ming,Jay_Garner,Brian_Wells,Aitor_Gonzalez,John_Reilly,Manfred_Stolpe,Rick_Romley,Frank_Solich,Thomas_Birmingham,Morgan_Freeman
probe/Hu_Jintao/Hu_Jintao_0002.jpg,Hu_Jintao,1,1.0,0.8704771995544434,0.8704771995544434,Hu_Jintao,Antony_Leung,Kim_Jin-sun,Lim_Dong-won,Kim_Ryong-sung,Jia_Qinglin,Kim_Dae-jung,Yoko_Ono,Lee_Hoi-chang,Chang_Dae-whan,Li_Peng,Gary_Locke,Liu_Mingkang,Hichiro_Naemura,Chen_Liang_Yu,Annette_Lu,Munir_Akram,Lee_Tae-sik,Alimzhan_Tokhtakhounov,Alberto_Fujimori,Thaksin_Shinawatra,Chung_Mong-hun,Gao_Qiang,Hun_Sen,Alejandro_Toledo,Kim_Jong-Il,Jorge_Castaneda,Jong_Thae_Hwa,Nicanor_Duarte_Frutos,Prince_Naruhito,Megawati_Sukarnoputri,Angelo_Reyes,Heizo_Takenaka,Lee_Jun,Michael_Chang,Wang_Yingfan,Candie_Kung,Jackie_Chan,Alberto_Ruiz_Gallardon,George_Robertson,Goh_Kun,Hassan_Wirajuda,Stanley_Tong,Mitoji_Yabunaka,Arye_Mekel,Saddam_Hussein,David_Trimble,Edward_Lu,Charles_Kartman,Saparmurat_Niyazov
probe/Hun_Sen/Hun_Sen_0002.jpg,Hun_Sen,1,1.0,0.8392322063446045,0.8392322063446045,Hun_Sen,Hu_Jintao,Dai_Bachtiar,Jia_Qinglin,Johnson_Panjaitan,Lee_Jun,Li_Peng,Kim_Dae-jung,Megawati_Sukarnoputri,Kim_Jin-sun,Sam_Bith,Lee_Hoi-chang,Lee_Tae-sik,Angelo_Reyes,Gary_Locke,OJ_Simpson,Lana_Clarkson,Dalai_Lama,Edward_Lu,Tom_Daschle,Trent_Lott,Kim_Jong-Il,Tim_Allen,GL_Peiris,Anwar_Ibrahim,Dennis_Kucinich,Saparmurat_Niyazov,Kim_Ryong-sung,Hichiro_Naemura,Antony_Leung,Juan_Valencia_Osorio,Alberto_Fujimori,Miguel_Contreras,Hamzah_Haz,Lim_Dong-won,James_Kelly,John_Allen_Muhammad,Alejandro_Toledo,Hassan_Wirajuda,Spencer_Abraham,Chung_Mong-hun,Joseph_Estrada,Thaksin_Shinawatra,Vincent_Brooks,Michael_Chang,Robert_DeFraites,Yao_Ming,John_Rosa,Nicanor_Duarte_Frutos,Saddam_Hussein
probe/Iain_Duncan_Smith/Iain_Duncan_Smith_0002.jpg,Iain_Duncan_Smith,1,1.0,0.8845104575157166,0.8845104575157166,Iain_Duncan_Smith,Slobodan_Milosevic,James_Cunningham,Juergen_Peters,Leon_LaPorte,Yasar_Yakis,Ahmet_Necdet_Sezer,Hector_Babenco,Job_Cohen,Jay_Rasulo,William_Bratton,Benjamin_Netanyahu,Pascal_Lamy,Jose_Serra,Kemal_Dervis,Guy_Hemmings,Scott_McClellan,Gil_de_Ferran,Igor_Ivanov,Jason_Alexander,Nia_Vardalos,Daniel_Day-Lewis,Lou_Piniella,Phil_Mickelson,John_McEnroe,Pascal_Quignard,Paul_ONeill,Ray_Nagin,John_Negroponte,Carolyn_Dawn_Johnson,Abdullah_Gul,William_Hochul,Butch_Davis,George_Karl,Costas_Simitis,Carlos_Bianchi,Juan_Pablo_Montoya,Venus_Williams,David_Wolf,Dalai_Lama,Pedro_Solbes,Michael_J_Sheehan,Chris_Bell,John_Howard,Larry_Brown,Shaukat_Aziz,Saeb_Erekat,Dick_Cheney,Robert_Bonner,Luis_Gonzalez_Macchi
probe/Ian_McKellen/Ian_McKellen_0002.jpg,Ian_McKellen,1,1.0,0.5922614336013794,0.5922614336013794,Ian_McKellen,Franz_Muentefering,Jean-Claude_Braquet,Jack_Straw,Nicanor_Duarte_Frutos,Gary_Doer,Hootie_Johnson,Ronald_Reagan,Jackie_Chan,Eduardo_Duhalde,Nestor_Kirchner,Liu_Mingkang,Kim_Dae-jung,Pamela_Anderson,Elsa_Zylberstein,Alejandro_Toledo,Hu_Jintao,Robert_De_Niro,Charles_Grassley,Claire_Danes,Heizo_Takenaka,Bud_Selig,Hillary_Clinton,Trent_Lott,Tony_Bennett,George_Voinovich,Eddy_Merckx,Bobby_Robson,Chung_Mong-joon,Simon_Cowell,David_Leahy,Lino_Oviedo,Gary_Locke,Juan_Valencia_Osorio,Thaksin_Shinawatra,Wang_Yingfan,Kathleen_Kennedy_Townsend,Yoko_Ono,Gary_Forsee,Jia_Qinglin,Dennis_Kucinich,Tim_Allen,Jean-Claude_Trichet,Eddie_Sutton,Kwon_Yang-sook,Saddam_Hussein,Dick_Clark,Michelle_Yeoh,Vaclav_Havel,Frank_Griswold
probe/Ian_Thorpe/Ian_Thorpe_0002.jpg,Ian_Thorpe,1,1.0,0.789924681186676,0.789924681186676,Ian_Thorpe,Zarai_Toledo,Johnny_Unitas,Bode_Miller,Taufik_Hidayat,Jose_Manuel_Durao_Barroso,James_Blake,Adam_Scott,Aldo_Paredes,John_Allen_Muhammad,Alejandro_Toledo,Jamling_Norgay,Jude_Law,Vincent_Brooks,Biljana_Plavsic,Luke_Walton,Bill_Gates,Noah_Wyle,Ali_Abbas,Michael_Chang,Kosuke_Kitajima,Cristina_Fernandez,Kristin_Davis,Bob_Geldof,Julianne_Moore,Gerardo_Gambala,Gloria_Macapagal_Arroyo,Hitomi_Soga,Adolfo_Aguilar_Zinser,Andy_Hebb,Julie_Gerberding,Jean_Carnahan,Frank_Cassell,Benazir_Bhutto,David_Nalbandian,Prince_Harry,Lynn_Abraham,Keira_Knightley,Ferenc_Madl,William_Ford_Jr,Yevgeny_Kafelnikov,Jack_Grubman,Robbie_Fowler,Mark_Heller,Paul_Bremer,Ahmad_Masood,Claire_Danes,Elsa_Zylberstein,Nestor_Kirchner,Richard_Krajicek
probe/Iban_Mayo/Iban_Mayo_0002.jpg,Iban_Mayo,1,1.0,0.7286351919174194,0.7286351919174194,Iban_Mayo,Bode_Miller,Jan_Ullrich,Adam_Scott,Emanuel_Ginobili,Stacy_Dragila,Mathias_Reichhold,James_Franco,Ian_Thorpe,Jim_Furyk,Mike_Weir,Robby_Ginepri,Vanessa_Incontrada,Anders_Fogh_Rasmussen,Steven_Spielberg,Emma_Thompson,Peter_Struck,Alvaro_Uribe,Brian_Heidik,Thomas_Rupprath,Luis_Horna,Martin_Verkerk,Janica_Kostelic,Lili_Taylor,Geraldine_Chaplin,Bill_Graham,Heidi_Fleiss,William_Bratton,Jorge_Arce,Martha_Bowen,Michael_Chang,Jefferson_Perez,Gisele_Bundchen,Arnaud_Clement,Guillermo_Ortiz,Yevgeny_Kafelnikov,Barrett_Jackman,Lisa_Raymond,John_Howard,Daniel_Day-Lewis,Brendan_Hansen,Justin_Leonard,Keira_Knightley,Hector_Babenco,Lindsay_Benko,Barbara_Walters,Justine_Henin,Padraig_Harrington,Dave_Campo,Bertrand_Bonello
probe/Ibrahim_Jaafari/Ibrahim_Jaafari_0002.jpg,Ibrahim_Jaafari,1,1.0,0.9096869826316833,0.9096869826316833,Ibrahim_Jaafari,Fidel_Castro,Mohammad_Khatami,Jonathan_Mostow,Luis_Gonzalez_Macchi,Yasser_Arafat,Xanana_Gusmao,Eric_Rosser,Dino_de_Laurentis,Marcelo_Salas,Elizabeth_Smart,Saddam_Hussein,Bijan_Namdar_Zangeneh,Osama_bin_Laden,Job_Cohen,Jose_Serra,Omar_Sharif,Paul_Byrd,Carlos_Bianchi,Anna_Nicole_Smith,Ian_McKellen,Silvio_Berlusconi,Anibal_Ibarra,Manfred_Stolpe,Cruz_Bustamante,Julie_Gerberding,David_Heyman,Imad_Moustapha,Len_Jenoff,Amram_Mitzna,Arianna_Huffington,Abdullah,Leland_Chapman,Luciano_Pavarotti,Vicki_Zhao_Wei,Patty_Schnyder,Michael_Chiklis,Larry_Lucchino,Ali_Khamenei,Paul_Patton,Elizabeth_Dole,Nia_Vardalos,Anna_Kournikova,Steve_Park,Michel_Temer,Jason_Kidd,Jerry_Falwell,Harry_Schmidt,Juergen_Peters,Slobodan_Milosevic
probe/Igor_Ivanov/Igor_Ivanov_0002.jpg,Igor_Ivanov,1,1.0,0.8498433828353882,0.8498433828353882,Igor_Ivanov,George_Pataki,Silvio_Berlusconi,Jimmy_Carter,Adolfo_Rodriguez_Saa,Vladimir_Putin,Pascal_Lamy,Larry_Lucchino,George_Roy_Hill,Valery_Giscard_dEstaing,Paul_Patton,Emile_Lahoud,James_Cunningham,Luis_Gonzalez_Macchi,Jorge_Rodolfo_Canicoba_Corral,Larry_Brown,Jay_Garner,Peter_Arnett,Lino_Oviedo,Mitchell_Daniels,Pedro_Malan,Alvaro_Noboa,Alan_Mulally,Michael_Chang,Benjamin_Netanyahu,Manfred_Stolpe,Pat_Cox,Antony_Leung,Boris_Berezovsky,Kevin_Spacey,Lily_Tomlin,Chakib_Khelil,Christopher_Patten,Jose_Manuel_Durao_Barroso,Guillermo_Coria,Jennifer_Aniston,George_Voinovich,Warren_Buffett,Anna_Kournikova,Yasser_Arafat,Frank_Cassell,Christopher_Walken,Geoff_Hoon,Pamela_Anderson,Ann_Veneman,Gerry_Parsky,Jeffrey_Jones,Howard_Schultz,Ferenc_Madl,Silvan_Shalom
probe/Ilan_Ramon/Ilan_Ramon_0002.jpg,Ilan_Ramon,1,1.0,0.7145897150039673,0.7145897150039673,Ilan_Ramon,Michael_Douglas,David_Nalbandian,Frank_Solich,Tom_Crean,John_Negroponte,Roman_Polanski,Frank_Cassell,Dave_Campo,Bill_Simon,Guy_Hemmings,Tim_Floyd,Robert_Duvall,Edward_Said,Damon_van_Dam,Greg_Gilbert,Lindsey_Graham,Jim_Harrick,Arlen_Specter,Michael_Chiklis,Jim_Furyk,Bill_Callahan,Art_Howe,Celso_Amorim,Spencer_Abraham,William_Ford_Jr,Bud_Selig,Yevgeny_Kafelnikov,John_Brady,Geoff_Hoon,Jose_Dirceu,Steve_Spurrier,Gregg_Popovich,Nastassia_Kinski,Alexander_Losyukov,George_Karl,Todd_Haynes,Sean_Penn,Jon_Gruden,Bill_Sizemore,Bill_Gates,Paul_Bremer,Robert_Zoellick,Prince_Edward,Herb_Sendek,Larry_Coker,Pascal_Quignard,David_Heymann,Mike_Babcock,Jason_Alexander
probe/Imad_Moustapha/Imad_Moustapha_0002.jpg,Imad_Moustapha,1,1.0,0.9677900075912476,0.9677900075912476,Imad_Moustapha,Robert_Kocharian,Carlos_Ghosn,Nia_Vardalos,Silvan_Shalom,Laurent_Jalabert,John_Negroponte,Yasar_Yakis,Job_Cohen,Jorge_Rodolfo_Canicoba_Corral,Larry_Coker,Paul-Henri_Mathieu,Blythe_Hartley,Barry_Alvarez,Larry_Lucchino,Kemal_Dervis,Abdullah_al-Attiyah,Iain_Duncan_Smith,Nicolas_Lapentti,George_Tenet,Cesar_Maia,Mike_Weir,Spencer_Abraham,Jose_Serra,Kevin_Spacey,Guillermo_Ortiz,Juan_Pablo_Montoya,Ali_Abbas,Silvio_Berlusconi,Jason_Alexander,Igor_Ivanov,Jose_Mourinho,Joe_Mantello,Ahmet_Necdet_Sezer,Alex_Barros,Emile_Lahoud,Jim_Furyk,Nadia_Petrova,Ilan_Ramon,Intisar_Ajouri,Joe_Torre,Julianne_Moore,Daniela_Hantuchova,Hector_Babenco,Mark_Hamister,Bijan_Namdar_Zangeneh,Michel_Temer,Eduardo_Duhalde,Martin_Scorsese,Scott_Rudin
probe/Inam-ul-Haq/Inam-ul-Haq_0002.jpg,Inam-ul-Haq,1,1.0,0.8406596183776855,0.8406596183776855,Inam-ul-Haq,Ali_Khamenei,Sean_Patrick_OMalley,Yasser_Arafat,Francis_Ford_Coppola,GL_Peiris,Saeb_Erekat,Omar_Sharif,Carlos_Mesa,Jorge_Batlle,Paul_ONeill,Fidel_Castro,Dino_de_Laurentis,Robin_Cook,Peter_Struck,Hassan_Nasrallah,Arye_Mekel,Sam_Bith,Steven_Spielberg,Abdullah_al-Attiyah,Jay_Garner,Mohammad_Khatami,Melanie_Griffith,Mary_Landrieu,Colin_Powell,Larry_Brown,Miroljub,Angelo_Reyes,Yasar_Yakis,Nelson_Mandela,Osama_bin_Laden,Pupi_Avati,Juergen_Peters,Anna_Nicole_Smith,James_Blake,Scott_Rudin,Gordon_Campbell,Judi_Dench,Dai_Bachtiar,Charlie_Zaa,Martha_Beatriz_Roque,Paulo_Cesar_Pinheiro,John_Howard,Gerry_Adams,Mary-Kate_Olsen,Kieran_Prendergast,George_Ryan,Henrique_Meirelles,Yao_Ming,James_Smith
probe/Inocencio_Arias/Inocencio_Arias_0002.jpg,Inocencio_Arias,1,1.0,0.7835947871208191,0.7835947871208191,Inocencio_Arias,Pamela_Anderson,Nestor_Kirchner,Lino_Oviedo,Pat_Cox,Augusto_Roa_Bastos,Alexander_Rumyantsev,Silvio_Berlusconi,Tony_Bennett,Ian_McKellen,Martin_Scorsese,Abel_Pacheco,Joe_Torre,Vladimir_Putin,Trent_Lott,Chuck_Amato,Fidel_Castro,Benjamin_Netanyahu,Ahmet_Necdet_Sezer,Li_Peng,Franz_Muentefering,Leszek_Miller,Hillary_Clinton,Thaksin_Shinawatra,Larry_Brown,Eduardo_Duhalde,Igor_Ivanov,John_Howard,Joseph_Blatter,Jennifer_Aniston,Jack_Straw,Vicente_Fernandez,Cesar_Maia,Carl_Reiner,Ismail_Merchant,Dick_Latessa,Emanuel_Ginobili,Ernesto_Zedillo,Ozzy_Osbourne,Pete_Sampras,Yasar_Yakis,Kim_Dae-jung,James_Traficant,Edward_Said,Tom_Craddick,Alexander_Losyukov,Brian_Mulroney,Silvan_Shalom,Paula_Radcliffe,Mel_Brooks
probe/Intisar_Ajouri/Intisar_Ajouri_0002.jpg,Intisar_Ajouri,1,1.0,0.8341043591499329,0.8341043591499329,Intisar_Ajouri,Ann_Veneman,Martha_Beatriz_Roque,Ali_Abbas,Dolma_Tsering,Cathy_Freeman,Begum_Khaleda_Zia,Anna_Kournikova,Alexandra_Stevenson,Gloria_Macapagal_Arroyo,Natalie_Coughlin,Igor_Ivanov,William_Ford_Jr,Jimmy_Kimmel,Diana_Taurasi,Todd_Haynes,GL_Peiris,Darren_Clarke,Sachiko_Yamada,Larry_Lucchino,Sheila_Copps,Rob_Schneider,Stellan_Skarsgard,Charlie_Zaa,Mariah_Carey,Annette_Lu,Flor_Montulo,Raghad_Saddam_Hussein,Jennifer_Lopez,Hitomi_Soga,Denise_Johnson,Megawati_Sukarnoputri,Jose_Manuel_Durao_Barroso,Abdullah_al-Attiyah,Christopher_Patten,George_P_Bush,Mariangel_Ruiz_Torrealba,Colin_Powell,George_Pataki,Aitor_Gonzalez,Tracee_Ellis_Ross,Kalpana_Chawla,Julie_Gerberding,Michael_Chang,Carol_Moseley_Braun,Michael_Chiklis,Munir_Akram,Andrew_Bunner,Juan_Pablo_Montoya,Hanan_Ashrawi
probe/Isabelle_Huppert/Isabelle_Huppert_0002.jpg,Isabelle_Huppert,1,1.0,0.7436282634735107,0.7436282634735107,Isabelle_Huppert,Daryl_Hannah,Lauren_Hutton,Cameron_Diaz,Jeanne_Moreau,Martina_McBride,Kathleen_Kennedy_Townsend,Melanie_Griffith,Hillary_Clinton,Ann_Veneman,Anneli_Jaatteenmaki,Helen_Clark,Arianna_Huffington,Jessica_Lange,Claire_Danes,Nancy_Pelosi,Elizabeth_Dole,Goldie_Hawn,Julianne_Moore,Beth_Jones,Aaron_Sorkin,Stockard_Channing,Meryl_Streep,Leslie_Ann_Woodward,Sheila_Copps,Shannon_OBrien,Jackie_Chan,Igor_Ivanov,Francis_Mer,Jennifer_Lopez,Penelope_Ann_Miller,Jane_Pauley,Emmit_Smith,Juan_Manuel_Marquez,Barbara_Walters,Gary_Locke,Jay_Rasulo,Flavia_Delaroli,Patricia_Heaton,Judy_Genshaft,Elisabeth_Schumacher,Amber_Tamblyn,Maria_Luisa_Mendonca,Charlotte_Rampling,Jane_Kaczmarek,Celine_Dion,Gloria_Allred,Raquel_Welch,Marina_Anissina,Doris_Schroeder
probe/Isaiah_Washington/Isaiah_Washington_0002.jpg,Isaiah_Washington,1,1.0,0.5183525085449219,0.5183525085449219,Isaiah_Washington,Dexter_Jackson,Will_Smith,John_Allen_Muhammad,William_Ford_Jr,Emmit_Smith,Gregory_Hines,Chris_Tucker,Lionel_Richie,Grady_Irvin_Jr,Lloyd_Ward,Tom_Cruise,Nancy_Pelosi,Kelli_White,John_Stallworth,Chris_Rock,Allen_Iverson,Vaclav_Havel,Nastassia_Kinski,Patrick_Ewing,Ilan_Ramon,Arlen_Specter,Joe_Mantello,Heidi_Fleiss,Sandra_Bullock,James_Butts,Larry_Johnson,Alejandro_Avila,Ian_Thorpe,Bob_Geldof,Michael_Douglas,Gerry_Adams,Prince_Edward,John_Blaney,Brian_Cowen,Steven_Spielberg,Gwendal_Peizerat,Jesse_Jackson,Scott_Rudin,Chanda_Rubin,S_Jayakumar,Venus_Williams,Monica_Bellucci,Latrell_Sprewell,Michelle_Pfeiffer,Benazir_Bhutto,Julianne_Moore,Fidel_Castro,Alejandro_Atchugarry,Vince_Carter
probe/Ishaq_Shahryar/Ishaq_Shahryar_0002.jpg,Ishaq_Shahryar,783,0.001277139208173691,0.5662316679954529,-0.06397715955972672,Thomas_OBrien,Larry_Coker,Alvaro_Noboa,Roy_Moore,Imad_Moustapha,Frank_Cassell,Eunice_Barber,Luiz_Felipe_Scolari,John_Negroponte,Dennis_Kozlowski,Peter_Arnett,Joe_Torre,Augusto_Roa_Bastos,Dennis_Kucinich,James_Maguire,Silvio_Berlusconi,Mark_Geragos,Robert_Duvall,Michael_Chiklis,Robin_McLaurin_Williams,Vladimir_Putin,Rob_Schneider,Jorge_Rodolfo_Canicoba_Corral,Jose_Manuel_Durao_Barroso,Alastair_Campbell,Nasser_al-Kidwa,Frank_Stallone,Bobby_Goldwater,Barry_Alvarez,Igor_Ivanov,Eduardo_Duhalde,Stellan_Skarsgard,Henrique_Meirelles,Boris_Berezovsky,George_Pataki,Yasar_Yakis,Paul_ONeill,Ahmet_Necdet_Sezer,Ann_Veneman,Larry_Lucchino,Laurent_Jalabert,Mitchell_Daniels,Chuck_Amato,Art_Howe,Francis_Mer,Bobby_Robson,Michael_Douglas,Jay_Rasulo,Kevin_Spacey,Dick_Cheney
probe/Ismail_Merchant/Ismail_Merchant_0002.jpg,Ismail_Merchant,1,1.0,0.6968796253204346,0.6968796253204346,Ismail_Merchant,Li_Peng,Mario_Kreutzberger,Carlos_Ghosn,John_McCormack,Paul_Patton,Ernesto_Zedillo,Alexander_Rumyantsev,Spencer_Abraham,Trent_Lott,Gabriel_Valdes,Munir_Akram,LeAnn_Rimes,Cruz_Bustamante,Ralph_Lauren,Alejandro_Toledo,Nicanor_Duarte_Frutos,Lee_Hoi-chang,Costas_Simitis,Ahmet_Necdet_Sezer,Carlos_Quintanilla_Schmidt,Alexander_Losyukov,Valery_Giscard_dEstaing,Colin_Powell,Pamela_Anderson,Larry_Brown,Jose_Serra,Megawati_Sukarnoputri,Hipolito_Mejia,Shaukat_Aziz,Masum_Turker,Tom_Daschle,Pedro_Malan,Omar_Sharif,John_Spencer,GL_Peiris,George_Lopez,Abel_Pacheco,Dalai_Lama,Christine_Gregoire,Silvan_Shalom,Andrew_Bunner,Henrique_Meirelles,Hun_Sen,Hilmi_Ozkok,Nia_Vardalos,George_Voinovich,Francis_George,Abdullah_al-Attiyah,Jack_Straw
probe/Iva_Majoli/Iva_Majoli_0002.jpg,Iva_Majoli,1,1.0,0.780479371547699,0.780479371547699,Iva_Majoli,Hayley_Tullett,Monica_Seles,Carolina_Moraes,Paula_Radcliffe,Patricia_Clarkson,Venus_Williams,Claire_Hentzen,Nadia_Petrova,Daniela_Hantuchova,Diana_Taurasi,Meghann_Shaughnessy,Eve_Pelletier,Nancy_Pelosi,Christine_Gregoire,Jennifer_Rodriguez,Anna_Kournikova,David_Coulthard,Conchita_Martinez,Brooke_Shields,Tom_Daschle,Stacy_Dragila,Sue_Wicks,Martha_Bowen,Lauren_Killian,Bill_Frist,Lisa_Raymond,Kim_Ryong-sung,Antony_Leung,Michael_Chang,Jim_Furyk,John_Timoney,Elisabeth_Schumacher,Fabiola_Zuluaga,Natalie_Coughlin,Marlene_Weingartner,Eunice_Barber,Elijah_Wood,Sarah_Jessica_Parker,Lindsay_Davenport,Helen_Clark,Goh_Kun,Justine_Henin,Dorthy_Moxley,Barbara_Brezigar,Kathleen_Kennedy_Townsend,Sachiko_Yamada,Richard_Krajicek,Robert_Stack,Martina_Hingis
probe/JJ_Redick/JJ_Redick_0002.jpg,JJ_Redick,868,0.001152073732718894,0.5548072457313538,-0.10068412125110626,Adrian_McPherson,LeBron_James,Lloyd_Ward,Justin_Gatlin,Kenneth_Evans,Joe_Dumars,Leonard_Hamilton,Grady_Irvin_Jr,Nelson_Mandela,Jose_Manuel_Durao_Barroso,Guillaume_Soro,Latrell_Sprewell,Dennis_Kucinich,Lionel_Richie,Bobby_Robson,John_Timoney,Angelo_Reyes,Larry_Bowa,Vince_Carter,Boris_Yeltsin,George_Foreman,Jesse_Jackson,Will_Smith,Mike_Tyson,Byron_Scott,John_Allen_Muhammad,Venus_Williams,Chris_Tucker,John_Stallworth,Francis_Mer,Alan_Mulally,Paul_Pierce,Serena_Williams,Brad_Johnson,Ron_Dittemore,Michael_Chang,Valdas_Adamkus,Kirk_Ferentz,Chakib_Khelil,Sam_Bith,Jason_Kidd,Cameron_Diaz,Jay_Garner,Claire_Danes,Chris_Byrd,Gerry_Parsky,Ruben_Studdard,Vincent_Brooks,Evander_Holyfield,Kristin_Davis
probe/Jack_Grubman/Jack_Grubman_0002.jpg,Jack_Grubman,1,1.0,0.9153238534927368,0.9153238534927368,Jack_Grubman,Oswaldo_Paya,Andrew_Cuomo,Paul_McNulty,Herb_Sendek,Roy_Moore,Jim_Harrick,Alastair_Campbell,Andy_Hebb,David_Heymann,Paul_Bremer,John_Kerry,Mohammad_Khatami,Bo_Pelini,Georgi_Parvanov,Tim_Floyd,Spencer_Abraham,Bill_Belichick,Jose_Dirceu,Alejandro_Toledo,Lon_Kruger,Mark_Heller,Dennis_Kucinich,Jason_Alexander,Adrian_Nastase,John_Negroponte,Silvio_Berlusconi,Yao_Ming,Bill_Gates,John_Rosa,Amber_Tamblyn,Mark_Cuban,Alex_Penelas,Trent_Lott,Ian_Thorpe,Aleksander_Kwasniewski,Chris_Cooper,Munir_Akram,Julie_Gerberding,Paul_McCartney,Harvey_Weinstein,Darrell_Issa,John_Brady,Mike_Babcock,Nia_Vardalos,Bill_Simon,Bobby_Goldwater,Jose_Manuel_Durao_Barroso,Bill_Frist,Todd_Haynes
probe/Jack_Straw/Jack_Straw_0002.jpg,Jack_Straw,1,1.0,0.8801004886627197,0.8801004886627197,Jack_Straw,Charlton_Heston,Mohamed_Benaissa,Albrecht_Mentz,John_Taylor,Juan_Valencia_Osorio,Bud_Selig,Trent_Lott,Anthony_Fauci,Masum_Turker,Robert_DeFraites,Alexander_Rumyantsev,Jose_Sarney,Wang_Yingfan,Nicanor_Duarte_Frutos,Anders_Ebbeson,Vaclav_Havel,Jorge_Batlle,Hootie_Johnson,Gregory_Geoffroy,Tom_Craddick,Bill_Gates,Inocencio_Arias,George_Brumley,Jean-David_Levitte,Francis_Ford_Coppola,Arlen_Specter,John_Abizaid,Jean-Claude_Braquet,GL_Peiris,Ismail_Merchant,Tom_Daschle,Sam_Bith,James_Kopp,Marc_Grossman,Mark_Hamister,Larry_Brown,Robin_Cook,Wesley_Clark,Henrique_Meirelles,Hans_Eichel,Hassan_Wirajuda,Gerry_Adams,Roy_Williams,Nestor_Kirchner,James_Traficant,Dick_Latessa,Jose_Serra,Lynne_Cheney,Christian_Wulff
probe/Jackie_Chan/Jackie_Chan_0002.jpg,Jackie_Chan,1,1.0,0.9023364782333374,0.9023364782333374,Jackie_Chan,Kim_Ryong-sung,Chung_Mong-hun,Chung_Mong-joon,Stanley_Tong,Edward_Lu,Jamling_Norgay,Jong_Thae_Hwa,Hideki_Matsui,Michael_Chang,Kim_Dae-jung,Prince_Naruhito,Thaksin_Shinawatra,Candie_Kung,Hisao_Oguchi,Lee_Jun,Chang_Dae-whan,Goh_Kun,Larry_Bowa,Antony_Leung,Kim_Jin-sun,Hu_Jintao,Eduardo_Duhalde,Takashi_Sorimachi,Heizo_Takenaka,Gary_Locke,Ken_Watanabe,Lee_Hoi-chang,Hichiro_Naemura,Liu_Mingkang,Jia_Qinglin,Mitoji_Yabunaka,Rob_Schneider,Chen_Liang_Yu,Jonathan_Edwards,Li_Peng,Lim_Dong-won,Dennis_Kucinich,Silvio_Berlusconi,Alejandro_Toledo,Tim_Allen,Gao_Qiang,Alimzhan_Tokhtakhounov,Sarah_Jessica_Parker,Isabelle_Huppert,Yao_Ming,Lee_Tae-sik,Zhang_Ziyi,Tom_Cruise,Richard_Crenna
probe/Jacqueline_Obradors/Jacqueline_Obradors_0002.jpg,Jacqueline_Obradors,1,1.0,0.8798279762268066,0.8798279762268066,Jacqueline_Obradors,Tom_Crean,Paul_Bremer,Mariah_Carey,Jose_Manuel_Durao_Barroso,Cruz_Bustamante,Francis_George,Costas_Simitis,Antonio_Banderas,Vanessa_Williams,John_McEnroe,Nabil_Shaath,William_Hochul,Heidi_Fleiss,Rita_Moreno,Igor_Ivanov,Justin_Guarini,Raquel_Welch,Alvaro_Uribe,Pamela_Anderson,Liza_Minnelli,Michael_Ballack,Amelia_Vega,John_Brady,John_Negroponte,Bill_Simon,Ilan_Ramon,Herb_Sendek,Nasser_al-Kidwa,John_Allen_Muhammad,William_Ford_Jr,Patricia_Heaton,Barry_Alvarez,Oscar_De_La_Hoya,Jane_Kaczmarek,Vanessa_Incontrada,Silvio_Berlusconi,Harvey_Weinstein,Leon_LaPorte,Bill_Gates,Larry_Lucchino,Roy_Moore,Jennifer_Lopez,Kristanna_Loken,Jason_Alexander,Bobby_Goldwater,Nicanor_Duarte_Frutos,Geraldine_Chaplin,Pedro_Malan,Jorge_Batlle
probe/Jada_Pinkett_Smith/Jada_Pinkett_Smith_0002.jpg,Jada_Pinkett_Smith,1,1.0,0.7352256178855896,0.7352256178855896,Jada_Pinkett_Smith,Boris_Becker,Billy_Sollie,George_Pataki,Venus_Williams,Kelli_White,John_Timoney,Cathy_Freeman,Patti_Labelle,George_Voinovich,Jennifer_Aniston,Hootie_Johnson,Dolma_Tsering,Silvio_Berlusconi,Mitchell_Daniels,Tyra_Banks,Laurent_Jalabert,Chanda_Rubin,Demetrius_Ferraciu,Patty_Schnyder,Serena_Williams,Corinne_Coman,Kristanna_Loken,Thaksin_Shinawatra,Katie_Harman,Hayley_Tullett,Emmanuelle_Beart,Jennifer_Lopez,Denise_Johnson,Guillermo_Coria,Pamela_Anderson,Tony_Curtis,Jean-Claude_Braquet,Laila_Ali,Eunice_Barber,Michelle_Yeoh,Amanda_Coetzer,Franz_Muentefering,Christina_Aguilera,Rob_Schneider,Tom_Daschle,Jay_Garner,Eva_Dimas,Ashanti,Tony_Bennett,Zarai_Toledo,Mel_Brooks,Stockard_Channing,Rupert_Grint,Kevin_Spacey
probe/James_Blake/James_Blake_0002.jpg,James_Blake,1,1.0,0.8349766731262207,0.8349766731262207,James_Blake,Oscar_De_La_Hoya,Juan_Pablo_Montoya,Paul_ONeill,Jose_Theodore,Chris_Byrd,Vidar_Helgesen,Paul_Patton,Jason_Kidd,Pete_Sampras,Kalpana_Chawla,Cyndi_Thompson,Dan_Wheldon,Charlie_Zaa,Slobodan_Milosevic,Stockard_Channing,GL_Peiris,Dick_Cheney,Inam-ul-Haq,John_McCallum,Harry_Schmidt,Bernardo_Segura,Lindsay_Davenport,Jay_Garner,Mariah_Carey,Theo_Epstein,Robby_Ginepri,Leszek_Miller,Jennifer_Lopez,George_Ryan,Nabil_Shaath,Natalie_Coughlin,Albert_Costa,John_Howard,Vince_Carter,Coretta_Scott_King,Manfred_Stolpe,Leland_Chapman,Ashanti,James_Smith,Jean-Sebastien_Giguere,Nelson_Mandela,Jefferson_Perez,Mary-Kate_Olsen,Alison_Lohman,Sean_Patrick_OMalley,Bill_Graham,Patricia_Heaton,Leander_Paes,Intisar_Ajouri
probe/James_Butts/James_Butts_0002.jpg,James_Butts,1,1.0,0.9156086444854736,0.9156086444854736,James_Butts,Bobby_Goldwater,John_Allen_Muhammad,Leonard_Hamilton,John_Stallworth,Evander_Holyfield,Edward_Lu,Vladimir_Putin,Grady_Irvin_Jr,Nabil_Shaath,Hassan_Wirajuda,Alejandro_Toledo,Mark_Geragos,Lionel_Richie,Thabo_Mbeki,Dennis_Kucinich,Carol_Moseley_Braun,Mitchell_Daniels,Pedro_Malan,Tom_Crean,Lloyd_Ward,Anwar_Ibrahim,Ray_Nagin,Laurent_Gbagbo,Dwayne_Johnson,Byron_Scott,Hun_Sen,Allen_Iverson,Roman_Polanski,Alastair_Campbell,S_Jayakumar,Thomas_OBrien,OJ_Simpson,Sarah_Jessica_Parker,Jesse_Jackson,Angelo_Reyes,John_Negroponte,Shaukat_Aziz,Begum_Khaleda_Zia,Vince_Carter,Gary_Carter,Tim_Allen,Will_Smith,Bill_Gates,Mikhail_Kasyanov,Dick_Cheney,Jesse_James_Leija,John_Blaney,Charles_Kartman,Michael_Chang
probe/James_Cunningham/James_Cunningham_0002.jpg,James_Cunningham,1,1.0,0.7865160703659058,0.7865160703659058,James_Cunningham,Kieran_Prendergast,Mike_Weir,Robert_Zoellick,Hector_Babenco,Ilan_Ramon,Alejandro_Atchugarry,John_Snow,Jason_Alexander,Pedro_Malan,Larry_Lucchino,Jodie_Foster,Scott_Rudin,Richard_Sambrook,Fidel_Castro,Rick_Romley,John_Blaney,Bob_Hope,Vaclav_Havel,Pascal_Quignard,David_Myers,Jonathan_Mostow,Annette_Bening,Igor_Ivanov,Vladimir_Putin,Jay_Rasulo,David_Dodge,Alvaro_Uribe,Brian_Wells,Carlos_Ghosn,Gunter_Pleuger,Pascal_Lamy,Jorge_Batlle,John_Jumper,William_Hochul,Eric_Rosser,Job_Cohen,Gordon_Campbell,James_Schultz,Peter_Struck,Natalie_Coughlin,Silvio_Berlusconi,Julie_Taymor,Arye_Mekel,Thomas_Birmingham,Richard_Branson,Herb_Sendek,Gerry_Adams,Frank_Solich,Jorge_Rodolfo_Canicoba_Corral
probe/James_Franco/James_Franco_0002.jpg,James_Franco,1,1.0,0.7173916101455688,0.7173916101455688,James_Franco,Tony_Curtis,David_Coulthard,Keira_Knightley,Jonathan_Edwards,Vanessa_Incontrada,Larry_Brown,James_Blake,Marat_Safin,Dave_Campo,Daryl_Hannah,Carlos_Manuel_Pruneda,Yao_Ming,Tom_Craddick,Bo_Ryan,Juan_Manuel_Marquez,Jefferson_Perez,Zoran_Djindjic,Bud_Selig,Valdas_Adamkus,Jorge_Arce,Tom_Cruise,Emmanuelle_Beart,Yasar_Yakis,Jennifer_Aniston,Cathy_Freeman,Richard_Krajicek,Elisabeth_Schumacher,Thomas_Rupprath,Jennifer_Lopez,Jim_Carrey,Paul_ONeill,Juan_Valencia_Osorio,Cameron_Diaz,Antonio_Banderas,Freddy_Garcia,John_Howard,Theo_Epstein,Demetrius_Ferraciu,Orlando_Bloom,Ron_Dittemore,Joe_Nichols,Nick_Nolte,Gerardo_Gambala,Gary_Williams,GL_Peiris,Anthony_Fauci,Guillermo_Coria,Michael_Phelps,Gwendal_Peizerat
probe/James_Gandolfini/James_Gandolfini_0002.jpg,James_Gandolfini,1,1.0,0.6559225916862488,0.6559225916862488,James_Gandolfini,Jorge_Rodolfo_Canicoba_Corral,Kevin_Spacey,Igor_Ivanov,Guillermo_Coria,Mitchell_Daniels,John_Wolf,Asa_Hutchinson,Blythe_Hartley,Steven_Spielberg,John_McEnroe,Scott_McClellan,Adolfo_Rodriguez_Saa,Alvaro_Noboa,John_Brady,Geoff_Hoon,Charles_Schumer,Paul_ONeill,Silvio_Berlusconi,Larry_Lucchino,Robert_Kocharian,Jason_Lezak,Ann_Veneman,Job_Cohen,Pete_Sampras,Bode_Miller,George_Karl,Frank_Solich,Cesar_Maia,Bernard_Lord,Lindsay_Davenport,Gregg_Popovich,Gary_Carter,Nasser_al-Kidwa,Patty_Schnyder,Richard_Norton-Taylor,Venus_Williams,Erika_Christensen,Roy_Moore,Silvan_Shalom,Joe_Torre,Thomas_OBrien,Boris_Berezovsky,Hector_Babenco,Meghann_Shaughnessy,Kevin_Stallings,Luis_Gonzalez_Macchi,Guy_Hemmings,Alan_Ball,Stacy_Dragila
probe/James_Ivory/James_Ivory_0002.jpg,James_Ivory,1,1.0,0.8870488405227661,0.8870488405227661,James_Ivory,Christopher_Patten,Trent_Lott,Bob_Hope,Nestor_Kirchner,Charles_Mathews,Valery_Giscard_dEstaing,Kemal_Dervis,Dick_Cheney,John_Negroponte,Lynn_Abraham,Alexander_Losyukov,Frank_Cassell,Costas_Simitis,Carlos_Ghosn,Spencer_Abraham,Ferenc_Madl,Jorge_Rodolfo_Canicoba_Corral,Job_Cohen,Joseph_Biden,Abel_Pacheco,Max_Mayfield,Paul_ONeill,Richard_Shelby,Guillermo_Ortiz,Adrian_Nastase,Karin_Stoiber,Michael_J_Sheehan,Leszek_Miller,John_Snow,Art_Howe,Frank_Lautenberg,Larry_Brown,Jean-Claude_Trichet,John_Rigas,Franz_Muentefering,Alexander_Rumyantsev,Benjamin_Netanyahu,Hipolito_Mejia,Tony_Bennett,Frances_Fisher,Joseph_Blatter,Chok_Tong_Goh,Bill_Graham,Dick_Vermeil,George_Ryan,Maggie_Smith,Keira_Knightley,George_Brumley,Hans_Eichel
probe/James_Jones/James_Jones_0002.jpg,James_Jones,1,1.0,0.7834485769271851,0.7834485769271851,James_Jones,Robert_Duvall,Klaus_Zwickel,Yasar_Yakis,Michael_Douglas,Greg_Gilbert,Vladimir_Putin,Larry_Coker,Alvaro_Uribe,Billy_Graham,Joe_Torre,Mark_Warner,Howard_Dean,Cameron_Diaz,Mark_Schweiker,Francis_Mer,Robert_Zoellick,Robert_Stack,Bill_Graham,Lord_Hutton,Conchita_Martinez,Mikhail_Kasyanov,Martin_Verkerk,Frank_Solich,John_Jumper,Jim_Furyk,Peter_Arnett,John_Spencer,Robert_Mueller,Butch_Davis,Geoff_Hoon,John_Snow,Eduardo_Duhalde,Abel_Pacheco,Charlton_Heston,Arlen_Specter,Robert_Bonner,Leszek_Miller,Mikhail_Youzhny,Donatella_Versace,Patrice_Chereau,Lou_Piniella,Thomas_Fargo,Daryl_Hannah,Chuck_Amato,Trent_Lott,Hector_Babenco,John_Abizaid,Monica_Bellucci,Lon_Kruger
probe/James_Kelly/James_Kelly_0002.jpg,James_Kelly,1,1.0,0.9125279188156128,0.9125279188156128,James_Kelly,Gray_Davis,Paul_McNulty,Jean-David_Levitte,Lyle_Vanclief,Kiki_Vandeweghe,Scott_McNealy,Nick_Nolte,Tom_Daschle,Vaclav_Havel,Richard_Gephardt,Harry_Kalas,Charlton_Heston,David_Trimble,Prince_Willem-Alexander,Lawrence_MacAulay,Jose_Sarney,Tim_Floyd,James_Kopp,Ronald_Reagan,Paul_Bremer,David_Leahy,Joseph_Ralston,Camilla_Parker_Bowles,Trent_Lott,Bill_Simon,Robert_DeFraites,Christian_Wulff,Hootie_Johnson,Donald_Evans,Thomas_Fargo,Dennis_Kucinich,Bill_Frist,Alan_Mulally,Hal_Sutton,Aron_Ralston,Bill_Nelson,George_Robertson,Robert_Bonner,Dennis_Powell,Ishaq_Shahryar,Roy_Williams,Ernie_Fletcher,John_Kerry,Joan_Claybrook,Bud_Selig,Jimmy_Carter,Eric_Clapton,Steve_Spurrier,Alastair_Campbell
probe/James_Kopp/James_Kopp_0002.jpg,James_Kopp,1,1.0,0.8028714656829834,0.8028714656829834,James_Kopp,David_Trimble,Trent_Lott,Prince_Willem-Alexander,William_Ford_Jr,Bud_Selig,Aron_Ralston,Claire_Leger,Scott_McNealy,Bill_Gates,George_Robertson,John_Manley,Bill_Simon,Brian_Cowen,Fred_Eckhard,Jay_Garner,Eric_Clapton,Helen_Clark,Marc_Grossman,Paul_McNulty,Joan_Claybrook,Christopher_Walken,Tom_Crean,Alan_Ball,Charles_Grassley,Alan_Mulally,Elinor_Caplan,Richard_Gephardt,Roy_Moore,Guido_Westerwelle,Ron_Dittemore,James_Kelly,Tom_Daschle,Christian_Wulff,Matthew_Perry,David_Leahy,Adolfo_Aguilar_Zinser,Lawrence_MacAulay,Hootie_Johnson,Julianne_Moore,Richard_Krajicek,Lindsey_Graham,Gerry_Parsky,Gregory_Geoffroy,Tom_Craddick,Jose_Sarney,Nicanor_Duarte_Frutos,Bernard_Landry,Arlen_Specter,Hu_Jintao
probe/James_Maguire/James_Maguire_0002.jpg,James_Maguire,1,1.0,0.8447805643081665,0.8447805643081665,James_Maguire,Joseph_Deiss,Bill_Nelson,David_Dodge,William_Hochul,Roy_Moore,Tom_Daschle,Dennis_Kucinich,Robert_Zoellick,Pascal_Lamy,Ishaq_Shahryar,Bill_Frist,Donald_Evans,Robert_Duvall,Lawrence_MacAulay,Bill_Graham,John_Stallworth,Camilla_Parker_Bowles,Tom_Crean,Bobby_Goldwater,David_Trimble,Dave_Campo,Ron_Dittemore,Robert_DeFraites,Paula_Radcliffe,Bill_Simon,Hermann_Maier,David_Heymann,Jon_Gruden,Robin_McLaurin_Williams,Christian_Wulff,Vicente_Fernandez,Guido_Westerwelle,Nick_Nolte,Alastair_Campbell,Larry_Brown,Yao_Ming,Hans_Eichel,William_Martin,Larry_Coker,Marcus_Gronholm,Ron_Howard,Hilmi_Ozkok,John_Howard,James_Kopp,Elizabeth_Smart,Trent_Lott,Daniel_Day-Lewis,James_Cunningham,Gabriel_Valdes
probe/James_McGreevey/James_McGreevey_0002.jpg,James_McGreevey,1,1.0,0.7942899465560913,0.7942899465560913,James_McGreevey,Carson_Daly,Adolfo_Rodriguez_Saa,Sam_Torrance,Xanana_Gusmao,Anibal_Ibarra,Asa_Hutchinson,Vladimir_Putin,Bernardo_Segura,Alvaro_Uribe,Jonathan_Edwards,Abdullatif_Sener,Vanessa_Incontrada,Edward_James_Olmos,Carlo_Ancelotti,Joerg_Haider,Edward_Lu,Oscar_De_La_Hoya,Carol_Moseley_Braun,James_Franco,Corinne_Coman,Mathias_Reichhold,Annette_Bening,Larry_Lucchino,David_Myers,Ben_Curtis,Darrell_Porter,Tom_Brady,Guillermo_Coria,Joseph_Biden,Jose_Mourinho,Marco_Antonio_Barrera,Bill_Graham,Harry_Schmidt,Dwayne_Johnson,Jean-David_Levitte,Anthony_Fauci,Valdas_Adamkus,Elizabeth_Shue,Marat_Safin,Omar_Sharif,Jefferson_Perez,Dick_Clark,Ron_Dittemore,Demetrius_Ferraciu,Megawati_Sukarnoputri,Martin_Verkerk,Chakib_Khelil,Fayssal_Mekdad,Dai_Bachtiar
probe/James_Morris/James_Morris_0002.jpg,James_Morris,1,1.0,0.878226637840271,0.878226637840271,James_Morris,Larry_Lindsey,George_Karl,Rick_Romley,Bernard_Landry,Richard_Gephardt,Robert_Bonner,Gregg_Popovich,Richie_Adubato,Dennis_Kozlowski,Richard_Norton-Taylor,Jay_Garner,James_Schultz,Thomas_OBrien,Johnny_Carson,Gian_Marco,John_Manley,John_Snow,Howard_Smith,James_Smith,Frank_Solich,Lou_Piniella,Mike_Holmgren,Don_Nickles,Patrick_Leahy,Goran_Persson,Anders_Ebbeson,Arnold_Palmer,Dave_Campo,Jon_Gruden,Michael_Chiklis,Cristina_Saralegui,Franz_Beckenbauer,Dick_Cheney,Nick_Nolte,Joseph_Biden,Trent_Lott,Paul_William_Hurley,Darren_Clarke,Kim_Jong-Il,James_Kelly,John_Negroponte,Prince_Willem-Alexander,Mary_Carey,Larry_Coker,Bill_Parcells,John_McEnroe,Slobodan_Milosevic,Bo_Ryan,Gordon_Campbell
probe/James_Parker/James_Parker_0002.jpg,James_Parker,1,1.0,0.8403485417366028,0.8403485417366028,James_Parker,Brad_Johnson,Andrei_Mikhnevich,Darren_Clarke,Bertrand_Bonello,Vitali_Klitschko,Derek_Lowe,Carmen_Electra,Thaksin_Shinawatra,Hal_Sutton,Guillermo_Coria,Yao_Ming,Damon_van_Dam,Tom_Daschle,Jan_Ullrich,Dale_Earnhardt_Jr,Prince_Naruhito,Marcus_Gronholm,Tony_Curtis,Tom_Glavine,Kirk_Ferentz,Michael_Chang,Harry_Schmidt,Jimmy_Kimmel,Trent_Lott,David_Coulthard,Lou_Piniella,Bill_Gates,Bob_Hope,George_Foreman,Chris_Bell,Hun_Sen,Mikhail_Youzhny,Martin_Verkerk,Arnold_Palmer,David_Bell,John_Reilly,Andy_Hebb,Gil_de_Ferran,Jay_Rasulo,Carlo_Ancelotti,Jamie_Villafane,Sean_Astin,Bill_Frist,Martin_Brodeur,Jonathan_Edwards,Leonard_Hamilton,Art_Howe,David_Nalbandian,Laurent_Gbagbo
probe/James_Schultz/James_Schultz_0002.jpg,James_Schultz,1,1.0,0.8678732514381409,0.8678732514381409,James_Schultz,Mike_Holmgren,Robert_Zoellick,George_Karl,Richard_Sambrook,Goran_Persson,Rick_Romley,Prince_Willem-Alexander,Robert_Bonner,Jon_Gruden,Dave_Campo,James_Cunningham,Larry_Lindsey,Johnny_Carson,Lou_Piniella,Arnold_Palmer,Martin_Verkerk,Bernard_Landry,Howard_Smith,Byron_Scott,Gregg_Popovich,Richard_Norton-Taylor,Richard_Gephardt,John_McEnroe,Jay_Rasulo,Gordon_Campbell,Frank_Solich,John_Snow,John_Timoney,Slobodan_Milosevic,Kieran_Prendergast,Tom_Daschle,James_Morris,Richard_Branson,Scott_McClellan,George_Pataki,Dennis_Powell,Billy_Sollie,John_Jumper,Aleksander_Kwasniewski,Roy_Moore,Nick_Nolte,Lindsay_Davenport,George_Foreman,Damon_van_Dam,Darren_Clarke,Asa_Hutchinson,Steve_Spurrier,Dale_Earnhardt_Jr,Andrei_Mikhnevich
probe/James_Smith/James_Smith_0002.jpg,James_Smith,1,1.0,0.8488065004348755,0.8488065004348755,James_Smith,Dave_Campo,Richie_Adubato,Larry_Brown,Jay_Garner,Dick_Cheney,Warren_Buffett,Richard_Gephardt,Francis_George,GL_Peiris,Max_Mayfield,Colin_Powell,Gordon_Campbell,Gregg_Popovich,Nick_Nolte,Michael_J_Sheehan,Patrick_Leahy,John_Spencer,Paul_ONeill,Angelo_Reyes,Larry_Lindsey,Chok_Tong_Goh,Art_Howe,Bo_Ryan,Dick_Vermeil,Mike_Price,Bernard_Landry,Roman_Polanski,Jorge_Batlle,James_Morris,Pamela_Anderson,Christopher_Patten,Tony_Curtis,Larry_Coker,Bill_Simon,Tom_Crean,Vidar_Helgesen,Ferenc_Madl,Jose_Dirceu,Trent_Lott,Thomas_OBrien,John_McCallum,Bill_Graham,Peter_Struck,Steven_Spielberg,George_Brumley,Peter_Hillary,Leszek_Miller,Donald_Evans,Hipolito_Mejia
probe/James_Traficant/James_Traficant_0002.jpg,James_Traficant,1,1.0,0.6739556193351746,0.6739556193351746,James_Traficant,Abel_Pacheco,John_Taylor,Angelo_Reyes,GL_Peiris,Peter_Arnett,Fred_Eckhard,George_Ryan,Fidel_Castro,Jay_Garner,Mikhail_Kasyanov,Henrique_Meirelles,Bobby_Robson,Larry_Lindsey,Charlton_Heston,George_Robertson,Tom_Daschle,Max_Mayfield,Sam_Bith,Mohamed_Benaissa,Inocencio_Arias,Dick_Cheney,Chuck_Yeager,John_Timoney,Alexander_Rumyantsev,Jose_Viegas_Filho,Jose_Sarney,Greg_Ostertag,Thaksin_Shinawatra,Anthony_Hopkins,George_Brumley,Franko_Simatovic,Robert_Stack,Warren_Buffett,Jimmy_Kimmel,John_Howard,Cameron_Diaz,Saeb_Erekat,Matthew_Perry,Colin_Powell,Hans_Eichel,Shaukat_Aziz,Lou_Piniella,Adolfo_Aguilar_Zinser,Hootie_Johnson,John_Manley,Dick_Latessa,Augusto_Roa_Bastos,Sourav_Ganguly,Manfred_Stolpe
probe/Jamie_Villafane/Jamie_Villafane_0002.jpg,Jamie_Villafane,1,1.0,0.7905206680297852,0.7905206680297852,Jamie_Villafane,Hashim_Thaci,Darren_Clarke,Todd_Haynes,Tim_Floyd,Abdullah_al-Attiyah,Hal_Sutton,Bill_Simon,Masum_Turker,John_Abizaid,Frank_Stallone,Joe_Torre,David_Nalbandian,Ernie_Fletcher,Herb_Sendek,Zoran_Djindjic,Joe_Mantello,Bashar_Assad,Lina_Krasnoroutskaya,Lou_Piniella,John_Negroponte,Shaukat_Aziz,Silvan_Shalom,Sean_Astin,Ilan_Ramon,Matthew_Perry,Mary-Kate_Olsen,Greg_Ostertag,Andy_Hebb,Spencer_Abraham,Greg_Rusedski,Ian_Thorpe,Leander_Paes,James_Parker,Alex_Barros,Georgi_Parvanov,Bill_Gates,Jean-David_Levitte,Tom_Crean,Tom_Brady,Paul_Bremer,Bo_Pelini,Jacqueline_Obradors,Nanni_Moretti,Oswaldo_Paya,Carlo_Ancelotti,Jim_Harrick,Sourav_Ganguly,Larry_Coker,Barry_Alvarez
probe/Jamling_Norgay/Jamling_Norgay_0002.jpg,Jamling_Norgay,1,1.0,0.8603527545928955,0.8603527545928955,Jamling_Norgay,Thaksin_Shinawatra,Alimzhan_Tokhtakhounov,Chung_Mong-joon,Michael_Chang,Lee_Jun,Edward_Lu,Prince_Naruhito,Megawati_Sukarnoputri,Goh_Kun,Jackie_Chan,Kim_Ryong-sung,Yao_Ming,Lee_Tae-sik,Kim_Dae-jung,Heizo_Takenaka,Kim_Jin-sun,Hu_Jintao,Eduardo_Duhalde,Jong_Thae_Hwa,Chung_Mong-hun,Mitoji_Yabunaka,Hamzah_Haz,Hun_Sen,Chang_Dae-whan,Hichiro_Naemura,Alejandro_Toledo,Jia_Qinglin,Dai_Bachtiar,Kim_Jong-Il,Lee_Hoi-chang,Annette_Lu,Yoko_Ono,Candie_Kung,Hassan_Wirajuda,Chen_Liang_Yu,Liu_Mingkang,Li_Peng,Ozzy_Osbourne,Rob_Schneider,Takashi_Sorimachi,Flor_Montulo,Gao_Qiang,Guillermo_Coria,Angelo_Reyes,Ali_Abbas,Hideki_Matsui,Antony_Leung,Christopher_Walken,Tom_Cruise
probe/Jan_Ullrich/Jan_Ullrich_0002.jpg,Jan_Ullrich,1,1.0,0.8260091543197632,0.8260091543197632,Jan_Ullrich,Mike_Babcock,Sean_Astin,Paul_McNulty,Bill_Simon,Gerry_Adams,Justin_Leonard,Joseph_Ralston,Paul_Bremer,Steve_Spurrier,Bill_Frist,Bill_Callahan,Mike_Weir,Hashim_Thaci,Monica_Seles,David_Nalbandian,Jim_Furyk,Andy_Hebb,Jon_Gruden,Hal_Sutton,David_Heymann,Federico_Trillo,Simon_Cowell,Prince_Edward,Prince_Harry,Bill_Gates,Mack_Brown,Nia_Vardalos,Dale_Earnhardt_Jr,Padraig_Harrington,Brad_Johnson,Ilan_Ramon,Jean-David_Levitte,Natalie_Maines,Aron_Ralston,Bill_Parcells,Martin_Brodeur,Tom_Cruise,Bill_Sizemore,Georgi_Parvanov,Rich_Gannon,Damon_van_Dam,David_Coulthard,Arianna_Huffington,Mario_Dumont,Yevgeny_Kafelnikov,Eric_Hinske,Marcus_Gronholm,Kiki_Vandeweghe,Ricky_Ponting
probe/Jane_Fonda/Jane_Fonda_0002.jpg,Jane_Fonda,1,1.0,0.7504921555519104,0.7504921555519104,Jane_Fonda,Goldie_Hawn,Paula_Zahn,Ann_Veneman,Jeanne_Moreau,Donatella_Versace,Angela_Lansbury,Aaron_Sorkin,Mary_Tyler_Moore,Alex_Penelas,Michael_Chang,Sheila_Copps,Doris_Schroeder,Nelson_Mandela,Lana_Clarkson,Harry_Belafonte,Nancy_Pelosi,Queen_Beatrix,Martina_McBride,Dolly_Parton,Omar_Sharif,Mary_Landrieu,Melanie_Griffith,Rolf_Eckrodt,Hun_Sen,Mariangel_Ruiz_Torrealba,Jennifer_Lopez,Kim_Jin-sun,Sally_Kirkland,Anna_Kournikova,Gary_Locke,Raquel_Welch,Julianne_Moore,Larry_Bowa,Priscilla_Presley,Mariah_Carey,Chita_Rivera,Anna_Nicole_Smith,Tom_Daschle,Benazir_Bhutto,Isabelle_Huppert,Heidi_Fleiss,Lauren_Hutton,Johnson_Panjaitan,Ellen_Engleman,Trent_Lott,Mitoji_Yabunaka,Lloyd_Ward,Dick_Vermeil,Todd_Haynes
probe/Jane_Kaczmarek/Jane_Kaczmarek_0002.jpg,Jane_Kaczmarek,1,1.0,0.9070315361022949,0.9070315361022949,Jane_Kaczmarek,Nastassia_Kinski,Geraldine_Chaplin,Maria_Luisa_Mendonca,Carol_Burnett,Jacqueline_Obradors,Allison_Janney,Isaiah_Washington,Guillermo_Ortiz,Brigitte_Boisselier,Lili_Taylor,Peter_Struck,Frances_Fisher,Mariah_Carey,Gianna_Angelopoulos-Daskalaki,Eva_Dimas,Sophia_Loren,Robert_Kocharian,Jeffrey_Archer,Silvia_Farina_Elia,Art_Howe,Martina_McBride,Meryl_Streep,Silvan_Shalom,Lindsay_Benko,Barbara_Walters,Nancy_Pelosi,Ann_Veneman,Jodie_Foster,David_Nalbandian,Laura_Hernandez,Joe_Mantello,Bill_Simon,Kathryn_Bigelow,Rita_Moreno,Tom_Crean,Pascal_Quignard,Ilan_Ramon,Tamara_Brooks,Larry_Coker,Isabelle_Huppert,Tracee_Ellis_Ross,Carlos_Ghosn,Greg_Rusedski,Ellen_Engleman,Maggie_Smith,Larry_Brown,Martha_Bowen,Anneli_Jaatteenmaki,Ernesto_Zedillo
probe/Jane_Pauley/Jane_Pauley_0002.jpg,Jane_Pauley,1,1.0,0.6728067994117737,0.6728067994117737,Jane_Pauley,Barbara_Walters,Hillary_Clinton,Mary_Landrieu,Martina_McBride,Jessica_Lange,Marissa_Jaret_Winokur,Cristina_Saralegui,Daryl_Hannah,Natalie_Coughlin,Ann_Veneman,Blythe_Danner,Isabelle_Huppert,Stellan_Skarsgard,Sally_Kirkland,Richard_Norton-Taylor,Phil_Vassar,Guido_Westerwelle,Adolfo_Aguilar_Zinser,Benazir_Bhutto,Ellen_Engleman,Carlos_Manuel_Pruneda,Tom_Craddick,Sheila_Copps,Jeanne_Moreau,Alicia_Silverstone,Elisabeth_Schumacher,Goldie_Hawn,Allison_Janney,Kathleen_Kennedy_Townsend,Elizabeth_Smart,Federico_Trillo,Evan_Rachel_Wood,Mariah_Carey,Flavia_Delaroli,Patricia_Heaton,Jane_Kaczmarek,Jay_Rasulo,John_Manley,Silvan_Shalom,Olivia_Newton-John,Elizabeth_Dole,Lynne_Cheney,Larry_Lucchino,Paul-Henri_Mathieu,Kevin_Spacey,Cameron_Diaz,William_Ford_Jr,Shannon_OBrien,Gianna_Angelopoulos-Daskalaki
probe/Janet_Thorpe/Janet_Thorpe_0002.jpg,Janet_Thorpe,1,1.0,0.8602851033210754,0.8602851033210754,Janet_Thorpe,Julie_Gerberding,Conchita_Martinez,Monica_Seles,Martha_Burk,Daniela_Hantuchova,Judi_Dench,Nadia_Petrova,Zoran_Djindjic,Pedro_Solbes,Anna_Kournikova,Juergen_Peters,Rick_Romley,James_Cunningham,Peter_Harrison,Lou_Piniella,Iain_Duncan_Smith,Elinor_Caplan,Adrian_Nastase,Saeb_Erekat,Kieran_Prendergast,Paul_McCartney,Colin_Powell,Ann_Veneman,Biljana_Plavsic,Gordon_Campbell,Spencer_Abraham,Claire_Leger,Lina_Krasnoroutskaya,Masum_Turker,George_Karl,Larry_Lindsey,Alexander_Losyukov,Gregg_Popovich,Cristina_Saralegui,Margaret_Thatcher,Christine_Gregoire,Chris_Bell,Megawati_Sukarnoputri,Alicia_Silverstone,Sally_Kirkland,Meghann_Shaughnessy,Miguel_Contreras,Ozzy_Osbourne,Howard_Dean,Martina_Hingis,Miroljub,Carlo_Ancelotti,Alexandra_Stevenson,Elijah_Wood
probe/Janica_Kostelic/Janica_Kostelic_0002.jpg,Janica_Kostelic,9,0.1111111111111111,0.5957647562026978,0.4890270233154297,Jennifer_Rodriguez,Martha_Bowen,Gisele_Bundchen,Nadia_Petrova,Julianne_Moore,Lindsay_Benko,Dale_Earnhardt_Jr,Scott_Rudin,Janica_Kostelic,Nia_Vardalos,Jim_Furyk,Claire_Hentzen,Serena_Williams,Jan_Ullrich,Paula_Radcliffe,Albert_Costa,Joseph_Deiss,Bode_Miller,Arantxa_Sanchez-Vicario,Jodie_Foster,Hayley_Tullett,Diana_Taurasi,Kathy_Winters,Yevgeny_Kafelnikov,Lindsay_Davenport,Martin_Brodeur,Sue_Wicks,Blythe_Hartley,Julie_Gerberding,Justine_Henin,Meryl_Streep,Emanuel_Ginobili,Jennifer_Thompson,Amanda_Beard,Candie_Kung,Debra_Brown,Hannah_Stockbauer,Martina_Hingis,Drew_Barrymore,Silvia_Farina_Elia,Tom_Crean,Bridget_Fonda,Lina_Krasnoroutskaya,Nastassia_Kinski,Sheila_Wellstone,Art_Howe,Robin_McLaurin_Williams,Kathleen_Glynn,Derek_Lowe,Benazir_Bhutto
probe/Jason_Alexander/Jason_Alexander_0002.jpg,Jason_Alexander,1,1.0,0.6874570846557617,0.6874570846557617,Jason_Alexander,Michael_Chiklis,Martin_Brodeur,Tom_Crean,James_Gandolfini,John_Negroponte,Sharon_Frey,Ilan_Ramon,Guy_Hemmings,Todd_Haynes,Julie_Gerberding,Frank_Solich,Bob_Hope,Jose_Manuel_Durao_Barroso,John_Wolf,Brad_Johnson,Damon_van_Dam,James_Parker,George_Karl,Brian_Heidik,John_Reilly,Gil_de_Ferran,Harvey_Weinstein,Marcus_Gronholm,Yevgeny_Kafelnikov,Steve_Park,Barry_Alvarez,Dale_Earnhardt_Jr,William_Ford_Jr,Lon_Kruger,Iain_Duncan_Smith,David_Spade,Michael_J_Sheehan,Noah_Wyle,John_Brady,Tim_Floyd,Carolyn_Dawn_Johnson,Ian_Thorpe,Michael_Ballack,Hipolito_Mejia,Janica_Kostelic,Goran_Persson,Jay_Rasulo,Luis_Gonzalez_Macchi,Costas_Simitis,Bertrand_Bonello,Bode_Miller,Jason_Kidd,Roy_Moore,Pascal_Quignard
probe/Jason_Jennings/Jason_Jennings_0002.jpg,Jason_Jennings,1,1.0,0.9152945280075073,0.9152945280075073,Jason_Jennings,Dale_Earnhardt_Jr,Jon_Gruden,Nadia_Petrova,Michael_Phelps,Barry_Zito,Jim_Furyk,Yevgeny_Kafelnikov,Greg_Owen,Padraig_Harrington,Mikhail_Youzhny,Tom_Glavine,Jan_Ullrich,Guillermo_Coria,Brad_Johnson,Paul_Byrd,Justine_Henin,Luke_Walton,David_Bell,Kenneth_Branagh,Steve_Park,Paul-Henri_Mathieu,Sue_Wicks,Gil_de_Ferran,Bode_Miller,Jason_Lezak,Derek_Lowe,Marcus_Gronholm,Damon_van_Dam,Aitor_Gonzalez,David_Coulthard,Kirk_Ferentz,Richard_Krajicek,Bob_Hope,Lindsay_Davenport,Leland_Chapman,Candie_Kung,Guy_Ritchie,Darrell_Porter,Mike_Weir,Gustavo_Kuerten,Brendan_Hansen,Blythe_Hartley,Magui_Serna,Julianne_Moore,Lindsay_Benko,Tyler_Hamilton,Elijah_Wood,Andrei_Mikhnevich,Justin_Gatlin
probe/Jason_Kidd/Jason_Kidd_0002.jpg,Jason_Kidd,1,1.0,0.8877174854278564,0.8877174854278564,Jason_Kidd,Grady_Irvin_Jr,Vince_Carter,Leland_Chapman,Alex_Penelas,Mike_Tyson,Gustavo_Kuerten,Cruz_Bustamante,Harry_Schmidt,Julie_Gerberding,John_McCallum,Barry_Alvarez,Jim_Edmonds,Evander_Holyfield,Natalie_Maines,Bo_Pelini,Joe_Calzaghe,Eric_Rosser,Jamie_Villafane,Laila_Ali,Peter_Hillary,Arnaud_Clement,Juergen_Peters,John_Negroponte,John_Malkovich,Mohammad_Khatami,Queen_Beatrix,Madonna,Juan_Pablo_Montoya,Ricky_Barnes,Lynne_Cheney,Paul_Byrd,James_Blake,Johnny_Depp,Raquel_Welch,Nabil_Shaath,Anna_Nicole_Smith,Daniel_Day-Lewis,Nia_Vardalos,Ibrahim_Jaafari,Thomas_Fargo,Juan_Manuel_Marquez,Arantxa_Sanchez-Vicario,Liza_Minnelli,Greg_Rusedski,Doris_Roberts,Steve_Park,Kathleen_Glynn,Jesse_James_Leija,Latrell_Sprewell
probe/Jason_Lezak/Jason_Lezak_0002.jpg,Jason_Lezak,1,1.0,0.9725674390792847,0.9725674390792847,Jason_Lezak,Justin_Leonard,Greg_Owen,Brendan_Hansen,Silvio_Berlusconi,Lou_Piniella,Steve_Park,Brad_Johnson,Mikhail_Youzhny,Gil_de_Ferran,Stacy_Dragila,Jim_Furyk,John_Rosa,Camilla_Parker_Bowles,Kenneth_Branagh,Yao_Ming,Jason_Jennings,Mark_Dacey,Yevgeny_Kafelnikov,Bode_Miller,Damon_van_Dam,David_Bell,Nadia_Petrova,Bob_Colvin,Dave_Campo,Geoff_Hoon,Tom_Glavine,Paul-Henri_Mathieu,Aitor_Gonzalez,Pete_Sampras,Howard_Dean,Jennifer_Aniston,David_Nalbandian,Matthew_Perry,Lindsay_Davenport,Prince_Harry,Luis_Figo,Elsa_Zylberstein,Bruce_Van_De_Velde,Sean_Penn,Adrian_McPherson,Alan_Mulally,Ricky_Ponting,Mitchell_Daniels,Charles_Schumer,Jennifer_Connelly,Marat_Safin,Rich_Gannon,Derek_Lowe,Al_Davis
probe/Jay_Garner/Jay_Garner_0002.jpg,Jay_Garner,1,1.0,0.8652524948120117,0.8652524948120117,Jay_Garner,Bernard_Landry,James_Smith,James_Morris,Peter_Struck,George_Ryan,Paul_ONeill,Ernie_Eves,Richie_Adubato,Patrick_Leahy,Manfred_Stolpe,Howard_Smith,John_Manley,Larry_Lindsey,Bill_Graham,Nick_Nolte,Boris_Yeltsin,Bobby_Robson,Roy_Williams,John_Snow,Jimmy_Carter,Dick_Cheney,Richard_Gephardt,Warren_Buffett,James_Kelly,Dave_Campo,Don_Nickles,Fred_Eckhard,Valdas_Adamkus,Colin_Powell,Joseph_Biden,Tom_Crean,William_Martin,George_Robertson,Harry_Kalas,Richard_Norton-Taylor,Alan_Mulally,Arye_Mekel,Anders_Ebbeson,Dennis_Kozlowski,Gregg_Popovich,James_Kopp,GL_Peiris,Angelo_Reyes,James_Traficant,Slobodan_Milosevic,George_Brumley,Hootie_Johnson,Jimmy_Kimmel,Nelson_Mandela
probe/Jay_Rasulo/Jay_Rasulo_0002.jpg,Jay_Rasulo,1,1.0,0.7524139881134033,0.7524139881134033,Jay_Rasulo,Nasser_al-Kidwa,John_Negroponte,Silvan_Shalom,Igor_Ivanov,Saeb_Erekat,Kevin_Spacey,Iain_Duncan_Smith,Richard_Sambrook,Job_Cohen,Henrique_Meirelles,Hipolito_Mejia,Bernard_Landry,Pascal_Lamy,Paul_ONeill,Jason_Alexander,Slobodan_Milosevic,William_Hochul,Larry_Lucchino,Jonathan_Mostow,Nia_Vardalos,Mitchell_Daniels,Mike_Weir,Juergen_Peters,William_Martin,Butch_Davis,Kieran_Prendergast,Arye_Mekel,James_Cunningham,Pedro_Malan,Bob_Hope,Cruz_Bustamante,Hector_Babenco,Jose_Dirceu,Guillermo_Ortiz,Scott_McClellan,Imad_Moustapha,Emile_Lahoud,William_Ford_Jr,GL_Peiris,Dick_Cheney,Carlos_Ghosn,Alan_Ball,Pedro_Solbes,Sean_Patrick_OMalley,Abel_Pacheco,Michael_Chiklis,Mike_Holmgren,Ilan_Ramon,Spencer_Abraham
probe/Jean-Claude_Braquet/Jean-Claude_Braquet_0002.jpg,Jean-Claude_Braquet,1,1.0,0.8346649408340454,0.8346649408340454,Jean-Claude_Braquet,Ian_McKellen,Gray_Davis,Ronald_Reagan,Jack_Straw,Elsa_Zylberstein,Fidel_Castro,Nicanor_Duarte_Frutos,Lino_Oviedo,Gary_Doer,Heizo_Takenaka,Gary_Forsee,Pupi_Avati,Nestor_Kirchner,Vaclav_Havel,Hootie_Johnson,Yasser_Arafat,Tom_Daschle,Amram_Mitzna,Anders_Fogh_Rasmussen,Pamela_Anderson,Alexander_Rumyantsev,Charlton_Heston,Dick_Clark,Mel_Brooks,Hichiro_Naemura,Kim_Dae-jung,Eduardo_Duhalde,John_Manley,Robert_De_Niro,Joseph_Blatter,Elizabeth_Dole,Tony_Bennett,Bud_Selig,Doris_Schroeder,David_Leahy,Alberto_Fujimori,Dino_de_Laurentis,Jia_Qinglin,Gregory_Geoffroy,Cesar_Maia,Tim_Allen,Robert_Mugabe,Nelson_Mandela,Eric_Clapton,Franz_Muentefering,Albrecht_Mentz,John_Allen_Muhammad,Frank_Griswold,Jimmy_Carter
probe/Jean-Claude_Juncker/Jean-Claude_Juncker_0002.jpg,Jean-Claude_Juncker,1,1.0,0.7666181325912476,0.7666181325912476,Jean-Claude_Juncker,Bill_Gates,Eric_Clapton,Nicanor_Duarte_Frutos,David_Trimble,Pedro_Malan,Adolfo_Aguilar_Zinser,Alejandro_Toledo,Marc_Grossman,Gerry_Adams,Jorge_Castaneda,John_Blaney,Bud_Selig,Charles_Kartman,Jean-David_Levitte,Arye_Mekel,Brad_Johnson,William_Ford_Jr,Jack_Straw,Fred_Eckhard,Elsa_Zylberstein,Paul_Bremer,Michael_Kostelnik,Bill_Simon,Franz_Muentefering,Bobby_Goldwater,Charlton_Heston,Wang_Yingfan,Jose_Manuel_Durao_Barroso,Hootie_Johnson,Abel_Pacheco,Mohamed_Benaissa,Chen_Liang_Yu,David_Leahy,Paul_ONeill,Hans_Eichel,Robbie_Fowler,Hassan_Wirajuda,James_Traficant,Ron_Dittemore,John_McCormack,Jose_Viegas_Filho,Bernard_Landry,Christopher_Walken,Jeffrey_Jones,Bill_Frist,Edward_Lu,Alvaro_Uribe,Alec_Baldwin,Nestor_Kirchner
probe/Jean-Claude_Trichet/Jean-Claude_Trichet_0002.jpg,Jean-Claude_Trichet,1,1.0,0.7015581130981445,0.7015581130981445,Jean-Claude_Trichet,Bobby_Robson,Inocencio_Arias,Paul_McCartney,Michael_Douglas,Oswaldo_Paya,Anthony_Hopkins,Roman_Polanski,Nestor_Kirchner,Jim_Harrick,Mikulas_Dzurinda,Frank_Stallone,Trent_Lott,Aleksander_Kwasniewski,Eduardo_Duhalde,Brian_Mulroney,Joe_Torre,Celso_Amorim,Francis_Mer,Abel_Pacheco,James_Traficant,Debra_Brown,Larry_Bowa,James_Jones,Mark_Hamister,Fred_Eckhard,Franz_Muentefering,Bill_Gates,Georgi_Parvanov,Augusto_Roa_Bastos,Charles_Grassley,LeBron_James,Peter_Greenaway,John_Garamendi,Zoran_Djindjic,John_Negroponte,John_Taylor,George_Robertson,Fred_Funk,Tim_Floyd,Larry_Coker,Bill_Frist,Jack_Straw,Mitoji_Yabunaka,Charlton_Heston,Nanni_Moretti,Dennis_Kucinich,Bashar_Assad,Jeffrey_Immelt,Franko_Simatovic
probe/Jean-David_Levitte/Jean-David_Levitte_0002.jpg,Jean-David_Levitte,1,1.0,0.9362847805023193,0.9362847805023193,Jean-David_Levitte,Bill_Simon,Alvaro_Uribe,James_Kelly,Roman_Polanski,Bud_Selig,Bill_Gates,Ron_Dittemore,Christian_Wulff,Tom_Craddick,Vaclav_Havel,Nick_Nolte,Michael_Kostelnik,Lawrence_MacAulay,Tim_Floyd,Charlton_Heston,Bill_Nelson,Paul_McNulty,Geno_Auriemma,Anthony_Fauci,Trent_Lott,Tom_Crean,Hun_Sen,Paul_Bremer,Jack_Straw,Eric_Clapton,Hashim_Thaci,Ernesto_Zedillo,Bill_Frist,Ernie_Fletcher,Jean-Claude_Juncker,Lee_Hoi-chang,David_Trimble,David_Heymann,Steve_Spurrier,Kiki_Vandeweghe,James_Kopp,Lyle_Vanclief,Tony_Bennett,Marc_Grossman,Joseph_Estrada,John_Walsh,Hal_Sutton,Jorge_Castaneda,Alberto_Fujimori,Camilla_Parker_Bowles,Gerry_Adams,John_Banko,Bill_Callahan,Jan_Ullrich
probe/Jean-Marc_de_La_Sabliere/Jean-Marc_de_La_Sabliere_0002.jpg,Jean-Marc_de_La_Sabliere,1,1.0,0.815119743347168,0.815119743347168,Jean-Marc_de_La_Sabliere,Job_Cohen,John_Negroponte,Jorge_Rodolfo_Canicoba_Corral,Frank_Griswold,Leszek_Miller,Abel_Pacheco,George_Ryan,Dick_Cheney,Pedro_Solbes,Kemal_Dervis,Bill_Graham,Franko_Simatovic,John_Snow,Len_Jenoff,John_Rowland,Guillermo_Ortiz,Warren_Buffett,Saeb_Erekat,Robert_Zoellick,Mike_Price,Bob_Hope,Peter_Struck,Paul_ONeill,Robin_Cook,Franz_Muentefering,Hans_Eichel,James_Ivory,Cruz_Bustamante,Yasar_Yakis,Patrice_Chereau,Nicanor_Duarte_Frutos,Steven_Spielberg,Alvaro_Noboa,Scott_McClellan,Slobodan_Milosevic,Jeffrey_Archer,Klaus_Zwickel,Anthony_Hopkins,Jerry_Falwell,Richard_Norton-Taylor,Robin_McLaurin_Williams,James_Smith,Joseph_Deiss,Nasser_al-Kidwa,Dennis_Kozlowski,Eddie_Sutton,Cesar_Maia,Nabil_Shaath,Jay_Rasulo
probe/Jean-Sebastien_Giguere/Jean-Sebastien_Giguere_0002.jpg,Jean-Sebastien_Giguere,1,1.0,0.7246752381324768,0.7246752381324768,Jean-Sebastien_Giguere,Adam_Scott,James_Blake,Robby_Ginepri,Pete_Sampras,Jim_Edmonds,Ali_Khamenei,Oscar_De_La_Hoya,Augustin_Calleri,Ian_Thorpe,Sean_Patrick_OMalley,Bode_Miller,Priscilla_Owen,Vince_Carter,James_Gandolfini,Miroljub,Greg_Rusedski,Mohammad_Khatami,Michael_Phelps,Dale_Earnhardt_Jr,Mike_Weir,Inam-ul-Haq,Steven_Spielberg,Martin_Brodeur,Tom_Cruise,Janica_Kostelic,Elizabeth_Taylor,Charlotte_Rampling,Robin_Cook,Jesse_James_Leija,Gerry_Adams,Darrell_Porter,Stockard_Channing,Leland_Chapman,Frances_Fisher,Kieran_Prendergast,Nicanor_Duarte_Frutos,Theo_Epstein,Mary-Kate_Olsen,Joe_Calzaghe,Robert_De_Niro,Jose_Theodore,Alicia_Silverstone,Luis_Horna,Eric_Hinske,Chris_Byrd,Michael_Ballack,Charles_Mathews,Diane_Green,Mitchell_Daniels
probe/Jean_Brumley/Jean_Brumley_0002.jpg,Jean_Brumley,1,1.0,0.8768966197967529,0.8768966197967529,Jean_Brumley,Christine_Gregoire,Gloria_Macapagal_Arroyo,Sheila_Copps,Nancy_Pelosi,Angela_Lansbury,Herta_Daeubler-Gmelin,Doris_Roberts,Lea_Fastow,Lynn_Abraham,Donna_Shalala,Nancy_Reagan,Dorthy_Moxley,Elizabeth_Dole,Lynne_Cheney,Margaret_Thatcher,Kathleen_Kennedy_Townsend,Paul_McCartney,Queen_Beatrix,Nicanor_Duarte_Frutos,Gloria_Allred,Monica_Seles,Shannon_OBrien,Jean_Carnahan,Martha_Burk,Garry_Trudeau,Debra_Brown,Dick_Clark,Yukiko_Okudo,Kevin_Spacey,Christine_Ebersole,Judy_Genshaft,Cesar_Maia,Hichiro_Naemura,Harry_Kalas,Li_Peng,Kim_Jong-Il,Lindsay_Davenport,Megawati_Sukarnoputri,Arianna_Huffington,Kemal_Dervis,Paula_Radcliffe,Hanan_Ashrawi,Pupi_Avati,Biljana_Plavsic,Gro_Harlem_Brundtland,Julie_Taymor,Michelle_Yeoh,Karin_Stoiber,Coretta_Scott_King
probe/Jean_Carnahan/Jean_Carnahan_0002.jpg,Jean_Carnahan,1,1.0,0.7321207523345947,0.7321207523345947,Jean_Carnahan,Biljana_Plavsic,Jean_Brumley,Christine_Gregoire,Paula_Radcliffe,Hillary_Clinton,Debra_Brown,Dorthy_Moxley,Lynn_Abraham,Alice_Fisher,Marie-Reine_Le_Gougne,Lynne_Cheney,Karin_Stoiber,Judy_Genshaft,Nancy_Pelosi,Betsy_Smith,Shannon_OBrien,Madonna,Monica_Seles,Elizabeth_Dole,Anneli_Jaatteenmaki,Sheila_Wellstone,Lindsay_Davenport,Nancy_Reagan,Margaret_Thatcher,Julie_Gerberding,Priscilla_Owen,Martha_Burk,Doris_Schroeder,Herta_Daeubler-Gmelin,Hayley_Tullett,Nadia_Petrova,Silvia_Farina_Elia,Gloria_Macapagal_Arroyo,Martha_Beatriz_Roque,Barbara_Brezigar,Kathleen_Kennedy_Townsend,Gloria_Allred,Angela_Lansbury,Melanie_Griffith,Sheila_Copps,Isabelle_Huppert,Sue_Wicks,Julianne_Moore,William_Ford_Jr,David_Myers,Doris_Roberts,Patricia_Clarkson,Gro_Harlem_Brundtland,Emma_Thompson
probe/Jeanne_Moreau/Jeanne_Moreau_0002.jpg,Jeanne_Moreau,1,1.0,0.8694268465042114,0.8694268465042114,Jeanne_Moreau,Melanie_Griffith,Lynne_Cheney,Jane_Fonda,Doris_Schroeder,Lauren_Hutton,Goldie_Hawn,Annette_Bening,Barbara_Walters,Dolly_Parton,Jessica_Lange,Carol_Burnett,Elizabeth_Dole,Yasser_Arafat,Valerie_Harper,Liza_Minnelli,Ann_Veneman,Omar_Sharif,Doris_Roberts,Ralph_Lauren,Reese_Witherspoon,Karin_Stoiber,Jose_Serra,Angela_Lansbury,Jolanta_Kwasniewski,Nelson_Mandela,Trent_Lott,Hillary_Clinton,Tom_Craddick,Joseph_Estrada,Charlotte_Rampling,Gloria_Macapagal_Arroyo,Mary_Tyler_Moore,John_Malkovich,Jane_Pauley,Nancy_Reagan,Raquel_Welch,Jason_Kidd,Charlton_Heston,Paul_Patton,Priscilla_Owen,Jorge_Batlle,Ibrahim_Jaafari,Alex_Penelas,Paula_Zahn,Warren_Beatty,James_Kopp,Isabelle_Huppert,Sally_Kirkland,Amram_Mitzna
probe/Jefferson_Perez/Jefferson_Perez_0002.jpg,Jefferson_Perez,1,1.0,0.6912668943405151,0.6912668943405151,Jefferson_Perez,Bernardo_Segura,Aaron_Sorkin,James_Blake,Marco_Antonio_Barrera,Alex_Barros,Paul_ONeill,Nicolas_Lapentti,Anthony_Fauci,Ron_Dittemore,Aldo_Paredes,Albert_Costa,Gerardo_Gambala,Julio_Iglesias_Jr,Corinne_Coman,Tom_Craddick,Arnaud_Clement,Kelli_White,Juan_Pablo_Montoya,David_Heymann,Jonathan_Edwards,Isabelle_Huppert,Sourav_Ganguly,John_Howard,Bill_Graham,Bill_Simon,Trent_Lott,Cameron_Diaz,Jada_Pinkett_Smith,Gerry_Parsky,Vladimir_Putin,Jennifer_Lopez,Vincent_Brooks,Keira_Knightley,Dwayne_Johnson,Serena_Williams,Jorge_Arce,Manuel_Poggiali,Miguel_Contreras,Denise_Johnson,Freddy_Garcia,Marcelo_Salas,Mel_Brooks,Lloyd_Ward,Zoran_Djindjic,Yasar_Yakis,Alejandro_Toledo,Raquel_Welch,Mark_Heller,Jorge_Batlle
probe/Jeffrey_Archer/Jeffrey_Archer_0002.jpg,Jeffrey_Archer,1,1.0,0.8168585300445557,0.8168585300445557,Jeffrey_Archer,David_Dodge,Gabriel_Valdes,Brian_Wells,William_Martin,Bill_Graham,Tom_Daschle,Vaclav_Havel,James_Maguire,Peter_Struck,Bernard_Landry,Bob_Hope,Pedro_Malan,Robert_DeFraites,Scott_Rudin,Bill_Nelson,Ron_Dittemore,Roy_Moore,Larry_Brown,Padraig_Harrington,Dave_Campo,Mike_Price,Bill_Simon,Tom_Craddick,Silvan_Shalom,Paul_ONeill,Joseph_Deiss,Tom_Crean,Steven_Spielberg,George_Pataki,John_Snow,Thomas_Fargo,Trent_Lott,Jay_Garner,Robert_Zoellick,Jay_Rasulo,Albrecht_Mentz,Guido_Westerwelle,Franz_Beckenbauer,Jorge_Batlle,John_Howard,Garry_Trudeau,Jonathan_Mostow,Guillermo_Ortiz,Silvio_Berlusconi,Lawrence_MacAulay,Geoff_Hoon,Stephen_Friedman,Gerry_Parsky,Dick_Cheney
probe/Jeffrey_Immelt/Jeffrey_Immelt_0002.jpg,Jeffrey_Immelt,1,1.0,0.8100443482398987,0.8100443482398987,Jeffrey_Immelt,Tom_Daschle,George_Pataki,Dennis_Kucinich,Hermann_Maier,James_Kelly,Aleksander_Kwasniewski,Larry_Bowa,Roy_Moore,Guido_Westerwelle,Trent_Lott,Lana_Clarkson,Tim_Allen,David_Caraway,Angelo_Reyes,John_Timoney,George_Robertson,Christian_Wulff,Jon_Gruden,Cathy_Freeman,Iva_Majoli,Damon_van_Dam,Stellan_Skarsgard,James_Morris,Sean_Astin,Corinne_Coman,Stanley_McChrystal,Marcus_Gronholm,Bruce_Van_De_Velde,James_Traficant,Jay_Garner,Leslie_Moonves,Gray_Davis,Scott_McNealy,Boris_Becker,Dave_Campo,Larry_Coker,Ricky_Barnes,Gerry_Parsky,Mary-Kate_Olsen,Robert_Zoellick,Richard_Crenna,Alan_Mulally,Boris_Yeltsin,Kristanna_Loken,Butch_Davis,Warren_Beatty,Bashar_Assad,Alastair_Campbell,Fred_Eckhard
probe/Jeffrey_Jones/Jeffrey_Jones_0002.jpg,Jeffrey_Jones,1,1.0,0.8254926204681396,0.8254926204681396,Jeffrey_Jones,David_Trimble,Jon_Gruden,Stellan_Skarsgard,Charles_Grassley,Goran_Persson,Robert_Duvall,George_Robertson,Richard_Gephardt,Frank_Cassell,Christian_Wulff,Bill_Sizemore,Dennis_Kozlowski,Damon_van_Dam,Gerry_Parsky,Dennis_Kucinich,Bernard_Landry,Michael_Douglas,Pedro_Malan,Robin_McLaurin_Williams,Arlen_Specter,Thomas_OBrien,Vladimir_Putin,George_Pataki,John_Timoney,Prince_Willem-Alexander,Gary_Carter,Al_Davis,Ron_Dittemore,Robert_Zoellick,Bud_Selig,Butch_Davis,David_Leahy,Trent_Lott,Aleksander_Kwasniewski,Jose_Manuel_Durao_Barroso,Roman_Polanski,Bill_Gates,Bob_Hope,Fred_Eckhard,Arnold_Palmer,Kristin_Davis,Bobby_Goldwater,Ilan_Ramon,James_Maguire,Matthew_Perry,Chris_Cooper,Alastair_Campbell,Mikhail_Kasyanov,Abel_Pacheco
probe/Jeffrey_Scott_Postell/Jeffrey_Scott_Postell_0002.jpg,Jeffrey_Scott_Postell,1,1.0,0.8980862498283386,0.8980862498283386,Jeffrey_Scott_Postell,Elijah_Wood,Conchita_Martinez,David_Nalbandian,Zoran_Djindjic,Bashar_Assad,Greg_Ostertag,Daniela_Hantuchova,Gian_Marco,Andrew_Niccol,Anna_Kournikova,Meghann_Shaughnessy,Jeffrey_Immelt,Claire_Hentzen,John_Abizaid,Bernard_Lord,Michael_Douglas,Justin_Leonard,Rupert_Grint,Nancy_Pelosi,Andrei_Mikhnevich,Jennifer_Reilly,Janet_Thorpe,Frank_Stallone,Kurt_Busch,Larry_Coker,Kim_Ryong-sung,Nadia_Petrova,Hitomi_Soga,Freddy_Garcia,Steve_Spurrier,Augusto_Pinochet,LeBron_James,David_Coulthard,Kieran_Prendergast,Martina_Hingis,Vladimir_Putin,Patricia_Clarkson,Bo_Ryan,Juan_Pablo_Montoya,Yao_Ming,Iva_Majoli,Elizabeth_Smart,Nora_Bendijo,Carolina_Moraes,Monica_Seles,Prince_Willem-Alexander,Thomas_Rupprath,Paul_McCartney,Bruce_Weber
probe/Jennifer_Aniston/Jennifer_Aniston_0002.jpg,Jennifer_Aniston,1,1.0,0.8381941318511963,0.8381941318511963,Jennifer_Aniston,Jennifer_Lopez,Silvio_Berlusconi,Rita_Wilson,Howard_Schultz,Daisy_Fuentes,Silvia_Farina_Elia,Sandra_Bullock,Vanessa_Incontrada,Desiree_Lemosi,Jamling_Norgay,Beth_Jones,Chung_Mong-joon,Hillary_Clinton,Eve_Pelletier,Carolina_Moraes,Elizabeth_Shue,Stacy_Dragila,Pat_Cox,Lili_Taylor,Mary_Landrieu,Jason_Lezak,Shannon_OBrien,Sarah_Jessica_Parker,Elsa_Zylberstein,Barbra_Streisand,Rob_Schneider,Prince_Harry,Ann_Veneman,Anna_Kournikova,Igor_Ivanov,Lee_Jun,Duane_Lee_Chapman,Heidi_Fleiss,Alejandro_Toledo,Natalie_Coughlin,Jo_Dee_Messina,Adolfo_Rodriguez_Saa,Paul_ONeill,Alan_Mulally,Isabelle_Huppert,Amanda_Coetzer,James_Blake,Mel_Brooks,Edward_Said,Julianne_Moore,David_Bell,Cameron_Diaz,Fran_Drescher,Elisabeth_Schumacher
probe/Jennifer_Connelly/Jennifer_Connelly_0002.jpg,Jennifer_Connelly,1,1.0,0.8277925252914429,0.8277925252914429,Jennifer_Connelly,Mike_Price,Alexandra_Vodjanikova,Dick_Cheney,Lisa_Gottsegen,Bridget_Fonda,Franz_Beckenbauer,Monica_Bellucci,Frank_Lautenberg,John_Howard,Cruz_Bustamante,Donatella_Versace,Kristin_Davis,Gabriel_Valdes,Patrick_Leahy,Hans_Eichel,Robert_Duvall,Amelia_Vega,Lon_Kruger,Klaus_Zwickel,Paul_Patton,Manfred_Stolpe,Bernard_Landry,Liza_Minnelli,Madonna,Lauren_Killian,Chris_Byrd,Bob_Beauprez,Slobodan_Milosevic,Jason_Lezak,Brooke_Shields,Lindsay_Davenport,Daisy_Fuentes,Julie_Taymor,Evan_Rachel_Wood,Leon_LaPorte,Joseph_Biden,Elsa_Zylberstein,Gil_de_Ferran,Eric_Hinske,Costas_Simitis,James_Morris,Mohammad_Khatami,Lim_Dong-won,Peter_Arnett,Henrique_Meirelles,Stacy_Dragila,Elvis_Presley,Sandra_Bullock,Geoff_Hoon
probe/Jennifer_Lopez/Jennifer_Lopez_0002.jpg,Jennifer_Lopez,1,1.0,0.8082764148712158,0.8082764148712158,Jennifer_Lopez,Luis_Figo,Katie_Harman,Donatella_Versace,Daisy_Fuentes,Carol_Moseley_Braun,Lionel_Richie,Jessica_Alba,Gerry_Parsky,Brad_Johnson,Anna_Kournikova,Rob_Schneider,Vanessa_Williams,Dexter_Jackson,Jennifer_Aniston,Cameron_Diaz,Jada_Pinkett_Smith,Patti_Labelle,Dale_Earnhardt_Jr,Luis_Gonzalez_Macchi,John_Timoney,Michael_Chang,Tyra_Banks,Robin_McLaurin_Williams,Corinne_Coman,Heidi_Fleiss,Jo_Dee_Messina,Chung_Mong-joon,Gisele_Bundchen,Sean_Penn,Adrian_McPherson,Cathy_Freeman,Alejandro_Toledo,George_Pataki,Joe_Dumars,Ken_Watanabe,Beth_Jones,Dolma_Tsering,Justin_Gatlin,Lloyd_Ward,Vicente_Fernandez,John_Stallworth,Laila_Ali,Zarai_Toledo,Serena_Williams,Olesya_Bonabarenko,Marwan_Barghouthi,Saddam_Hussein,Jorge_Valdano,Christina_Aguilera
probe/Jennifer_Reilly/Jennifer_Reilly_0002.jpg,Jennifer_Reilly,1,1.0,0.8871617317199707,0.8871617317199707,Jennifer_Reilly,Anna_Kournikova,Pedro_Solbes,Natalie_Coughlin,Conchita_Martinez,Mary_Landrieu,Nora_Bendijo,Alison_Lohman,Kathy_Winters,James_Kopp,Elizabeth_Smart,Alicia_Silverstone,Hillary_Clinton,Beth_Jones,Kieran_Prendergast,Annette_Lu,Natalie_Maines,Elisabeth_Schumacher,Robin_Cook,Carlos_Mesa,Martha_Burk,Daniela_Hantuchova,Mike_Miller,Gian_Marco,Martina_Hingis,Mary-Kate_Olsen,Lim_Dong-won,Mary_Tyler_Moore,Julianne_Moore,GL_Peiris,Francis_Ford_Coppola,Monica_Seles,Jane_Pauley,Drew_Barrymore,Annette_Bening,Brian_Wells,Carolina_Moraes,Jose_Sarney,Kathleen_Kennedy_Townsend,Desiree_Lemosi,Gerry_Adams,Megawati_Sukarnoputri,Mohammad_Khatami,Meghann_Shaughnessy,Elinor_Caplan,Jan_Ullrich,Joseph_Ralston,Ricky_Ponting,Flavia_Delaroli,Helen_Clark
probe/Jennifer_Rodriguez/Jennifer_Rodriguez_0002.jpg,Jennifer_Rodriguez,1,1.0,0.718297004699707,0.718297004699707,Jennifer_Rodriguez,Bode_Miller,Janica_Kostelic,Sachiko_Yamada,Elsa_Zylberstein,Kathy_Winters,Princess_Aiko,Helen_Clark,Susan_Collins,Candie_Kung,Paula_Radcliffe,Sarah_Jessica_Parker,Lindsay_Benko,Serena_Williams,Jon_Gruden,Arianna_Huffington,Robin_McLaurin_Williams,Jennifer_Aniston,Anna_Kournikova,Martha_Bowen,Meryl_Streep,Stacy_Dragila,Jo_Dee_Messina,Venus_Williams,Barbra_Streisand,David_Bell,Nia_Vardalos,Lisa_Raymond,Kathleen_Kennedy_Townsend,Julianne_Moore,Monica_Seles,Hitomi_Soga,Chen_Liang_Yu,Mitchell_Daniels,Luiz_Felipe_Scolari,Dale_Earnhardt_Jr,Emma_Thompson,Ellen_DeGeneres,Gisele_Bundchen,Justine_Henin,Brendan_Hansen,Sean_Penn,Patricia_Clarkson,Jason_Lezak,Zhang_Ziyi,George_Robertson,Derek_Lowe,Nasser_al-Kidwa,Goran_Persson,Iban_Mayo
probe/Jennifer_Thompson/Jennifer_Thompson_0002.jpg,Jennifer_Thompson,1,1.0,0.8211303353309631,0.8211303353309631,Jennifer_Thompson,Lina_Krasnoroutskaya,Carolyn_Dawn_Johnson,Serena_Williams,Arantxa_Sanchez-Vicario,Stacy_Dragila,Magui_Serna,Julie_Gerberding,Alicia_Silverstone,Lindsay_Davenport,Silvia_Farina_Elia,Eve_Pelletier,Nadia_Petrova,Sue_Wicks,Conchita_Martinez,Hannah_Stockbauer,Jennifer_Aniston,Iva_Majoli,Lisa_Raymond,Anna_Kournikova,Jennifer_Rodriguez,Marlene_Weingartner,Monica_Seles,Nia_Vardalos,Hayley_Tullett,Claire_Hentzen,Janica_Kostelic,Meghann_Shaughnessy,Daniela_Hantuchova,Judi_Dench,Carolina_Moraes,Lindsay_Benko,Venus_Williams,Natalie_Coughlin,Guillermo_Coria,Paula_Radcliffe,Blythe_Hartley,Beth_Jones,Patty_Schnyder,Joseph_Deiss,Rita_Wilson,Aitor_Gonzalez,Bill_Graham,Prince_Harry,Pamela_Anderson,Robert_Mugabe,Ellen_DeGeneres,Eunice_Barber,Emily_Robison,Julianne_Moore
probe/Jeremy_Shockey/Jeremy_Shockey_0002.jpg,Jeremy_Shockey,1,1.0,0.8990950584411621,0.8990950584411621,Jeremy_Shockey,Kirk_Johnson,Paul_Byrd,Luis_Figo,Kenneth_Branagh,Brad_Johnson,Carmen_Electra,Tom_Brady,Bill_Frist,Carlo_Ancelotti,Hal_Sutton,Howard_Smith,Pete_Sampras,Ruben_Studdard,Jan_Ullrich,Mike_Babcock,Dale_Earnhardt_Jr,Duane_Lee_Chapman,Harry_Schmidt,Martin_Brodeur,Andrei_Mikhnevich,Jim_Carrey,Mikhail_Youzhny,Derek_Lowe,Sean_Astin,Jeffrey_Scott_Postell,Andrew_Niccol,John_Abizaid,Greg_Gilbert,Gerry_Adams,Leland_Chapman,Desiree_Lemosi,Rupert_Grint,Zoran_Djindjic,Prince_Harry,James_Schultz,Georgi_Parvanov,James_Parker,Celine_Dion,David_Nalbandian,Latrell_Sprewell,Paul_McNulty,Steve_Park,Diane_Green,Chris_Rock,Steve_Spurrier,Alberto_Ruiz_Gallardon,Ricky_Ponting,Jon_Gruden,Patti_Labelle
probe/Jerry_Falwell/Jerry_Falwell_0002.jpg,Jerry_Falwell,1,1.0,0.7086664438247681,0.7086664438247681,Jerry_Falwell,Steven_Spielberg,Jay_Garner,Peter_Harrison,Howard_Dean,John_Howard,Geoff_Hoon,Bill_Graham,Leszek_Miller,Robin_Cook,Franz_Muentefering,Joseph_Biden,Warren_Buffett,Joseph_Blatter,Mike_Price,James_Smith,Frank_Lautenberg,Augusto_Pinochet,Brian_Mulroney,Thomas_Fargo,Alvaro_Noboa,Jean-Claude_Juncker,Jennifer_Connelly,Eduardo_Duhalde,Manfred_Stolpe,Bernard_Landry,Frank_Griswold,Ozzy_Osbourne,Gary_Winnick,Eric_Clapton,Vaclav_Havel,Slobodan_Milosevic,James_Traficant,George_Ryan,Guillermo_Ortiz,Gerry_Adams,Roy_Williams,Pedro_Solbes,Tom_Cruise,Dick_Cheney,Kemal_Dervis,Kristin_Davis,Richie_Adubato,Alexander_Losyukov,Arye_Mekel,Franz_Beckenbauer,Paul_William_Hurley,Valdas_Adamkus,Chuck_Yeager,George_Robertson
probe/Jesse_Jackson/Jesse_Jackson_0002.jpg,Jesse_Jackson,1,1.0,0.9184116125106812,0.9184116125106812,Jesse_Jackson,Grady_Irvin_Jr,Kenneth_Evans,Morgan_Freeman,Fidel_Castro,Lloyd_Ward,Joe_Dumars,Natalie_Coughlin,Leonard_Hamilton,Yasser_Arafat,Michael_Chang,Saeb_Erekat,S_Jayakumar,Angelo_Reyes,John_Blaney,Luis_Gonzalez_Macchi,Marwan_Barghouthi,George_Foreman,Dennis_Kozlowski,Abdullah_Gul,Harry_Kalas,George_Robertson,Amelia_Vega,Art_Hoffmann,Jeffrey_Jones,Anwar_Ibrahim,Scott_McNealy,John_Stallworth,John_Timoney,Luiz_Felipe_Scolari,Jose_Manuel_Durao_Barroso,Mark_Geragos,Denise_Johnson,Thaksin_Shinawatra,Alan_Mulally,Nelson_Mandela,John_Reilly,Jay_Garner,Dennis_Kucinich,Todd_Haynes,Peter_Struck,Christopher_Walken,George_Roy_Hill,James_Schultz,Guillaume_Soro,Don_Nickles,Michael_Chiklis,Robin_McLaurin_Williams,Richard_Sambrook,Vanessa_Williams
probe/Jesse_James_Leija/Jesse_James_Leija_0002.jpg,Jesse_James_Leija,583,0.0017152658662092624,0.5391703844070435,0.02171000838279724,Benjamin_Netanyahu,LeBron_James,Michael_Chang,Igor_Ivanov,Jonathan_Edwards,Silvio_Berlusconi,Kevin_Spacey,Adolfo_Rodriguez_Saa,Sandra_Bullock,Xanana_Gusmao,Megawati_Sukarnoputri,Emile_Lahoud,Hillary_Clinton,Silvan_Shalom,Gary_Bergeron,Mohammad_Khatami,Iain_Duncan_Smith,Larry_Lucchino,Jose_Mourinho,Freddy_Garcia,Wang_Yingfan,Shaukat_Aziz,David_Myers,Pascal_Lamy,Ahmet_Necdet_Sezer,Nestor_Kirchner,Alejandro_Toledo,Lino_Oviedo,Anthony_Fauci,Hitomi_Soga,Paul_ONeill,Cathy_Freeman,John_Rosa,Boris_Berezovsky,Zoran_Djindjic,Edward_Lu,Herb_Sendek,Carlo_Ancelotti,Jane_Pauley,Martha_Burk,Yukiko_Okudo,Chung_Mong-joon,Li_Peng,Amanda_Coetzer,Juan_Valencia_Osorio,Abdel_Nasser_Assidi,Gary_Doer,Andrew_Cuomo,Edward_Said,Nia_Vardalos
probe/Jessica_Alba/Jessica_Alba_0002.jpg,Jessica_Alba,1,1.0,0.7806061506271362,0.7806061506271362,Jessica_Alba,Daisy_Fuentes,Elizabeth_Shue,Joseph_Estrada,Jennifer_Lopez,Fidel_Castro,Cameron_Diaz,Gerry_Parsky,Reese_Witherspoon,Nadine_Vinzens,Alejandro_Toledo,Bill_Frist,Mary_Carey,Alison_Lohman,Natalie_Maines,Flavia_Delaroli,Drew_Barrymore,Lauren_Hutton,Hans_Eichel,Anibal_Ibarra,Elizabeth_Smart,Dai_Bachtiar,Paul_McNulty,Bernard_Landry,Hun_Sen,Warren_Beatty,Christina_Aguilera,Mary_Tyler_Moore,David_Trimble,Cyndi_Thompson,Michelle_Pfeiffer,Amelia_Vega,Joseph_Biden,James_Kelly,Lauren_Killian,Annette_Bening,John_Rosa,Xanana_Gusmao,Jennifer_Connelly,Karen_Mok,Jimmy_Carter,Charlton_Heston,Jon_Gruden,Lon_Kruger,John_Manley,Arye_Mekel,Christian_Fittipaldi,Sachiko_Yamada,Silvio_Berlusconi,Bruce_Weber
probe/Jessica_Lange/Jessica_Lange_0002.jpg,Jessica_Lange,1,1.0,0.5596581697463989,0.5596581697463989,Jessica_Lange,Barbara_Walters,Lindsay_Benko,Karin_Stoiber,Sophia_Loren,Lynn_Abraham,Sue_Wicks,Meryl_Streep,Elizabeth_Dole,Raquel_Welch,Jean_Brumley,Hillary_Clinton,Herta_Daeubler-Gmelin,Marie-Reine_Le_Gougne,Goldie_Hawn,Kathleen_Kennedy_Townsend,Penelope_Ann_Miller,Julie_Gerberding,Christine_Ebersole,Jolanta_Kwasniewski,Gro_Harlem_Brundtland,Julianne_Moore,Leslie_Ann_Woodward,Thaksin_Shinawatra,Anneli_Jaatteenmaki,Brigitte_Boisselier,Tom_Cruise,Shannon_OBrien,Bridget_Fonda,Alicia_Silverstone,Kim_Ryong-sung,Judi_Dench,Claire_Danes,Lindsay_Davenport,Prince_Naruhito,Marlene_Weingartner,Doris_Roberts,Melanie_Griffith,Flavia_Delaroli,Paul_McCartney,Amber_Tamblyn,Carlos_Manuel_Pruneda,Jeanne_Moreau,Ozzy_Osbourne,Betsy_Smith,Tammy_Lynn_Michaels,Hayley_Tullett,Gwendal_Peizerat,Ken_Watanabe,Jane_Pauley
probe/Jessica_Lynch/Jessica_Lynch_0002.jpg,Jessica_Lynch,1,1.0,0.6084939241409302,0.6084939241409302,Jessica_Lynch,Goldie_Hawn,Jose_Serra,Lily_Tomlin,Jack_Straw,Kathleen_Kennedy_Townsend,Hermann_Maier,Gloria_Macapagal_Arroyo,Lynne_Cheney,Hamzah_Haz,Ali_Abbas,Michael_Ballack,Justine_Henin,John_Snow,Martha_Beatriz_Roque,Doris_Schroeder,Priscilla_Owen,Katie_Harman,Hu_Jintao,Richard_Shelby,Kwon_Yang-sook,Barbara_Brezigar,Thomas_OBrien,Valerie_Harper,Stockard_Channing,Abdullah_Gul,Patty_Schnyder,Nancy_Reagan,Intisar_Ajouri,Elizabeth_Taylor,Michelle_Yeoh,Joe_Torre,Alastair_Campbell,Flor_Montulo,Darrell_Issa,Anders_Ebbeson,Ashanti,Carla_Myers,Doug_Collins,Maggie_Smith,Jorge_Arce,Kalpana_Chawla,Benjamin_Netanyahu,Anthony_Hopkins,Kristanna_Loken,Desiree_Lemosi,Paula_Radcliffe,Ahmet_Necdet_Sezer,Allison_Janney,Hillary_Clinton
probe/Jia_Qinglin/Jia_Qinglin_0002.jpg,Jia_Qinglin,1,1.0,0.8755111694335938,0.8755111694335938,Jia_Qinglin,Kim_Dae-jung,Chang_Dae-whan,Hu_Jintao,Lee_Tae-sik,Lee_Hoi-chang,Lee_Jun,Heizo_Takenaka,Hichiro_Naemura,Alberto_Fujimori,Kim_Jin-sun,Saparmurat_Niyazov,Chung_Mong-hun,Kim_Ryong-sung,Alimzhan_Tokhtakhounov,Li_Peng,Goh_Kun,Yoko_Ono,Antony_Leung,Gary_Locke,Thaksin_Shinawatra,Hun_Sen,Lim_Dong-won,Saddam_Hussein,Jong_Thae_Hwa,Michael_Chang,Chung_Mong-joon,Annette_Lu,Jorge_Castaneda,Wang_Yingfan,Candie_Kung,Megawati_Sukarnoputri,Munir_Akram,Lino_Oviedo,Edward_Lu,Liu_Mingkang,Jackie_Chan,Joseph_Estrada,Hilmi_Ozkok,Prince_Naruhito,Ozzy_Osbourne,James_Kelly,Chen_Liang_Yu,Spencer_Abraham,Kiki_Vandeweghe,George_Robertson,David_Trimble,Angelo_Reyes,Hamzah_Haz,Vaclav_Havel
probe/Jim_Carrey/Jim_Carrey_0002.jpg,Jim_Carrey,1,1.0,0.5520662665367126,0.5520662665367126,Jim_Carrey,Sean_Astin,Greg_Rusedski,Marcus_Gronholm,Julianne_Moore,Bill_Frist,Mary_Landrieu,James_Kopp,John_Jumper,Gerry_Parsky,Robert_Zoellick,Bill_Simon,Ann_Veneman,Aron_Ralston,William_Ford_Jr,Aaron_Sorkin,Jon_Gruden,Jeffrey_Immelt,Tom_Cruise,Jan_Ullrich,Todd_Haynes,Tom_Daschle,Gian_Marco,James_Morris,Julie_Taymor,Felix_Mantilla,Ron_Howard,Oscar_De_La_Hoya,Roy_Moore,David_Nalbandian,Padraig_Harrington,Justin_Leonard,Larry_Bowa,David_Kelley,Martin_Verkerk,Gordon_Campbell,Nancy_Pelosi,Richard_Gephardt,Jeffrey_Scott_Postell,Jacqueline_Obradors,Mariah_Carey,Jennifer_Lopez,Bill_Sizemore,Rolf_Eckrodt,Dick_Vermeil,Guido_Westerwelle,Eve_Pelletier,Carlos_Manuel_Pruneda,Ilan_Ramon,Lindsey_Graham
probe/Jim_Edmonds/Jim_Edmonds_0002.jpg,Jim_Edmonds,1,1.0,0.6685104966163635,0.6685104966163635,Jim_Edmonds,Rich_Gannon,Peter_Harrison,Christian_Fittipaldi,Frank_Dunham_Jr,Mike_Weir,Robby_Ginepri,Ben_Curtis,Augustin_Calleri,John_Allen_Muhammad,Darrell_Porter,John_Rosa,Jean-Sebastien_Giguere,John_Abizaid,Bob_Colvin,Padraig_Harrington,Steve_Park,Jason_Kidd,Tom_Cruise,Ricky_Ponting,Mikhail_Youzhny,Oscar_De_La_Hoya,Thomas_Fargo,Gerry_Adams,Carmen_Electra,Cruz_Bustamante,Derek_Lowe,Mark_Schweiker,Paul_Bremer,Jonathan_Edwards,Bruce_Weber,Natalie_Maines,Joe_Calzaghe,John_Manley,Edward_Norton,Queen_Beatrix,Carlo_Ancelotti,Alec_Baldwin,John_McCormack,Marc-Andre_Fleury,Brad_Johnson,Liza_Minnelli,Anders_Fogh_Rasmussen,Harry_Schmidt,Jodie_Foster,Fidel_Castro,Jason_Lezak,Charles_Mathews,Mathias_Reichhold,Robert_De_Niro
probe/Jim_Furyk/Jim_Furyk_0002.jpg,Jim_Furyk,1,1.0,0.8982537388801575,0.8982537388801575,Jim_Furyk,David_Nalbandian,Fred_Funk,Greg_Gilbert,Phil_Mickelson,Greg_Owen,Jon_Gruden,Tom_Glavine,Michael_Douglas,Yevgeny_Kafelnikov,Frank_Dunham_Jr,Art_Howe,Howard_Dean,Mark_Schweiker,Brooke_Shields,Padraig_Harrington,Jason_Jennings,Jason_Alexander,Robert_Mueller,Robert_Duvall,Frank_Solich,Dale_Earnhardt_Jr,Bob_Beauprez,James_Jones,Robert_Stack,Mike_Babcock,Justin_Leonard,Lon_Kruger,Joseph_Deiss,Frank_Cassell,Elijah_Wood,Derek_Lowe,Kurt_Busch,Gil_de_Ferran,John_Negroponte,Bob_Hope,Mike_Weir,Tyler_Hamilton,Gary_Carter,Damon_van_Dam,Bill_Callahan,Ilan_Ramon,Matt_Doherty,Martha_Bowen,John_Rosa,Jan_Ullrich,Jim_Harrick,Brad_Johnson,Nadia_Petrova,Thomas_Fargo
probe/Jim_Harrick/Jim_Harrick_0002.jpg,Jim_Harrick,69,0.014492753623188406,0.46690651774406433,0.3021892309188843,Jonathan_Edwards,Bernard_Lord,Justin_Leonard,Phil_Mickelson,Gary_Williams,John_Kerry,Gil_de_Ferran,Alvaro_Uribe,David_Nalbandian,Herb_Sendek,Jorge_Valdano,Richard_Krajicek,William_Hochul,Bashar_Assad,Bruce_Van_De_Velde,Bill_Simon,Xanana_Gusmao,Padraig_Harrington,Jose_Mourinho,Frank_Solich,Paul_Bremer,Marcus_Gronholm,Brian_Wells,Roy_Moore,Silvio_Berlusconi,Ilan_Ramon,Joe_Mantello,Brian_Griese,Jim_Carrey,Mark_Hamister,Hector_Babenco,Gregg_Popovich,Tom_Daschle,Mikulas_Dzurinda,John_Abizaid,David_Wolf,Frank_Stallone,Guy_Hemmings,Andrew_Bunner,Trent_Lott,Daniel_Day-Lewis,Larry_Lucchino,Ann_Veneman,Abdullah_Gul,Bo_Ryan,David_Heymann,William_Bratton,Paul_Pierce,John_Jumper,Greg_Rusedski
probe/Jimmy_Carter/Jimmy_Carter_0002.jpg,Jimmy_Carter,1,1.0,0.9194471836090088,0.9194471836090088,Jimmy_Carter,Jay_Garner,John_Snow,John_Rigas,Augusto_Pinochet,Duane_Lee_Chapman,Harry_Kalas,Manfred_Stolpe,Nelson_Mandela,George_Ryan,George_Pataki,Scott_McNealy,Joseph_Biden,Gray_Davis,Warren_Buffett,Silvio_Berlusconi,Billy_Graham,Peter_Struck,Thomas_OBrien,Yasser_Arafat,James_Kelly,Paul_ONeill,Martha_Beatriz_Roque,Igor_Ivanov,Dennis_Kozlowski,Alan_Mulally,Richard_Gephardt,Ozzy_Osbourne,Arye_Mekel,Charles_Grassley,Franz_Beckenbauer,Ralph_Lauren,Bob_Hope,Vaclav_Havel,Trent_Lott,Slobodan_Milosevic,Boris_Becker,Mel_Brooks,Ernie_Eves,Sally_Kirkland,Anders_Ebbeson,James_Morris,Lyle_Vanclief,Jorge_Batlle,Mary_Landrieu,George_Voinovich,Prince_Willem-Alexander,George_Robertson,Joseph_Estrada,Boris_Yeltsin
probe/Jimmy_Kimmel/Jimmy_Kimmel_0002.jpg,Jimmy_Kimmel,1,1.0,0.8165492415428162,0.8165492415428162,Jimmy_Kimmel,Dai_Bachtiar,Charlie_Zaa,Juan_Pablo_Montoya,Rob_Schneider,Federico_Trillo,Igor_Ivanov,Matthew_Perry,Bernardo_Segura,Oscar_De_La_Hoya,Intisar_Ajouri,Carmen_Electra,Carlos_Manuel_Pruneda,Ali_Abbas,Peter_Arnett,Guillermo_Coria,Begum_Khaleda_Zia,Megawati_Sukarnoputri,Saeb_Erekat,Anna_Kournikova,James_McGreevey,Sean_Astin,George_Lopez,Cathy_Freeman,Yao_Ming,Christopher_Walken,Hun_Sen,Alexandra_Stevenson,Thaksin_Shinawatra,Andrew_Niccol,Michael_Chiklis,Mary_Landrieu,Freddy_Garcia,Eduardo_Duhalde,Sourav_Ganguly,Jay_Rasulo,Todd_Haynes,George_Ryan,Alejandro_Toledo,Elvis_Presley,Rupert_Grint,GL_Peiris,Kalpana_Chawla,Sharon_Frey,Adrian_Nastase,Darren_Clarke,Jennifer_Lopez,Michael_Chang,Hashim_Thaci,Ann_Veneman
probe/Jo_Dee_Messina/Jo_Dee_Messina_0002.jpg,Jo_Dee_Messina,1,1.0,0.5796242952346802,0.5796242952346802,Jo_Dee_Messina,Christina_Aguilera,Gianna_Angelopoulos-Daskalaki,Chita_Rivera,Gisele_Bundchen,Anna_Kournikova,Ken_Watanabe,Patti_Labelle,Sophia_Loren,Lisa_Ling,Lee_Tae-sik,Sue_Wicks,Katie_Harman,Jennifer_Lopez,Dale_Earnhardt_Jr,Patricia_Clarkson,Freddy_Garcia,Alec_Baldwin,Nia_Vardalos,Thaksin_Shinawatra,Prince_Naruhito,Hun_Sen,Benazir_Bhutto,Jeffrey_Immelt,Saeb_Erekat,Priscilla_Owen,Paul_McCartney,James_Parker,Nancy_Pelosi,Olesya_Bonabarenko,Vanessa_Williams,George_Robertson,Greg_Owen,Madonna,Kwon_Yang-sook,Dolly_Parton,Celine_Dion,John_Howard,Michael_Chang,Jennifer_Rodriguez,Hu_Jintao,Jong_Thae_Hwa,Jennifer_Aniston,Carmen_Electra,Paula_Radcliffe,Jorge_Castaneda,Sarah_Jessica_Parker,John_Timoney,Lee_Jun,Brad_Johnson
probe/Joan_Claybrook/Joan_Claybrook_0002.jpg,Joan_Claybrook,1,1.0,0.840299665927887,0.840299665927887,Joan_Claybrook,Biljana_Plavsic,Gro_Harlem_Brundtland,Jean-David_Levitte,Bud_Selig,Bill_Simon,Martha_Burk,Bill_Gates,James_Kopp,Charlton_Heston,Claire_Leger,Sean_Patrick_OMalley,Gerry_Adams,Yoko_Ono,Kathy_Winters,David_Heymann,Christian_Wulff,Debra_Brown,Eric_Clapton,Margaret_Thatcher,David_Trimble,Joseph_Deiss,Diane_Green,Ron_Dittemore,Serena_Williams,Roman_Polanski,Gloria_Allred,Marc_Grossman,Paul_McNulty,Maggie_Smith,James_Kelly,Elinor_Caplan,George_Robertson,Frances_Fisher,Karin_Stoiber,Mike_Babcock,Queen_Beatrix,John_Manley,Lyle_Vanclief,Jose_Dirceu,Nick_Nolte,David_Leahy,Jose_Sarney,Prince_Willem-Alexander,Wang_Yingfan,Lawrence_MacAulay,David_Dodge,Jack_Straw,Helen_Clark,Jean_Carnahan
probe/Job_Cohen/Job_Cohen_0002.jpg,Job_Cohen,1,1.0,0.8678376078605652,0.8678376078605652,Job_Cohen,Hector_Babenco,Jason_Alexander,Iain_Duncan_Smith,Eddie_Sutton,James_Cunningham,Igor_Ivanov,Imad_Moustapha,Boris_Berezovsky,Alvaro_Noboa,Jorge_Rodolfo_Canicoba_Corral,Pedro_Solbes,Kemal_Dervis,Fidel_Castro,William_Ford_Jr,Guy_Hemmings,Bob_Hope,Robert_Kocharian,Kevin_Spacey,Ibrahim_Jaafari,Bob_Beauprez,Vicki_Zhao_Wei,Francis_Mer,Adolfo_Rodriguez_Saa,Jonathan_Mostow,Scott_McClellan,Nia_Vardalos,John_Allen_Muhammad,Silvan_Shalom,Kevin_Stallings,John_Negroponte,Howard_Dean,Juergen_Peters,Mike_Weir,Patty_Schnyder,Nestor_Kirchner,Larry_Lucchino,Jose_Serra,Thomas_Birmingham,Bob_Geldof,Emile_Lahoud,Barry_Alvarez,Benazir_Bhutto,Jim_Furyk,Jodie_Foster,Mohammad_Khatami,Richard_Shelby,David_Myers,Ilan_Ramon,Alan_Ball
probe/Jodie_Foster/Jodie_Foster_0002.jpg,Jodie_Foster,1,1.0,0.8608431816101074,0.8608431816101074,Jodie_Foster,Gisele_Bundchen,Kathy_Winters,Lea_Fastow,Julianne_Moore,Michelle_Pfeiffer,Maria_Luisa_Mendonca,Kristin_Davis,Gillian_Anderson,Elizabeth_Shue,Cameron_Diaz,Goldie_Hawn,John_Garamendi,Drew_Barrymore,Patricia_Clarkson,Isabelle_Huppert,Anneli_Jaatteenmaki,Natalie_Maines,Vicki_Zhao_Wei,Jamling_Norgay,Hassan_Wirajuda,Emma_Thompson,Martina_McBride,Bridget_Fonda,Kristanna_Loken,Charlotte_Rampling,Gwendal_Peizerat,Bill_Sizemore,Kathleen_Glynn,Maggie_Smith,Cristina_Fernandez,Edward_Lu,Katie_Harman,Robert_Kocharian,Arianna_Huffington,Chen_Liang_Yu,Penelope_Ann_Miller,Antony_Leung,Elsa_Zylberstein,Prince_Naruhito,Madonna,Barbara_Walters,James_Blake,Lynn_Abraham,Frances_Fisher,Matthew_Perry,Phil_Vassar,Jorge_Castaneda,Benazir_Bhutto,Abdullah
probe/Joe_Calzaghe/Joe_Calzaghe_0002.jpg,Joe_Calzaghe,227,0.004405286343612335,0.5472400188446045,0.15735985338687897,Vitali_Klitschko,Emanuel_Ginobili,Luis_Figo,Sam_Torrance,John_Abizaid,Rich_Gannon,Leszek_Miller,Jim_Edmonds,Greg_Rusedski,Hanan_Ashrawi,Albert_Costa,Steven_Spielberg,Sophia_Loren,Iban_Mayo,Stacy_Dragila,Guillermo_Coria,Christian_Fittipaldi,Robby_Ginepri,Bruce_Weber,Alvaro_Uribe,Ben_Curtis,Mohammad_Khatami,Pete_Sampras,John_Walsh,Brad_Johnson,Guillermo_Ortiz,Matt_Doherty,Marat_Safin,Kemal_Dervis,James_Gandolfini,Geoff_Hoon,Magui_Serna,Raquel_Welch,Emily_Robison,Thabo_Mbeki,Harry_Schmidt,Paul_Bremer,Frank_Cassell,Gustavo_Kuerten,Luis_Horna,Jean-David_Levitte,Daniel_Day-Lewis,Ron_Dittemore,Barbra_Streisand,Marlene_Weingartner,Matthew_Perry,John_Allen_Muhammad,Mario_Dumont,Mikhail_Youzhny,Hipolito_Mejia
probe/Joe_Dumars/Joe_Dumars_0002.jpg,Joe_Dumars,1,1.0,0.8215645551681519,0.8215645551681519,Joe_Dumars,Justin_Gatlin,Guillaume_Soro,Kenneth_Evans,Adrian_McPherson,Jesse_Jackson,George_Foreman,Paul_Pierce,Morgan_Freeman,Byron_Scott,Dexter_Jackson,Lionel_Richie,Emmit_Smith,Latrell_Sprewell,Vincent_Brooks,Venus_Williams,Chris_Tucker,Mike_Tyson,Johnson_Panjaitan,Slobodan_Milosevic,Nelson_Mandela,Sheila_Copps,Guy_Ritchie,John_Timoney,James_Schultz,Jay_Rasulo,John_Stallworth,Saparmurat_Niyazov,Ruben_Studdard,Emma_Thompson,LeBron_James,Jennifer_Lopez,Lindsay_Davenport,Robert_Zoellick,Chris_Rock,Lou_Piniella,Guillermo_Coria,Daniela_Hantuchova,Leonard_Hamilton,Adrian_Nastase,Anna_Nicole_Smith,Richard_Sambrook,Brad_Johnson,Patrick_Ewing,Sandra_Bullock,Peter_Struck,Billy_Sollie,Hootie_Johnson,Goran_Persson,Asa_Hutchinson
probe/Joe_Gatti/Joe_Gatti_0002.jpg,Joe_Gatti,1,1.0,0.5913628339767456,0.5913628339767456,Joe_Gatti,Marco_Antonio_Barrera,Joe_Calzaghe,Tom_Brady,Jorge_Arce,Vincent_Brooks,Harry_Schmidt,Vitali_Klitschko,Jamie_Villafane,Mario_Dumont,Alejandro_Toledo,Mikhail_Youzhny,Alex_Barros,John_Brady,John_Rosa,Jefferson_Perez,Jason_Kidd,Julianna_Margulies,Spencer_Abraham,Oswaldo_Paya,Andrew_Cuomo,Jonathan_Edwards,David_Wolf,Thomas_Rupprath,Nick_Nolte,John_Abizaid,Ian_McKellen,Steve_Park,Frank_Solich,John_Malkovich,Roy_Moore,Natalie_Maines,Leland_Chapman,Jim_Harrick,Stanley_McChrystal,Marat_Safin,Yao_Ming,James_Jones,Eduardo_Duhalde,Pamela_Anderson,Gary_Williams,Alex_Penelas,Tom_Craddick,Sean_Astin,Zoran_Djindjic,Peter_Hillary,Michael_Ballack,George_Voinovich,Herb_Sendek,Latrell_Sprewell
probe/Joe_Mantello/Joe_Mantello_0002.jpg,Joe_Mantello,1,1.0,0.8371531963348389,0.8371531963348389,Joe_Mantello,Mark_Heller,Andrew_Cuomo,Abdullah_al-Attiyah,Larry_Lucchino,Ian_Thorpe,Herb_Sendek,Jack_Grubman,Abdullatif_Sener,Ilan_Ramon,Silvio_Berlusconi,Sam_Torrance,Anibal_Ibarra,Julie_Gerberding,Imad_Moustapha,Silvan_Shalom,Jefferson_Perez,Xanana_Gusmao,Jose_Dirceu,Prince_Edward,William_Ford_Jr,Spencer_Abraham,Pascal_Quignard,Alvaro_Uribe,Maria_Luisa_Mendonca,George_Voinovich,John_Allen_Muhammad,Bob_Geldof,Andrew_Bunner,Vaclav_Havel,Greg_Rusedski,John_Brady,Sandra_Bullock,Jim_Carrey,Carlos_Ghosn,Hector_Babenco,James_McGreevey,Tom_Craddick,Gerry_Adams,Mariangel_Ruiz_Torrealba,Mike_Weir,Federico_Trillo,Leslie_Moonves,Nastassia_Kinski,Leander_Paes,Bill_Simon,Andrew_Niccol,Jorge_Batlle,Dave_Campo,Geraldine_Chaplin
probe/Joe_Nichols/Joe_Nichols_0002.jpg,Joe_Nichols,1,1.0,0.801301896572113,0.801301896572113,Joe_Nichols,Yao_Ming,John_Snow,David_Coulthard,Orlando_Bloom,Marco_Antonio_Barrera,George_Ryan,Carlos_Manuel_Pruneda,Pete_Rose,Tom_Cruise,Elvis_Presley,Fabiola_Zuluaga,Ben_Curtis,Marat_Safin,James_Franco,Warren_Buffett,Goran_Persson,Dick_Cheney,John_Ruiz,Jose_Theodore,Jon_Gruden,Richie_Adubato,Manfred_Stolpe,Sourav_Ganguly,Robert_Duvall,JJ_Redick,Candie_Kung,Larry_Brown,Andrei_Mikhnevich,Bo_Ryan,Bruce_Weber,Juanes,Manuel_Poggiali,Jeffrey_Scott_Postell,Anthony_LaPaglia,David_Bell,Gary_Carter,Guillermo_Coria,Gary_Winnick,Michael_Ballack,Rick_Romley,Antonio_Banderas,Zhang_Ziyi,Richard_Krajicek,Marcus_Gronholm,Jeffrey_Immelt,Mike_Price,Jason_Jennings,Heizo_Takenaka,Bob_Hope
probe/Joe_Torre/Joe_Torre_0002.jpg,Joe_Torre,1,1.0,0.9128396511077881,0.9128396511077881,Joe_Torre,Bashar_Assad,Tom_Crean,Pete_Rose,Ernie_Fletcher,Eduardo_Duhalde,Bill_Belichick,Anthony_Hopkins,Mikulas_Dzurinda,Thomas_OBrien,Jorge_Rodolfo_Canicoba_Corral,Marcus_Gronholm,John_Brady,Laurent_Jalabert,Mark_Warner,Paul_Bremer,Roy_Moore,Jim_Harrick,Frank_Solich,Pat_Cox,Frank_Stallone,Jay_Garner,Oswaldo_Paya,John_Kerry,Jamie_Villafane,Nick_Nolte,Bo_Pelini,Alastair_Campbell,LeBron_James,Sam_Torrance,Richard_Crenna,George_Tenet,Marc_Grossman,Larry_Brown,James_Traficant,Thomas_Rupprath,Warren_Buffett,Elizabeth_Smart,Hipolito_Mejia,Leslie_Moonves,Larry_Coker,Herb_Sendek,John_Jumper,Jorge_Valdano,Mikhail_Kasyanov,Aaron_Sorkin,John_Walsh,Gary_Williams,Patty_Schnyder,Alvaro_Noboa
probe/Joerg_Haider/Joerg_Haider_0002.jpg,Joerg_Haider,1,1.0,0.7880131006240845,0.7880131006240845,Joerg_Haider,John_Allen_Muhammad,Oscar_De_La_Hoya,Elsa_Zylberstein,Yao_Ming,Robbie_Fowler,Kirk_Ferentz,Alejandro_Toledo,Gary_Doer,Tom_Glavine,Lindsay_Davenport,Adolfo_Rodriguez_Saa,Nancy_Reagan,Bill_Frist,Sandra_Bullock,Bruce_Van_De_Velde,Thomas_Birmingham,Damon_van_Dam,Matthew_Perry,Jason_Lezak,Roy_Williams,Anders_Fogh_Rasmussen,Arnold_Palmer,Ashanti,Joe_Gatti,Paul_Bremer,Kristin_Davis,Mathias_Reichhold,Dennis_Kucinich,Heidi_Fleiss,Peter_Bacanovic,Paul_McCartney,Pedro_Malan,Carlos_Quintanilla_Schmidt,Tim_Allen,Lloyd_Ward,Alvaro_Uribe,Nestor_Kirchner,Benazir_Bhutto,Guy_Ritchie,Tom_Daschle,Vanessa_Incontrada,Dennis_Powell,Brian_Griese,Ben_Glisan,Hans_Eichel,Costas_Simitis,Edward_Norton,Thabo_Mbeki,Scott_McClellan
probe/John_Abizaid/John_Abizaid_0002.jpg,John_Abizaid,1,1.0,0.8956558108329773,0.8956558108329773,John_Abizaid,Bruce_Weber,Howard_Dean,Mario_Kreutzberger,Matt_Doherty,Pete_Sampras,Martin_Scorsese,Ernesto_Zedillo,Jim_Harrick,Bill_Parcells,James_Jones,Frank_Dunham_Jr,Stanley_McChrystal,Jack_Straw,Albert_Costa,Ismail_Merchant,Frank_Lautenberg,Vicente_Fernandez,Charlton_Heston,Paul_William_Hurley,Zoran_Djindjic,Dick_Latessa,Barry_Alvarez,Mark_Schweiker,David_Wolf,John_Walsh,Spencer_Abraham,Gary_Williams,Vaclav_Havel,Jonathan_Edwards,Paul_Bremer,Jamie_Villafane,Tony_Bennett,Ron_Dittemore,Marat_Safin,Thomas_Fargo,Leszek_Miller,Lou_Piniella,John_Allen_Muhammad,Mikhail_Youzhny,Nick_Nolte,Robert_Mueller,Albrecht_Mentz,S_Jayakumar,Fidel_Castro,Greg_Gilbert,Jim_Furyk,Anibal_Ibarra,Mark_Warner,Frank_Solich
probe/John_Allen_Muhammad/John_Allen_Muhammad_0002.jpg,John_Allen_Muhammad,1,1.0,0.8184185028076172,0.8184185028076172,John_Allen_Muhammad,Jason_Kidd,Grady_Irvin_Jr,Paul_Pierce,Chris_Byrd,Emmit_Smith,Lionel_Richie,OJ_Simpson,LeBron_James,Charlotte_Rampling,Latrell_Sprewell,James_Butts,Alastair_Campbell,James_Blake,Cyndi_Thompson,Vincent_Brooks,Lloyd_Ward,Patrick_Ewing,Duane_Lee_Chapman,Franco_Dragone,Jacqueline_Obradors,Eduardo_Duhalde,Ruben_Studdard,Alejandro_Toledo,Ricardo_Maduro,Mike_Tyson,Abdullatif_Sener,John_Stallworth,Jeanne_Moreau,Patricia_Heaton,Prince_Naruhito,John_Blaney,David_Myers,Michael_Ballack,Kirk_Johnson,Steve_Waugh,Lili_Taylor,Kalpana_Chawla,Mitoji_Yabunaka,Hun_Sen,Venus_Williams,Justin_Guarini,Anneli_Jaatteenmaki,Nelson_Mandela,Dwayne_Johnson,George_Roy_Hill,Carol_Moseley_Braun,Goldie_Hawn,Jean-Claude_Juncker,Dennis_Kucinich
probe/John_Banko/John_Banko_0002.jpg,John_Banko,1,1.0,0.8197336792945862,0.8197336792945862,John_Banko,Jean-David_Levitte,Roman_Polanski,Nick_Nolte,Christian_Wulff,Kent_Rominger,David_Trimble,Tom_Crean,Asa_Hutchinson,Ron_Dittemore,Lech_Walesa,Gordon_Campbell,Ernesto_Zedillo,Joseph_Estrada,Camilla_Parker_Bowles,Bill_Simon,Alvaro_Uribe,Michael_Kostelnik,Mark_Geragos,Bill_Nelson,Chris_Cooper,Marc_Grossman,Lawrence_MacAulay,Robert_Zoellick,Vicente_Fernandez,Gunter_Pleuger,Mikulas_Dzurinda,Edward_James_Olmos,Tom_Craddick,Bashar_Assad,Luis_Gonzalez_Macchi,Vladimir_Putin,Bud_Selig,Peter_Struck,James_Maguire,Steven_Spielberg,Jay_Garner,Richie_Adubato,John_Timoney,Joseph_Deiss,Fred_Eckhard,Aleksander_Kwasniewski,Prince_Willem-Alexander,Vaclav_Havel,Chris_Rock,Christopher_Walken,Omar_Sharif,Anwar_Ibrahim,Tom_Daschle,Byron_Scott
probe/John_Blaney/John_Blaney_0002.jpg,John_Blaney,1,1.0,0.7929186820983887,0.7929186820983887,John_Blaney,Yasser_Arafat,Jonathan_Mostow,Jean-Claude_Juncker,Spencer_Abraham,Arye_Mekel,Mohammad_Khatami,Pedro_Malan,Steven_Spielberg,Fidel_Castro,Gerry_Adams,Sean_Patrick_OMalley,Howard_Smith,Jeffrey_Archer,Duane_Lee_Chapman,Alberto_Ruiz_Gallardon,Luciano_Pavarotti,Martha_Beatriz_Roque,Harvey_Weinstein,Mariah_Carey,Jose_Viegas_Filho,Inam-ul-Haq,Robin_Cook,Scott_Rudin,Peter_Struck,Hans_Eichel,Kieran_Prendergast,Kristanna_Loken,Jose_Dirceu,Brian_Wells,George_Pataki,Gabriel_Valdes,Bill_Gates,Thomas_OBrien,Hillary_Clinton,Bernard_Landry,Kathleen_Glynn,Alejandro_Atchugarry,William_Ford_Jr,James_Schultz,Jesse_Jackson,Roy_Williams,Mike_Holmgren,Kenneth_Branagh,David_Trimble,Silvio_Berlusconi,Alejandro_Avila,Jose_Manuel_Durao_Barroso,John_Negroponte,Morgan_Freeman
probe/John_Brady/John_Brady_0002.jpg,John_Brady,1,1.0,0.8031249642372131,0.8031249642372131,John_Brady,Ilan_Ramon,Tom_Crean,Spencer_Abraham,Frank_Solich,William_Ford_Jr,Roy_Moore,Silvio_Berlusconi,Larry_Lucchino,Robert_Zoellick,Jack_Grubman,Herb_Sendek,Harvey_Weinstein,Jason_Alexander,Chris_Cooper,Bob_Hope,Jose_Dirceu,Prince_Edward,John_Negroponte,Alastair_Campbell,George_Voinovich,Thomas_Birmingham,John_Wolf,Jorge_Rodolfo_Canicoba_Corral,Thomas_Fargo,Mike_Holmgren,Emile_Lahoud,Trent_Lott,John_Jumper,Lloyd_Ward,Howard_Dean,Joe_Mantello,Michael_Chiklis,Christopher_Patten,Dennis_Powell,Lon_Kruger,Jim_Furyk,Richard_Sambrook,David_Nalbandian,Carlos_Ghosn,Bill_Frist,Guillermo_Coria,Franz_Muentefering,Dave_Campo,Luis_Gonzalez_Macchi,Alan_Ball,Ron_Dittemore,George_Pataki,Paul_Bremer,Pascal_Quignard
probe/John_Cusack/John_Cusack_0002.jpg,John_Cusack,1,1.0,0.8430979251861572,0.8430979251861572,John_Cusack,Heizo_Takenaka,Tom_Cruise,Stanley_Tong,Alvaro_Noboa,Kevin_Spacey,Pete_Sampras,Mohammad_Khatami,Alvaro_Uribe,Megawati_Sukarnoputri,Jackie_Chan,Chung_Mong-joon,Chang_Dae-whan,Gao_Qiang,Pamela_Anderson,Prince_Naruhito,Eduardo_Duhalde,Zhang_Ziyi,Scott_McClellan,Nestor_Kirchner,Fidel_Castro,Bob_Hope,Li_Peng,Garry_Kasparov,Robert_De_Niro,Meryl_Streep,Alexander_Losyukov,James_Gandolfini,Carson_Daly,Gary_Winnick,Orlando_Bloom,Dick_Clark,Gerry_Adams,Alan_Ball,Edward_Lu,Candie_Kung,George_Lopez,Martin_Scorsese,Thomas_Birmingham,Nasser_al-Kidwa,Thaksin_Shinawatra,Anders_Fogh_Rasmussen,Robbie_Fowler,Ken_Watanabe,Pedro_Solbes,Adolfo_Rodriguez_Saa,James_Franco,Joseph_Blatter,Nicanor_Duarte_Frutos,Jean-Marc_de_La_Sabliere
probe/John_F_Kennedy_Jr/John_F_Kennedy_Jr_0002.jpg,John_F_Kennedy_Jr,1,1.0,0.7306802272796631,0.7306802272796631,John_F_Kennedy_Jr,Oswaldo_Paya,Simon_Cowell,Jack_Grubman,Paul_Bremer,Antonio_Banderas,Gary_Forsee,Brian_Griese,John_Kerry,Vincent_Brooks,Jean-David_Levitte,Bill_Simon,George_P_Bush,Richard_Krajicek,Bill_Callahan,Robert_Mueller,Darrell_Issa,John_Walsh,Fred_Funk,Alex_Penelas,Marco_Antonio_Barrera,Mack_Brown,John_Allen_Muhammad,Abdullatif_Sener,Mark_Heller,Kiki_Vandeweghe,Bill_Belichick,Gary_Bergeron,Thierry_Falise,Joseph_Ralston,Jose_Theodore,Bud_Selig,Mark_Cuban,Garry_Trudeau,Michael_Phelps,Ricardo_Maduro,Geno_Auriemma,Mike_Babcock,Michael_Ballack,Ian_McKellen,Dennis_Kucinich,Priscilla_Presley,Eric_Hinske,Ron_Dittemore,Andrew_Cuomo,Johnny_Unitas,Priscilla_Owen,Luis_Figo,Paul_McNulty,Gil_de_Ferran
probe/John_Garamendi/John_Garamendi_0002.jpg,John_Garamendi,1,1.0,0.7568840980529785,0.7568840980529785,John_Garamendi,Oswaldo_Paya,Eduardo_Duhalde,Fred_Funk,Steve_Waugh,John_Rosa,John_Kerry,Mike_Babcock,Bill_Belichick,Bill_Callahan,Nestor_Kirchner,Brad_Johnson,Rolf_Eckrodt,Francis_Mer,Pete_Rose,Bill_Frist,Mikhail_Youzhny,Ronald_Reagan,Matthew_Perry,Gil_de_Ferran,Trent_Lott,Tony_Bennett,Mark_Schweiker,Kirk_Ferentz,Gary_Winnick,Jean-David_Levitte,Georgi_Parvanov,Alec_Baldwin,Charles_Schumer,Aleksander_Kwasniewski,Lee_Tae-sik,Phil_Mickelson,Marc_Grossman,Jorge_Rodolfo_Canicoba_Corral,Bill_Gates,Edward_Said,Paul_Bremer,Sean_Penn,Anthony_LaPaglia,Jorge_Castaneda,Robert_Mugabe,Mario_Cipollini,Andy_Hebb,Alejandro_Toledo,Tim_Floyd,Yevgeny_Kafelnikov,Laurent_Jalabert,Alvaro_Noboa,Eddy_Merckx,David_Leahy
probe/John_Howard/John_Howard_0002.jpg,John_Howard,1,1.0,0.9263027906417847,0.9263027906417847,John_Howard,Patrick_Leahy,Larry_Brown,William_Martin,Dick_Cheney,Hipolito_Mejia,Guillermo_Ortiz,Paul_Patton,Ferenc_Madl,Frank_Lautenberg,Gabriel_Valdes,Silvan_Shalom,Benjamin_Netanyahu,Silvio_Berlusconi,Warren_Buffett,Henrique_Meirelles,John_Snow,Dave_Campo,Charles_Mathews,Franz_Beckenbauer,Roy_Williams,Joseph_Blatter,Valery_Giscard_dEstaing,Geoff_Hoon,Albrecht_Mentz,Pascal_Lamy,Robin_Cook,Mitchell_Daniels,Paul_ONeill,Gray_Davis,Johnny_Carson,Chuck_Yeager,Mel_Brooks,Bob_Beauprez,Chok_Tong_Goh,Al_Davis,Max_Mayfield,Bernard_Landry,Costas_Simitis,Mike_Price,Kim_Jong-Il,Pedro_Malan,Howard_Dean,David_Dodge,Lino_Oviedo,Li_Peng,Gary_Winnick,Charlton_Heston,Wang_Yingfan,Jennifer_Connelly
probe/John_Jumper/John_Jumper_0002.jpg,John_Jumper,1,1.0,0.8584072589874268,0.8584072589874268,John_Jumper,Robert_Zoellick,Martin_Verkerk,Richard_Sambrook,Roy_Moore,Frank_Solich,John_Snow,James_Cunningham,Thomas_Birmingham,Ilan_Ramon,Gary_Williams,Bo_Ryan,Jon_Gruden,Tom_Crean,Richard_Gephardt,James_Schultz,Gabriel_Valdes,Ron_Dittemore,John_McEnroe,Lee_Hoi-chang,Jim_Carrey,Thaksin_Shinawatra,Christopher_Walken,Li_Peng,Pedro_Malan,Vladimir_Putin,Michael_Douglas,Billy_Sollie,Robert_Duvall,Butch_Davis,William_Ford_Jr,Gerry_Parsky,Larry_Lucchino,Dave_Campo,Mike_Holmgren,George_Pataki,Francis_Mer,Michelle_Yeoh,Trent_Lott,Coretta_Scott_King,Silvio_Berlusconi,Larry_Brown,Mathias_Reichhold,Abel_Pacheco,Art_Howe,Bernard_Landry,Chok_Tong_Goh,Hipolito_Mejia,Bill_Frist,Francis_George
probe/John_Kerry/John_Kerry_0002.jpg,John_Kerry,1,1.0,0.9501223564147949,0.9501223564147949,John_Kerry,Celso_Amorim,Jim_Harrick,Robert_Mueller,Paul_Bremer,Oswaldo_Paya,Lawrence_MacAulay,Alastair_Campbell,Marc_Grossman,Bill_Simon,Paul_McCartney,Dennis_Kucinich,Abdullah_Gul,Bill_Callahan,Mark_Cuban,Bo_Pelini,Robert_Stack,Brian_Griese,Jack_Grubman,Leslie_Moonves,Bill_Frist,Michael_Phelps,Arlen_Specter,Celine_Dion,Liza_Minnelli,Gil_de_Ferran,Richard_Krajicek,Bill_Belichick,Thierry_Falise,James_Kelly,Aron_Ralston,Roy_Moore,Mack_Brown,Gregg_Popovich,Bashar_Assad,Jorge_Valdano,John_Allen_Muhammad,Garry_Trudeau,Fred_Funk,Juanes,Joe_Torre,Stanley_McChrystal,Lon_Kruger,John_F_Kennedy_Jr,Mike_Price,Pete_Rose,Bill_Gates,Marcus_Gronholm,Helen_Clark,Camilla_Parker_Bowles
probe/John_Malkovich/John_Malkovich_0002.jpg,John_Malkovich,1,1.0,0.7640615701675415,0.7640615701675415,John_Malkovich,Peter_Hillary,Stephen_Friedman,Ron_Howard,Omar_Sharif,Bill_Graham,Hector_Babenco,James_Cunningham,Stanley_McChrystal,Billy_Graham,Art_Howe,Martin_Verkerk,Barrett_Jackman,Scott_Rudin,Daniel_Day-Lewis,James_Schultz,Jessica_Lange,Nick_Nolte,Trent_Lott,Roy_Moore,Joseph_Biden,Mathias_Reichhold,Claire_Hentzen,Frank_Solich,Eric_Rosser,Don_Nickles,Vladimir_Putin,Larry_Coker,Yasar_Yakis,Robert_Zoellick,Elizabeth_Smart,Peter_Struck,Lord_Hutton,Sally_Kirkland,John_Snow,Klaus_Zwickel,Greg_Rusedski,Harry_Schmidt,Aaron_Sorkin,Vidar_Helgesen,Alejandro_Atchugarry,Dale_Earnhardt_Jr,Prince_Edward,Roy_Williams,Mario_Cipollini,Steven_Spielberg,Cameron_Diaz,Jan_Ullrich,Julianne_Moore,Stellan_Skarsgard
probe/John_Manley/John_Manley_0002.jpg,John_Manley,1,1.0,0.8974636793136597,0.8974636793136597,John_Manley,Richard_Gephardt,Hootie_Johnson,Anders_Ebbeson,Darren_Clarke,Prince_Willem-Alexander,Adrian_Nastase,Lou_Piniella,Scott_McNealy,Alan_Mulally,James_Kelly,Bill_Gates,Dennis_Erickson,Christopher_Walken,James_Traficant,Valdas_Adamkus,Paul_Bremer,James_Kopp,Howard_Dean,Boris_Becker,James_Morris,Peter_Harrison,Jon_Gruden,Lyle_Vanclief,John_Jumper,Harry_Kalas,Michael_Kostelnik,Richard_Sambrook,Jimmy_Carter,Eric_Clapton,William_Ford_Jr,James_Schultz,Roman_Polanski,Mikhail_Kasyanov,Jay_Garner,Diane_Green,Bill_Simon,Joseph_Biden,Jose_Manuel_Durao_Barroso,Rick_Romley,Gray_Davis,Charles_Grassley,John_Snow,Federico_Trillo,Adolfo_Aguilar_Zinser,Charlton_Heston,Bruce_Van_De_Velde,Nanni_Moretti,Alexander_Rumyantsev,Ilan_Ramon
probe/John_McCallum/John_McCallum_0002.jpg,John_McCallum,2,0.5,0.7085553407669067,0.6985988616943359,Ralph_Lauren,John_McCallum,Wesley_Clark,Paul_Patton,John_Spencer,Charlton_Heston,Chakib_Khelil,Gray_Davis,Warren_Beatty,Dennis_Erickson,Jeanne_Moreau,Roy_Williams,Dick_Clark,Boris_Yeltsin,Frank_Griswold,Manfred_Stolpe,Paul_ONeill,John_Snow,Jorge_Batlle,Valery_Giscard_dEstaing,Joseph_Biden,Doris_Schroeder,Jack_Straw,George_Voinovich,Michael_Ballack,Costas_Simitis,Omar_Sharif,Larry_Brown,Doug_Collins,Nelson_Mandela,Howard_Smith,John_Taylor,Colin_Powell,LeAnn_Rimes,Nick_Nolte,Dick_Latessa,Michael_J_Sheehan,Johnny_Carson,Melanie_Griffith,Carlos_Bianchi,George_Brumley,Anders_Ebbeson,Pascal_Lamy,Richard_Shelby,Jimmy_Carter,Chuck_Yeager,Sam_Bith,Ismail_Merchant,Dave_Campo,Nabil_Shaath
probe/John_McCormack/John_McCormack_0002.jpg,John_McCormack,352,0.002840909090909091,0.7405389547348022,0.13231265544891357,Charlton_Heston,Mohamed_Benaissa,John_Taylor,Anders_Ebbeson,Dick_Cheney,Ferenc_Madl,Jack_Straw,Trent_Lott,Arye_Mekel,Michael_J_Sheehan,Warren_Buffett,Peter_Harrison,Joseph_Biden,Robin_Cook,Roy_Williams,Augusto_Pinochet,John_Howard,Gray_Davis,Richard_Gephardt,Jimmy_Carter,Paul_William_Hurley,Chok_Tong_Goh,Richie_Adubato,Fred_Eckhard,Charles_Mathews,Jorge_Batlle,Kim_Jong-Il,Franz_Beckenbauer,Marc-Andre_Fleury,Wang_Yingfan,John_Manley,Alexander_Rumyantsev,Albrecht_Mentz,James_Traficant,Nestor_Kirchner,Paul_ONeill,Sam_Bith,Jose_Sarney,George_Brumley,Johnny_Carson,Christopher_Patten,Bernard_Landry,Patrick_Leahy,Gabriel_Valdes,Bill_Gates,Larry_Brown,Eric_Clapton,Peter_Struck,Lord_Hutton,Frank_Lautenberg
probe/John_McEnroe/John_McEnroe_0002.jpg,John_McEnroe,213,0.004694835680751174,0.5111725330352783,0.19205844402313232,Joseph_Biden,Asa_Hutchinson,Guillermo_Coria,Mark_Warner,Geoff_Hoon,Leszek_Miller,Bill_Graham,Stephen_Friedman,Fidel_Castro,Robert_Kocharian,Harry_Schmidt,Adolfo_Rodriguez_Saa,Thomas_Fargo,Howard_Dean,Roy_Williams,Matt_Doherty,Stacy_Dragila,Gary_Doer,Bob_Beauprez,Marlene_Weingartner,John_Wolf,Cesar_Maia,Robert_Bonner,James_McGreevey,Vitali_Klitschko,Lino_Oviedo,Mel_Brooks,Jean-Claude_Braquet,Greg_Gilbert,Chuck_Yeager,Bruce_Weber,Mark_Schweiker,Klaus_Zwickel,Franz_Beckenbauer,Alvaro_Uribe,Anibal_Ibarra,Vaclav_Havel,Charlton_Heston,Eduardo_Duhalde,Aitor_Gonzalez,Valery_Giscard_dEstaing,Dennis_Powell,Warren_Beatty,John_Allen_Muhammad,Joseph_Blatter,Alejandro_Toledo,John_Abizaid,Elizabeth_Smart,Hector_Babenco,Magui_Serna
probe/John_Negroponte/John_Negroponte_0002.jpg,John_Negroponte,1,1.0,0.9397648572921753,0.9397648572921753,John_Negroponte,Barry_Alvarez,Jason_Alexander,Paul_McCartney,Michael_Chiklis,Francis_George,Frank_Cassell,Max_Mayfield,Jorge_Batlle,Guillermo_Ortiz,Larry_Coker,Hans_Eichel,Iain_Duncan_Smith,Mark_Hamister,Costas_Simitis,Phil_Mickelson,Dick_Cheney,Nestor_Kirchner,Job_Cohen,Mohammad_Khatami,Michael_J_Sheehan,Kemal_Dervis,Ilan_Ramon,David_Dodge,Cruz_Bustamante,Frank_Solich,Valery_Giscard_dEstaing,John_McEnroe,Len_Jenoff,Michael_Douglas,Bob_Beauprez,Herb_Sendek,Juergen_Peters,Ferenc_Madl,Emile_Lahoud,Klaus_Zwickel,James_Ivory,Spencer_Abraham,William_Bratton,Bill_Gates,Luis_Gonzalez_Macchi,Jay_Rasulo,David_Nalbandian,Gunter_Pleuger,Jamie_Villafane,Ahmad_Masood,James_Cunningham,Andy_Hebb,Abdullah_al-Attiyah,Bob_Hope
probe/John_Reilly/John_Reilly_0002.jpg,John_Reilly,1,1.0,0.8904639482498169,0.8904639482498169,John_Reilly,George_Karl,Marwan_Barghouthi,Carolyn_Dawn_Johnson,James_Parker,Emanuel_Ginobili,Ben_Glisan,Saeb_Erekat,Darren_Clarke,James_Kelly,Paul_Byrd,Steve_Park,Jay_Garner,Lou_Piniella,Tom_Daschle,George_Foreman,Don_Nickles,Joe_Calzaghe,Gian_Marco,Princess_Aiko,Nia_Vardalos,Ann_Veneman,Nick_Nolte,Lina_Krasnoroutskaya,Mary-Kate_Olsen,LeBron_James,Ernie_Eves,Todd_Haynes,James_Gandolfini,Lindsay_Davenport,Mike_Tyson,Jason_Kidd,Marcus_Gronholm,Jesse_Jackson,John_McCallum,Hal_Sutton,Brian_Heidik,Queen_Beatrix,Rick_Romley,Natalie_Coughlin,Kirk_Johnson,Boris_Yeltsin,George_Ryan,Alec_Baldwin,Charlie_Zaa,Scott_McClellan,Robert_Bonner,Ricky_Ponting,Annette_Lu,Dave_Campo
probe/John_Rigas/John_Rigas_0002.jpg,John_Rigas,1,1.0,0.8296376466751099,0.8296376466751099,John_Rigas,Paul_ONeill,Trent_Lott,Charlton_Heston,George_Brumley,Bob_Hope,Joseph_Biden,Jimmy_Carter,Anthony_Hopkins,Billy_Graham,John_Snow,Debra_Brown,Peter_Arnett,Frank_Griswold,Augusto_Roa_Bastos,Slobodan_Milosevic,Harry_Kalas,Max_Mayfield,Jorge_Batlle,Ralph_Lauren,Dick_Cheney,Bill_Graham,Dick_Latessa,Manfred_Stolpe,Vincent_Brooks,Barry_Alvarez,John_McCallum,John_Taylor,George_Ryan,Jose_Serra,Michael_J_Sheehan,Martin_Scorsese,James_Ivory,Lord_Hutton,Nestor_Kirchner,James_Jones,Bobby_Robson,Yasar_Yakis,Nelson_Mandela,Adrian_Nastase,Francis_George,Natalie_Maines,Lynne_Cheney,Angela_Lansbury,Anders_Ebbeson,Yasser_Arafat,Jeffrey_Archer,Omar_Sharif,Wesley_Clark,Jose_Viegas_Filho
probe/John_Rosa/John_Rosa_0002.jpg,John_Rosa,1,1.0,0.836999773979187,0.836999773979187,John_Rosa,Matthew_Perry,Andy_Hebb,Andrew_Cuomo,Rolf_Eckrodt,Branko_Crvenkovski,Leslie_Moonves,Federico_Trillo,Jose_Mourinho,Spencer_Abraham,Brad_Johnson,Alejandro_Toledo,Ernesto_Zedillo,David_Heymann,Damon_van_Dam,Sean_Penn,Gil_de_Ferran,Shaukat_Aziz,Jonathan_Edwards,Greg_Ostertag,Mark_Hamister,Jorge_Castaneda,Charles_Schumer,Augustin_Calleri,Lou_Piniella,LeBron_James,Steve_Waugh,Mario_Kreutzberger,Gerry_Parsky,Tom_Daschle,Benjamin_Netanyahu,Alec_Baldwin,Christopher_Walken,Frank_Stallone,Robert_Stack,Jason_Lezak,David_Wolf,Aleksander_Kwasniewski,Mikhail_Youzhny,Laurent_Jalabert,James_Jones,Bill_Frist,Ian_Thorpe,Jorge_Valdano,Freddy_Garcia,Larry_Bowa,Alex_Barros,Georgi_Parvanov,Abel_Pacheco,Natalie_Maines
probe/John_Rowland/John_Rowland_0002.jpg,John_Rowland,455,0.002197802197802198,0.6041330695152283,0.13273555040359497,John_Walsh,Gary_Winnick,Saparmurat_Niyazov,Silvio_Berlusconi,Bill_Callahan,Pete_Rose,Thomas_Birmingham,Steve_Spurrier,Pete_Sampras,Marat_Safin,Peter_Harrison,Kim_Dae-jung,Guillermo_Coria,Hipolito_Mejia,Howard_Dean,Saddam_Hussein,Lon_Kruger,Jerry_Falwell,Alimzhan_Tokhtakhounov,Bruce_Weber,Lee_Hoi-chang,Scott_McClellan,Li_Peng,Roy_Moore,Lawrence_MacAulay,Frank_Solich,Jean-David_Levitte,Spencer_Abraham,Ozzy_Osbourne,John_McCormack,Sam_Torrance,Paul_Bremer,Asa_Hutchinson,John_Abizaid,Joe_Nichols,Mario_Kreutzberger,Bill_Frist,Hilmi_Ozkok,Alexander_Losyukov,Pat_Cox,Nick_Nolte,Tim_Floyd,Chris_Rock,Lou_Piniella,Joseph_Ralston,Dennis_Powell,Geoff_Hoon,Richard_Sambrook,Bill_Nelson,Vaclav_Havel
probe/John_Ruiz/John_Ruiz_0002.jpg,John_Ruiz,1,1.0,0.7710243463516235,0.7710243463516235,John_Ruiz,Christian_Fittipaldi,Patrick_Leahy,Jason_Kidd,George_Brumley,Nabil_Shaath,Ibrahim_Jaafari,Michael_Ballack,Carlos_Bianchi,Marat_Safin,Jim_Edmonds,Luis_Figo,Joe_Nichols,Peter_Struck,John_Snow,Vincent_Brooks,Joe_Calzaghe,Elizabeth_Smart,Vitali_Klitschko,Cruz_Bustamante,Paul_ONeill,Saddam_Hussein,Anna_Nicole_Smith,LeAnn_Rimes,Juan_Manuel_Marquez,Oscar_De_La_Hoya,Marco_Antonio_Barrera,Annette_Bening,Michelle_Yeoh,Mohammad_Khatami,Ben_Curtis,James_Blake,Manuel_Poggiali,John_McCallum,Jesse_James_Leija,Marcelo_Salas,Carmen_Electra,Gil_de_Ferran,Alejandro_Avila,Kate_Capshaw,George_Ryan,Mike_Price,Omar_Sharif,Hipolito_Mejia,Jonathan_Edwards,Hun_Sen,Michael_Phelps,Harry_Schmidt,Paul_Patton,Joseph_Biden
probe/John_Snow/John_Snow_0002.jpg,John_Snow,1,1.0,0.8752882480621338,0.8752882480621338,John_Snow,Peter_Struck,Robert_Bonner,James_Morris,Richard_Gephardt,James_Cunningham,Joseph_Biden,Dennis_Kozlowski,Jay_Garner,George_Ryan,Klaus_Zwickel,Warren_Buffett,Billy_Graham,Goran_Persson,Bernard_Landry,Patrick_Leahy,Anthony_Hopkins,Dick_Cheney,Manfred_Stolpe,Trent_Lott,John_Rigas,Jimmy_Carter,Mike_Price,James_Maguire,Franz_Beckenbauer,Nick_Nolte,John_Timoney,Jon_Gruden,James_Kelly,Gunter_Pleuger,Robert_Duvall,Peter_Hillary,Peter_Arnett,John_Spencer,Anders_Ebbeson,Bob_Hope,Jose_Serra,Luis_Gonzalez_Macchi,Don_Nickles,Howard_Smith,Bill_Graham,Roy_Moore,Richard_Norton-Taylor,Harry_Kalas,Paul_Patton,Hipolito_Mejia,Prince_Willem-Alexander,Lord_Hutton,Paul_ONeill,Cruz_Bustamante
probe/John_Spencer/John_Spencer_0002.jpg,John_Spencer,1,1.0,0.9121638536453247,0.9121638536453247,John_Spencer,Omar_Sharif,John_McCallum,Ralph_Lauren,Harry_Belafonte,Joseph_Biden,Nick_Nolte,Warren_Beatty,Charlton_Heston,Jorge_Batlle,Frank_Solich,Dick_Clark,Marcus_Gronholm,Yasar_Yakis,Bo_Ryan,Dick_Vermeil,Peter_Hillary,Anibal_Ibarra,Dave_Campo,John_Jumper,John_Snow,Leszek_Miller,Richard_Gephardt,Richard_Branson,George_Karl,Doug_Collins,Johnny_Carson,Donald_Evans,Howard_Dean,Colin_Powell,Dennis_Erickson,Martin_Scorsese,Roy_Moore,Brian_Heidik,Thomas_Fargo,John_Malkovich,Art_Howe,Juanes,Rick_Romley,Abdullah_al-Attiyah,Mike_Price,John_Reilly,Billy_Graham,Trent_Lott,Bill_Graham,Michael_Chiklis,Gregg_Popovich,Robert_Bonner,Klaus_Zwickel,Gary_Carter
probe/John_Stallworth/John_Stallworth_0002.jpg,John_Stallworth,2,0.5,0.5935128927230835,0.5605846643447876,Robert_Mugabe,John_Stallworth,Thabo_Mbeki,Laurent_Gbagbo,S_Jayakumar,Isaiah_Washington,Morgan_Freeman,George_Foreman,Kirk_Johnson,Jesse_Jackson,Evander_Holyfield,Jeffrey_Archer,GL_Peiris,Leonard_Hamilton,Adrian_McPherson,Mike_Price,Tom_Daschle,John_Howard,Bill_Nelson,Padraig_Harrington,OJ_Simpson,Dalai_Lama,Donatella_Versace,LeBron_James,Mike_Tyson,Jay_Garner,Bill_Graham,Dave_Campo,James_Maguire,Lina_Krasnoroutskaya,Sally_Kirkland,Robert_DeFraites,Xanana_Gusmao,Nelson_Mandela,Lana_Clarkson,Venus_Williams,Christian_Wulff,Harry_Belafonte,Joseph_Deiss,Jean-David_Levitte,Sam_Bith,Jennifer_Lopez,Martina_McBride,Carlos_Mesa,James_Butts,Camilla_Parker_Bowles,Mathias_Reichhold,Angelo_Reyes,Francis_Ford_Coppola,Nick_Nolte
probe/John_Taylor/John_Taylor_0002.jpg,John_Taylor,1,1.0,0.8255453109741211,0.8255453109741211,John_Taylor,Masum_Turker,Jack_Straw,Natalie_Maines,Jean-David_Levitte,Paul_William_Hurley,Paulo_Cesar_Pinheiro,GL_Peiris,Nicanor_Duarte_Frutos,Sam_Bith,James_Kopp,Saeb_Erekat,Charlton_Heston,Albrecht_Mentz,Roy_Williams,Lyle_Vanclief,Shaukat_Aziz,Alexander_Rumyantsev,Tom_Daschle,Jorge_Batlle,Robert_DeFraites,Hans_Eichel,Spencer_Abraham,Tom_Craddick,Jose_Sarney,Lou_Piniella,Adrian_Nastase,Colin_Powell,Arye_Mekel,Michael_J_Sheehan,John_Howard,Mohamed_Benaissa,Pete_Sampras,Miguel_Contreras,Mike_Tyson,Elizabeth_Taylor,Wang_Yingfan,Ernie_Fletcher,Paul_ONeill,John_Manley,LeBron_James,Zoran_Djindjic,Joan_Claybrook,William_Martin,James_Kelly,Franz_Beckenbauer,Olesya_Bonabarenko,Miroljub,Dennis_Erickson,Dick_Cheney
probe/John_Timoney/John_Timoney_0002.jpg,John_Timoney,1,1.0,0.9057245254516602,0.9057245254516602,John_Timoney,Jeffrey_Jones,George_Robertson,Tom_Daschle,George_Pataki,Al_Davis,Bobby_Robson,Arnold_Palmer,Robert_Duvall,Robin_McLaurin_Williams,Dennis_Kucinich,Goran_Persson,Jon_Gruden,Hootie_Johnson,Dennis_Kozlowski,Bob_Hope,Arlen_Specter,Elsa_Zylberstein,David_Trimble,Christopher_Walken,Peter_Greenaway,Valdas_Adamkus,Chris_Bell,Jesse_Jackson,Jeffrey_Immelt,Ernie_Eves,Nestor_Kirchner,Thomas_OBrien,Bernard_Landry,Prince_Willem-Alexander,Billy_Sollie,Jose_Manuel_Durao_Barroso,Anthony_Hopkins,Bill_Frist,Aleksander_Kwasniewski,Iva_Majoli,Lech_Walesa,Barbara_Brezigar,Sean_Penn,Robert_Zoellick,Jay_Garner,Leszek_Miller,James_Kelly,Alan_Mulally,Francis_Mer,Amelia_Vega,Yasser_Arafat,Alvaro_Noboa,Matthew_Perry,Gordon_Campbell
probe/John_Walsh/John_Walsh_0002.jpg,John_Walsh,1,1.0,0.72645503282547,0.72645503282547,John_Walsh,Carlo_Ancelotti,Howard_Dean,Benjamin_Netanyahu,Hootie_Johnson,Jack_Straw,Gray_Davis,Brian_Griese,Alexander_Losyukov,Johnny_Carson,John_F_Kennedy_Jr,Paul_William_Hurley,Lord_Hutton,Xanana_Gusmao,Peter_Harrison,Oscar_De_La_Hoya,Prince_Willem-Alexander,Antonio_Banderas,David_Kelley,Simon_Cowell,Roy_Williams,Mohamed_Benaissa,James_Kelly,Saparmurat_Niyazov,Goh_Kun,John_Allen_Muhammad,Steve_Spurrier,Vaclav_Havel,Bruce_Weber,Alexander_Rumyantsev,Bill_Callahan,Al_Davis,Martha_Burk,Zoran_Djindjic,Thomas_Birmingham,Tony_Bennett,Joseph_Biden,Bill_Parcells,Ian_McKellen,Mack_Brown,John_Abizaid,Richard_Gephardt,John_Kerry,Oswaldo_Paya,Fidel_Castro,Lou_Piniella,Matt_Doherty,Sandra_Bullock,Eddy_Merckx,Gary_Winnick
probe/John_Wolf/John_Wolf_0002.jpg,John_Wolf,1,1.0,0.8713380098342896,0.8713380098342896,John_Wolf,John_Brady,David_Heymann,Pascal_Quignard,Frank_Solich,Elizabeth_Smart,Michael_Chiklis,Tom_Crean,Geraldine_Chaplin,Guy_Hemmings,Robert_Zoellick,Robert_Kocharian,James_Maguire,Prince_Edward,Yevgeny_Kafelnikov,Lili_Taylor,Jason_Alexander,Herb_Sendek,Bo_Pelini,Peter_Hillary,David_Dodge,Brad_Johnson,Bill_Graham,Paula_Radcliffe,Silvio_Berlusconi,Martin_Brodeur,Laura_Hernandez,Martin_Verkerk,William_Hochul,Chris_Cooper,Mike_Tyson,Vladimir_Putin,David_Nalbandian,Serena_Williams,Richard_Shelby,John_McEnroe,Guillermo_Coria,Joe_Torre,James_Gandolfini,Ilan_Ramon,Bob_Hope,Bill_Simon,Guillermo_Ortiz,Emile_Lahoud,Nick_Nolte,Geoff_Hoon,Silvan_Shalom,Laila_Ali,Thabo_Mbeki,Patty_Schnyder
probe/Johnny_Carson/Johnny_Carson_0002.jpg,Johnny_Carson,1,1.0,0.8256902694702148,0.8256902694702148,Johnny_Carson,Larry_Brown,Manfred_Stolpe,Silvio_Berlusconi,John_Howard,Thomas_OBrien,Pascal_Lamy,Bo_Ryan,Hipolito_Mejia,Frank_Solich,Chuck_Yeager,Dave_Campo,Benjamin_Netanyahu,Herb_Sendek,Robert_Duvall,Pat_Cox,William_Martin,Gregg_Popovich,John_Spencer,Warren_Buffett,Lord_Hutton,John_McEnroe,Mack_Brown,Paul_Patton,Nick_Nolte,Larry_Coker,John_Walsh,Coretta_Scott_King,Leszek_Miller,Chok_Tong_Goh,James_Morris,Dalai_Lama,Carl_Reiner,Joseph_Biden,Rick_Romley,Charlton_Heston,Robert_Bonner,Gary_Williams,Cesar_Maia,Li_Peng,George_Karl,Joe_Torre,Cristina_Saralegui,Yasar_Yakis,Barrett_Jackman,John_Abizaid,John_Jumper,Gary_Carter,Frank_Lautenberg,Vladimir_Putin
probe/Johnny_Depp/Johnny_Depp_0002.jpg,Johnny_Depp,1,1.0,0.5363311171531677,0.5363311171531677,Johnny_Depp,Nia_Vardalos,Matthew_Perry,Joseph_Estrada,Donatella_Versace,Art_Hoffmann,Larry_Ellison,Saddam_Hussein,Orlando_Bloom,Jason_Kidd,Franko_Simatovic,Alejandro_Avila,Robert_Zoellick,Charlie_Zaa,Gunter_Pleuger,Paul_McCartney,Jesse_Jackson,Ruben_Studdard,Jane_Fonda,Freddy_Garcia,Bernardo_Segura,Kent_Rominger,Lindsay_Davenport,Mark_Hamister,Mark_Geragos,Jennifer_Lopez,Luis_Gonzalez_Macchi,Kalpana_Chawla,Monica_Bellucci,Christopher_Walken,Melanie_Griffith,Julianne_Moore,Frank_Stallone,Jorge_Arce,Juan_Pablo_Montoya,Hassan_Nasrallah,Julio_Iglesias_Jr,Harbhajan_Singh,Johnson_Panjaitan,Gustavo_Kuerten,Gregory_Hines,Kwon_Yang-sook,Aleksander_Kwasniewski,Brigitte_Boisselier,Dwayne_Johnson,Abdullah_Gul,Ken_Watanabe,Zoran_Djindjic,Juanes,Dennis_Kucinich
probe/Johnny_Unitas/Johnny_Unitas_0002.jpg,Johnny_Unitas,1,1.0,0.7850896120071411,0.7850896120071411,Johnny_Unitas,Jackie_Chan,Joerg_Haider,Wesley_Clark,Gary_Doer,Doris_Schroeder,Paul_Bremer,Joe_Calzaghe,Alejandro_Toledo,Dennis_Erickson,Ian_Thorpe,Elvis_Presley,Gray_Davis,Richard_Krajicek,Kirk_Ferentz,Jonathan_Edwards,Gary_Forsee,Harry_Schmidt,Ricky_Barnes,Peter_Bacanovic,Prince_Harry,Monica_Bellucci,Benazir_Bhutto,John_Manley,Jean-David_Levitte,Tony_Bennett,Alec_Baldwin,John_F_Kennedy_Jr,Barry_Zito,Gary_Carter,Greg_Owen,James_Kelly,Doug_Collins,John_Kerry,Matthew_Perry,Priscilla_Owen,Juanes,Gisele_Bundchen,Steve_Waugh,Aleksander_Kwasniewski,Alex_Penelas,Vitali_Klitschko,Luke_Walton,Gillian_Anderson,Mike_Tyson,Zoran_Djindjic,Michael_Kostelnik,Betsy_Smith,Thierry_Falise,Charlton_Heston
probe/Johnson_Panjaitan/Johnson_Panjaitan_0002.jpg,Johnson_Panjaitan,1,1.0,0.935346782207489,0.935346782207489,Johnson_Panjaitan,Anwar_Ibrahim,Megawati_Sukarnoputri,Yao_Ming,Hun_Sen,Michael_Chang,Jesse_Jackson,Kim_Ryong-sung,Kim_Jin-sun,Dai_Bachtiar,Saddam_Hussein,Jackie_Chan,Joseph_Estrada,Hu_Jintao,Gary_Locke,Taufik_Hidayat,Ken_Watanabe,Antony_Leung,Edward_James_Olmos,Annette_Lu,Joe_Dumars,Morgan_Freeman,Justin_Gatlin,Thaksin_Shinawatra,Stanley_Tong,Brian_Wells,Antonio_Banderas,Jason_Kidd,Dalai_Lama,Kenneth_Evans,Jong_Thae_Hwa,Colin_Powell,Jia_Qinglin,Chung_Mong-hun,Abdullah_Gul,Freddy_Garcia,Nicanor_Duarte_Frutos,Annette_Bening,Jane_Fonda,Lee_Jun,Hamzah_Haz,Abdullatif_Sener,Lim_Dong-won,Edward_Lu,Elsa_Zylberstein,Xanana_Gusmao,Yukiko_Okudo,Hideki_Matsui,George_Lopez,Angelo_Reyes
probe/Jolanta_Kwasniewski/Jolanta_Kwasniewski_0002.jpg,Jolanta_Kwasniewski,1,1.0,0.581524133682251,0.581524133682251,Jolanta_Kwasniewski,Liza_Minnelli,Queen_Beatrix,Lindsay_Davenport,Drew_Barrymore,Lynne_Cheney,Sheila_Copps,Ashanti,Stockard_Channing,Matthew_Perry,Eric_Rosser,Nicanor_Duarte_Frutos,Natalie_Maines,Erika_Christensen,Paul_McCartney,Jean_Brumley,Pete_Sampras,Madonna,Martina_McBride,Jeanne_Moreau,Cyndi_Thompson,Nancy_Reagan,Reese_Witherspoon,Elizabeth_Taylor,Melanie_Griffith,Monica_Bellucci,Lea_Fastow,Debra_Brown,Johnny_Depp,Abdullah_Gul,Mariah_Carey,Gloria_Macapagal_Arroyo,Oscar_De_La_Hoya,Herta_Daeubler-Gmelin,Karin_Stoiber,Goran_Persson,Sharon_Frey,John_Kerry,Elvis_Presley,Kwon_Yang-sook,Patrick_Ewing,Priscilla_Presley,Heizo_Takenaka,Mary_Carey,Charlotte_Rampling,Kenneth_Evans,Vanessa_Williams,Mohammad_Khatami,Allison_Janney,Paula_Zahn
probe/Jon_Gruden/Jon_Gruden_0002.jpg,Jon_Gruden,1,1.0,0.7497566938400269,0.7497566938400269,Jon_Gruden,Yevgeny_Kafelnikov,Hermann_Maier,Jason_Jennings,Martin_Verkerk,Paula_Radcliffe,Jim_Furyk,Marcus_Gronholm,David_Nalbandian,Gary_Carter,Jeffrey_Immelt,David_Bell,Dale_Earnhardt_Jr,Tom_Crean,Tom_Glavine,Jan_Ullrich,Boris_Becker,Julianne_Moore,Brad_Johnson,James_Maguire,David_Caraway,Padraig_Harrington,Robert_Duvall,Mike_Weir,Candie_Kung,Guillermo_Coria,Sarah_Jessica_Parker,Serena_Williams,Goran_Persson,Meryl_Streep,Bertrand_Bonello,Emanuel_Ginobili,Nadia_Petrova,Hideki_Matsui,Lisa_Raymond,Joseph_Deiss,Amelia_Vega,Tamara_Brooks,Joe_Nichols,Jennifer_Rodriguez,Fred_Funk,Justine_Henin,Eve_Pelletier,Thomas_OBrien,Lon_Kruger,Vladimir_Putin,Peter_Hillary,Gordon_Campbell,Patty_Schnyder,Mitchell_Daniels
probe/Jonathan_Edwards/Jonathan_Edwards_0002.jpg,Jonathan_Edwards,1,1.0,0.7639003992080688,0.7639003992080688,Jonathan_Edwards,Gray_Davis,Carlo_Ancelotti,James_McGreevey,Zoran_Djindjic,Michael_Kostelnik,Marat_Safin,Gary_Forsee,LeBron_James,Lou_Piniella,Bob_Colvin,Tom_Craddick,Branko_Crvenkovski,John_Abizaid,Xanana_Gusmao,Anthony_Fauci,Wesley_Clark,Gil_de_Ferran,Gary_Williams,Brian_Wells,John_Rosa,Freddy_Garcia,George_Lopez,John_Manley,Carmen_Electra,Gary_Doer,Mario_Dumont,Colin_Powell,Jose_Mourinho,Yao_Ming,Andrew_Niccol,Hillary_Clinton,Vladimir_Putin,Miguel_Contreras,Shaukat_Aziz,Trent_Lott,Richard_Branson,John_Allen_Muhammad,Ian_McKellen,Edward_Said,Eddy_Merckx,Jackie_Chan,Hisao_Oguchi,Carlos_Manuel_Pruneda,Annette_Bening,Johnson_Panjaitan,Edward_James_Olmos,Gary_Bergeron,Darren_Clarke,Ernesto_Zedillo
probe/Jonathan_Mostow/Jonathan_Mostow_0002.jpg,Jonathan_Mostow,1,1.0,0.8415626883506775,0.8415626883506775,Jonathan_Mostow,Fidel_Castro,John_Blaney,Brian_Wells,Mike_Weir,Hassan_Nasrallah,Carson_Daly,Alvaro_Uribe,Xanana_Gusmao,Mohammad_Khatami,Alan_Ball,Alberto_Ruiz_Gallardon,Gerry_Adams,Pedro_Malan,Vaclav_Havel,William_Martin,James_McGreevey,Richard_Sambrook,Roy_Williams,Jeffrey_Archer,Scott_Rudin,Silvan_Shalom,Spencer_Abraham,Luis_Gonzalez_Macchi,Adolfo_Rodriguez_Saa,William_Ford_Jr,Steven_Spielberg,Ilan_Ramon,Jose_Sarney,Art_Hoffmann,Luciano_Pavarotti,Jay_Garner,Bob_Colvin,Francis_Ford_Coppola,Arye_Mekel,Pete_Sampras,Ernie_Fletcher,Michel_Temer,Cruz_Bustamante,Hector_Babenco,James_Kopp,Ibrahim_Jaafari,Bob_Hope,Sean_Patrick_OMalley,Jose_Theodore,Pamela_Anderson,Julie_Gerberding,Annette_Bening,Paul_Byrd,Abdel_Nasser_Assidi
probe/Jong_Thae_Hwa/Jong_Thae_Hwa_0002.jpg,Jong_Thae_Hwa,1,1.0,0.7507500648498535,0.7507500648498535,Jong_Thae_Hwa,Li_Peng,Annette_Lu,Angelo_Reyes,Lee_Hoi-chang,Kim_Jin-sun,Antony_Leung,Hu_Jintao,Kim_Ryong-sung,Hun_Sen,Hichiro_Naemura,Pedro_Malan,Alejandro_Toledo,Michael_Chang,Thaksin_Shinawatra,Dai_Bachtiar,Kim_Jong-Il,Yoko_Ono,Megawati_Sukarnoputri,Alberto_Fujimori,Chen_Liang_Yu,Liu_Mingkang,Chok_Tong_Goh,Flor_Montulo,Kim_Dae-jung,Lee_Jun,Sam_Bith,Jackie_Chan,Chung_Mong-hun,Jia_Qinglin,Lee_Tae-sik,Anwar_Ibrahim,Goh_Kun,Wang_Yingfan,Chang_Dae-whan,Ron_Dittemore,Mitoji_Yabunaka,Bernard_Landry,Lim_Dong-won,Munir_Akram,Julie_Gerberding,Dalai_Lama,Gao_Qiang,Colin_Powell,Gary_Locke,Hamzah_Haz,Dennis_Kucinich,Rob_Schneider,GL_Peiris,Gerry_Parsky
probe/Jorge_Arce/Jorge_Arce_0002.jpg,Jorge_Arce,1,1.0,0.8274238109588623,0.8274238109588623,Jorge_Arce,Paul-Henri_Mathieu,Alex_Barros,Nicolas_Lapentti,Nestor_Kirchner,Guillermo_Coria,Blythe_Hartley,Barrett_Jackman,Justin_Gatlin,Mikhail_Youzhny,Barry_Zito,Lindsay_Davenport,Juan_Manuel_Marquez,Nadia_Petrova,David_Wolf,Vincent_Brooks,Lindsay_Benko,Tyler_Hamilton,Michael_Phelps,Stephen_Friedman,Mark_Hamister,Demetrius_Ferraciu,Marat_Safin,Aitor_Gonzalez,Lou_Piniella,Dwayne_Johnson,Jefferson_Perez,Guillermo_Ortiz,Jason_Jennings,Ashanti,Tony_Bennett,Serena_Williams,Ian_McKellen,Freddy_Garcia,Vicki_Zhao_Wei,Mark_Dacey,Michelle_Yeoh,Oswaldo_Paya,Stanley_McChrystal,Marco_Antonio_Barrera,Gerardo_Gambala,Jonathan_Edwards,Adam_Scott,Daniela_Hantuchova,LeBron_James,Jennifer_Thompson,Paul_ONeill,Imad_Moustapha,John_Manley,Yevgeny_Kafelnikov
probe/Jorge_Batlle/Jorge_Batlle_0002.jpg,Jorge_Batlle,1,1.0,0.8363509774208069,0.8363509774208069,Jorge_Batlle,Colin_Powell,Ralph_Lauren,Larry_Brown,Chok_Tong_Goh,GL_Peiris,Francis_George,Harry_Belafonte,S_Jayakumar,Peter_Struck,Michael_J_Sheehan,Trent_Lott,Abdullah_al-Attiyah,Jose_Serra,Francis_Ford_Coppola,Joseph_Biden,Lloyd_Ward,Paul_ONeill,Pedro_Malan,Hipolito_Mejia,Nelson_Mandela,Valery_Giscard_dEstaing,Bob_Beauprez,Costas_Simitis,Ferenc_Madl,Luis_Gonzalez_Macchi,Patrick_Leahy,Albrecht_Mentz,Paul_Patton,Queen_Beatrix,John_Spencer,Carlos_Ghosn,Robert_DeFraites,Mike_Price,Robin_Cook,Kim_Jong-Il,Roy_Williams,Henrique_Meirelles,Isaiah_Washington,Jeffrey_Archer,Franz_Beckenbauer,Brian_Cowen,Jack_Straw,John_Negroponte,John_Snow,Julie_Gerberding,James_Smith,Charlton_Heston,Munir_Akram,Jay_Garner
probe/Jorge_Castaneda/Jorge_Castaneda_0002.jpg,Jorge_Castaneda,977,0.0010235414534288639,0.49373960494995117,-0.2313501089811325,Harvey_Weinstein,Tom_Crean,Michael_Chiklis,John_Reilly,Todd_Haynes,James_Gandolfini,John_Blaney,Jose_Manuel_Durao_Barroso,John_Brady,Gustavo_Kuerten,Boris_Becker,William_Ford_Jr,Ruben_Studdard,Marcus_Gronholm,Tim_Floyd,Pamela_Anderson,Brian_Heidik,John_Malkovich,Jeffrey_Immelt,George_Voinovich,Roman_Polanski,John_Jumper,Alastair_Campbell,John_Spencer,Jay_Garner,Paul_Byrd,Anthony_Hopkins,Pete_Rose,Fidel_Castro,Jonathan_Mostow,Martin_Brodeur,Robert_Zoellick,Jorge_Rodolfo_Canicoba_Corral,Matthew_Perry,Steve_Spurrier,Art_Hoffmann,Lon_Kruger,David_Leahy,James_Parker,Carmen_Electra,Bobby_Robson,Darren_Clarke,Paul_Bremer,Bashar_Assad,Thomas_OBrien,Joe_Torre,George_Karl,Amber_Tamblyn,Larry_Bowa,Frank_Solich
probe/Jorge_Rodolfo_Canicoba_Corral/Jorge_Rodolfo_Canicoba_Corral_0002.jpg,Jorge_Rodolfo_Canicoba_Corral,1,1.0,0.8446699976921082,0.8446699976921082,Jorge_Rodolfo_Canicoba_Corral,Francis_Mer,Alvaro_Noboa,Nestor_Kirchner,Lynn_Abraham,John_Negroponte,Ozzy_Osbourne,Maggie_Smith,Charles_Grassley,Guillermo_Ortiz,Anthony_Hopkins,Paul_ONeill,Stellan_Skarsgard,Franz_Muentefering,Robert_Zoellick,John_Blaney,Eduardo_Duhalde,Bob_Hope,John_Garamendi,Eddie_Sutton,George_Voinovich,Abel_Pacheco,Roman_Polanski,Anders_Ebbeson,Trent_Lott,James_Ivory,Paul_McCartney,Pedro_Malan,Christopher_Patten,Thomas_Birmingham,Richard_Shelby,Jose_Manuel_Durao_Barroso,Yasser_Arafat,Job_Cohen,Tom_Crean,Bill_Gates,Bobby_Robson,Kemal_Dervis,Frank_Cassell,Peter_Arnett,Fidel_Castro,Michael_Douglas,Barry_Alvarez,Joe_Torre,Joseph_Deiss,Jean-Marc_de_La_Sabliere,Jeffrey_Jones,Franko_Simatovic,Augusto_Roa_Bastos,Jose_Serra
probe/Jorge_Valdano/Jorge_Valdano_0002.jpg,Jorge_Valdano,1,1.0,0.8300931453704834,0.8300931453704834,Jorge_Valdano,Phil_Mickelson,Alastair_Campbell,David_Heymann,Adolfo_Rodriguez_Saa,Leslie_Moonves,Gerry_Parsky,John_Kerry,Yao_Ming,Katie_Harman,Jose_Mourinho,Anthony_Fauci,Heidi_Fleiss,Cathy_Freeman,Inocencio_Arias,Herb_Sendek,Alejandro_Toledo,Andrew_Cuomo,Bill_Belichick,Laurent_Jalabert,Mark_Cuban,Igor_Ivanov,Darrell_Issa,Jong_Thae_Hwa,George_Roy_Hill,Joe_Torre,Guido_Westerwelle,Dennis_Kucinich,Anders_Fogh_Rasmussen,Bashar_Assad,Mark_Geragos,Mikulas_Dzurinda,Alvaro_Uribe,Mathias_Reichhold,Christopher_Walken,John_Brady,Steve_Waugh,Joerg_Haider,John_Rosa,Kent_Rominger,Justin_Leonard,Eduardo_Duhalde,Jennifer_Lopez,William_Bratton,Jonathan_Edwards,Camilla_Parker_Bowles,Gianna_Angelopoulos-Daskalaki,Hitomi_Soga,Robbie_Fowler,David_Nalbandian
probe/Jose_Dirceu/Jose_Dirceu_0002.jpg,Jose_Dirceu,1,1.0,0.6969285011291504,0.6969285011291504,Jose_Dirceu,Francis_George,Gabriel_Valdes,Chok_Tong_Goh,Spencer_Abraham,Larry_Brown,Tom_Daschle,Pedro_Malan,Trent_Lott,Dick_Vermeil,Tom_Crean,Colin_Powell,Jorge_Batlle,Jose_Viegas_Filho,Hans_Eichel,William_Martin,Ilan_Ramon,Roy_Moore,Max_Mayfield,Larry_Lucchino,Michael_J_Sheehan,John_Jumper,Paul_ONeill,James_Smith,Federico_Trillo,Andrew_Bunner,Munir_Akram,William_Ford_Jr,Bob_Hope,Patrick_Leahy,John_Negroponte,Guido_Westerwelle,Dick_Cheney,Richard_Gephardt,Donald_Evans,George_Voinovich,Pascal_Quignard,Lee_Hoi-chang,Arye_Mekel,Dave_Campo,Albrecht_Mentz,John_Spencer,Emile_Lahoud,Herb_Sendek,Silvan_Shalom,Hipolito_Mejia,John_Blaney,Franz_Muentefering,Nick_Nolte,Steven_Spielberg
probe/Jose_Manuel_Durao_Barroso/Jose_Manuel_Durao_Barroso_0002.jpg,Jose_Manuel_Durao_Barroso,1,1.0,0.8391274213790894,0.8391274213790894,Jose_Manuel_Durao_Barroso,Marc_Grossman,Patrice_Chereau,Alastair_Campbell,David_Leahy,George_Robertson,Charles_Grassley,Dennis_Kucinich,Bill_Gates,Alvaro_Noboa,Scott_McNealy,Anders_Ebbeson,Roman_Polanski,Paul_Bremer,Jesse_Jackson,John_Manley,Anthony_Hopkins,Jay_Garner,Liza_Minnelli,Bud_Selig,Tom_Crean,Alan_Ball,Trent_Lott,David_Trimble,Todd_Haynes,Jeffrey_Jones,James_Kelly,Bobby_Robson,Oswaldo_Paya,Jorge_Rodolfo_Canicoba_Corral,Darren_Clarke,Steve_Waugh,George_Voinovich,Arlen_Specter,Michael_Kostelnik,Lawrence_MacAulay,John_Kerry,Michael_Chiklis,Thomas_OBrien,Boris_Becker,Art_Hoffmann,Hootie_Johnson,Peter_Greenaway,Peter_Arnett,Kenneth_Evans,Richard_Gephardt,Sharon_Frey,Paul_ONeill,Harry_Kalas,Jim_Harrick
probe/Jose_Mourinho/Jose_Mourinho_0002.jpg,Jose_Mourinho,1,1.0,0.7776988744735718,0.7776988744735718,Jose_Mourinho,Jonathan_Edwards,John_Rosa,Laurent_Jalabert,Yasar_Yakis,Abel_Pacheco,Colin_Jackson,Eduardo_Duhalde,Bernardo_Segura,Mark_Hamister,Vladimir_Putin,Mike_Weir,Matthew_Perry,Andrew_Niccol,Phil_Mickelson,Jefferson_Perez,Spencer_Abraham,James_McGreevey,George_Tenet,Alvaro_Uribe,Sam_Torrance,Pete_Sampras,Adolfo_Rodriguez_Saa,Robert_Kocharian,Freddy_Garcia,Augustin_Calleri,Ernesto_Zedillo,Jorge_Valdano,Nanni_Moretti,Benjamin_Netanyahu,Xanana_Gusmao,Marco_Antonio_Barrera,Nestor_Kirchner,Gary_Williams,David_Heymann,Juan_Pablo_Montoya,Mikhail_Youzhny,Larry_Coker,Demetrius_Ferraciu,Bob_Geldof,David_Wolf,Valdas_Adamkus,Sophia_Loren,Elizabeth_Shue,Yao_Ming,Carlos_Mesa,Frank_Stallone,Alexander_Losyukov,Lina_Krasnoroutskaya,Joe_Mantello
probe/Jose_Sarney/Jose_Sarney_0002.jpg,Jose_Sarney,1,1.0,0.848758339881897,0.848758339881897,Jose_Sarney,Saddam_Hussein,John_McCormack,Elsa_Zylberstein,Abdullah_Gul,Cesar_Maia,Sam_Torrance,Roy_Williams,Jay_Garner,John_Banko,Ernie_Fletcher,Asa_Hutchinson,Luis_Gonzalez_Macchi,Trent_Lott,James_Kopp,Larry_Brown,Abdullatif_Sener,George_Voinovich,Billy_Sollie,Vaclav_Havel,John_Walsh,Alexander_Losyukov,Richard_Branson,David_Leahy,Brian_Wells,Hipolito_Mejia,Robert_DeFraites,Jonathan_Mostow,Fidel_Castro,Tom_Daschle,Tom_Craddick,Francis_Ford_Coppola,Robert_Mueller,Richard_Gephardt,Gerry_Adams,Gloria_Allred,Pedro_Solbes,Jean-David_Levitte,Steven_Spielberg,Gray_Davis,Dick_Clark,Bo_Ryan,John_Snow,Nick_Nolte,Doris_Schroeder,Mikulas_Dzurinda,James_Kelly,Art_Hoffmann,Robert_Bonner,Elizabeth_Smart
probe/Jose_Serra/Jose_Serra_0002.jpg,Jose_Serra,1,1.0,0.9263936281204224,0.9263936281204224,Jose_Serra,Leon_LaPorte,Peter_Arnett,John_Snow,Cruz_Bustamante,Luis_Gonzalez_Macchi,Ibrahim_Jaafari,Barry_Alvarez,Kemal_Dervis,Iain_Duncan_Smith,Abdullah_Gul,Francis_George,Bijan_Namdar_Zangeneh,Costas_Simitis,Paul_Patton,Liza_Minnelli,Richard_Shelby,John_Negroponte,Joe_Torre,Jorge_Batlle,Manfred_Stolpe,Henrique_Meirelles,Hipolito_Mejia,Ralph_Lauren,Harry_Belafonte,Abdullah_al-Attiyah,Robert_Bonner,Stephen_Friedman,Carlos_Bianchi,Anders_Ebbeson,Lynne_Cheney,Mike_Price,Carlos_Ghosn,Rolf_Eckrodt,Klaus_Zwickel,Jeanne_Moreau,Larry_Brown,John_Rigas,Nabil_Shaath,Anthony_Hopkins,John_McCallum,Guillermo_Ortiz,Imad_Moustapha,John_McEnroe,Vincent_Brooks,Ahmet_Necdet_Sezer,Jesse_Jackson,Yasar_Yakis,Jason_Kidd,Frank_Lautenberg
probe/Jose_Theodore/Jose_Theodore_0002.jpg,Jose_Theodore,1,1.0,0.6408505439758301,0.6408505439758301,Jose_Theodore,Gil_de_Ferran,Luke_Walton,Ian_Thorpe,Michael_Ballack,Barry_Zito,John_F_Kennedy_Jr,Justin_Guarini,Marat_Safin,Paul-Henri_Mathieu,Mike_Weir,Gary_Bergeron,Mariangel_Ruiz_Torrealba,Taufik_Hidayat,Rick_Romley,Mitoji_Yabunaka,Lindsay_Davenport,Iain_Duncan_Smith,Allison_Janney,Darrell_Porter,Oscar_De_La_Hoya,Chris_Byrd,Martha_Burk,Justin_Gatlin,Julio_Iglesias_Jr,Paul_Pierce,Padraig_Harrington,Noah_Wyle,Mike_Miller,LeBron_James,Diane_Green,John_Howard,Joseph_Deiss,Nestor_Kirchner,Beth_Jones,JJ_Redick,Dale_Earnhardt_Jr,David_Heymann,Karin_Stoiber,Charlton_Heston,Elinor_Caplan,Leander_Paes,Freddy_Garcia,Megawati_Sukarnoputri,Michael_J_Sheehan,Flor_Montulo,Justin_Leonard,Federico_Trillo,Jason_Jennings,Kemal_Dervis
probe/Jose_Viegas_Filho/Jose_Viegas_Filho_0002.jpg,Jose_Viegas_Filho,1,1.0,0.7359228134155273,0.7359228134155273,Jose_Viegas_Filho,Nestor_Kirchner,Fidel_Castro,Adolfo_Aguilar_Zinser,Edward_James_Olmos,Gregory_Hines,Juan_Valencia_Osorio,Pedro_Malan,Mark_Hamister,Bill_Gates,Munir_Akram,John_Blaney,Jack_Straw,Benjamin_Netanyahu,Fayssal_Mekdad,Igor_Ivanov,Franko_Simatovic,Amram_Mitzna,Abel_Pacheco,Mohamed_Benaissa,Franco_Dragone,Lino_Oviedo,Henrique_Meirelles,Lynne_Cheney,Alejandro_Toledo,Jorge_Batlle,Chok_Tong_Goh,Carlos_Mesa,Michael_J_Sheehan,Mitoji_Yabunaka,Emile_Lahoud,Jose_Serra,Eddie_Sutton,Valerie_Harper,Pamela_Anderson,Larry_Brown,Hans_Eichel,Inocencio_Arias,Yasser_Arafat,Alejandro_Atchugarry,Francis_George,Dick_Vermeil,Christopher_Walken,Emmanuelle_Beart,Jesse_Jackson,Hassan_Wirajuda,Abdullatif_Sener,Xanana_Gusmao,Chakib_Khelil,Leslie_Moonves
probe/Joseph_Biden/Joseph_Biden_0002.jpg,Joseph_Biden,1,1.0,0.7957874536514282,0.7957874536514282,Joseph_Biden,Stephen_Friedman,John_Rigas,Warren_Beatty,Frank_Lautenberg,Costas_Simitis,Dick_Cheney,Jose_Serra,John_Snow,Jerry_Falwell,Carlos_Bianchi,Bill_Graham,Mel_Brooks,Bijan_Namdar_Zangeneh,Igor_Ivanov,Charlton_Heston,George_Brumley,Barry_Alvarez,Jack_Straw,Leszek_Miller,Hans_Eichel,Ralph_Lauren,Bob_Hope,Garry_Trudeau,Cruz_Bustamante,Peter_Arnett,Anders_Ebbeson,John_McCallum,Richard_Shelby,Paul_Patton,Robin_Cook,Lord_Hutton,Nabil_Shaath,John_Howard,Arlen_Specter,Anibal_Ibarra,Chuck_Yeager,Dick_Latessa,Fidel_Castro,Charles_Mathews,John_Malkovich,Sally_Kirkland,Ozzy_Osbourne,Francis_George,Dick_Clark,Franz_Beckenbauer,Yasser_Arafat,Manfred_Stolpe,Jimmy_Carter,Howard_Dean
probe/Joseph_Blatter/Joseph_Blatter_0002.jpg,Joseph_Blatter,1,1.0,0.7329353094100952,0.7329353094100952,Joseph_Blatter,Silvio_Berlusconi,Costas_Simitis,Robin_McLaurin_Williams,Ahmet_Necdet_Sezer,Valery_Giscard_dEstaing,Vladimir_Putin,Igor_Ivanov,Charles_Schumer,Jerry_Falwell,Mitchell_Daniels,Kevin_Spacey,Robert_Duvall,Francis_Mer,John_Timoney,Dick_Cheney,Chuck_Yeager,Jackie_Chan,Cesar_Maia,Manfred_Stolpe,Leszek_Miller,Helen_Clark,Al_Davis,John_Howard,Carl_Reiner,Pascal_Lamy,Asa_Hutchinson,Richard_Norton-Taylor,Jay_Rasulo,Gerry_Parsky,Pat_Cox,Franz_Beckenbauer,Gary_Carter,Lino_Oviedo,Eduardo_Duhalde,George_Roy_Hill,Bob_Hope,Kemal_Dervis,William_Bratton,Slobodan_Milosevic,Fayssal_Mekdad,Rick_Romley,Sarah_Jessica_Parker,Thaksin_Shinawatra,Geoff_Hoon,Alejandro_Toledo,Heizo_Takenaka,Sally_Kirkland,Larry_Lucchino,Lisa_Raymond
probe/Joseph_Deiss/Joseph_Deiss_0002.jpg,Joseph_Deiss,1,1.0,0.8983403444290161,0.8983403444290161,Joseph_Deiss,James_Maguire,Robin_McLaurin_Williams,Gordon_Campbell,Bill_Graham,David_Dodge,Paul_ONeill,Max_Mayfield,David_Trimble,Bill_Nelson,Franko_Simatovic,Larry_Coker,Rick_Romley,George_Karl,Richie_Adubato,Gunter_Pleuger,Karin_Stoiber,Aleksander_Kwasniewski,Robert_Duvall,Roy_Moore,Gregg_Popovich,Larry_Brown,John_Snow,Chris_Cooper,Mark_Geragos,Francis_Mer,Lawrence_MacAulay,Yevgeny_Kafelnikov,Jorge_Rodolfo_Canicoba_Corral,Helen_Clark,Pascal_Lamy,Jose_Dirceu,Julianne_Moore,Roman_Polanski,Art_Howe,James_Cunningham,Vladimir_Putin,John_Timoney,John_Negroponte,Dave_Campo,Tom_Crean,Lou_Piniella,Alastair_Campbell,Klaus_Zwickel,Warren_Buffett,Trent_Lott,Robert_Bonner,Valdas_Adamkus,George_Roy_Hill,Donald_Evans
probe/Joseph_Estrada/Joseph_Estrada_0002.jpg,Joseph_Estrada,1,1.0,0.8554614782333374,0.8554614782333374,Joseph_Estrada,Anwar_Ibrahim,Hun_Sen,Antony_Leung,Kim_Jin-sun,Dai_Bachtiar,Li_Peng,Kim_Jong-Il,Pedro_Malan,Hu_Jintao,Ken_Watanabe,Arye_Mekel,Hichiro_Naemura,Lee_Tae-sik,Kim_Dae-jung,Annette_Bening,David_Trimble,Richard_Sambrook,Jesse_Jackson,Saddam_Hussein,Lee_Hoi-chang,William_Ford_Jr,David_Leahy,Nancy_Pelosi,Alberto_Fujimori,Chok_Tong_Goh,Jorge_Batlle,Megawati_Sukarnoputri,Hassan_Wirajuda,Cruz_Bustamante,Larry_Ellison,Bernard_Landry,Johnson_Panjaitan,Julie_Gerberding,Jorge_Castaneda,Hamzah_Haz,Thaksin_Shinawatra,Spencer_Abraham,Alberto_Ruiz_Gallardon,Peter_Struck,Vaclav_Havel,Brian_Wells,Yasser_Arafat,Chen_Liang_Yu,Alan_Ball,Prince_Naruhito,Angelo_Reyes,Bill_Gates,Patrick_Ewing,Trent_Lott
probe/Joseph_Ralston/Joseph_Ralston_0002.jpg,Joseph_Ralston,1,1.0,0.8529161214828491,0.8529161214828491,Joseph_Ralston,Paul_Bremer,John_Manley,Gray_Davis,Peter_Harrison,Nicanor_Duarte_Frutos,Ronald_Reagan,Paul_McNulty,Howard_Dean,Thomas_Fargo,Vaclav_Havel,Bill_Callahan,Alexander_Losyukov,Paul_William_Hurley,Eric_Clapton,James_Kelly,Jean-David_Levitte,Anders_Ebbeson,Martha_Burk,Bob_Colvin,Brian_Cowen,Carlo_Ancelotti,Robert_Bonner,Mario_Dumont,Robert_Mueller,John_Taylor,Mario_Kreutzberger,Lindsey_Graham,Saparmurat_Niyazov,Miguel_Contreras,William_Ford_Jr,Richard_Gephardt,Oswaldo_Paya,Masum_Turker,Steve_Spurrier,Scott_McNealy,Kim_Dae-jung,Charles_Mathews,Michael_Kostelnik,John_Abizaid,Lyle_Vanclief,Hootie_Johnson,James_Kopp,Bill_Simon,Dick_Clark,Kevin_Stallings,Monica_Seles,Mack_Brown,Colin_Powell,Lou_Piniella
probe/Juan_Manuel_Marquez/Juan_Manuel_Marquez_0002.jpg,Juan_Manuel_Marquez,1,1.0,0.9149032831192017,0.9149032831192017,Juan_Manuel_Marquez,Yao_Ming,Luis_Horna,Jefferson_Perez,Yasar_Yakis,Guillermo_Coria,Dick_Clark,Jose_Serra,Anibal_Ibarra,Scott_McClellan,John_Snow,Theo_Epstein,Michelle_Yeoh,Jim_Carrey,Thaksin_Shinawatra,Emanuel_Ginobili,Mark_Warner,Demetrius_Ferraciu,Vince_Carter,Joe_Torre,Zhang_Ziyi,Martin_Verkerk,Claire_Danes,Jessica_Lynch,Gustavo_Kuerten,Elizabeth_Smart,James_Franco,Daniel_Day-Lewis,Jason_Kidd,Orlando_Bloom,Paul_Byrd,Barrett_Jackman,Hipolito_Mejia,Leszek_Miller,Paul_Patton,Reese_Witherspoon,David_Coulthard,Pete_Sampras,Jeanne_Moreau,Gian_Marco,Carlos_Manuel_Pruneda,Manfred_Stolpe,Stephen_Friedman,Joe_Nichols,Juan_Pablo_Montoya,Martin_Scorsese,Harry_Schmidt,James_Blake,John_Spencer,Bo_Ryan
probe/Juan_Pablo_Montoya/Juan_Pablo_Montoya_0002.jpg,Juan_Pablo_Montoya,1,1.0,0.8177624940872192,0.8177624940872192,Juan_Pablo_Montoya,Sourav_Ganguly,Matt_Doherty,Pete_Sampras,Kalpana_Chawla,James_Jones,Garry_Kasparov,Charlie_Zaa,Carlos_Manuel_Pruneda,Abdullah,Cruz_Bustamante,Harbhajan_Singh,John_Abizaid,Peter_Arnett,Barry_Alvarez,Howard_Dean,Ali_Abbas,Elvis_Presley,Arnaud_Clement,Bijan_Namdar_Zangeneh,Marco_Antonio_Barrera,Alex_Barros,Jose_Serra,George_Lopez,Frank_Stallone,Conchita_Martinez,Saeb_Erekat,Nicolas_Lapentti,Marissa_Jaret_Winokur,David_Wolf,Larry_Johnson,Imad_Moustapha,Kim_Ryong-sung,Abdullah_Gul,Robert_Mueller,Yasar_Yakis,Bernardo_Segura,Megawati_Sukarnoputri,Spencer_Abraham,Nia_Vardalos,Kevin_Stallings,Denise_Johnson,Kenneth_Evans,Mikhail_Kasyanov,Munir_Akram,Yao_Ming,Bob_Colvin,Arantxa_Sanchez-Vicario,Jim_Furyk,Anna_Kournikova
probe/Juan_Valencia_Osorio/Juan_Valencia_Osorio_0002.jpg,Juan_Valencia_Osorio,1,1.0,0.6950286626815796,0.6950286626815796,Juan_Valencia_Osorio,Nicanor_Duarte_Frutos,Jorge_Castaneda,Hassan_Wirajuda,Brian_Cowen,Hun_Sen,Jack_Straw,Adolfo_Aguilar_Zinser,Bill_Simon,Munir_Akram,Trent_Lott,Georgi_Parvanov,Mark_Dacey,Jean-David_Levitte,Bill_Gates,James_Traficant,Marc_Grossman,Geno_Auriemma,Simon_Cowell,Hu_Jintao,Anthony_Fauci,Alejandro_Toledo,Henrique_Meirelles,Eddy_Merckx,Masum_Turker,Mack_Brown,Miguel_Contreras,Gary_Locke,Helen_Clark,Angelo_Reyes,Claire_Leger,Lionel_Richie,John_Kerry,Jean-Claude_Juncker,James_Kelly,Dennis_Kucinich,Ronald_Reagan,Abdullah_Gul,Oswaldo_Paya,Mohamed_Benaissa,Franco_Dragone,Liza_Minnelli,Luke_Walton,Hootie_Johnson,Leslie_Moonves,Jose_Manuel_Durao_Barroso,Ernie_Fletcher,Darrell_Issa,George_Robertson,Arianna_Huffington
probe/Juanes/Juanes_0002.jpg,Juanes,1,1.0,0.8607678413391113,0.8607678413391113,Juanes,Alex_Penelas,Barry_Zito,Paul-Henri_Mathieu,Jose_Theodore,Mark_Cuban,Harry_Schmidt,Steve_Park,Amber_Tamblyn,Paul_Byrd,David_Wolf,Aitor_Gonzalez,Sheila_Copps,Joe_Gatti,Marcus_Gronholm,Carlos_Manuel_Pruneda,Eric_Rosser,Daniel_Day-Lewis,Antonio_Banderas,Mikhail_Youzhny,Lon_Kruger,Aleksander_Kwasniewski,Blythe_Hartley,Gustavo_Kuerten,Natalie_Maines,Liza_Minnelli,Kalpana_Chawla,Scott_McClellan,Melanie_Griffith,Leland_Chapman,Gil_de_Ferran,Elvis_Presley,Matthew_Perry,Manfred_Stolpe,Robert_Mueller,Pete_Rose,Juan_Pablo_Montoya,Alexandra_Vodjanikova,Gabriel_Batistuta,Kathleen_Kennedy_Townsend,Peter_Arnett,Augustin_Calleri,Arnaud_Clement,Marco_Antonio_Barrera,Jim_Edmonds,Oscar_De_La_Hoya,Todd_Haynes,James_Blake,Joe_Nichols,Christian_Fittipaldi
probe/Jude_Law/Jude_Law_0002.jpg,Jude_Law,1,1.0,0.7129728198051453,0.7129728198051453,Jude_Law,Jonathan_Edwards,Michael_Phelps,Tyler_Hamilton,Bob_Colvin,Richard_Krajicek,David_Coulthard,Elijah_Wood,John_Manley,Darrell_Porter,Jim_Carrey,JJ_Redick,Elsa_Zylberstein,Freddy_Garcia,Tom_Brady,Ian_McKellen,Gary_Forsee,Elvis_Presley,Rupert_Grint,Taufik_Hidayat,Tom_Daschle,Kirk_Ferentz,Scott_McNealy,Mike_Miller,Jason_Jennings,Gabriel_Batistuta,Mario_Dumont,Orlando_Bloom,Andrew_Bunner,Gray_Davis,Jan_Ullrich,Darren_Clarke,Matthew_Perry,Justin_Leonard,Richard_Gephardt,Mikhail_Youzhny,Chris_Tucker,Barry_Zito,Andrei_Mikhnevich,James_McGreevey,George_P_Bush,Johnny_Unitas,Patrice_Chereau,Joe_Calzaghe,Yao_Ming,Trent_Lott,Ian_Thorpe,Tony_Curtis,Leland_Chapman,Nia_Vardalos
probe/Judi_Dench/Judi_Dench_0002.jpg,Judi_Dench,1,1.0,0.7208617925643921,0.7208617925643921,Judi_Dench,Kate_Capshaw,Ozzy_Osbourne,Gro_Harlem_Brundtland,Queen_Beatrix,Jean_Brumley,Sophia_Loren,Elizabeth_Dole,Karin_Stoiber,Tony_Curtis,Zhang_Ziyi,Cristina_Saralegui,Doris_Roberts,Nelson_Mandela,Martha_Burk,Doris_Schroeder,Pamela_Anderson,Gloria_Macapagal_Arroyo,Jolanta_Kwasniewski,Angela_Lansbury,Frances_Fisher,Sam_Bith,Meryl_Streep,Herta_Daeubler-Gmelin,Hannah_Stockbauer,Megawati_Sukarnoputri,Lynn_Abraham,LeAnn_Rimes,Raghad_Saddam_Hussein,Penelope_Ann_Miller,Anna_Kournikova,Rick_Romley,Lina_Krasnoroutskaya,Melanie_Griffith,Christine_Ebersole,Pete_Sampras,Elisabeth_Schumacher,Marat_Safin,Richard_Branson,Yao_Ming,Geraldine_Chaplin,Betsy_Smith,Serena_Williams,Kim_Dae-jung,Reese_Witherspoon,Omar_Sharif,Taufik_Hidayat,Biljana_Plavsic,Kristanna_Loken,Ann_Veneman
probe/Judy_Genshaft/Judy_Genshaft_0002.jpg,Judy_Genshaft,1,1.0,0.8572902679443359,0.8572902679443359,Judy_Genshaft,Ann_Veneman,Helen_Clark,Sheila_Copps,Carla_Myers,Hayley_Tullett,Biljana_Plavsic,Isabelle_Huppert,Lea_Fastow,Hannah_Stockbauer,Hitomi_Soga,Susan_Collins,Hanan_Ashrawi,John_Howard,Martina_McBride,Michael_Phelps,Dorthy_Moxley,Guillermo_Coria,Ellen_Engleman,Queen_Beatrix,Claire_Leger,Melanie_Griffith,Vanessa_Incontrada,Celine_Dion,Jolanta_Kwasniewski,Kathleen_Kennedy_Townsend,Jean_Brumley,Luis_Gonzalez_Macchi,Geno_Auriemma,Geraldine_Chaplin,Igor_Ivanov,Elizabeth_Dole,Elisabeth_Schumacher,Nancy_Pelosi,Rita_Wilson,Paula_Radcliffe,Arianna_Huffington,Annette_Lu,Intisar_Ajouri,Donna_Shalala,Sheila_Wellstone,Silvia_Farina_Elia,Bud_Selig,Juan_Valencia_Osorio,Eduardo_Duhalde,Megawati_Sukarnoputri,James_Gandolfini,Julianne_Moore,Jennifer_Rodriguez,Lily_Tomlin
probe/Juergen_Peters/Juergen_Peters_0002.jpg,Juergen_Peters,1,1.0,0.8810058832168579,0.8810058832168579,Juergen_Peters,Iain_Duncan_Smith,Marwan_Barghouthi,Mohammad_Khatami,Carlos_Mesa,Steven_Spielberg,Marc_Grossman,Hector_Babenco,Benjamin_Netanyahu,Osama_bin_Laden,Pedro_Solbes,Luis_Gonzalez_Macchi,Saddam_Hussein,Sean_Patrick_OMalley,Abdullah_Gul,Fidel_Castro,Ibrahim_Jaafari,Alejandro_Atchugarry,Alec_Baldwin,Hassan_Nasrallah,James_Cunningham,Gerry_Adams,Jason_Kidd,Luiz_Felipe_Scolari,Benazir_Bhutto,Janet_Thorpe,Yasser_Arafat,Carolyn_Dawn_Johnson,Ali_Khamenei,Saeb_Erekat,Job_Cohen,Julie_Gerberding,Gunter_Pleuger,Mikulas_Dzurinda,Dino_de_Laurentis,Zoran_Djindjic,James_Gandolfini,Scott_Rudin,Mike_Weir,Larry_Brown,Art_Hoffmann,John_Howard,John_Negroponte,Nasser_al-Kidwa,Martina_Hingis,Alejandro_Avila,Hipolito_Mejia,Mike_Tyson,Igor_Ivanov,Ray_Nagin
probe/Julianna_Margulies/Julianna_Margulies_0002.jpg,Julianna_Margulies,912,0.0010964912280701754,0.5114483833312988,-0.17253477871418,Mohammad_Khatami,Pedro_Solbes,Juergen_Peters,Marwan_Barghouthi,Mikulas_Dzurinda,Art_Hoffmann,Osama_bin_Laden,Hassan_Nasrallah,Bashar_Assad,Frank_Stallone,Abdullah_Gul,Steven_Spielberg,Carlos_Mesa,John_Blaney,Jose_Manuel_Durao_Barroso,Ali_Khamenei,Abdel_Nasser_Assidi,Celso_Amorim,Mark_Geragos,James_Gandolfini,Pupi_Avati,Arianna_Huffington,Peter_Arnett,Branko_Crvenkovski,Grady_Irvin_Jr,Carmen_Electra,Eddie_Sutton,Fidel_Castro,Paul_McCartney,Xanana_Gusmao,Luiz_Felipe_Scolari,John_Howard,Herta_Daeubler-Gmelin,Matthew_Perry,Nanni_Moretti,Debra_Brown,Sean_Patrick_OMalley,Luciano_Pavarotti,George_Robertson,Kevin_Spacey,Robin_Cook,Kathleen_Glynn,Michel_Temer,James_Cunningham,Dino_de_Laurentis,Jesse_Jackson,Job_Cohen,Joe_Torre,Amram_Mitzna,Howard_Schultz
probe/Julianne_Moore/Julianne_Moore_0002.jpg,Julianne_Moore,1,1.0,0.958380937576294,0.958380937576294,Julianne_Moore,Todd_Haynes,Bill_Simon,Lloyd_Ward,Paul_McNulty,Andy_Hebb,Sharon_Frey,Aaron_Sorkin,Michael_Chang,William_Ford_Jr,Fred_Eckhard,Robert_Zoellick,Scott_McNealy,Roy_Moore,Dennis_Kucinich,Ilan_Ramon,Bill_Gates,Thierry_Falise,Begum_Khaleda_Zia,Rob_Schneider,Michael_Chiklis,Angelo_Reyes,Tom_Daschle,Lyle_Vanclief,James_Kopp,Alastair_Campbell,Charles_Grassley,Alex_Barros,Dai_Bachtiar,Sean_Astin,Tim_Floyd,Richard_Sambrook,Ron_Howard,Martina_McBride,Mariah_Carey,Jan_Ullrich,Kiki_Vandeweghe,Marc_Grossman,Ashanti,Jimmy_Kimmel,Antony_Leung,Andrew_Bunner,Hun_Sen,Andrew_Niccol,Hassan_Wirajuda,George_Pataki,Barry_Zito,Gerry_Parsky,Ron_Dittemore,Frank_Stallone
probe/Julie_Gerberding/Julie_Gerberding_0002.jpg,Julie_Gerberding,1,1.0,0.9448601603507996,0.9448601603507996,Julie_Gerberding,Colin_Powell,Gloria_Allred,Queen_Beatrix,Martha_Burk,Elin_Nordegren,Sharon_Frey,Jennifer_Thompson,Jason_Kidd,Judi_Dench,Jorge_Batlle,Hanan_Ashrawi,Lina_Krasnoroutskaya,Janet_Thorpe,Mariangel_Ruiz_Torrealba,Sandra_Bullock,Amber_Tamblyn,Arantxa_Sanchez-Vicario,Christine_Gregoire,Frank_Solich,LeAnn_Rimes,Maria_Luisa_Mendonca,Debra_Brown,Sue_Wicks,Ralph_Lauren,Carolyn_Dawn_Johnson,Kate_Capshaw,Mike_Miller,Martha_Beatriz_Roque,Abdullah_al-Attiyah,Cristina_Fernandez,Lindsay_Davenport,Daniela_Hantuchova,Margaret_Thatcher,Blythe_Hartley,Betsy_Smith,Spencer_Abraham,Elisabeth_Schumacher,Hipolito_Mejia,Tom_Cruise,Sophia_Loren,Peter_Bacanovic,Silvan_Shalom,Nadia_Petrova,Pascal_Quignard,Stacy_Dragila,Richard_Sambrook,Claire_Danes,Thomas_Fargo,Nastassia_Kinski
probe/Julie_Taymor/Julie_Taymor_0002.jpg,Julie_Taymor,1,1.0,0.8634532690048218,0.8634532690048218,Julie_Taymor,Coretta_Scott_King,Nancy_Pelosi,Annette_Bening,Christine_Gregoire,Sally_Kirkland,Jennifer_Connelly,John_Jumper,Blythe_Danner,Rita_Moreno,Bill_Frist,Christopher_Walken,James_Cunningham,Silvio_Berlusconi,Oscar_De_La_Hoya,Arlen_Specter,Leon_LaPorte,Martina_McBride,Jim_Carrey,Lea_Fastow,Liza_Minnelli,Lauren_Hutton,Leslie_Moonves,Mathias_Reichhold,Heidi_Fleiss,Fidel_Castro,Mary_Tyler_Moore,Gil_de_Ferran,Ann_Veneman,George_Pataki,Amelia_Vega,Ellen_Engleman,Eric_Rosser,Hillary_Clinton,James_Morris,Benazir_Bhutto,Gerard_Depardieu,Tom_Daschle,Flavia_Delaroli,Stockard_Channing,Jorge_Batlle,Ahmad_Masood,Gabriel_Valdes,Valerie_Harper,Nancy_Reagan,Patricia_Clarkson,Sean_Astin,Sheila_Copps,Robert_Zoellick,Gary_Williams
probe/Julio_Iglesias_Jr/Julio_Iglesias_Jr_0002.jpg,Julio_Iglesias_Jr,1,1.0,0.8170245885848999,0.8170245885848999,Julio_Iglesias_Jr,George_P_Bush,Tom_Cruise,Spencer_Abraham,Ashanti,Mike_Weir,Dick_Clark,Takashi_Sorimachi,Marc-Andre_Fleury,Carlos_Ghosn,Bernardo_Segura,Vaclav_Havel,Alexander_Losyukov,Sophia_Loren,Charlton_Heston,John_Howard,Martha_Burk,Liu_Mingkang,Jim_Edmonds,Carson_Daly,Augustin_Calleri,Yoko_Ono,Albrecht_Mentz,Jonathan_Edwards,James_McGreevey,Luis_Horna,Alberto_Ruiz_Gallardon,Chok_Tong_Goh,Julie_Gerberding,Bob_Hope,Queen_Beatrix,Cindy_Margolis,Peter_Bacanovic,Li_Peng,Mario_Dumont,Dick_Cheney,Hisao_Oguchi,Anibal_Ibarra,Albert_Costa,Jose_Theodore,Janet_Thorpe,Joseph_Biden,Jefferson_Perez,Bob_Colvin,William_Martin,Alan_Ball,Geraldine_Chaplin,Barbra_Streisand,Darrell_Porter,Robby_Ginepri
probe/Justin_Gatlin/Justin_Gatlin_0002.jpg,Justin_Gatlin,1,1.0,0.8570270538330078,0.8570270538330078,Justin_Gatlin,Joe_Dumars,Paul_Pierce,Adrian_McPherson,Guillaume_Soro,Ruben_Studdard,Latrell_Sprewell,Jesse_Jackson,Venus_Williams,LeBron_James,George_Foreman,Angelo_Reyes,Nadia_Petrova,Amelia_Vega,Chris_Tucker,Kenneth_Evans,Andrei_Mikhnevich,Jason_Kidd,Mikhail_Youzhny,Vanessa_Incontrada,Jason_Jennings,Marlene_Weingartner,John_Timoney,Yevgeny_Kafelnikov,Vincent_Brooks,Grady_Irvin_Jr,Johnson_Panjaitan,Sheila_Copps,Jennifer_Lopez,Aleksander_Kwasniewski,James_Traficant,Chris_Byrd,Sue_Wicks,Serena_Williams,Lindsay_Davenport,Bernard_Lord,John_Allen_Muhammad,Nicanor_Duarte_Frutos,Daisy_Fuentes,Chris_Bell,Freddy_Garcia,Byron_Scott,Leonard_Hamilton,Kevin_Spacey,Gil_de_Ferran,Jonathan_Edwards,Daniela_Hantuchova,George_Lopez,Celine_Dion,Elinor_Caplan
probe/Justin_Guarini/Justin_Guarini_0002.jpg,Justin_Guarini,1,1.0,0.6438319683074951,0.6438319683074951,Justin_Guarini,Franco_Dragone,Alimzhan_Tokhtakhounov,Nelson_Mandela,Hamzah_Haz,Yasser_Arafat,Sam_Bith,Goh_Kun,Jesse_Jackson,John_Allen_Muhammad,Yukiko_Okudo,Christine_Gregoire,Nancy_Reagan,Ralph_Lauren,Coretta_Scott_King,Nicanor_Duarte_Frutos,Mitoji_Yabunaka,Kenneth_Evans,Megawati_Sukarnoputri,Pupi_Avati,Jamling_Norgay,Kim_Ryong-sung,Kalpana_Chawla,Hichiro_Naemura,Flor_Montulo,Hun_Sen,Herta_Daeubler-Gmelin,Eva_Dimas,Rob_Schneider,Xanana_Gusmao,Hitomi_Soga,Bob_Hope,Jackie_Chan,Lindsay_Davenport,Paul_McCartney,Taufik_Hidayat,Justin_Gatlin,Gerardo_Gambala,Costas_Simitis,Tom_Cruise,Kim_Jong-Il,Charles_Schumer,Bill_Gates,Tim_Allen,Alejandro_Toledo,Michael_Ballack,Jean_Brumley,Ali_Abbas,Johnson_Panjaitan,Sheila_Copps
probe/Justin_Leonard/Justin_Leonard_0002.jpg,Justin_Leonard,1,1.0,0.8270043134689331,0.8270043134689331,Justin_Leonard,Jason_Lezak,Mike_Weir,Greg_Owen,Jan_Ullrich,Lou_Piniella,Nadia_Petrova,Jason_Jennings,Jim_Furyk,Phil_Mickelson,Lindsey_Graham,Yevgeny_Kafelnikov,Padraig_Harrington,Ilan_Ramon,Mack_Brown,Jorge_Arce,Rich_Gannon,Dale_Earnhardt_Jr,Bob_Colvin,Yao_Ming,Brad_Johnson,Bill_Simon,Tyler_Hamilton,Herb_Sendek,Ben_Curtis,Martina_Hingis,Mario_Dumont,Carlo_Ancelotti,Eric_Hinske,David_Nalbandian,David_Coulthard,Brian_Griese,Prince_Edward,Gary_Williams,Ricky_Ponting,Alex_Barros,Alejandro_Avila,Daniela_Hantuchova,Prince_Harry,Conchita_Martinez,Jonathan_Edwards,David_Heymann,Zoran_Djindjic,Steve_Park,Damon_van_Dam,Luke_Walton,Mike_Babcock,Aitor_Gonzalez,Sean_Astin,Greg_Ostertag
probe/Justine_Henin/Justine_Henin_0002.jpg,Justine_Henin,1,1.0,0.9329766035079956,0.9329766035079956,Justine_Henin,Nadia_Petrova,Lindsay_Davenport,Patty_Schnyder,Lisa_Raymond,Padraig_Harrington,Anna_Kournikova,Kevin_Spacey,Iban_Mayo,Barbara_Brezigar,Candie_Kung,Martina_Hingis,Monica_Seles,Al_Davis,Daniela_Hantuchova,Julianne_Moore,Robert_Mueller,John_Cusack,Michael_Phelps,Jason_Jennings,Gregory_Geoffroy,Janica_Kostelic,Venus_Williams,Arantxa_Sanchez-Vicario,Howard_Dean,Gary_Forsee,David_Caraway,Alvaro_Noboa,Iva_Majoli,Zarai_Toledo,Elsa_Zylberstein,Jim_Furyk,Owen_Wilson,Emma_Thompson,Bode_Miller,Aron_Ralston,Chung_Mong-joon,Tomoko_Hagiwara,Gary_Carter,Martha_Burk,Natalie_Coughlin,Stacy_Dragila,Jackie_Chan,Sachiko_Yamada,Garry_Trudeau,Julie_Taymor,Blythe_Hartley,Jessica_Lynch,Yevgeny_Kafelnikov,Desiree_Lemosi
probe/Kalpana_Chawla/Kalpana_Chawla_0002.jpg,Kalpana_Chawla,1,1.0,0.8990049362182617,0.8990049362182617,Kalpana_Chawla,Begum_Khaleda_Zia,Kathleen_Kennedy_Townsend,Herta_Daeubler-Gmelin,Harry_Kalas,Alex_Penelas,Denise_Johnson,James_Jones,Paul_McCartney,Ahmad_Masood,Juan_Pablo_Montoya,Tomoko_Hagiwara,Elvis_Presley,OJ_Simpson,Augustin_Calleri,Monica_Bellucci,Frank_Stallone,Garry_Kasparov,Evander_Holyfield,Gloria_Macapagal_Arroyo,Jason_Kidd,James_Blake,Lynne_Cheney,Claire_Leger,Ali_Abbas,Charlton_Heston,Yukiko_Okudo,George_Lopez,John_Allen_Muhammad,Valerie_Harper,Intisar_Ajouri,Kwon_Yang-sook,Grady_Irvin_Jr,Aung_San_Suu_Kyi,Stockard_Channing,Charlie_Zaa,Jesse_James_Leija,Anneli_Jaatteenmaki,Paula_Zahn,Cruz_Bustamante,Sheila_Copps,Lon_Kruger,Matthew_Perry,Jennifer_Connelly,Saeb_Erekat,Sourav_Ganguly,Dennis_Kucinich,Vince_Carter,Coretta_Scott_King,Alexandra_Stevenson
probe/Karen_Mok/Karen_Mok_0002.jpg,Karen_Mok,1,1.0,0.910955548286438,0.910955548286438,Karen_Mok,George_Pataki,Corinne_Coman,Tom_Daschle,Lisa_Ling,Robert_Zoellick,Michael_Chang,Amelia_Vega,Annette_Bening,Jimmy_Carter,Antony_Leung,Gray_Davis,Antonio_Banderas,Bernard_Landry,John_Banko,Xanana_Gusmao,Pedro_Malan,Tim_Allen,Doris_Schroeder,Mary-Kate_Olsen,Miyako_Miyazaki,John_Rowland,Emma_Thompson,Bill_Nelson,Li_Peng,Christian_Wulff,Hun_Sen,Vaclav_Havel,Cathy_Freeman,Kristanna_Loken,Gloria_Macapagal_Arroyo,Venus_Williams,Anwar_Ibrahim,Annette_Lu,Yukiko_Okudo,William_Martin,David_Myers,Dolma_Tsering,Mary_Landrieu,Don_Nickles,Saddam_Hussein,Richard_Gephardt,Kim_Jong-Il,Jada_Pinkett_Smith,Anna_Kournikova,Gerardo_Gambala,Nicanor_Duarte_Frutos,Wang_Yingfan,David_Kelley,James_Kelly
probe/Karin_Stoiber/Karin_Stoiber_0002.jpg,Karin_Stoiber,1,1.0,0.7682931423187256,0.7682931423187256,Karin_Stoiber,Lynn_Abraham,Gro_Harlem_Brundtland,Cristina_Saralegui,Joseph_Deiss,Jean_Carnahan,Debra_Brown,Maggie_Smith,Barbara_Walters,Anneli_Jaatteenmaki,Meryl_Streep,Jodie_Foster,Margaret_Thatcher,Paula_Radcliffe,Ozzy_Osbourne,Queen_Beatrix,Jolanta_Kwasniewski,Rick_Romley,Mikhail_Youzhny,Janet_Thorpe,Ellen_Engleman,Brigitte_Boisselier,Albert_Costa,Nastassia_Kinski,Sophia_Loren,Herta_Daeubler-Gmelin,Patricia_Clarkson,Biljana_Plavsic,Gwendal_Peizerat,Marie-Reine_Le_Gougne,Julie_Gerberding,Yasar_Yakis,Elizabeth_Dole,Jean_Brumley,Yoko_Ono,Phil_Vassar,Jane_Kaczmarek,Richie_Adubato,Lina_Krasnoroutskaya,Allison_Janney,Jude_Law,Betsy_Smith,Frances_Fisher,Jean-Claude_Trichet,Claire_Hentzen,Nestor_Kirchner,Ian_Thorpe,John_Negroponte,Joan_Claybrook,Carolyn_Dawn_Johnson
probe/Kate_Capshaw/Kate_Capshaw_0002.jpg,Kate_Capshaw,880,0.0011363636363636363,0.7064898014068604,-0.09465906769037247,Steven_Spielberg,Robin_Cook,John_Blaney,Mohammad_Khatami,Pedro_Malan,Jonathan_Mostow,John_Rowland,Jay_Garner,Kevin_Spacey,William_Ford_Jr,Kieran_Prendergast,Fidel_Castro,John_McCormack,Fayssal_Mekdad,Thomas_Fargo,Gregory_Geoffroy,Jeffrey_Archer,Edward_Norton,Costas_Simitis,Brian_Cowen,David_Dodge,Robin_McLaurin_Williams,Igor_Ivanov,Al_Davis,Dick_Cheney,Gerry_Adams,George_Pataki,David_Trimble,Brian_Wells,Kristin_Davis,Jeffrey_Jones,David_Myers,Pedro_Solbes,Scott_Rudin,Jorge_Rodolfo_Canicoba_Corral,Peter_Struck,Mitchell_Daniels,Roy_Williams,Kemal_Dervis,Dominik_Garcia-Lorido,Alvaro_Uribe,John_Malkovich,Bobby_Goldwater,Benazir_Bhutto,Jose_Sarney,James_Kopp,Scott_McClellan,Ferenc_Madl,Fred_Eckhard,Yasser_Arafat
probe/Kathleen_Glynn/Kathleen_Glynn_0002.jpg,Kathleen_Glynn,1,1.0,0.832714855670929,0.832714855670929,Kathleen_Glynn,Martha_Beatriz_Roque,Debra_Brown,Lynne_Cheney,Paula_Radcliffe,Lynn_Abraham,Edie_Falco,Jean_Carnahan,Sheila_Wellstone,Madonna,Peter_Greenaway,Nia_Vardalos,Dorthy_Moxley,Abdullah,Hillary_Clinton,Barbara_Brezigar,Gillian_Anderson,Jose_Manuel_Durao_Barroso,Ellen_Engleman,Ellen_DeGeneres,Julianne_Moore,Lindsay_Davenport,Jose_Viegas_Filho,Queen_Beatrix,Abdel_Nasser_Assidi,Sally_Kirkland,Julie_Gerberding,Jolanta_Kwasniewski,Meryl_Streep,Maria_Luisa_Mendonca,Juan_Pablo_Montoya,Arianna_Huffington,Jason_Kidd,Matthew_Perry,Natalie_Maines,Alejandro_Avila,Abel_Pacheco,Garry_Kasparov,Paul_McCartney,Luiz_Felipe_Scolari,Jane_Pauley,Spencer_Abraham,Marie-Reine_Le_Gougne,Phil_Vassar,John_Negroponte,Doris_Roberts,Arlen_Specter,Kwon_Yang-sook,Melanie_Griffith,Ozzy_Osbourne
probe/Kathleen_Kennedy_Townsend/Kathleen_Kennedy_Townsend_0002.jpg,Kathleen_Kennedy_Townsend,1,1.0,0.7941895723342896,0.7941895723342896,Kathleen_Kennedy_Townsend,Monica_Seles,Conchita_Martinez,Claire_Leger,Paul_Byrd,Carla_Myers,Marissa_Jaret_Winokur,Gloria_Allred,Ann_Veneman,Arianna_Huffington,Robert_Zoellick,Jeanne_Moreau,Helen_Clark,Donna_Shalala,Christine_Gregoire,Elisabeth_Schumacher,Biljana_Plavsic,James_Kopp,Chuck_Yeager,Angela_Lansbury,Magui_Serna,Nia_Vardalos,Sheila_Copps,Herta_Daeubler-Gmelin,Anna_Kournikova,Arnaud_Clement,Orlando_Bloom,Hillary_Clinton,Hanan_Ashrawi,Ruben_Studdard,Joe_Torre,Coretta_Scott_King,Nancy_Pelosi,Nadia_Petrova,Sharon_Frey,Dick_Clark,Daryl_Hannah,Eduardo_Duhalde,Intisar_Ajouri,Trent_Lott,Lynne_Cheney,David_Coulthard,Debra_Brown,James_Jones,Arantxa_Sanchez-Vicario,Jean_Brumley,Gerard_Depardieu,Juan_Pablo_Montoya,Mary_Landrieu,Pete_Rose
probe/Kathryn_Bigelow/Kathryn_Bigelow_0002.jpg,Kathryn_Bigelow,1,1.0,0.6471025347709656,0.6471025347709656,Kathryn_Bigelow,Benazir_Bhutto,Kristin_Davis,Charlotte_Rampling,Robert_Kocharian,Silvia_Farina_Elia,Emmanuelle_Beart,Gillian_Anderson,Abel_Pacheco,Jane_Kaczmarek,Ellen_Engleman,Patricia_Heaton,Chris_Rock,Madonna,Allison_Janney,Fidel_Castro,Vanessa_Incontrada,Oscar_De_La_Hoya,Lisa_Gottsegen,Art_Howe,Fayssal_Mekdad,Luciano_Pavarotti,Alejandro_Atchugarry,Jolanta_Kwasniewski,Pamela_Anderson,Phil_Vassar,Robert_De_Niro,John_Howard,Monica_Bellucci,John_Blaney,Christopher_Walken,Jean-Sebastien_Giguere,Annette_Bening,Anna_Nicole_Smith,Abdel_Nasser_Assidi,Gwendal_Peizerat,Elizabeth_Shue,Jennifer_Aniston,Heidi_Fleiss,Rita_Wilson,Edward_Said,Julianne_Moore,William_Hochul,Igor_Ivanov,Fran_Drescher,Morgan_Freeman,Patrick_Ewing,Jodie_Foster,Donatella_Versace,Boris_Berezovsky
probe/Kathy_Winters/Kathy_Winters_0002.jpg,Kathy_Winters,1,1.0,0.9161896705627441,0.9161896705627441,Kathy_Winters,Gisele_Bundchen,Patricia_Clarkson,Helen_Clark,Jodie_Foster,Julianne_Moore,Margaret_Thatcher,Martha_Burk,Betsy_Smith,Elizabeth_Smart,Megawati_Sukarnoputri,Gro_Harlem_Brundtland,Arianna_Huffington,LeBron_James,Doris_Schroeder,Penelope_Ann_Miller,Biljana_Plavsic,Monica_Seles,Queen_Beatrix,Mary_Tyler_Moore,Anneli_Jaatteenmaki,Emma_Thompson,Gillian_Anderson,David_Heymann,Gloria_Macapagal_Arroyo,Nancy_Pelosi,Charlotte_Rampling,Priscilla_Owen,Gerry_Adams,Sean_Patrick_OMalley,Lea_Fastow,Sarah_Jessica_Parker,Bode_Miller,Jennifer_Rodriguez,Frances_Fisher,Joseph_Estrada,Candie_Kung,Jennifer_Reilly,Jan_Ullrich,Saddam_Hussein,John_Cusack,Meryl_Streep,Sachiko_Yamada,Lee_Jun,Barbra_Streisand,Michelle_Pfeiffer,Annette_Bening,Prince_Harry,Jean_Brumley,Simon_Cowell
probe/Katie_Harman/Katie_Harman_0002.jpg,Katie_Harman,2,0.5,0.5373947620391846,0.5035465359687805,Olivia_Newton-John,Katie_Harman,Natalie_Maines,Blythe_Danner,Cristina_Saralegui,Priscilla_Presley,Hillary_Clinton,Goldie_Hawn,Sally_Kirkland,Martha_Beatriz_Roque,Michelle_Pfeiffer,Mariah_Carey,Mary_Carey,Martina_McBride,Anna_Kournikova,Drew_Barrymore,Michel_Temer,Cameron_Diaz,Mary_Landrieu,Laurent_Jalabert,Carlos_Manuel_Pruneda,Sue_Wicks,Mary_Tyler_Moore,Julianne_Moore,Gwendal_Peizerat,Nancy_Pelosi,Cindy_Margolis,Paul-Henri_Mathieu,Jennifer_Reilly,Julie_Gerberding,Patricia_Clarkson,Larry_Lindsey,Barbra_Streisand,Donatella_Versace,Elizabeth_Smart,Ann_Veneman,Mary-Kate_Olsen,Erika_Christensen,Antonio_Banderas,Sheila_Copps,Elisabeth_Schumacher,Zoran_Djindjic,Daisy_Fuentes,Luis_Horna,Adolfo_Aguilar_Zinser,Silvan_Shalom,Pete_Sampras,Intisar_Ajouri,Celine_Dion,Albert_Costa
probe/Keira_Knightley/Keira_Knightley_0002.jpg,Keira_Knightley,492,0.0020325203252032522,0.4576219320297241,0.02948351576924324,Jay_Rasulo,Natalie_Coughlin,Mariah_Carey,Gordon_Campbell,Bernard_Landry,Richard_Norton-Taylor,Silvan_Shalom,James_Cunningham,Fred_Eckhard,Darren_Clarke,James_Schultz,Jennifer_Connelly,Dick_Cheney,Evan_Rachel_Wood,Martina_McBride,James_Morris,Flavia_Delaroli,Robin_McLaurin_Williams,Richard_Sambrook,Scott_McClellan,Guillermo_Coria,George_Karl,John_Timoney,Mike_Holmgren,Kristin_Davis,Art_Howe,Demetrius_Ferraciu,Leander_Paes,Bill_Graham,Tom_Daschle,Jim_Carrey,Christopher_Walken,Jay_Garner,Meryl_Streep,Rick_Romley,Ilan_Ramon,Hayley_Tullett,Monica_Bellucci,Nasser_al-Kidwa,Jane_Kaczmarek,George_Robertson,Jennifer_Lopez,Amelia_Vega,Jessica_Alba,Yao_Ming,Lindsay_Davenport,Theo_Epstein,John_McCormack,Gregory_Geoffroy,Nanni_Moretti
probe/Kelli_White/Kelli_White_0002.jpg,Kelli_White,1,1.0,0.9064571857452393,0.9064571857452393,Kelli_White,Jada_Pinkett_Smith,Eunice_Barber,Serena_Williams,Venus_Williams,Ashanti,Chanda_Rubin,Joe_Mantello,Michael_Douglas,Diana_Taurasi,Justin_Leonard,Felix_Mantilla,Fabiola_Zuluaga,Isaiah_Washington,Marlene_Weingartner,Jennifer_Thompson,S_Jayakumar,Tamara_Brooks,Nadia_Petrova,Daniela_Hantuchova,Bo_Ryan,Laila_Ali,Cathy_Freeman,David_Nalbandian,Nestor_Kirchner,Mack_Brown,Lindsay_Davenport,John_Abizaid,Hayley_Tullett,John_Walsh,Monica_Seles,Sophia_Loren,Denise_Johnson,Richard_Gephardt,Lynne_Cheney,Trent_Lott,Gregg_Popovich,Flavia_Delaroli,Patty_Schnyder,John_Jumper,Gunter_Pleuger,Martin_Verkerk,Anders_Ebbeson,Brian_Griese,Frank_Solich,Greg_Rusedski,Colin_Jackson,Albert_Costa,Karin_Stoiber,Sally_Kirkland
probe/Kemal_Dervis/Kemal_Dervis_0002.jpg,Kemal_Dervis,1,1.0,0.9222893714904785,0.9222893714904785,Kemal_Dervis,Cesar_Maia,Richard_Shelby,Valery_Giscard_dEstaing,Job_Cohen,Alexander_Losyukov,Costas_Simitis,John_Snow,Trent_Lott,Jose_Serra,Jorge_Rodolfo_Canicoba_Corral,Joseph_Blatter,James_Ivory,Charles_Mathews,Dino_de_Laurentis,Martina_Hingis,Robert_Bonner,Bob_Hope,John_McEnroe,Christopher_Patten,Paul_William_Hurley,Luis_Gonzalez_Macchi,Paul_Patton,William_Bratton,Iain_Duncan_Smith,Yasar_Yakis,Gunter_Pleuger,Peter_Arnett,Carlos_Ghosn,Lou_Piniella,Klaus_Zwickel,John_Howard,Guillermo_Ortiz,Dick_Cheney,Mark_Schweiker,John_Negroponte,Leszek_Miller,Manfred_Stolpe,Benjamin_Netanyahu,Larry_Brown,Franz_Beckenbauer,Cruz_Bustamante,Chuck_Yeager,Ahmet_Necdet_Sezer,Hector_Babenco,Pascal_Lamy,Robert_Duvall,Nestor_Kirchner,Stephen_Friedman,Joseph_Biden
probe/Ken_Watanabe/Ken_Watanabe_0002.jpg,Ken_Watanabe,2,0.5,0.7733864784240723,0.7229279279708862,Tom_Cruise,Ken_Watanabe,Freddy_Garcia,Edward_Lu,Jackie_Chan,Stanley_Tong,Thaksin_Shinawatra,Bob_Hope,Michael_Chang,Igor_Ivanov,Anwar_Ibrahim,Julianne_Moore,Vladimir_Putin,Takashi_Sorimachi,Billy_Sollie,Abel_Pacheco,Kevin_Spacey,Dwayne_Johnson,Yao_Ming,Hideki_Matsui,Rob_Schneider,James_Cunningham,Dai_Bachtiar,Prince_Naruhito,Matthew_Perry,Cindy_Margolis,Chung_Mong-joon,Franko_Simatovic,Antony_Leung,Robert_Zoellick,Jonathan_Edwards,Lee_Hoi-chang,Fidel_Castro,Christopher_Walken,Robert_De_Niro,Benjamin_Netanyahu,Guillermo_Coria,Larry_Lucchino,Liu_Mingkang,Gerardo_Gambala,George_Lopez,Pamela_Anderson,Cesar_Maia,Jesse_Jackson,Kirk_Ferentz,John_Blaney,Larry_Ellison,Gunter_Pleuger,Meryl_Streep,Nestor_Kirchner
probe/Kenneth_Branagh/Kenneth_Branagh_0002.jpg,Kenneth_Branagh,1,1.0,0.8276025056838989,0.8276025056838989,Kenneth_Branagh,Andrew_Bunner,Elsa_Zylberstein,Jeremy_Shockey,George_Pataki,Jim_Carrey,James_Kelly,Bill_Frist,Paul_McNulty,Michael_Kostelnik,Thomas_Birmingham,George_Voinovich,Tom_Daschle,Chris_Cooper,Charles_Grassley,Andrew_Niccol,Antonio_Banderas,Dale_Earnhardt_Jr,Bill_Gates,Roy_Moore,Guido_Westerwelle,Augustin_Calleri,Harry_Kalas,Jan_Ullrich,Dennis_Erickson,John_Manley,Gary_Doer,Alan_Mulally,Raghad_Saddam_Hussein,Brian_Wells,Lawrence_MacAulay,Kirk_Ferentz,Bob_Hope,Jose_Manuel_Durao_Barroso,Joerg_Haider,Todd_Haynes,Ishaq_Shahryar,Federico_Trillo,Spencer_Abraham,Georgi_Parvanov,Theo_Epstein,Bill_Simon,Andy_Hebb,Brad_Johnson,Arnold_Palmer,Shannon_OBrien,Robert_Zoellick,James_McGreevey,Jean-Sebastien_Giguere,Alan_Ball
probe/Kenneth_Evans/Kenneth_Evans_0002.jpg,Kenneth_Evans,1,1.0,0.9420652389526367,0.9420652389526367,Kenneth_Evans,Leonard_Hamilton,Jesse_Jackson,Grady_Irvin_Jr,Joe_Dumars,Vincent_Brooks,Hun_Sen,Justin_Gatlin,Nicanor_Duarte_Frutos,Jose_Manuel_Durao_Barroso,Lloyd_Ward,Hamzah_Haz,Thaksin_Shinawatra,Doug_Duncan,Colin_Powell,Chris_Tucker,Liza_Minnelli,Goh_Kun,S_Jayakumar,Guy_Ritchie,Anders_Ebbeson,Johnson_Panjaitan,Latrell_Sprewell,Angelo_Reyes,Hu_Jintao,Megawati_Sukarnoputri,Alimzhan_Tokhtakhounov,William_Ford_Jr,Natalie_Maines,Munir_Akram,Thomas_Birmingham,Alberto_Ruiz_Gallardon,Fred_Eckhard,Lionel_Richie,Vince_Carter,Bill_Gates,Jia_Qinglin,Nelson_Mandela,Michelle_Pfeiffer,Gregory_Hines,Taufik_Hidayat,Jamling_Norgay,Ali_Abbas,Elvis_Presley,Gerardo_Gambala,Sam_Bith,Kim_Ryong-sung,Charles_Kartman,Darren_Clarke,Mikhail_Kasyanov
probe/Kent_Rominger/Kent_Rominger_0002.jpg,Kent_Rominger,1,1.0,0.8617627024650574,0.8617627024650574,Kent_Rominger,Aron_Ralston,Gregg_Popovich,Edward_Said,John_Banko,Michael_Kostelnik,Ron_Dittemore,Edward_James_Olmos,Tom_Daschle,Mack_Brown,Geno_Auriemma,Gary_Carter,Helen_Clark,Larry_Bowa,Asa_Hutchinson,Zoran_Djindjic,James_Kelly,Damon_van_Dam,Chris_Bell,Jean-David_Levitte,Bill_Simon,Aleksander_Kwasniewski,Camilla_Parker_Bowles,Ernie_Eves,Alan_Mulally,David_Myers,Jorge_Valdano,Michael_Chang,Geoff_Hoon,Gerry_Parsky,Bill_Graham,Lionel_Richie,Bill_Frist,Serena_Williams,Roman_Polanski,Mark_Geragos,Ann_Veneman,Brad_Johnson,Valdas_Adamkus,David_Kelley,John_Kerry,Arlen_Specter,Hootie_Johnson,Judy_Genshaft,Jose_Manuel_Durao_Barroso,George_Robertson,Al_Davis,Gary_Williams,Alejandro_Toledo,Alec_Baldwin
probe/Kevin_Spacey/Kevin_Spacey_0002.jpg,Kevin_Spacey,1,1.0,0.8303631544113159,0.8303631544113159,Kevin_Spacey,Scott_McClellan,John_Cusack,Mitchell_Daniels,Igor_Ivanov,Robbie_Fowler,Alvaro_Noboa,Justine_Henin,Tom_Cruise,Butch_Davis,Lindsay_Davenport,Al_Davis,Silvio_Berlusconi,Mike_Weir,Nasser_al-Kidwa,Stockard_Channing,Bob_Hope,Barbara_Brezigar,Peter_Arnett,Eduardo_Duhalde,Augustin_Calleri,Billy_Sollie,Steven_Spielberg,Fidel_Castro,Boris_Berezovsky,Larry_Lucchino,John_Blaney,Thomas_OBrien,Jackie_Chan,Jerry_Falwell,John_McEnroe,Kevin_Stallings,Matthew_Perry,Mohammad_Khatami,Luciano_Pavarotti,Shannon_OBrien,John_Rowland,Kathleen_Kennedy_Townsend,James_Gandolfini,Pete_Sampras,Goran_Persson,Edward_Norton,David_Myers,George_Pataki,Nadia_Petrova,George_Robertson,Geoff_Hoon,Robert_Zoellick,Jay_Rasulo,Patty_Schnyder
probe/Kevin_Stallings/Kevin_Stallings_0002.jpg,Kevin_Stallings,1,1.0,0.7455244660377502,0.7455244660377502,Kevin_Stallings,Harvey_Weinstein,Roy_Moore,Jason_Alexander,Herb_Sendek,Oswaldo_Paya,Donald_Evans,Cruz_Bustamante,Robert_Bonner,Mike_Holmgren,Jose_Dirceu,Peter_Arnett,William_Ford_Jr,Barry_Alvarez,Slobodan_Milosevic,Jack_Grubman,John_Spencer,Howard_Dean,Gregg_Popovich,Richard_Norton-Taylor,Gian_Marco,Silvio_Berlusconi,Goran_Persson,Pete_Rose,Lon_Kruger,Bruce_Van_De_Velde,Costas_Simitis,Larry_Lucchino,Tim_Floyd,Michael_Chiklis,Paul_McNulty,John_Brady,Rick_Romley,Alexandra_Stevenson,Larry_Lindsey,Juan_Pablo_Montoya,John_McCallum,Robert_Zoellick,Paula_Zahn,John_Negroponte,John_Rigas,Arantxa_Sanchez-Vicario,Bijan_Namdar_Zangeneh,Chris_Cooper,Nia_Vardalos,Jose_Serra,Paul_Bremer,Lisa_Raymond,Adrian_Nastase,Kalpana_Chawla
probe/Kieran_Prendergast/Kieran_Prendergast_0002.jpg,Kieran_Prendergast,1,1.0,0.9455631971359253,0.9455631971359253,Kieran_Prendergast,Robin_Cook,Sean_Patrick_OMalley,Mohammad_Khatami,Ali_Khamenei,Steven_Spielberg,Mike_Holmgren,Gerry_Adams,Len_Jenoff,Kim_Jong-Il,Dino_de_Laurentis,Peter_Struck,Richie_Adubato,Arye_Mekel,Chen_Liang_Yu,Fidel_Castro,Francis_Ford_Coppola,James_Schultz,James_Cunningham,Nancy_Pelosi,Gao_Qiang,Bernard_Landry,Scott_Rudin,Richard_Sambrook,Lee_Hoi-chang,Peter_Harrison,Rick_Romley,John_Rowland,Luciano_Pavarotti,Inam-ul-Haq,Lech_Walesa,Jennifer_Connelly,Charles_Schumer,Nasser_al-Kidwa,Pedro_Malan,Lynn_Abraham,Julianne_Moore,Dave_Campo,Jennifer_Reilly,Meryl_Streep,John_Howard,Hichiro_Naemura,Augusto_Pinochet,Bill_Gates,Gary_Winnick,Bode_Miller,Pedro_Solbes,John_Blaney,Jay_Rasulo,Diane_Green
probe/Kifah_Ajouri/Kifah_Ajouri_0002.jpg,Kifah_Ajouri,1,1.0,0.93425452709198,0.93425452709198,Kifah_Ajouri,Luis_Horna,Pete_Sampras,Garry_Kasparov,Barrett_Jackman,Vincent_Brooks,Jose_Serra,Carlos_Ghosn,Greg_Rusedski,Fidel_Castro,Oswaldo_Paya,Emanuel_Ginobili,Mike_Weir,Hector_Babenco,Colin_Jackson,Sophia_Loren,Matt_Doherty,Luciano_Pavarotti,Martha_Beatriz_Roque,Natalie_Maines,Albert_Costa,Ibrahim_Jaafari,Dan_Wheldon,Marwan_Barghouthi,Abdel_Nasser_Assidi,Julie_Gerberding,Alexander_Rumyantsev,Robert_Kocharian,Ashanti,Ismail_Merchant,Silvan_Shalom,Allison_Janney,John_Howard,Abdullah_Gul,Nicolas_Lapentti,Nia_Vardalos,Mathias_Reichhold,Boris_Berezovsky,Bijan_Namdar_Zangeneh,Jason_Kidd,John_Abizaid,Jack_Straw,Mariah_Carey,Donatella_Versace,Jim_Edmonds,Guillermo_Ortiz,Joe_Torre,Liza_Minnelli,Gerry_Adams,Cruz_Bustamante
probe/Kiki_Vandeweghe/Kiki_Vandeweghe_0002.jpg,Kiki_Vandeweghe,1,1.0,0.8813244104385376,0.8813244104385376,Kiki_Vandeweghe,Nick_Nolte,James_Kelly,Dennis_Powell,Donald_Evans,Peter_Hillary,Ron_Dittemore,Ron_Howard,Jean-David_Levitte,Paul_Bremer,Bill_Callahan,Joseph_Biden,Charlton_Heston,Tim_Floyd,Bob_Beauprez,Vaclav_Havel,Frank_Solich,Tom_Daschle,Bill_Simon,Bo_Pelini,Jan_Ullrich,Mike_Babcock,Roman_Polanski,George_Voinovich,Mario_Cipollini,John_Kerry,Saddam_Hussein,John_Walsh,Jorge_Batlle,Robert_DeFraites,Greg_Rusedski,John_F_Kennedy_Jr,Peter_Bacanovic,Mario_Dumont,Patrick_Ewing,David_Heymann,Chuck_Yeager,Anders_Fogh_Rasmussen,Roy_Williams,Ishaq_Shahryar,Camilla_Parker_Bowles,Bill_Nelson,Thierry_Falise,Prince_Edward,Alex_Penelas,John_Abizaid,Yao_Ming,Queen_Beatrix,Bill_Frist,Paul_McNulty
probe/Kim_Dae-jung/Kim_Dae-jung_0002.jpg,Kim_Dae-jung,1,1.0,0.9363311529159546,0.9363311529159546,Kim_Dae-jung,Lee_Hoi-chang,Lee_Tae-sik,Hichiro_Naemura,Hu_Jintao,Jia_Qinglin,Lee_Jun,Chang_Dae-whan,Li_Peng,Alberto_Fujimori,Alimzhan_Tokhtakhounov,Kim_Jin-sun,Kim_Ryong-sung,Thaksin_Shinawatra,Heizo_Takenaka,Goh_Kun,Kim_Jong-Il,Chung_Mong-hun,Saddam_Hussein,Saparmurat_Niyazov,Ozzy_Osbourne,Antony_Leung,Yoko_Ono,Augusto_Pinochet,Wang_Yingfan,Pamela_Anderson,Jong_Thae_Hwa,Lim_Dong-won,Pat_Cox,Hun_Sen,Gary_Locke,Jackie_Chan,Annette_Lu,Edward_Lu,Vaclav_Havel,Lino_Oviedo,Silvio_Berlusconi,Megawati_Sukarnoputri,Joseph_Estrada,George_Voinovich,Chung_Mong-joon,Prince_Naruhito,Franz_Muentefering,Ron_Dittemore,Candie_Kung,Elizabeth_Dole,Nicanor_Duarte_Frutos,Chen_Liang_Yu,Thomas_OBrien,Jean-David_Levitte
probe/Kim_Jin-sun/Kim_Jin-sun_0002.jpg,Kim_Jin-sun,1,1.0,0.933213472366333,0.933213472366333,Kim_Jin-sun,Hu_Jintao,Antony_Leung,Chang_Dae-whan,Jong_Thae_Hwa,Jia_Qinglin,Annette_Lu,Alberto_Fujimori,Lee_Tae-sik,Thaksin_Shinawatra,Michael_Chang,Kim_Dae-jung,Yoko_Ono,Kim_Ryong-sung,Li_Peng,Chung_Mong-hun,Lee_Jun,Goh_Kun,Lim_Dong-won,Kim_Jong-Il,Brian_Cowen,Chen_Liang_Yu,Jackie_Chan,Angelo_Reyes,Gary_Locke,Lee_Hoi-chang,Yao_Ming,Hichiro_Naemura,Hun_Sen,Prince_Naruhito,Chung_Mong-joon,Heizo_Takenaka,Nicanor_Duarte_Frutos,Gao_Qiang,Megawati_Sukarnoputri,Wang_Yingfan,Colin_Powell,Mitoji_Yabunaka,Jorge_Castaneda,Johnson_Panjaitan,Hassan_Wirajuda,Liu_Mingkang,Trent_Lott,Alejandro_Toledo,Munir_Akram,Pedro_Malan,Elsa_Zylberstein,Edward_Lu,Jamling_Norgay,William_Ford_Jr
probe/Kim_Jong-Il/Kim_Jong-Il_0002.jpg,Kim_Jong-Il,1,1.0,0.9190565347671509,0.9190565347671509,Kim_Jong-Il,Kim_Jin-sun,Antony_Leung,Bernard_Landry,Li_Peng,Pedro_Malan,Chok_Tong_Goh,Wang_Yingfan,Lee_Hoi-chang,Thaksin_Shinawatra,Jay_Garner,Nelson_Mandela,Gao_Qiang,Michael_Chang,Sam_Bith,Hu_Jintao,Colin_Powell,Angelo_Reyes,Chen_Liang_Yu,Arye_Mekel,Hichiro_Naemura,Chang_Dae-whan,Augusto_Pinochet,Annette_Lu,Julie_Gerberding,Richie_Adubato,Fred_Eckhard,Jia_Qinglin,Ferenc_Madl,Jorge_Batlle,Goh_Kun,Kim_Ryong-sung,Hun_Sen,William_Ford_Jr,Nancy_Pelosi,Kim_Dae-jung,David_Trimble,Lee_Tae-sik,Nicanor_Duarte_Frutos,Robin_Cook,Jesse_Jackson,Jimmy_Carter,Hamzah_Haz,Lim_Dong-won,Megawati_Sukarnoputri,Christopher_Walken,Alberto_Fujimori,Joseph_Estrada,Yasser_Arafat,Jay_Rasulo
probe/Kim_Ryong-sung/Kim_Ryong-sung_0002.jpg,Kim_Ryong-sung,1,1.0,0.9095379710197449,0.9095379710197449,Kim_Ryong-sung,Jackie_Chan,Goh_Kun,Hichiro_Naemura,Thaksin_Shinawatra,Chang_Dae-whan,Prince_Naruhito,Kim_Jin-sun,Alimzhan_Tokhtakhounov,Hu_Jintao,Lee_Hoi-chang,Jia_Qinglin,Kim_Dae-jung,Heizo_Takenaka,Li_Peng,Lim_Dong-won,Gao_Qiang,Michael_Chang,Lee_Jun,Gary_Locke,Stanley_Tong,Jong_Thae_Hwa,Lee_Tae-sik,Candie_Kung,Chung_Mong-hun,Yoko_Ono,Kim_Jong-Il,Taufik_Hidayat,Annette_Lu,Megawati_Sukarnoputri,Chen_Liang_Yu,Edward_Lu,Antony_Leung,Alberto_Fujimori,Liu_Mingkang,Yao_Ming,Chung_Mong-joon,Saddam_Hussein,Hisao_Oguchi,Johnson_Panjaitan,Takashi_Sorimachi,Mitoji_Yabunaka,Joseph_Estrada,Hideki_Matsui,Saparmurat_Niyazov,Dai_Bachtiar,Hun_Sen,Jamling_Norgay,Dick_Clark,William_Ford_Jr
probe/Kirk_Ferentz/Kirk_Ferentz_0002.jpg,Kirk_Ferentz,1,1.0,0.6886852979660034,0.6886852979660034,Kirk_Ferentz,Guy_Hemmings,Joerg_Haider,Dennis_Erickson,Ian_Thorpe,Mikhail_Youzhny,Chakib_Khelil,Gary_Doer,Eddie_Sutton,Brad_Johnson,Johnny_Unitas,Art_Howe,Joe_Calzaghe,Ashanti,Branko_Crvenkovski,Jonathan_Edwards,Mikhail_Kasyanov,Elsa_Zylberstein,Tom_Glavine,Trent_Lott,Harry_Schmidt,Peter_Bacanovic,Luke_Walton,Dale_Earnhardt_Jr,Alec_Baldwin,Nanni_Moretti,Grady_Irvin_Jr,Jason_Kidd,John_Allen_Muhammad,Latrell_Sprewell,Gil_de_Ferran,Darrell_Porter,Bertrand_Bonello,Wesley_Clark,Yevgeny_Kafelnikov,Andrew_Bunner,Abdullah_Gul,Carolyn_Dawn_Johnson,Charles_Kartman,Thomas_Birmingham,James_Parker,Job_Cohen,Robert_Mueller,Jesse_Jackson,Mathias_Reichhold,Marc_Grossman,Frank_Solich,Ben_Glisan,Bruce_Van_De_Velde,Serena_Williams
probe/Kirk_Johnson/Kirk_Johnson_0002.jpg,Kirk_Johnson,1,1.0,0.8932386636734009,0.8932386636734009,Kirk_Johnson,Thabo_Mbeki,Laurent_Gbagbo,George_Foreman,LeBron_James,Jeremy_Shockey,Chris_Byrd,Latrell_Sprewell,Adrian_McPherson,Evander_Holyfield,Grady_Irvin_Jr,Venus_Williams,Ruben_Studdard,Tom_Brady,Tamara_Brooks,Patrick_Ewing,Doug_Duncan,Mike_Tyson,Leonard_Hamilton,John_Allen_Muhammad,Byron_Scott,Coretta_Scott_King,John_Abizaid,Paul_Byrd,John_Jumper,Steven_Spielberg,Serena_Williams,Thomas_Rupprath,Bill_Simon,Elizabeth_Smart,Dave_Campo,Pete_Sampras,Geoff_Hoon,Vidar_Helgesen,Kenneth_Branagh,Patty_Schnyder,Chris_Rock,Jesse_Jackson,Bill_Callahan,Will_Smith,Jesse_James_Leija,Prince_Edward,Paul_Bremer,Greg_Gilbert,Ishaq_Shahryar,Martin_Verkerk,Mohammad_Khatami,Morgan_Freeman,John_Stallworth,Mikhail_Youzhny
probe/Klaus_Zwickel/Klaus_Zwickel_0002.jpg,Klaus_Zwickel,1,1.0,0.9064502120018005,0.9064502120018005,Klaus_Zwickel,Robert_Duvall,Robert_Bonner,John_Snow,Trent_Lott,Dennis_Kozlowski,Bill_Graham,Franz_Beckenbauer,Dick_Cheney,Doug_Collins,Stephen_Friedman,Larry_Coker,Barry_Alvarez,Lord_Hutton,Michael_J_Sheehan,David_Dodge,Don_Nickles,Costas_Simitis,Kemal_Dervis,John_Negroponte,Goran_Persson,John_McEnroe,Art_Howe,Eric_Rosser,Peter_Struck,Peter_Arnett,Max_Mayfield,James_Morris,Chuck_Yeager,Gregg_Popovich,Slobodan_Milosevic,Mike_Price,Marlene_Weingartner,Guillermo_Ortiz,George_Karl,Francis_Mer,Richard_Norton-Taylor,William_Bratton,Joseph_Biden,Frank_Cassell,Gunter_Pleuger,Johnny_Carson,Peter_Hillary,Michael_Chiklis,John_Malkovich,Christopher_Walken,Yasar_Yakis,James_Ivory,Prince_Willem-Alexander,Anders_Ebbeson
probe/Kosuke_Kitajima/Kosuke_Kitajima_0002.jpg,Kosuke_Kitajima,816,0.0012254901960784314,0.759457528591156,-0.11157307773828506,Brendan_Hansen,David_Bell,Richard_Krajicek,Nick_Nolte,Luis_Figo,Joe_Nichols,Elizabeth_Smart,Harry_Schmidt,Gustavo_Kuerten,Bill_Nelson,Marcus_Gronholm,Hermann_Maier,Gian_Marco,David_Nalbandian,Luke_Walton,Barrett_Jackman,Peter_Hillary,Thomas_Rupprath,Jason_Jennings,Jennifer_Lopez,Mark_Warner,Kurt_Russell,Dennis_Kucinich,Stanley_McChrystal,Anna_Kournikova,Vitali_Klitschko,Bill_Graham,Yao_Ming,David_Caraway,David_Kelley,Jason_Lezak,Mario_Cipollini,James_Maguire,Prince_Harry,Bode_Miller,Pete_Sampras,Doug_Collins,Martin_Verkerk,Ron_Dittemore,Roy_Moore,Tammy_Lynn_Michaels,Blythe_Hartley,Beth_Jones,Guido_Westerwelle,Guillermo_Coria,Daniel_Day-Lewis,Alex_Penelas,Dave_Campo,Aleksander_Kwasniewski,Roy_Williams
probe/Kristanna_Loken/Kristanna_Loken_0002.jpg,Kristanna_Loken,1,1.0,0.8384790420532227,0.8384790420532227,Kristanna_Loken,Vanessa_Williams,Corinne_Coman,Pamela_Anderson,Carmen_Electra,Marina_Anissina,Elizabeth_Shue,Charles_Mathews,Natalie_Maines,Anna_Kournikova,Jessica_Lange,Billy_Sollie,Mary-Kate_Olsen,Reese_Witherspoon,Christine_Ebersole,Mike_Weir,Olivia_Newton-John,Sean_Astin,Katie_Harman,Robert_Zoellick,Jane_Pauley,Hillary_Clinton,Michelle_Yeoh,George_Pataki,Bernard_Landry,Christina_Aguilera,Howard_Smith,Cindy_Margolis,Arnold_Palmer,Bernardo_Segura,Goldie_Hawn,Tom_Cruise,Melanie_Griffith,Patty_Schnyder,Emmanuelle_Beart,Annette_Bening,Julianna_Margulies,Sally_Kirkland,Gary_Bergeron,Mary_Landrieu,Christopher_Patten,John_Snow,Jennifer_Reilly,Anders_Ebbeson,Stanley_Tong,Stellan_Skarsgard,Pascal_Quignard,Elizabeth_Smart,Jan_Ullrich,Martina_McBride
probe/Kristin_Davis/Kristin_Davis_0002.jpg,Kristin_Davis,1,1.0,0.8938585519790649,0.8938585519790649,Kristin_Davis,Lisa_Gottsegen,Bridget_Fonda,David_Trimble,Dale_Earnhardt_Jr,Marlene_Weingartner,Jennifer_Connelly,Fred_Eckhard,Mitchell_Daniels,Dick_Cheney,Benazir_Bhutto,Lindsay_Benko,George_Robertson,Lea_Fastow,Jodie_Foster,Gillian_Anderson,Bill_Gates,David_Dodge,Lynn_Abraham,Matthew_Perry,Marie-Reine_Le_Gougne,Robin_McLaurin_Williams,Jeffrey_Jones,Robby_Ginepri,Liza_Minnelli,Emma_Thompson,Costas_Simitis,Jim_Furyk,John_Howard,Julianne_Moore,Kathleen_Glynn,Elsa_Zylberstein,Steven_Spielberg,Eric_Hinske,Damon_van_Dam,Jorge_Rodolfo_Canicoba_Corral,Kathryn_Bigelow,Lindsay_Davenport,Oscar_De_La_Hoya,Jose_Manuel_Durao_Barroso,Joseph_Deiss,Jean_Brumley,Madonna,Charles_Schumer,Dominik_Garcia-Lorido,Kirk_Ferentz,Betsy_Smith,Lauren_Killian,Bode_Miller,Scott_McClellan
probe/Kurt_Busch/Kurt_Busch_0002.jpg,Kurt_Busch,1,1.0,0.7137629985809326,0.7137629985809326,Kurt_Busch,Ben_Curtis,Damon_van_Dam,Bernard_Lord,Bridget_Fonda,John_McCormack,Alvaro_Uribe,Anthony_LaPaglia,Bashar_Assad,Noah_Wyle,Alastair_Campbell,Bruce_Weber,Bill_Frist,Kristin_Davis,Derek_Lowe,Fayssal_Mekdad,Matthew_Perry,Scott_McClellan,Richard_Krajicek,George_Robertson,Paul_Bremer,Guillermo_Coria,Andrei_Mikhnevich,Alec_Baldwin,David_Trimble,Gil_de_Ferran,Conchita_Martinez,Mikhail_Kasyanov,Pedro_Solbes,David_Myers,Lauren_Killian,Edward_Norton,Lon_Kruger,Igor_Ivanov,Chuck_Amato,Carlos_Quintanilla_Schmidt,Jim_Harrick,Steve_Spurrier,Mitchell_Daniels,Gary_Carter,Jorge_Valdano,Aron_Ralston,James_Parker,John_Rowland,Mark_Dacey,Marlene_Weingartner,Mohammad_Khatami,Bill_Gates,David_Coulthard,Sharon_Frey
probe/Kurt_Russell/Kurt_Russell_0002.jpg,Kurt_Russell,1,1.0,0.8165701627731323,0.8165701627731323,Kurt_Russell,Bill_Nelson,Tom_Glavine,Kirk_Ferentz,Alec_Baldwin,Robert_Mueller,Bill_Callahan,Bertrand_Bonello,Tom_Daschle,Johnson_Panjaitan,Mikhail_Youzhny,Jong_Thae_Hwa,Harry_Schmidt,Elvis_Presley,Gary_Doer,Monica_Seles,Marcus_Gronholm,Brad_Johnson,Bill_Simon,Brendan_Hansen,Richard_Krajicek,Omar_Sharif,Trent_Lott,Dick_Vermeil,Kim_Ryong-sung,James_Jones,OJ_Simpson,Charles_Kartman,Dennis_Kucinich,Antonio_Banderas,Ishaq_Shahryar,Guy_Hemmings,Tom_Brady,John_Allen_Muhammad,David_Kelley,George_Lopez,David_Coulthard,Robert_Zoellick,Geno_Auriemma,David_Nalbandian,Tony_Curtis,Jackie_Chan,Jason_Jennings,Greg_Gilbert,Lawrence_MacAulay,Alex_Penelas,Padraig_Harrington,Dave_Campo,Larry_Bowa,Roy_Moore
probe/Kwon_Yang-sook/Kwon_Yang-sook_0002.jpg,Kwon_Yang-sook,1,1.0,0.8490591049194336,0.8490591049194336,Kwon_Yang-sook,Hitomi_Soga,Lisa_Ling,Michelle_Yeoh,Thaksin_Shinawatra,Yoko_Ono,Sachiko_Yamada,Miyako_Miyazaki,Kim_Dae-jung,Liu_Mingkang,Flor_Montulo,Dolma_Tsering,Kosuke_Kitajima,Prince_Naruhito,Wang_Yingfan,Robert_De_Niro,Edward_Lu,Zhang_Ziyi,Megawati_Sukarnoputri,Goh_Kun,Yukiko_Okudo,Vicki_Zhao_Wei,Hamzah_Haz,Lee_Tae-sik,Ben_Curtis,Mike_Holmgren,Candie_Kung,Lynn_Abraham,Mike_Miller,Lee_Hoi-chang,Alimzhan_Tokhtakhounov,Robert_Zoellick,Cruz_Bustamante,Spencer_Abraham,Li_Peng,Hichiro_Naemura,Stanley_Tong,Hanan_Ashrawi,Jason_Kidd,Hillary_Clinton,Princess_Aiko,Kim_Ryong-sung,Tom_Cruise,Juan_Pablo_Montoya,Pete_Sampras,Chuck_Amato,Joseph_Estrada,Arlen_Specter,Greg_Ostertag,Hisao_Oguchi
probe/Laila_Ali/Laila_Ali_0002.jpg,Laila_Ali,1,1.0,0.7408854961395264,0.7408854961395264,Laila_Ali,Jennifer_Lopez,Katie_Harman,Serena_Williams,Jacqueline_Obradors,Justin_Guarini,Alastair_Campbell,Madonna,Nelson_Mandela,Chris_Cooper,Heidi_Fleiss,Raquel_Welch,Leslie_Ann_Woodward,Reese_Witherspoon,Tracee_Ellis_Ross,John_Allen_Muhammad,Kalpana_Chawla,Harvey_Weinstein,Lili_Taylor,Lloyd_Ward,Cathy_Freeman,Harry_Belafonte,Michael_Chiklis,John_Kerry,Omar_Sharif,Mariangel_Ruiz_Torrealba,Valerie_Harper,David_Nalbandian,Pamela_Anderson,Dolma_Tsering,John_Ruiz,Jason_Kidd,John_McCallum,Nancy_Reagan,Chris_Tucker,Bill_Graham,Warren_Beatty,Tom_Crean,Dennis_Kucinich,Hermann_Maier,Tomoko_Hagiwara,Vanessa_Williams,John_Spencer,Carol_Moseley_Braun,George_Brumley,Jessica_Alba,Melanie_Griffith,David_Heymann,Thierry_Falise,Aleksander_Kwasniewski
probe/Lana_Clarkson/Lana_Clarkson_0002.jpg,Lana_Clarkson,1,1.0,0.7121732831001282,0.7121732831001282,Lana_Clarkson,Cameron_Diaz,Martina_McBride,Jane_Fonda,Cyndi_Thompson,Tom_Daschle,Nancy_Pelosi,Sally_Kirkland,Valerie_Harper,Mary_Tyler_Moore,Ann_Veneman,Mary-Kate_Olsen,Larry_Bowa,Beth_Jones,Johnson_Panjaitan,Doris_Schroeder,Sheila_Copps,Melanie_Griffith,Corinne_Coman,Isabelle_Huppert,John_Stallworth,Elisabeth_Schumacher,Helen_Clark,Goldie_Hawn,Julianne_Moore,Dennis_Kucinich,Lauren_Hutton,Vanessa_Williams,Priscilla_Presley,Pascal_Lamy,Mary_Landrieu,Tyra_Banks,Celine_Dion,Gerry_Parsky,Jim_Carrey,Blythe_Danner,Jessica_Lange,Kathleen_Kennedy_Townsend,Patricia_Clarkson,Vicente_Fernandez,Trent_Lott,Madonna,Jennifer_Lopez,Angela_Lansbury,Donatella_Versace,Paula_Zahn,Bill_Nelson,Rob_Schneider,GL_Peiris,Harry_Belafonte
probe/Larry_Bowa/Larry_Bowa_0002.jpg,Larry_Bowa,1,1.0,0.8279342651367188,0.8279342651367188,Larry_Bowa,Alan_Mulally,Tom_Daschle,Hootie_Johnson,James_Kelly,Ron_Dittemore,Leslie_Moonves,Jay_Garner,Gregg_Popovich,Trent_Lott,James_Traficant,John_Manley,Roy_Moore,Kurt_Russell,Dennis_Kucinich,Ann_Veneman,Bruce_Van_De_Velde,Brad_Johnson,Angelo_Reyes,Ernie_Eves,Jackie_Chan,John_Kerry,Adrian_McPherson,John_Walsh,William_Ford_Jr,Aleksander_Kwasniewski,John_Jumper,Bill_Callahan,Bobby_Robson,Harry_Kalas,Chuck_Yeager,Aron_Ralston,Michael_Chang,Sheila_Copps,Doug_Collins,Guido_Westerwelle,Jim_Harrick,Thomas_Fargo,Gary_Williams,LeBron_James,Martina_McBride,James_Jones,Bill_Simon,Eduardo_Duhalde,Dave_Campo,Paul_Bremer,Annette_Lu,James_Kopp,Guillermo_Coria,Jia_Qinglin
probe/Larry_Brown/Larry_Brown_0002.jpg,Larry_Brown,1,1.0,0.8206751346588135,0.8206751346588135,Larry_Brown,Johnny_Carson,Silvio_Berlusconi,Hipolito_Mejia,Valery_Giscard_dEstaing,Chok_Tong_Goh,Warren_Buffett,William_Martin,Charlton_Heston,Nick_Nolte,Rita_Wilson,Pedro_Malan,John_Howard,Dave_Campo,Paul_Patton,Pat_Cox,Paul_ONeill,Trent_Lott,Francis_Ford_Coppola,Jorge_Batlle,Larry_Coker,Pascal_Lamy,Tom_Crean,Herb_Sendek,Dalai_Lama,Bo_Ryan,John_Spencer,Carlos_Ghosn,Roman_Polanski,Vladimir_Putin,Thomas_OBrien,Pascal_Quignard,Jose_Dirceu,Geraldine_Chaplin,Patrick_Leahy,John_Snow,Li_Peng,Michael_J_Sheehan,Joseph_Biden,Guillermo_Ortiz,Mike_Price,Pamela_Anderson,Colin_Powell,Francis_George,Cesar_Maia,Alvaro_Uribe,Roy_Williams,Robert_Stack,Gloria_Allred,Joe_Torre
probe/Larry_Coker/Larry_Coker_0002.jpg,Larry_Coker,1,1.0,0.8017129302024841,0.8017129302024841,Larry_Coker,Robert_Duvall,Art_Howe,Larry_Brown,Michael_Douglas,Gregg_Popovich,James_Morris,Yasar_Yakis,Gunter_Pleuger,Frank_Cassell,Bill_Graham,Michael_Chiklis,Billy_Graham,Max_Mayfield,Lou_Piniella,Gordon_Campbell,Phil_Mickelson,John_Negroponte,George_Karl,Klaus_Zwickel,Silvan_Shalom,Carl_Reiner,Warren_Buffett,Francis_George,John_Howard,Lina_Krasnoroutskaya,Herb_Sendek,Silvio_Berlusconi,Oswaldo_Paya,Justin_Leonard,Trent_Lott,Peter_Greenaway,John_McEnroe,David_Nalbandian,Zoran_Djindjic,Benjamin_Netanyahu,Vladimir_Putin,Larry_Lindsey,Claire_Hentzen,Iain_Duncan_Smith,James_Smith,Gary_Williams,Ilan_Ramon,Bill_Simon,James_Jones,Joe_Torre,James_Maguire,Mack_Brown,Dennis_Kozlowski,Howard_Dean
probe/Larry_Ellison/Larry_Ellison_0002.jpg,Larry_Ellison,1,1.0,0.9027018547058105,0.9027018547058105,Larry_Ellison,Alejandro_Avila,Gerry_Parsky,David_Nalbandian,Yao_Ming,Felix_Mantilla,Nancy_Pelosi,Robert_Zoellick,Justin_Leonard,Lindsey_Graham,Bill_Frist,Sandra_Bullock,Mark_Geragos,Christopher_Walken,David_Heymann,Roy_Moore,Kiki_Vandeweghe,William_Ford_Jr,Scott_McNealy,Kent_Rominger,Andrew_Cuomo,Thomas_OBrien,Tom_Crean,Julie_Gerberding,Pedro_Malan,Julianna_Margulies,Ilan_Ramon,Natalie_Maines,John_Blaney,Fidel_Castro,Brian_Wells,David_Leahy,Peter_Bacanovic,Julianne_Moore,Antony_Leung,Bo_Pelini,Joseph_Estrada,Art_Hoffmann,Camilla_Parker_Bowles,Stellan_Skarsgard,Boris_Becker,Gunter_Pleuger,Howard_Schultz,Guido_Westerwelle,Frank_Solich,Ricky_Barnes,Tim_Allen,Alan_Ball,Dorthy_Moxley,Nancy_Reagan
probe/Larry_Johnson/Larry_Johnson_0002.jpg,Larry_Johnson,1,1.0,0.8416836261749268,0.8416836261749268,Larry_Johnson,Vincent_Brooks,Vince_Carter,Johnson_Panjaitan,Grady_Irvin_Jr,Leonard_Hamilton,Joe_Dumars,Justin_Gatlin,John_Allen_Muhammad,Jason_Kidd,Kenneth_Evans,Lionel_Richie,Latrell_Sprewell,Jesse_Jackson,Anwar_Ibrahim,Allen_Iverson,Chris_Tucker,James_McGreevey,Dexter_Jackson,Mike_Tyson,George_Lopez,Will_Smith,Chris_Rock,Carmen_Electra,Charles_Kartman,Ruben_Studdard,Colin_Jackson,Nicanor_Duarte_Frutos,Xanana_Gusmao,Leslie_Ann_Woodward,Vanessa_Incontrada,S_Jayakumar,Spencer_Abraham,Miguel_Contreras,Cruz_Bustamante,Paul_Pierce,Robert_Mueller,Greg_Owen,Nadia_Petrova,GL_Peiris,Laila_Ali,Arantxa_Sanchez-Vicario,OJ_Simpson,Johnny_Depp,Charlie_Zaa,Mike_Weir,Evander_Holyfield,Juan_Pablo_Montoya,Kalpana_Chawla,Carlos_Quintanilla_Schmidt
probe/Larry_Lindsey/Larry_Lindsey_0002.jpg,Larry_Lindsey,1,1.0,0.8035521507263184,0.8035521507263184,Larry_Lindsey,Goran_Persson,John_Reilly,James_Morris,Jay_Garner,Anthony_Hopkins,Dennis_Kozlowski,Robert_Bonner,Jon_Gruden,Gregg_Popovich,Alvaro_Noboa,George_Ryan,Roy_Moore,Thomas_OBrien,Jeffrey_Immelt,Warren_Buffett,Harry_Kalas,George_Karl,Scott_McClellan,Mikhail_Kasyanov,Rick_Romley,Dave_Campo,Howard_Smith,Slobodan_Milosevic,Ernie_Eves,Bernard_Landry,Manfred_Stolpe,Mike_Holmgren,Lou_Piniella,Robert_Zoellick,Richie_Adubato,James_Jones,Arye_Mekel,Peter_Arnett,Billy_Graham,Gordon_Campbell,George_Robertson,Richard_Norton-Taylor,Joe_Torre,Gian_Marco,Darren_Clarke,Bashar_Assad,Jeffrey_Scott_Postell,Pedro_Solbes,Saeb_Erekat,Prince_Willem-Alexander,John_Snow,Frank_Solich,Brad_Johnson,Howard_Dean
probe/Larry_Lucchino/Larry_Lucchino_0002.jpg,Larry_Lucchino,1,1.0,0.8075500726699829,0.8075500726699829,Larry_Lucchino,Silvan_Shalom,Roy_Moore,Ilan_Ramon,Silvio_Berlusconi,Emile_Lahoud,Igor_Ivanov,Kevin_Spacey,Bill_Graham,Herb_Sendek,Hipolito_Mejia,Geoff_Hoon,William_Hochul,Jay_Rasulo,William_Ford_Jr,William_Martin,John_Brady,Vladimir_Putin,Asa_Hutchinson,Mike_Weir,Abdullatif_Sener,David_Myers,Jason_Alexander,Pascal_Lamy,Jackie_Chan,Adolfo_Rodriguez_Saa,Mary_Landrieu,Prince_Edward,George_Pataki,Edward_Lu,Sandra_Bullock,Iain_Duncan_Smith,Gary_Bergeron,Pete_Sampras,Butch_Davis,John_Jumper,James_McGreevey,Federico_Trillo,Jose_Dirceu,Peter_Arnett,Benjamin_Netanyahu,Anna_Kournikova,James_Cunningham,Tyler_Hamilton,David_Spade,Brian_Wells,Jane_Pauley,David_Heymann,Frank_Solich,Francis_Mer
probe/Latrell_Sprewell/Latrell_Sprewell_0002.jpg,Latrell_Sprewell,1,1.0,0.5593111515045166,0.5593111515045166,Latrell_Sprewell,Chris_Tucker,Laila_Ali,Debra_Brown,Patrick_Ewing,Anders_Ebbeson,Kelli_White,Serena_Williams,Ruben_Studdard,Michael_Douglas,Jason_Kidd,Jesse_Jackson,Bill_Simon,Natalie_Maines,Byron_Scott,Michael_J_Sheehan,Lawrence_MacAulay,Will_Smith,Venus_Williams,Christine_Ebersole,Chris_Rock,Marc_Grossman,Robert_Zoellick,Grady_Irvin_Jr,Anthony_Hopkins,Doug_Duncan,Juanes,Alejandro_Avila,Kenneth_Evans,Lon_Kruger,Mike_Miller,Emmit_Smith,LeBron_James,Vince_Carter,Joseph_Biden,John_Jumper,Gloria_Allred,Bill_Gates,Betsy_Smith,Tom_Crean,Mack_Brown,Chris_Byrd,Joseph_Ralston,Gregory_Hines,Paul_Pierce,Paul_Bremer,Cruz_Bustamante,John_Kerry,John_Allen_Muhammad,Elin_Nordegren
probe/Laura_Hernandez/Laura_Hernandez_0002.jpg,Laura_Hernandez,1,1.0,0.845950722694397,0.845950722694397,Laura_Hernandez,Rita_Moreno,Sophia_Loren,Gianna_Angelopoulos-Daskalaki,Michelle_Yeoh,Laila_Ali,Hanan_Ashrawi,Jan_Ullrich,Coretta_Scott_King,Hal_Sutton,John_Abizaid,Miyako_Miyazaki,Anders_Ebbeson,Patty_Schnyder,Carmen_Electra,Marcelo_Salas,Bill_Frist,Boris_Becker,Raghad_Saddam_Hussein,Olesya_Bonabarenko,Frank_Cassell,Jim_Edmonds,Pascal_Quignard,Flor_Montulo,Emily_Robison,Jon_Gruden,Arnold_Palmer,Felix_Mantilla,Guillermo_Coria,Arsinee_Khanjian,Aung_San_Suu_Kyi,Nadia_Petrova,Doug_Duncan,Madonna,Chanda_Rubin,Julianna_Margulies,Nancy_Pelosi,Latrell_Sprewell,Katie_Harman,Robert_Zoellick,Robert_Duvall,Jada_Pinkett_Smith,Amanda_Coetzer,Jose_Serra,Jessica_Lynch,Yoko_Ono,Kwon_Yang-sook,LeAnn_Rimes,John_Snow,Anthony_Hopkins
probe/Lauren_Hutton/Lauren_Hutton_0002.jpg,Lauren_Hutton,1,1.0,0.7729071974754333,0.7729071974754333,Lauren_Hutton,Meryl_Streep,Leslie_Ann_Woodward,Jessica_Lange,Reese_Witherspoon,Penelope_Ann_Miller,Martin_Verkerk,Rita_Moreno,Barbara_Walters,Karin_Stoiber,Jackie_Chan,Paul_ONeill,Cameron_Diaz,Annette_Bening,Tammy_Lynn_Michaels,Jane_Kaczmarek,Ozzy_Osbourne,Juan_Manuel_Marquez,Harry_Belafonte,Gro_Harlem_Brundtland,Carmen_Electra,James_Blake,Eva_Dimas,Charlotte_Rampling,Kristanna_Loken,Nastassia_Kinski,John_Spencer,Geraldine_Chaplin,Lee_Hoi-chang,Patty_Schnyder,Jane_Pauley,Julianne_Moore,Elisabeth_Schumacher,Tony_Curtis,Sarah_Jessica_Parker,Pascal_Quignard,Christine_Ebersole,Valerie_Harper,Jeanne_Moreau,Isabelle_Huppert,Anneli_Jaatteenmaki,Yao_Ming,Coretta_Scott_King,Melanie_Griffith,Trent_Lott,Silvio_Berlusconi,Daryl_Hannah,Shannon_OBrien,Pamela_Anderson,Elizabeth_Shue
probe/Lauren_Killian/Lauren_Killian_0002.jpg,Lauren_Killian,1,1.0,0.7651861310005188,0.7651861310005188,Lauren_Killian,Sarah_Jessica_Parker,Robert_Duvall,Barbara_Brezigar,Vanessa_Incontrada,Martha_Bowen,Sue_Wicks,Jennifer_Lopez,Fabiola_Zuluaga,Emily_Robison,Bob_Hope,Kathleen_Kennedy_Townsend,Leslie_Ann_Woodward,Nia_Vardalos,Hayley_Tullett,Nadine_Vinzens,Julianne_Moore,John_Wolf,Paula_Radcliffe,James_Franco,Anneli_Jaatteenmaki,Laila_Ali,Gisele_Bundchen,Gary_Carter,Tom_Daschle,Priscilla_Owen,Brooke_Shields,Gianna_Angelopoulos-Daskalaki,Conchita_Martinez,Steve_Waugh,Alastair_Campbell,Jo_Dee_Messina,Vitali_Klitschko,Valery_Giscard_dEstaing,Trent_Lott,Robin_McLaurin_Williams,Lauren_Hutton,Stacy_Dragila,John_Ruiz,Saddam_Hussein,Jim_Furyk,Costas_Simitis,Madonna,Bill_Graham,Richard_Shelby,John_Howard,Bud_Selig,Elsa_Zylberstein,William_Bratton,Thierry_Falise
probe/Laurent_Gbagbo/Laurent_Gbagbo_0002.jpg,Laurent_Gbagbo,1,1.0,0.9016484022140503,0.9016484022140503,Laurent_Gbagbo,Thabo_Mbeki,Morgan_Freeman,George_Foreman,Kirk_Johnson,Leonard_Hamilton,Patti_Labelle,Robert_Mugabe,Claire_Hentzen,Doug_Duncan,James_Butts,Michael_Chang,Thaksin_Shinawatra,Vicente_Fernandez,Evander_Holyfield,Patricia_Clarkson,Gisele_Bundchen,Emma_Thompson,Carmen_Electra,Jia_Qinglin,S_Jayakumar,Sam_Torrance,Yao_Ming,Hun_Sen,Fidel_Castro,Patrick_Ewing,John_Abizaid,Adrian_McPherson,Tom_Glavine,Sophia_Loren,Isaiah_Washington,Carol_Moseley_Braun,Lee_Hoi-chang,Serena_Williams,Anna_Kournikova,Ron_Dittemore,Carl_Reiner,Nelson_Mandela,Tamara_Brooks,John_Stallworth,Jesse_Jackson,Hal_Sutton,Christina_Aguilera,Geoff_Hoon,Vladimir_Putin,Pete_Sampras,Li_Peng,Lino_Oviedo,Robert_Kocharian,Ron_Howard
probe/Laurent_Jalabert/Laurent_Jalabert_0002.jpg,Laurent_Jalabert,1,1.0,0.8289740085601807,0.8289740085601807,Laurent_Jalabert,Albert_Costa,Robert_Kocharian,Vicente_Fernandez,Patti_Labelle,Matt_Doherty,Jefferson_Perez,Pete_Sampras,Dan_Wheldon,Martin_Scorsese,John_Howard,Sourav_Ganguly,Padraig_Harrington,Nicolas_Lapentti,Jose_Mourinho,Luis_Horna,Juan_Pablo_Montoya,Alex_Barros,Justin_Leonard,Frank_Dunham_Jr,Sam_Torrance,Carlos_Mesa,Tyra_Banks,Daniel_Day-Lewis,Sean_Penn,Marcelo_Salas,Imad_Moustapha,Mike_Weir,John_Abizaid,Jennifer_Rodriguez,John_F_Kennedy_Jr,Pete_Rose,Kiki_Vandeweghe,James_Maguire,Hilmi_Ozkok,Abdullah,Eunice_Barber,Jim_Furyk,Jada_Pinkett_Smith,Nia_Vardalos,Anders_Fogh_Rasmussen,Joe_Torre,Edie_Falco,Tom_Glavine,Aitor_Gonzalez,Garry_Kasparov,Bashar_Assad,Simon_Cowell,Arnaud_Clement,Greg_Owen
probe/Lawrence_MacAulay/Lawrence_MacAulay_0002.jpg,Lawrence_MacAulay,2,0.5,0.7088004946708679,0.6819251775741577,Trent_Lott,Lawrence_MacAulay,George_Voinovich,David_Leahy,Ernie_Fletcher,James_Kelly,Robert_Zoellick,Kim_Dae-jung,Tom_Crean,Guido_Westerwelle,Jean-David_Levitte,George_Robertson,Roy_Moore,Marc_Grossman,Bill_Nelson,Geno_Auriemma,John_Timoney,James_Kopp,Goran_Persson,Paul_McNulty,Frank_Griswold,Dave_Campo,Dick_Vermeil,Ron_Dittemore,Jay_Garner,Nick_Nolte,Tim_Floyd,John_McCormack,Marcus_Gronholm,Mack_Brown,Franz_Muentefering,Paul_Bremer,David_Trimble,Jose_Sarney,Chris_Cooper,Hipolito_Mejia,Bill_Simon,Tom_Daschle,Bill_Gates,Mike_Holmgren,Alastair_Campbell,Brad_Johnson,Patrick_Ewing,Joseph_Deiss,Bernard_Landry,Lee_Hoi-chang,Aleksander_Kwasniewski,Tom_Craddick,Thaksin_Shinawatra,Hun_Sen
probe/LeAnn_Rimes/LeAnn_Rimes_0002.jpg,LeAnn_Rimes,1,1.0,0.8342985510826111,0.8342985510826111,LeAnn_Rimes,Mariangel_Ruiz_Torrealba,Raghad_Saddam_Hussein,Kristanna_Loken,Frances_Fisher,Elizabeth_Taylor,Carmen_Electra,Hideki_Matsui,Pete_Sampras,George_Voinovich,Miyako_Miyazaki,Carlos_Ghosn,Howard_Smith,Lili_Taylor,Sophia_Loren,Elin_Nordegren,Marina_Anissina,Allison_Janney,Latrell_Sprewell,Ismail_Merchant,Kim_Dae-jung,Julie_Gerberding,Jean-Sebastien_Giguere,Jim_Edmonds,Mary-Kate_Olsen,Martin_Verkerk,Andrew_Bunner,Vanessa_Incontrada,Natalie_Coughlin,Richard_Gephardt,Serena_Williams,Colin_Powell,Reese_Witherspoon,Elisabeth_Schumacher,Spencer_Abraham,Cindy_Margolis,Mariah_Carey,Dolma_Tsering,Guillermo_Coria,Geraldine_Chaplin,Ralph_Lauren,Doug_Duncan,Darren_Clarke,Saddam_Hussein,George_Foreman,Julianne_Moore,Ilan_Ramon,Richard_Branson,Tom_Brady,Alexander_Losyukov
probe/LeBron_James/LeBron_James_0002.jpg,LeBron_James,1,1.0,0.8468607664108276,0.8468607664108276,LeBron_James,Adrian_McPherson,Chris_Byrd,Paul_Pierce,Mike_Tyson,John_Allen_Muhammad,Fred_Eckhard,Guillaume_Soro,Slobodan_Milosevic,Aleksander_Kwasniewski,Byron_Scott,Kirk_Johnson,Barry_Zito,John_Stallworth,Jason_Kidd,Jay_Garner,Bill_Graham,Jennifer_Connelly,Joe_Dumars,Latrell_Sprewell,George_Foreman,Brendan_Hansen,Alexandra_Vodjanikova,Larry_Bowa,Evander_Holyfield,Sean_Penn,Francis_Mer,George_Robertson,Klaus_Zwickel,James_Traficant,Grady_Irvin_Jr,Trent_Lott,Joseph_Deiss,Roy_Moore,Arnaud_Clement,Lon_Kruger,Kristin_Davis,Venus_Williams,James_Jones,Gustavo_Kuerten,Ruben_Studdard,Tim_Floyd,John_Timoney,Bill_Belichick,Bill_Nelson,Chris_Tucker,Jesse_Jackson,Paul_ONeill,Brad_Johnson,Chuck_Yeager
probe/Lea_Fastow/Lea_Fastow_0002.jpg,Lea_Fastow,1,1.0,0.8681476712226868,0.8681476712226868,Lea_Fastow,Meryl_Streep,Jean_Brumley,Gloria_Macapagal_Arroyo,Jodie_Foster,Jolanta_Kwasniewski,Julianne_Moore,Patricia_Clarkson,Madonna,Chita_Rivera,Barbara_Brezigar,Jennifer_Rodriguez,Lisa_Gottsegen,Hannah_Stockbauer,James_Maguire,Martina_McBride,Mitchell_Daniels,Stockard_Channing,James_Cunningham,Karin_Stoiber,Robin_McLaurin_Williams,Christine_Ebersole,Princess_Aiko,Amelia_Vega,Damon_van_Dam,Penelope_Ann_Miller,Dennis_Kucinich,Tyra_Banks,Padraig_Harrington,Jay_Rasulo,Dick_Cheney,Nancy_Pelosi,Gwendal_Peizerat,Carla_Myers,Isabelle_Huppert,Marina_Anissina,Julie_Taymor,Costas_Simitis,Geraldine_Chaplin,Kristin_Davis,Monica_Bellucci,Marie-Reine_Le_Gougne,Derek_Lowe,William_Bratton,Paula_Radcliffe,Jeffrey_Jones,Zhang_Ziyi,Gro_Harlem_Brundtland,Dorthy_Moxley,Christopher_Walken
probe/Leander_Paes/Leander_Paes_0002.jpg,Leander_Paes,1,1.0,0.840219259262085,0.840219259262085,Leander_Paes,Augustin_Calleri,Juan_Pablo_Montoya,Spencer_Abraham,Mark_Heller,Oscar_De_La_Hoya,James_Blake,George_Lopez,Rick_Romley,Branko_Crvenkovski,Nadia_Petrova,Abdel_Nasser_Assidi,Kalpana_Chawla,Amanda_Coetzer,Cathy_Freeman,Jean_Carnahan,Lindsay_Davenport,Albert_Costa,Raghad_Saddam_Hussein,Jose_Mourinho,Pete_Sampras,Osama_bin_Laden,Abdullah,Gro_Harlem_Brundtland,Julie_Gerberding,Sandra_Bullock,Richard_Gephardt,John_Negroponte,Elinor_Caplan,John_Rosa,Kosuke_Kitajima,Luciano_Pavarotti,Hans_Eichel,Lauren_Hutton,Alexandra_Stevenson,Charlie_Zaa,Christine_Gregoire,Ben_Glisan,Bernard_Landry,Matthew_Perry,Nicanor_Duarte_Frutos,Paul_McCartney,Mohammad_Khatami,Natalie_Coughlin,Dan_Wheldon,Andy_Hebb,Arnold_Palmer,James_Cunningham,Colin_Powell,Marwan_Barghouthi
probe/Lech_Walesa/Lech_Walesa_0002.jpg,Lech_Walesa,1,1.0,0.8217195272445679,0.8217195272445679,Lech_Walesa,Peter_Greenaway,Elsa_Zylberstein,Arnold_Palmer,Omar_Sharif,Robert_De_Niro,John_Banko,Bobby_Robson,Pupi_Avati,Marc_Grossman,Mike_Holmgren,James_Kelly,Richard_Gephardt,John_Manley,Jean-Claude_Trichet,Bob_Hope,Paulo_Cesar_Pinheiro,Gray_Davis,John_Timoney,Gunter_Pleuger,Sean_Patrick_OMalley,Aleksander_Kwasniewski,George_Voinovich,Ismail_Merchant,Leszek_Miller,Rick_Romley,Bill_Graham,Peter_Struck,Vaclav_Havel,Dino_de_Laurentis,Miroljub,Franz_Muentefering,Steven_Spielberg,Valdas_Adamkus,Ishaq_Shahryar,Peter_Harrison,Tom_Daschle,Ronald_Reagan,John_McCallum,Wesley_Clark,Jerry_Falwell,Charlton_Heston,Richard_Branson,Inam-ul-Haq,Adrian_Nastase,Joseph_Biden,Michael_Kostelnik,Yasser_Arafat,Jose_Sarney,David_Leahy
probe/Lee_Hoi-chang/Lee_Hoi-chang_0002.jpg,Lee_Hoi-chang,1,1.0,0.9286383390426636,0.9286383390426636,Lee_Hoi-chang,Kim_Dae-jung,Li_Peng,Hu_Jintao,Alberto_Fujimori,Hichiro_Naemura,Lim_Dong-won,Yoko_Ono,Jia_Qinglin,Chang_Dae-whan,Kim_Jong-Il,Thaksin_Shinawatra,Antony_Leung,Kim_Jin-sun,Kim_Ryong-sung,Chung_Mong-hun,Wang_Yingfan,Chen_Liang_Yu,Lee_Tae-sik,Lee_Jun,Gary_Locke,Hun_Sen,Gabriel_Valdes,Alimzhan_Tokhtakhounov,Saparmurat_Niyazov,Gao_Qiang,Bernard_Landry,Ron_Dittemore,Angelo_Reyes,Liu_Mingkang,Jackie_Chan,Annette_Lu,Megawati_Sukarnoputri,Ernesto_Zedillo,Prince_Naruhito,Stanley_Tong,Lino_Oviedo,Jong_Thae_Hwa,Chok_Tong_Goh,Goh_Kun,Pedro_Malan,Vaclav_Havel,Sachiko_Yamada,Dai_Bachtiar,Bill_Nelson,Lauren_Hutton,Tom_Daschle,Spencer_Abraham,John_McCormack,Heizo_Takenaka
probe/Lee_Jun/Lee_Jun_0002.jpg,Lee_Jun,1,1.0,0.8599616289138794,0.8599616289138794,Lee_Jun,Yoko_Ono,Lee_Tae-sik,Kim_Jin-sun,Hu_Jintao,Edward_Lu,Jorge_Castaneda,Wang_Yingfan,Alberto_Fujimori,Jia_Qinglin,Chen_Liang_Yu,Mitoji_Yabunaka,Chung_Mong-hun,Kim_Ryong-sung,Lee_Hoi-chang,Chang_Dae-whan,Hun_Sen,Hichiro_Naemura,Kim_Dae-jung,Prince_Naruhito,Alejandro_Toledo,Antony_Leung,Jamling_Norgay,Goh_Kun,Gary_Locke,Chung_Mong-joon,Li_Peng,Michael_Chang,Annette_Lu,Alimzhan_Tokhtakhounov,Thaksin_Shinawatra,Liu_Mingkang,Gary_Doer,Megawati_Sukarnoputri,Hassan_Wirajuda,Heizo_Takenaka,Dalai_Lama,Jong_Thae_Hwa,Hamzah_Haz,Lim_Dong-won,Kim_Jong-Il,Flor_Montulo,Hashim_Thaci,Ron_Dittemore,Lino_Oviedo,Dai_Bachtiar,Sam_Bith,Gao_Qiang,Freddy_Garcia,Eduardo_Duhalde
probe/Lee_Tae-sik/Lee_Tae-sik_0002.jpg,Lee_Tae-sik,1,1.0,0.8855664730072021,0.8855664730072021,Lee_Tae-sik,Kim_Dae-jung,Chang_Dae-whan,Jia_Qinglin,Hichiro_Naemura,Alberto_Fujimori,Lee_Jun,Thaksin_Shinawatra,Kim_Jin-sun,Hu_Jintao,Prince_Naruhito,Goh_Kun,Alimzhan_Tokhtakhounov,Yoko_Ono,Lee_Hoi-chang,Heizo_Takenaka,Kim_Jong-Il,Chung_Mong-joon,Hun_Sen,Li_Peng,Kim_Ryong-sung,Saparmurat_Niyazov,Chung_Mong-hun,Edward_Lu,Sachiko_Yamada,Candie_Kung,Jong_Thae_Hwa,Chen_Liang_Yu,Wang_Yingfan,Antony_Leung,Michael_Chang,Lisa_Ling,Hitomi_Soga,Joseph_Estrada,Annette_Lu,Stanley_Tong,Megawati_Sukarnoputri,Jackie_Chan,Jorge_Castaneda,Liu_Mingkang,Dennis_Kucinich,Hassan_Wirajuda,Princess_Aiko,Flor_Montulo,Gao_Qiang,Kwon_Yang-sook,David_Trimble,Hamzah_Haz,Yao_Ming,Mitoji_Yabunaka
probe/Leland_Chapman/Leland_Chapman_0002.jpg,Leland_Chapman,1,1.0,0.7620683312416077,0.7620683312416077,Leland_Chapman,Jason_Kidd,Joe_Calzaghe,Latrell_Sprewell,Michael_Ballack,Sheila_Copps,Martha_Burk,Michael_Phelps,Boris_Yeltsin,Paul_Byrd,Antonio_Banderas,Gabriel_Batistuta,John_Ruiz,Justin_Gatlin,Miroljub,Priscilla_Owen,Aitor_Gonzalez,Ian_Thorpe,Serena_Williams,James_Blake,Jose_Theodore,Elinor_Caplan,Joe_Gatti,Luke_Walton,Helen_Clark,Steve_Park,Robby_Ginepri,Queen_Beatrix,Duane_Lee_Chapman,Darrell_Porter,Ian_McKellen,Elizabeth_Dole,Gary_Doer,Mike_Miller,Nicanor_Duarte_Frutos,Pete_Sampras,Paul-Henri_Mathieu,Barry_Zito,Robert_De_Niro,Ibrahim_Jaafari,Judi_Dench,George_Ryan,Colin_Powell,Robert_Mueller,Hillary_Clinton,Sachiko_Yamada,Tom_Cruise,Jonathan_Edwards,Lionel_Richie,Nelson_Mandela
probe/Len_Jenoff/Len_Jenoff_0002.jpg,Len_Jenoff,1,1.0,0.8664944171905518,0.8664944171905518,Len_Jenoff,Cruz_Bustamante,Jean-Marc_de_La_Sabliere,Ali_Khamenei,Pupi_Avati,Mohammad_Khatami,Carlos_Mesa,Pedro_Solbes,Sean_Patrick_OMalley,Meryl_Streep,Dino_de_Laurentis,Job_Cohen,Miroljub,Robert_De_Niro,Drew_Barrymore,Robin_Cook,Nia_Vardalos,Ibrahim_Jaafari,Ismail_Merchant,Steven_Spielberg,Osama_bin_Laden,Vicente_Fernandez,Omar_Sharif,Fayssal_Mekdad,Bob_Hope,Fidel_Castro,Charles_Schumer,Kathleen_Glynn,Yasser_Arafat,Saeb_Erekat,Kieran_Prendergast,Inam-ul-Haq,Alejandro_Avila,John_Negroponte,Scott_Rudin,Evander_Holyfield,Abdullah,Alejandro_Atchugarry,Jason_Alexander,Robert_Kocharian,Abel_Pacheco,Amram_Mitzna,Bridget_Fonda,Gerry_Adams,Jodie_Foster,Luciano_Pavarotti,Jose_Serra,Gabriel_Valdes,Matthew_Perry,Nasser_al-Kidwa
probe/Leon_LaPorte/Leon_LaPorte_0002.jpg,Leon_LaPorte,1,1.0,0.8511548042297363,0.8511548042297363,Leon_LaPorte,John_Snow,Jose_Serra,John_Rigas,Mike_Price,Costas_Simitis,Manfred_Stolpe,Ralph_Lauren,Howard_Dean,Barry_Alvarez,Frank_Lautenberg,Carlos_Bianchi,Gil_de_Ferran,Pascal_Quignard,Francis_George,John_McEnroe,Slobodan_Milosevic,Silvio_Berlusconi,Hipolito_Mejia,Patrick_Leahy,Paul_Patton,Robert_Bonner,Peter_Arnett,Stephen_Friedman,Charlton_Heston,Jerry_Falwell,Lisa_Raymond,John_Spencer,Lord_Hutton,Franz_Beckenbauer,Eric_Rosser,Iain_Duncan_Smith,James_Morris,Christian_Fittipaldi,Kemal_Dervis,Cruz_Bustamante,Joseph_Biden,Guillermo_Ortiz,Luis_Gonzalez_Macchi,John_Howard,Marisa_Tomei,Bijan_Namdar_Zangeneh,Gary_Carter,William_Bratton,Christine_Ebersole,Antonio_Banderas,Jorge_Batlle,Klaus_Zwickel,Rick_Romley,Dick_Cheney
probe/Leonard_Hamilton/Leonard_Hamilton_0002.jpg,Leonard_Hamilton,1,1.0,0.8234924077987671,0.8234924077987671,Leonard_Hamilton,Kenneth_Evans,George_Foreman,Jesse_Jackson,Grady_Irvin_Jr,Darren_Clarke,Laurent_Gbagbo,Joe_Dumars,Lloyd_Ward,Colin_Powell,Thabo_Mbeki,Michael_Chang,Kirk_Johnson,S_Jayakumar,Hun_Sen,Morgan_Freeman,Carmen_Electra,Thaksin_Shinawatra,James_Parker,Doug_Duncan,Nelson_Mandela,GL_Peiris,Anna_Kournikova,Justin_Gatlin,Angelo_Reyes,Sam_Bith,Adrian_McPherson,Ruben_Studdard,Latrell_Sprewell,Spencer_Abraham,Saeb_Erekat,Larry_Lindsey,Heidi_Fleiss,James_Butts,Mikhail_Kasyanov,Scott_McClellan,Brian_Wells,Jimmy_Kimmel,Chris_Tucker,John_Reilly,Kim_Jong-Il,Ali_Abbas,Bruce_Van_De_Velde,Dalai_Lama,Megawati_Sukarnoputri,John_Abizaid,Lou_Piniella,Abdullah_al-Attiyah,Marlene_Weingartner,James_Schultz
probe/Leslie_Ann_Woodward/Leslie_Ann_Woodward_0002.jpg,Leslie_Ann_Woodward,1,1.0,0.9537229537963867,0.9537229537963867,Leslie_Ann_Woodward,Beth_Jones,Betsy_Smith,Lauren_Hutton,Alicia_Silverstone,Jennifer_Lopez,Kathleen_Kennedy_Townsend,Charlotte_Rampling,Alexandra_Vodjanikova,Elizabeth_Shue,Goran_Persson,Kurt_Russell,GL_Peiris,Conchita_Martinez,Paul_McCartney,Orlando_Bloom,Daryl_Hannah,Sarah_Jessica_Parker,Robert_Duvall,Sophia_Loren,David_Spade,Jane_Pauley,Tammy_Lynn_Michaels,Joe_Nichols,Trent_Lott,Gro_Harlem_Brundtland,Chris_Byrd,Maria_Luisa_Mendonca,Lauren_Killian,Natalie_Coughlin,Donatella_Versace,Chanda_Rubin,Gary_Winnick,Carmen_Electra,Bill_Nelson,Bud_Selig,Matthew_Perry,Harry_Belafonte,Lisa_Gottsegen,Mike_Weir,Charlie_Zaa,Ruben_Studdard,Brendan_Hansen,Jessica_Lange,Julianne_Moore,Nastassia_Kinski,Mary_Landrieu,Christine_Ebersole,Meryl_Streep,David_Heymann
probe/Leslie_Moonves/Leslie_Moonves_0002.jpg,Leslie_Moonves,1,1.0,0.6515328884124756,0.6515328884124756,Leslie_Moonves,John_Kerry,Larry_Bowa,Jack_Grubman,Federico_Trillo,Bill_Callahan,Andrew_Cuomo,Herb_Sendek,Kiki_Vandeweghe,Todd_Haynes,Oswaldo_Paya,Dave_Campo,Ann_Veneman,William_Ford_Jr,Georgi_Parvanov,Robert_Stack,Lou_Piniella,James_Kelly,Trent_Lott,Lindsey_Graham,Anthony_Fauci,LeBron_James,Jim_Harrick,Silvio_Berlusconi,Thierry_Falise,Roy_Moore,Abdullah_Gul,Martina_McBride,Adolfo_Aguilar_Zinser,Frank_Solich,Dennis_Kucinich,Lloyd_Ward,Jorge_Valdano,Tim_Floyd,Alex_Barros,Gregg_Popovich,Doug_Collins,Joe_Torre,Mark_Cuban,Sheila_Copps,Bo_Pelini,Gil_de_Ferran,Paul_McNulty,John_Brady,Joe_Mantello,Augusto_Roa_Bastos,Brian_Griese,John_Rosa,Abdullah_al-Attiyah,Frank_Stallone
probe/Leszek_Miller/Leszek_Miller_0002.jpg,Leszek_Miller,1,1.0,0.7434391975402832,0.7434391975402832,Leszek_Miller,John_Snow,Manfred_Stolpe,Mike_Price,Valery_Giscard_dEstaing,George_Ryan,Costas_Simitis,Art_Howe,Bob_Hope,John_Spencer,Peter_Struck,Carlos_Bianchi,Yasar_Yakis,Larry_Brown,Klaus_Zwickel,Stephen_Friedman,Frank_Lautenberg,Bill_Graham,John_McCallum,Kemal_Dervis,Franz_Beckenbauer,Paul_ONeill,Hipolito_Mejia,Nabil_Shaath,Jose_Serra,Carl_Reiner,Paul_Patton,Robert_Duvall,Harry_Schmidt,Cesar_Maia,Robert_Bonner,Joseph_Biden,Billy_Graham,Peter_Arnett,Dick_Cheney,Ibrahim_Jaafari,Mel_Brooks,James_Ivory,Lauren_Killian,Chuck_Yeager,Joseph_Blatter,Michael_Chiklis,Fidel_Castro,Ralph_Lauren,Silvio_Berlusconi,Job_Cohen,Jerry_Falwell,John_Malkovich,Pete_Sampras,Slobodan_Milosevic
probe/Li_Peng/Li_Peng_0002.jpg,Li_Peng,1,1.0,0.9106796979904175,0.9106796979904175,Li_Peng,Hu_Jintao,Lee_Hoi-chang,Annette_Lu,Kim_Ryong-sung,Jia_Qinglin,Hun_Sen,Lim_Dong-won,Kim_Dae-jung,Kim_Jong-Il,Pedro_Malan,Gao_Qiang,Gary_Locke,Angelo_Reyes,Yoko_Ono,Hichiro_Naemura,Thaksin_Shinawatra,Megawati_Sukarnoputri,Flor_Montulo,Jong_Thae_Hwa,Pamela_Anderson,Antony_Leung,Kim_Jin-sun,Chok_Tong_Goh,Liu_Mingkang,Chang_Dae-whan,Heizo_Takenaka,Prince_Naruhito,Dalai_Lama,Charles_Kartman,Sam_Bith,Coretta_Scott_King,Tim_Allen,Nasser_al-Kidwa,Wang_Yingfan,Michael_Chang,Gabriel_Valdes,Carlos_Ghosn,Anwar_Ibrahim,Alvaro_Uribe,Lee_Jun,Francis_Ford_Coppola,Chung_Mong-hun,Carlos_Quintanilla_Schmidt,Goh_Kun,Paul_Patton,Dave_Campo,Dai_Bachtiar,Henrique_Meirelles,Candie_Kung
probe/Lili_Taylor/Lili_Taylor_0002.jpg,Lili_Taylor,1,1.0,0.716074526309967,0.716074526309967,Lili_Taylor,Nastassia_Kinski,Hannah_Stockbauer,Jane_Kaczmarek,LeAnn_Rimes,Vanessa_Incontrada,Tom_Crean,Rita_Wilson,Mariangel_Ruiz_Torrealba,Pamela_Anderson,Hideki_Matsui,Reese_Witherspoon,Geraldine_Chaplin,Dolma_Tsering,Sandra_Bullock,Queen_Beatrix,Maria_Luisa_Mendonca,Julianne_Moore,Trent_Lott,Silvia_Farina_Elia,Kate_Capshaw,Carol_Burnett,Amber_Tamblyn,John_Wolf,Judy_Genshaft,Angelo_Reyes,Bill_Simon,Chung_Mong-hun,Martina_McBride,Elin_Nordegren,Dave_Campo,Juan_Manuel_Marquez,Jacqueline_Obradors,Patrick_Ewing,Beth_Jones,Lee_Hoi-chang,Serena_Williams,Elisabeth_Schumacher,Jennifer_Aniston,Jorge_Arce,Raquel_Welch,Allison_Janney,Li_Peng,Carolyn_Dawn_Johnson,Larry_Brown,Tom_Daschle,Rob_Schneider,Julie_Gerberding,Hun_Sen,Cyndi_Thompson
probe/Lily_Tomlin/Lily_Tomlin_0002.jpg,Lily_Tomlin,2,0.5,0.5877923965454102,0.5439964532852173,Doris_Schroeder,Lily_Tomlin,Marisa_Tomei,Doug_Collins,Valery_Giscard_dEstaing,Paul_Patton,Pascal_Lamy,Arsinee_Khanjian,Patricia_Heaton,Gray_Davis,Julianna_Margulies,Nancy_Reagan,Jennifer_Connelly,Dennis_Kucinich,Yukiko_Okudo,Costas_Simitis,Jimmy_Carter,Benazir_Bhutto,Vanessa_Incontrada,Nancy_Pelosi,David_Kelley,Igor_Ivanov,Heidi_Fleiss,David_Heymann,James_Franco,Johnny_Carson,Jennifer_Aniston,Nelson_Mandela,Cyndi_Thompson,Rita_Wilson,Ferenc_Madl,John_Snow,Joerg_Haider,James_Kelly,Daryl_Hannah,Daisy_Fuentes,Tim_Allen,Benjamin_Netanyahu,Roy_Williams,Annette_Bening,Martha_Burk,Emile_Lahoud,Alexandra_Vodjanikova,Silvio_Berlusconi,Ralph_Lauren,John_Howard,Juan_Valencia_Osorio,Mathias_Reichhold,Carol_Burnett,Pat_Cox
probe/Lim_Dong-won/Lim_Dong-won_0002.jpg,Lim_Dong-won,1,1.0,0.8966066837310791,0.8966066837310791,Lim_Dong-won,Li_Peng,Hu_Jintao,Gary_Locke,Lee_Hoi-chang,Kim_Ryong-sung,Chen_Liang_Yu,Gao_Qiang,Antony_Leung,Liu_Mingkang,Kim_Dae-jung,Dalai_Lama,Megawati_Sukarnoputri,Alberto_Fujimori,Jia_Qinglin,Kim_Jin-sun,Chok_Tong_Goh,Nasser_al-Kidwa,Chang_Dae-whan,Yoko_Ono,Anwar_Ibrahim,Lino_Oviedo,Henrique_Meirelles,Hichiro_Naemura,Saparmurat_Niyazov,Thaksin_Shinawatra,Arye_Mekel,Hun_Sen,Munir_Akram,Colin_Powell,Annette_Lu,Dai_Bachtiar,Jackie_Chan,Pedro_Malan,GL_Peiris,Johnson_Panjaitan,Heizo_Takenaka,Saddam_Hussein,Charles_Kartman,Wang_Yingfan,Chung_Mong-hun,Bill_Nelson,Flor_Montulo,Jong_Thae_Hwa,Lee_Jun,Stanley_Tong,Paul_Patton,Franz_Muentefering,Jorge_Castaneda,Fayssal_Mekdad
probe/Lina_Krasnoroutskaya/Lina_Krasnoroutskaya_0002.jpg,Lina_Krasnoroutskaya,1,1.0,0.7182286977767944,0.7182286977767944,Lina_Krasnoroutskaya,Jennifer_Thompson,Amanda_Beard,Chanda_Rubin,Natalie_Coughlin,Hannah_Stockbauer,Lindsay_Davenport,George_Karl,Meghann_Shaughnessy,Claire_Hentzen,Carolyn_Dawn_Johnson,Ann_Veneman,Magui_Serna,Marlene_Weingartner,Eunice_Barber,Blythe_Hartley,Don_Nickles,Martina_Hingis,Michael_Chang,Anna_Kournikova,Hayley_Tullett,Iva_Majoli,Conchita_Martinez,Larry_Coker,Queen_Beatrix,James_Morris,Gian_Marco,Daniela_Hantuchova,Sachiko_Yamada,Eve_Pelletier,Julie_Gerberding,Luis_Horna,Rick_Romley,Silvia_Farina_Elia,Bill_Graham,Dennis_Kozlowski,John_Reilly,David_Nalbandian,Judi_Dench,Gwendal_Peizerat,Silvan_Shalom,Gunter_Pleuger,Serena_Williams,Richard_Norton-Taylor,Robert_Zoellick,Diana_Taurasi,Lisa_Raymond,Joe_Torre,Tamara_Brooks,Bernard_Landry
probe/Lindsay_Benko/Lindsay_Benko_0002.jpg,Lindsay_Benko,1,1.0,0.7862704396247864,0.7862704396247864,Lindsay_Benko,Blythe_Hartley,Claire_Hentzen,Martha_Bowen,Stacy_Dragila,Lindsay_Davenport,Nadia_Petrova,Diana_Taurasi,Sachiko_Yamada,Janica_Kostelic,Hayley_Tullett,Jennifer_Thompson,Justine_Henin,Julie_Gerberding,Sharon_Frey,Serena_Williams,Bill_Graham,Julianne_Moore,Hannah_Stockbauer,Jamling_Norgay,Patty_Schnyder,Monica_Seles,Lisa_Raymond,Tamara_Brooks,Anna_Kournikova,Jorge_Rodolfo_Canicoba_Corral,Joe_Nichols,Eve_Pelletier,Jim_Furyk,Jennifer_Rodriguez,Tom_Crean,Natalie_Coughlin,Amber_Tamblyn,Spencer_Abraham,Yao_Ming,Hanan_Ashrawi,Jan_Ullrich,Gro_Harlem_Brundtland,Nicolas_Lapentti,Prince_Harry,Larry_Lucchino,Gunter_Pleuger,Michael_Chang,Mike_Babcock,Paul-Henri_Mathieu,Dale_Earnhardt_Jr,Geraldine_Chaplin,Maria_Luisa_Mendonca,Jodie_Foster,Bob_Hope
probe/Lindsay_Davenport/Lindsay_Davenport_0002.jpg,Lindsay_Davenport,1,1.0,0.9181570410728455,0.9181570410728455,Lindsay_Davenport,Marlene_Weingartner,Arantxa_Sanchez-Vicario,Nadia_Petrova,Blythe_Hartley,Jennifer_Thompson,Natalie_Coughlin,Hayley_Tullett,Sharon_Frey,Stacy_Dragila,Meghann_Shaughnessy,Magui_Serna,George_Karl,Daniela_Hantuchova,Scott_McClellan,Martina_Hingis,Patty_Schnyder,Julie_Gerberding,Herta_Daeubler-Gmelin,James_Schultz,Lindsay_Benko,Eve_Pelletier,Venus_Williams,Mikhail_Youzhny,Elinor_Caplan,Carolyn_Dawn_Johnson,Janica_Kostelic,Silvia_Farina_Elia,Conchita_Martinez,Lon_Kruger,Steve_Park,Sheila_Copps,Slobodan_Milosevic,Serena_Williams,Rick_Romley,Guillermo_Coria,Paula_Radcliffe,Lina_Krasnoroutskaya,Juan_Pablo_Montoya,Kathleen_Kennedy_Townsend,Goran_Persson,Gustavo_Kuerten,Amber_Tamblyn,Shannon_OBrien,Bill_Graham,Nia_Vardalos,Anna_Kournikova,George_Foreman,Justine_Henin,Nelson_Mandela
probe/Lindsey_Graham/Lindsey_Graham_0002.jpg,Lindsey_Graham,1,1.0,0.7844020128250122,0.7844020128250122,Lindsey_Graham,William_Ford_Jr,Jean_Carnahan,Scott_McNealy,Gray_Davis,Bob_Colvin,Owen_Wilson,Steve_Spurrier,Vaclav_Havel,Yevgeny_Kafelnikov,Alan_Ball,Prince_Willem-Alexander,John_Manley,Bill_Gates,Howard_Dean,Justin_Leonard,Sandra_Bullock,Mack_Brown,Robert_Zoellick,Tim_Floyd,Peter_Harrison,Paul_McCartney,Anders_Ebbeson,Ilan_Ramon,Richard_Gephardt,Nadia_Petrova,David_Spade,Lindsay_Davenport,Greg_Owen,Justine_Henin,Dennis_Powell,Martha_Burk,Alejandro_Avila,Bill_Belichick,David_Myers,Gary_Forsee,Kevin_Spacey,Bill_Parcells,David_Nalbandian,James_Kopp,Monica_Seles,Bruce_Van_De_Velde,Thomas_Fargo,Lyle_Vanclief,Christine_Gregoire,Thomas_Birmingham,Paul_Bremer,Brian_Griese,Donna_Shalala,Elsa_Zylberstein
probe/Lino_Oviedo/Lino_Oviedo_0002.jpg,Lino_Oviedo,1,1.0,0.9582921266555786,0.9582921266555786,Lino_Oviedo,Silvio_Berlusconi,Adolfo_Rodriguez_Saa,Fayssal_Mekdad,Gil_de_Ferran,Vladimir_Putin,Kim_Dae-jung,David_Myers,Boris_Berezovsky,Fidel_Castro,Igor_Ivanov,John_Howard,Pat_Cox,Nestor_Kirchner,Benjamin_Netanyahu,John_Abizaid,Arlen_Specter,Hillary_Clinton,Jorge_Castaneda,Xanana_Gusmao,Robert_Kocharian,Alejandro_Toledo,Mel_Brooks,Joseph_Blatter,Emile_Lahoud,Alexander_Rumyantsev,Ian_McKellen,Coretta_Scott_King,Pamela_Anderson,Anna_Kournikova,Ken_Watanabe,Li_Peng,Edward_James_Olmos,Pete_Sampras,Lee_Hoi-chang,Silvan_Shalom,Al_Davis,Mary_Tyler_Moore,Vicente_Fernandez,Carl_Reiner,Martin_Scorsese,Kevin_Spacey,Lee_Jun,Carlos_Quintanilla_Schmidt,Megawati_Sukarnoputri,Larry_Brown,Chuck_Amato,Dick_Latessa,Gabriel_Valdes,Mohamed_Benaissa
probe/Lionel_Richie/Lionel_Richie_0002.jpg,Lionel_Richie,1,1.0,0.81971275806427,0.81971275806427,Lionel_Richie,John_Allen_Muhammad,Hun_Sen,Patrick_Ewing,Morgan_Freeman,Jesse_Jackson,Lloyd_Ward,Alejandro_Toledo,Grady_Irvin_Jr,Hassan_Wirajuda,Chris_Tucker,David_Leahy,Juan_Valencia_Osorio,Carol_Moseley_Braun,OJ_Simpson,John_Stallworth,Franco_Dragone,Patti_Labelle,Joe_Calzaghe,Johnson_Panjaitan,Alejandro_Avila,Jean-Claude_Juncker,Geno_Auriemma,Yasser_Arafat,Vanessa_Williams,Kathleen_Glynn,James_Butts,Larry_Johnson,Steve_Waugh,Tim_Allen,Johnny_Depp,Serena_Williams,Allen_Iverson,Jean-David_Levitte,Justin_Guarini,George_Robertson,Trent_Lott,Dai_Bachtiar,Joseph_Estrada,Gisele_Bundchen,Paul_Bremer,John_Blaney,Reese_Witherspoon,Martina_McBride,Alastair_Campbell,Nelson_Mandela,Anwar_Ibrahim,Laurent_Gbagbo,Duane_Lee_Chapman,Bertrand_Bonello
probe/Lisa_Gottsegen/Lisa_Gottsegen_0002.jpg,Lisa_Gottsegen,1,1.0,0.861790657043457,0.861790657043457,Lisa_Gottsegen,Leslie_Ann_Woodward,Marie-Reine_Le_Gougne,Benazir_Bhutto,Kristin_Davis,Charlotte_Rampling,Raquel_Welch,Carolina_Moraes,Dale_Earnhardt_Jr,Lindsay_Davenport,Bridget_Fonda,Lindsay_Benko,Donatella_Versace,Oscar_De_La_Hoya,Venus_Williams,Damon_van_Dam,Elizabeth_Shue,Matthew_Perry,Beth_Jones,Bernardo_Segura,Kathryn_Bigelow,Jessica_Lange,Jennifer_Connelly,Thabo_Mbeki,Emmanuelle_Beart,Charles_Schumer,Justin_Guarini,Keira_Knightley,Gwendal_Peizerat,Jennifer_Lopez,Manuel_Poggiali,Eric_Hinske,Ricardo_Maduro,Eve_Pelletier,Nadia_Petrova,Sue_Wicks,Monica_Bellucci,Serena_Williams,James_Ivory,Alejandro_Toledo,Nancy_Reagan,Marlene_Weingartner,Stacy_Dragila,Lauren_Killian,Meghann_Shaughnessy,John_Allen_Muhammad,Elisabeth_Schumacher,Alejandro_Atchugarry,Valdas_Adamkus,Bill_Frist
probe/Lisa_Ling/Lisa_Ling_0002.jpg,Lisa_Ling,1,1.0,0.7435451745986938,0.7435451745986938,Lisa_Ling,Michelle_Yeoh,Karen_Mok,Sachiko_Yamada,Yukiko_Okudo,Lee_Hoi-chang,Li_Peng,Marisa_Tomei,Flor_Montulo,James_Parker,Emma_Thompson,Robert_Zoellick,Hitomi_Soga,Anthony_LaPaglia,Megawati_Sukarnoputri,Corinne_Coman,Oscar_De_La_Hoya,Arnold_Palmer,Edward_Lu,Bill_Frist,Zhang_Ziyi,Annette_Bening,Ozzy_Osbourne,Kim_Dae-jung,Brad_Johnson,Gary_Winnick,Goh_Kun,Saparmurat_Niyazov,Sean_Astin,John_Walsh,Mack_Brown,Ricky_Ponting,Dennis_Powell,Thaksin_Shinawatra,Sam_Bith,Bruce_Weber,Kwon_Yang-sook,Lee_Jun,Alejandro_Atchugarry,Joseph_Estrada,Yoko_Ono,Wang_Yingfan,George_Pataki,Amelia_Vega,Mike_Weir,Benazir_Bhutto,Dolma_Tsering,Bo_Ryan,Bill_Callahan,Anna_Kournikova
probe/Lisa_Raymond/Lisa_Raymond_0002.jpg,Lisa_Raymond,1,1.0,0.7784266471862793,0.7784266471862793,Lisa_Raymond,Eve_Pelletier,Tom_Glavine,Iva_Majoli,Anna_Kournikova,Justine_Henin,Meghann_Shaughnessy,Monica_Seles,Stacy_Dragila,Venus_Williams,Paula_Radcliffe,Padraig_Harrington,Jim_Furyk,Martina_Hingis,Nadia_Petrova,Mike_Weir,Diana_Taurasi,Brooke_Shields,Mitchell_Daniels,Justin_Leonard,Jennifer_Rodriguez,Candie_Kung,Lindsay_Davenport,Marlene_Weingartner,Patty_Schnyder,Amanda_Beard,Geraldine_Chaplin,Daniela_Hantuchova,Sachiko_Yamada,Martha_Bowen,Kim_Jong-Il,Gary_Carter,Tomoko_Hagiwara,Michael_Chang,Jada_Pinkett_Smith,Emma_Thompson,Sarah_Jessica_Parker,Amelia_Vega,Taufik_Hidayat,Yao_Ming,Costas_Simitis,Lee_Jun,Magui_Serna,Dennis_Powell,Amanda_Coetzer,Arantxa_Sanchez-Vicario,Antony_Leung,Silvia_Farina_Elia,Yevgeny_Kafelnikov,Carolina_Moraes
probe/Liu_Mingkang/Liu_Mingkang_0002.jpg,Liu_Mingkang,1,1.0,0.8961449265480042,0.8961449265480042,Liu_Mingkang,Hu_Jintao,Chen_Liang_Yu,Jong_Thae_Hwa,Alejandro_Toledo,Chung_Mong-joon,Kim_Dae-jung,Lim_Dong-won,Kim_Ryong-sung,Edward_Lu,Alberto_Fujimori,Wang_Yingfan,Lee_Hoi-chang,Gao_Qiang,Gary_Locke,Li_Peng,Antony_Leung,Prince_Naruhito,Yoko_Ono,Chung_Mong-hun,Lee_Jun,Megawati_Sukarnoputri,Thaksin_Shinawatra,Jackie_Chan,Stanley_Tong,Kim_Jin-sun,Hun_Sen,Ken_Watanabe,Ron_Dittemore,Kwon_Yang-sook,Chang_Dae-whan,Kosuke_Kitajima,Lee_Tae-sik,Annette_Lu,Jorge_Castaneda,Hichiro_Naemura,Albrecht_Mentz,Jia_Qinglin,Charles_Kartman,Michael_Chang,Mitoji_Yabunaka,Munir_Akram,Heizo_Takenaka,Hamzah_Haz,Jamling_Norgay,Spencer_Abraham,Tom_Cruise,Lino_Oviedo,Franz_Muentefering,Bobby_Goldwater
probe/Liza_Minnelli/Liza_Minnelli_0002.jpg,Liza_Minnelli,1,1.0,0.8946225643157959,0.8946225643157959,Liza_Minnelli,John_Kerry,Arianna_Huffington,Lily_Tomlin,Celine_Dion,Jose_Manuel_Durao_Barroso,Sheila_Copps,Stockard_Channing,Queen_Beatrix,Barry_Alvarez,Thierry_Falise,Paul_Bremer,Juanes,Jason_Kidd,Ahmad_Masood,Marc_Grossman,Alvaro_Noboa,Marisa_Tomei,Lynne_Cheney,Benazir_Bhutto,Donna_Shalala,Nia_Vardalos,Mike_Price,Oswaldo_Paya,Kathleen_Glynn,Susan_Collins,Nabil_Shaath,Peter_Arnett,Julie_Taymor,Jose_Serra,Christine_Ebersole,George_Ryan,Nicanor_Duarte_Frutos,Ibrahim_Jaafari,Heidi_Fleiss,Claire_Leger,Richard_Krajicek,Joe_Calzaghe,Stanley_McChrystal,Nancy_Pelosi,Kevin_Stallings,Arantxa_Sanchez-Vicario,Elvis_Presley,Lindsay_Davenport,Eric_Rosser,Natalie_Maines,John_Snow,Klaus_Zwickel,Jesse_Jackson,Nancy_Reagan
probe/Lloyd_Ward/Lloyd_Ward_0002.jpg,Lloyd_Ward,1,1.0,0.7627233862876892,0.7627233862876892,Lloyd_Ward,George_Pataki,Jesse_Jackson,Angelo_Reyes,Michael_Chang,Antony_Leung,Christopher_Walken,Todd_Haynes,Rob_Schneider,William_Ford_Jr,GL_Peiris,Colin_Powell,Jose_Viegas_Filho,Roy_Moore,Kenneth_Evans,Pedro_Malan,Vladimir_Putin,Julianne_Moore,Nelson_Mandela,Sam_Bith,Dennis_Kucinich,Francis_George,Jorge_Batlle,Mikhail_Kasyanov,Ilan_Ramon,Chok_Tong_Goh,Edward_Lu,Mark_Hamister,Alan_Mulally,Shaukat_Aziz,Bernard_Landry,Ray_Nagin,John_Jumper,Gerardo_Gambala,Jay_Rasulo,Leslie_Moonves,Christopher_Patten,Emile_Lahoud,Tim_Allen,Ali_Abbas,Dick_Cheney,Doug_Collins,Bruce_Van_De_Velde,Kim_Jong-Il,Ralph_Lauren,Fred_Eckhard,Valerie_Harper,James_Cunningham,Igor_Ivanov,Denise_Johnson
probe/Lon_Kruger/Lon_Kruger_0002.jpg,Lon_Kruger,1,1.0,0.8471145629882812,0.8471145629882812,Lon_Kruger,Jason_Alexander,Cruz_Bustamante,Francis_Mer,Peter_Arnett,Costas_Simitis,Paul_McCartney,Gil_de_Ferran,Bob_Hope,Richard_Shelby,John_Negroponte,Matthew_Perry,Goran_Persson,Butch_Davis,Jim_Furyk,Kristin_Davis,Jennifer_Connelly,Dennis_Kucinich,Barry_Alvarez,Damon_van_Dam,Robert_Duvall,Scott_McClellan,Bill_Frist,Sharon_Frey,Thomas_Birmingham,Jean_Brumley,Mitchell_Daniels,Lindsay_Davenport,Hans_Eichel,Kevin_Spacey,John_Timoney,John_McCormack,Robin_McLaurin_Williams,Jesse_Jackson,Klaus_Zwickel,Robert_Zoellick,Jose_Manuel_Durao_Barroso,Len_Jenoff,Guy_Hemmings,Tyra_Banks,Guy_Ritchie,John_McEnroe,Nadia_Petrova,Venus_Williams,David_Nalbandian,Nestor_Kirchner,Paula_Radcliffe,Mikhail_Youzhny,Jorge_Rodolfo_Canicoba_Corral,Bridget_Fonda
probe/Lord_Hutton/Lord_Hutton_0002.jpg,Lord_Hutton,1,1.0,0.8395675420761108,0.8395675420761108,Lord_Hutton,Franz_Beckenbauer,Charlton_Heston,Joseph_Biden,Klaus_Zwickel,Frank_Lautenberg,John_Howard,Al_Davis,Stephen_Friedman,Robert_Duvall,Leszek_Miller,Dick_Latessa,John_Snow,Prince_Willem-Alexander,Bill_Graham,Dick_Cheney,Trent_Lott,Jean-Claude_Braquet,Valery_Giscard_dEstaing,Johnny_Carson,Fidel_Castro,Bob_Beauprez,Charles_Schumer,Valdas_Adamkus,Chuck_Yeager,Frank_Cassell,Yasar_Yakis,James_Morris,Jennifer_Connelly,Bob_Hope,Joseph_Blatter,Arnold_Palmer,David_Dodge,Lech_Walesa,Larry_Coker,Robin_Cook,Robert_Bonner,Pascal_Lamy,Elsa_Zylberstein,Gray_Davis,Vaclav_Havel,Geoff_Hoon,Kieran_Prendergast,Robert_Zoellick,Donald_Evans,Slobodan_Milosevic,John_Manley,John_Timoney,Jim_Furyk,Roy_Williams
probe/Lou_Piniella/Lou_Piniella_0002.jpg,Lou_Piniella,1,1.0,0.7335317134857178,0.7335317134857178,Lou_Piniella,Darren_Clarke,Zoran_Djindjic,Benjamin_Netanyahu,Colin_Powell,John_Manley,Sandra_Bullock,Mack_Brown,Richard_Sambrook,Adrian_Nastase,Paul_William_Hurley,Justin_Leonard,Aleksander_Kwasniewski,Jean-David_Levitte,Michael_J_Sheehan,Alexander_Rumyantsev,Tom_Craddick,John_Howard,Billy_Sollie,Alexander_Losyukov,Larry_Lindsey,James_Kelly,Mike_Miller,Sam_Bith,Carlo_Ancelotti,Howard_Dean,Steve_Spurrier,Mario_Dumont,James_Jones,Bo_Ryan,Tim_Floyd,George_Karl,Tom_Daschle,Anders_Ebbeson,Lindsey_Graham,Robert_DeFraites,Jorge_Batlle,Saparmurat_Niyazov,Frank_Solich,James_Schultz,Abel_Pacheco,William_Martin,Peter_Harrison,Abdullah_al-Attiyah,Roy_Williams,Spencer_Abraham,Charlton_Heston,John_Rosa,John_Abizaid,Dave_Campo
probe/Luciano_Pavarotti/Luciano_Pavarotti_0002.jpg,Luciano_Pavarotti,1,1.0,0.9378131031990051,0.9378131031990051,Luciano_Pavarotti,Fidel_Castro,Abdullah,Vicente_Fernandez,Hassan_Nasrallah,Mohammad_Khatami,Abdel_Nasser_Assidi,Alejandro_Avila,Dorthy_Moxley,Kathleen_Glynn,Marwan_Barghouthi,Pupi_Avati,Yasser_Arafat,Edward_Norton,Gerry_Adams,Nancy_Pelosi,Gregory_Hines,Luis_Horna,John_Blaney,Ali_Khamenei,Matthew_Perry,Osama_bin_Laden,John_Howard,Cruz_Bustamante,Steven_Spielberg,Carlos_Ghosn,Emanuel_Ginobili,Albert_Costa,Martha_Beatriz_Roque,Abel_Pacheco,Robert_Kocharian,Eric_Rosser,Hillary_Clinton,Dino_de_Laurentis,Sophia_Loren,Branko_Crvenkovski,John_Negroponte,Robert_De_Niro,Lynn_Abraham,Joseph_Estrada,Art_Hoffmann,Debra_Brown,Chris_Rock,Ibrahim_Jaafari,Ken_Watanabe,Nestor_Kirchner,Kathryn_Bigelow,Spencer_Abraham,Alberto_Ruiz_Gallardon,Xanana_Gusmao
probe/Luis_Figo/Luis_Figo_0002.jpg,Luis_Figo,1,1.0,0.8662649393081665,0.8662649393081665,Luis_Figo,Christian_Fittipaldi,Greg_Rusedski,Vitali_Klitschko,Emily_Robison,Jean-David_Levitte,Simon_Cowell,Aldo_Paredes,Mario_Dumont,Barbra_Streisand,Kiki_Vandeweghe,Hashim_Thaci,Chuck_Yeager,Jack_Straw,Albert_Costa,Hanan_Ashrawi,Paul_Bremer,Oscar_De_La_Hoya,Rich_Gannon,Aaron_Sorkin,Geraldine_Chaplin,Mike_Babcock,Mike_Weir,Mel_Brooks,Marcelo_Salas,Anders_Fogh_Rasmussen,John_Ruiz,Susan_Collins,Gary_Forsee,Tony_Bennett,Martha_Burk,Ernie_Fletcher,Ronald_Reagan,James_Kelly,Christian_Wulff,Marat_Safin,William_Martin,Peter_Bacanovic,Monica_Seles,Sophia_Loren,Tim_Floyd,Bob_Beauprez,Zoran_Djindjic,Kathy_Winters,Stanley_McChrystal,Jamie_Villafane,Dick_Cheney,Trent_Lott,Charlton_Heston,Brad_Johnson
probe/Luis_Gonzalez_Macchi/Luis_Gonzalez_Macchi_0002.jpg,Luis_Gonzalez_Macchi,1,1.0,0.8842977285385132,0.8842977285385132,Luis_Gonzalez_Macchi,Michael_Chiklis,Saddam_Hussein,Igor_Ivanov,Gunter_Pleuger,Jesse_Jackson,Asa_Hutchinson,Jose_Serra,Cruz_Bustamante,Pascal_Lamy,Iain_Duncan_Smith,Juergen_Peters,Art_Howe,Kemal_Dervis,Gary_Carter,Ibrahim_Jaafari,Benjamin_Netanyahu,Robert_De_Niro,Costas_Simitis,Marc_Grossman,Hector_Babenco,Monica_Bellucci,John_Snow,Lou_Piniella,James_Cunningham,Francis_George,Rick_Romley,Abdullah_Gul,Pedro_Solbes,Dennis_Erickson,Christopher_Patten,Peter_Struck,Len_Jenoff,Larry_Lucchino,John_Spencer,Mike_Holmgren,Ralph_Lauren,Marwan_Barghouthi,Paul_Patton,Reese_Witherspoon,Jay_Rasulo,Yasser_Arafat,Billy_Sollie,Alejandro_Avila,Peter_Arnett,Paulo_Cesar_Pinheiro,Hipolito_Mejia,Leon_LaPorte,Dick_Cheney,Bijan_Namdar_Zangeneh
probe/Luis_Horna/Luis_Horna_0002.jpg,Luis_Horna,1,1.0,0.8413509726524353,0.8413509726524353,Luis_Horna,Daniel_Day-Lewis,Barrett_Jackman,Kifah_Ajouri,Laurent_Jalabert,Dan_Wheldon,Greg_Rusedski,Pete_Sampras,Mathias_Reichhold,Albert_Costa,Matt_Doherty,Fidel_Castro,Mario_Cipollini,Mike_Weir,Jim_Carrey,Emanuel_Ginobili,Juan_Manuel_Marquez,Robert_Kocharian,Martin_Scorsese,Joe_Torre,Mary-Kate_Olsen,Demetrius_Ferraciu,Paul-Henri_Mathieu,Heidi_Fleiss,Anna_Kournikova,Francis_Ford_Coppola,Padraig_Harrington,Larry_Coker,Sally_Kirkland,Blythe_Danner,Jeffrey_Scott_Postell,Aitor_Gonzalez,Mark_Warner,Iban_Mayo,John_Howard,Hector_Babenco,Silvan_Shalom,Hermann_Maier,Jose_Mourinho,Theo_Epstein,Ron_Howard,Jada_Pinkett_Smith,Yasar_Yakis,Vicente_Fernandez,Martin_Verkerk,Boris_Becker,Peter_Hillary,Stephen_Friedman,Ellen_Engleman,Mary_Tyler_Moore
probe/Luiz_Felipe_Scolari/Luiz_Felipe_Scolari_0002.jpg,Luiz_Felipe_Scolari,1,1.0,0.8594094514846802,0.8594094514846802,Luiz_Felipe_Scolari,Jorge_Rodolfo_Canicoba_Corral,Mark_Geragos,Eduardo_Duhalde,Yasser_Arafat,Luis_Gonzalez_Macchi,Francis_Mer,Charles_Schumer,John_Negroponte,Peter_Arnett,Ibrahim_Jaafari,Sean_Penn,John_Garamendi,Chuck_Amato,Gunter_Pleuger,Vitali_Klitschko,Paula_Radcliffe,John_Timoney,Barry_Alvarez,Robin_McLaurin_Williams,James_Ivory,Boris_Berezovsky,Ahmet_Necdet_Sezer,Frank_Cassell,Emanuel_Ginobili,Guillermo_Ortiz,Marwan_Barghouthi,Alvaro_Noboa,Nestor_Kirchner,Igor_Ivanov,Anthony_Hopkins,Cruz_Bustamante,Jose_Manuel_Durao_Barroso,Benjamin_Netanyahu,Augusto_Roa_Bastos,Marc_Grossman,Bobby_Robson,Lon_Kruger,Dick_Cheney,Mikulas_Dzurinda,Vicki_Zhao_Wei,Jose_Serra,Bill_Graham,Michael_Chiklis,Joe_Torre,Bob_Hope,Dennis_Kozlowski,Brad_Johnson,Costas_Simitis,Slobodan_Milosevic
probe/Luke_Walton/Luke_Walton_0002.jpg,Luke_Walton,1,1.0,0.8162804841995239,0.8162804841995239,Luke_Walton,Joe_Calzaghe,James_Kelly,Yao_Ming,Barry_Zito,Mike_Miller,Bruce_Van_De_Velde,Johnny_Depp,Johnny_Unitas,Aron_Ralston,Michael_Ballack,Scott_McNealy,Justin_Leonard,Paul_McNulty,Angelo_Reyes,Nelson_Mandela,Roy_Williams,Gray_Davis,Venus_Williams,Richard_Krajicek,Steve_Park,Johnson_Panjaitan,Taufik_Hidayat,Sam_Bith,John_Kerry,Mack_Brown,Gregg_Popovich,Alan_Mulally,Kevin_Stallings,Queen_Beatrix,Jason_Kidd,Hamzah_Haz,Paul_Bremer,Michael_Phelps,Hitomi_Soga,Nora_Bendijo,Mike_Tyson,Joe_Gatti,Andrew_Bunner,John_F_Kennedy_Jr,Tomoko_Hagiwara,Jorge_Arce,Ernie_Eves,Joseph_Ralston,Ricky_Barnes,Ricky_Ponting,Flor_Montulo,Juan_Valencia_Osorio,Ben_Glisan,Andrei_Mikhnevich
probe/Lyle_Vanclief/Lyle_Vanclief_0002.jpg,Lyle_Vanclief,1,1.0,0.8635306358337402,0.8635306358337402,Lyle_Vanclief,Aleksander_Kwasniewski,Dennis_Erickson,Bill_Nelson,Nick_Nolte,Howard_Smith,James_Kelly,Robert_Zoellick,Charlton_Heston,Zoran_Djindjic,Tom_Daschle,Roy_Williams,Bill_Graham,Roman_Polanski,Richard_Sambrook,Chuck_Yeager,Christopher_Patten,Trent_Lott,Robert_DeFraites,Dave_Campo,Frank_Solich,John_Walsh,Harry_Kalas,Carlo_Ancelotti,Lou_Piniella,Bob_Hope,Don_Nickles,Brad_Johnson,Ron_Dittemore,Bobby_Robson,Robert_Bonner,Bo_Ryan,Dick_Vermeil,Charles_Grassley,Todd_Haynes,Sam_Bith,Kemal_Dervis,Arnold_Palmer,Wesley_Clark,Hootie_Johnson,Mike_Holmgren,John_Manley,Gary_Williams,Mack_Brown,Tim_Floyd,Michael_Kostelnik,Thomas_Fargo,Gray_Davis,Adrian_Nastase,Rick_Romley
probe/Lynn_Abraham/Lynn_Abraham_0002.jpg,Lynn_Abraham,112,0.008928571428571428,0.5720661878585815,0.2600792646408081,Sheila_Copps,Zoran_Djindjic,Aleksander_Kwasniewski,Benjamin_Netanyahu,Serena_Williams,Venus_Williams,Slobodan_Milosevic,Adrian_Nastase,Chris_Bell,Jean_Carnahan,Sally_Kirkland,Martha_Burk,Joan_Claybrook,Elizabeth_Dole,Valdas_Adamkus,Kathleen_Kennedy_Townsend,Jean_Brumley,Lindsay_Davenport,Helen_Clark,Iain_Duncan_Smith,Arantxa_Sanchez-Vicario,Claire_Leger,Biljana_Plavsic,Janet_Thorpe,Arianna_Huffington,Yasar_Yakis,Dennis_Erickson,Adolfo_Aguilar_Zinser,Elinor_Caplan,Nelson_Mandela,Herta_Daeubler-Gmelin,Adrian_McPherson,Gregg_Popovich,Ozzy_Osbourne,Mikulas_Dzurinda,Ashanti,Marlene_Weingartner,Mack_Brown,Klaus_Zwickel,Ann_Veneman,Cameron_Diaz,Miguel_Contreras,Roy_Williams,David_Kelley,Julie_Gerberding,Rick_Romley,Kelli_White,Ahmad_Masood,Marc_Grossman,Paulo_Cesar_Pinheiro
probe/Lynne_Cheney/Lynne_Cheney_0002.jpg,Lynne_Cheney,1,1.0,0.7774466276168823,0.7774466276168823,Lynne_Cheney,Jeanne_Moreau,Maggie_Smith,Paula_Zahn,Barbara_Walters,Melanie_Griffith,Jessica_Lange,Jean_Brumley,Goldie_Hawn,Karin_Stoiber,Queen_Beatrix,Christine_Ebersole,Doris_Schroeder,Liza_Minnelli,Penelope_Ann_Miller,Ralph_Lauren,Ann_Veneman,Trent_Lott,Kathleen_Glynn,Jorge_Batlle,Jose_Serra,Martha_Beatriz_Roque,Sally_Kirkland,Sheila_Copps,Frances_Fisher,Carol_Burnett,Jane_Pauley,Allison_Janney,Peter_Struck,Jolanta_Kwasniewski,Joseph_Biden,Mary_Carey,Elizabeth_Dole,Kristanna_Loken,Angela_Lansbury,Mariah_Carey,Martina_McBride,Julie_Gerberding,Luis_Gonzalez_Macchi,Meryl_Streep,Bernard_Landry,Jose_Viegas_Filho,Yasser_Arafat,Gloria_Macapagal_Arroyo,John_Snow,Jeffrey_Archer,Lynn_Abraham,Jane_Fonda,John_Spencer,Doris_Roberts
probe/Mack_Brown/Mack_Brown_0002.jpg,Mack_Brown,1,1.0,0.8011553883552551,0.8011553883552551,Mack_Brown,Bill_Frist,James_Kelly,Trent_Lott,Tom_Daschle,Michael_Kostelnik,Bruce_Van_De_Velde,Joseph_Ralston,Gary_Williams,Gary_Carter,Carlo_Ancelotti,Aron_Ralston,Robert_Zoellick,Gregg_Popovich,Hootie_Johnson,Bill_Callahan,Bill_Simon,Aleksander_Kwasniewski,Lawrence_MacAulay,John_Kerry,Yao_Ming,Luke_Walton,Paul_McNulty,John_Jumper,Robert_DeFraites,Roy_Moore,Monica_Seles,Dennis_Kucinich,Alan_Mulally,Anders_Ebbeson,David_Kelley,Gray_Davis,Venus_Williams,Nick_Nolte,Paul_Bremer,Bill_Belichick,Zoran_Djindjic,Chris_Bell,Prince_Willem-Alexander,Roy_Williams,Bill_Nelson,Marc_Grossman,Justin_Leonard,George_Pataki,Andrei_Mikhnevich,Sam_Bith,Richard_Gephardt,John_Manley,Antonio_Banderas,Leslie_Moonves
probe/Madonna/Madonna_0002.jpg,Madonna,1,1.0,0.7617948651313782,0.7617948651313782,Madonna,Sarah_Jessica_Parker,Lea_Fastow,Julianne_Moore,Paula_Radcliffe,Jennifer_Lopez,Valerie_Harper,Monica_Bellucci,Nancy_Pelosi,Sue_Wicks,Emmanuelle_Beart,Nancy_Reagan,Patricia_Heaton,Hillary_Clinton,Vanessa_Williams,Barbara_Brezigar,Elsa_Zylberstein,Heidi_Fleiss,Gillian_Anderson,Jo_Dee_Messina,Dennis_Kucinich,Edie_Falco,Melanie_Griffith,Amelia_Vega,Sheila_Copps,Alastair_Campbell,Cameron_Diaz,Priscilla_Presley,Chita_Rivera,Lauren_Killian,Lana_Clarkson,Vince_Carter,Shannon_OBrien,Pamela_Anderson,Gustavo_Kuerten,Elizabeth_Dole,Hermann_Maier,Anneli_Jaatteenmaki,Celine_Dion,Michael_Phelps,Erika_Christensen,Robin_McLaurin_Williams,Edward_Norton,Demetrius_Ferraciu,Tom_Daschle,Alice_Fisher,Marc_Grossman,Julianna_Margulies,Dorthy_Moxley,Goldie_Hawn
probe/Maggie_Smith/Maggie_Smith_0002.jpg,Maggie_Smith,1,1.0,0.6939777135848999,0.6939777135848999,Maggie_Smith,Frances_Fisher,Allison_Janney,Lynn_Abraham,Martha_Beatriz_Roque,Paula_Radcliffe,Gwendal_Peizerat,Jane_Kaczmarek,Patti_Labelle,Jorge_Rodolfo_Canicoba_Corral,Claire_Hentzen,Julianne_Moore,Maria_Luisa_Mendonca,Lynne_Cheney,Karin_Stoiber,Edie_Falco,Jean_Carnahan,Hillary_Clinton,Debra_Brown,Hannah_Stockbauer,Eduardo_Duhalde,Biljana_Plavsic,Ann_Veneman,Barbara_Walters,LeAnn_Rimes,Tamara_Brooks,Jodie_Foster,Hanan_Ashrawi,Paul_ONeill,Goldie_Hawn,Nastassia_Kinski,Marina_Anissina,Larry_Brown,Ellen_Engleman,Alicia_Silverstone,Blythe_Danner,Cristina_Saralegui,Sam_Torrance,Franz_Muentefering,Carlos_Ghosn,Nestor_Kirchner,Gro_Harlem_Brundtland,Christine_Gregoire,Andrew_Niccol,Christine_Ebersole,George_Tenet,Chris_Cooper,Abel_Pacheco,Joe_Mantello,Michael_Chiklis
probe/Magui_Serna/Magui_Serna_0002.jpg,Magui_Serna,1,1.0,0.9000006318092346,0.9000006318092346,Magui_Serna,Silvia_Farina_Elia,Conchita_Martinez,Monica_Seles,Martina_Hingis,Arantxa_Sanchez-Vicario,Blythe_Hartley,Meghann_Shaughnessy,Stacy_Dragila,Lindsay_Davenport,Vanessa_Incontrada,Hayley_Tullett,Janet_Thorpe,Martha_Bowen,Julie_Gerberding,Nadia_Petrova,Guillermo_Coria,Aitor_Gonzalez,Lou_Piniella,Rita_Wilson,Lina_Krasnoroutskaya,Daniela_Hantuchova,George_Karl,Elisabeth_Schumacher,Fabiola_Zuluaga,Jennifer_Thompson,Greg_Gilbert,Anna_Kournikova,Marlene_Weingartner,Robert_Mueller,Claire_Hentzen,Hanan_Ashrawi,Bo_Ryan,Jason_Jennings,Prince_Edward,Kurt_Busch,Alexander_Losyukov,Howard_Dean,Jorge_Arce,LeAnn_Rimes,Biljana_Plavsic,Mikhail_Youzhny,Lindsay_Benko,Sam_Torrance,Martha_Burk,Carolyn_Dawn_Johnson,Ilan_Ramon,Jennifer_Rodriguez,Candie_Kung,Dave_Campo
probe/Manfred_Stolpe/Manfred_Stolpe_0002.jpg,Manfred_Stolpe,1,1.0,0.9577116966247559,0.9577116966247559,Manfred_Stolpe,Jay_Garner,Leszek_Miller,George_Ryan,Slobodan_Milosevic,Chuck_Yeager,Peter_Arnett,Billy_Graham,John_Snow,Yasar_Yakis,Jimmy_Carter,Mike_Price,John_Rigas,Ralph_Lauren,Augusto_Roa_Bastos,Bobby_Robson,Joseph_Biden,Paul_Patton,Warren_Buffett,Mel_Brooks,Howard_Dean,Jose_Serra,Boris_Yeltsin,Bijan_Namdar_Zangeneh,John_Spencer,Ernie_Eves,Sally_Kirkland,Peter_Struck,Franz_Beckenbauer,Bill_Graham,James_Morris,Kemal_Dervis,Valdas_Adamkus,Joe_Torre,Harry_Kalas,Paul_ONeill,Jerry_Falwell,George_Foreman,Hipolito_Mejia,Robert_Bonner,Elvis_Presley,Larry_Lindsey,Antonio_Banderas,Omar_Sharif,Leon_LaPorte,Martin_Scorsese,John_McCallum,Johnny_Carson,LeBron_James,Nelson_Mandela
probe/Manuel_Poggiali/Manuel_Poggiali_0002.jpg,Manuel_Poggiali,1,1.0,0.6597163081169128,0.6597163081169128,Manuel_Poggiali,Yao_Ming,Nicolas_Lapentti,Jim_Furyk,Marat_Safin,Jennifer_Rodriguez,Emanuel_Ginobili,David_Coulthard,Julio_Iglesias_Jr,Bode_Miller,Demetrius_Ferraciu,Jonathan_Edwards,Fabiola_Zuluaga,Marc-Andre_Fleury,Harbhajan_Singh,Bernardo_Segura,Albert_Costa,Nadia_Petrova,Robby_Ginepri,Ben_Curtis,Claire_Hentzen,Adam_Scott,Stacy_Dragila,Takashi_Sorimachi,Anna_Kournikova,Sourav_Ganguly,Kurt_Busch,Diana_Taurasi,Paula_Radcliffe,Darrell_Porter,Juan_Pablo_Montoya,Gerardo_Gambala,Matthew_Perry,Hayley_Tullett,James_Franco,JJ_Redick,John_Abizaid,Joe_Nichols,Pete_Sampras,Jackie_Chan,Freddy_Garcia,Guillermo_Coria,Mike_Weir,Tom_Cruise,Mikhail_Youzhny,Marlene_Weingartner,Conchita_Martinez,James_McGreevey,Michael_Chang,Elsa_Zylberstein
probe/Marat_Safin/Marat_Safin_0002.jpg,Marat_Safin,1,1.0,0.6772959232330322,0.6772959232330322,Marat_Safin,Guillermo_Coria,Nadia_Petrova,David_Coulthard,Jim_Furyk,Demetrius_Ferraciu,Mike_Weir,Hayley_Tullett,Mikhail_Youzhny,Conchita_Martinez,Daniela_Hantuchova,Magui_Serna,David_Bell,Nicolas_Lapentti,Jorge_Arce,Aitor_Gonzalez,Robby_Ginepri,Jan_Ullrich,Jason_Jennings,Lou_Piniella,Blythe_Hartley,Barrett_Jackman,Theo_Epstein,Yao_Ming,Ben_Curtis,Julio_Iglesias_Jr,Albert_Costa,Martina_Hingis,Marc-Andre_Fleury,Richard_Sambrook,Richard_Krajicek,Joe_Nichols,LeBron_James,Gustavo_Kuerten,Paul-Henri_Mathieu,Justin_Leonard,Martin_Verkerk,Steve_Park,Yevgeny_Kafelnikov,Tom_Cruise,Julie_Gerberding,Jason_Lezak,Chris_Rock,Gil_de_Ferran,Emanuel_Ginobili,Adam_Scott,Rich_Gannon,Raghad_Saddam_Hussein,Marcelo_Salas,Dale_Earnhardt_Jr
probe/Marc-Andre_Fleury/Marc-Andre_Fleury_0002.jpg,Marc-Andre_Fleury,1,1.0,0.9472076296806335,0.9472076296806335,Marc-Andre_Fleury,Rich_Gannon,Oscar_De_La_Hoya,Mike_Weir,Julio_Iglesias_Jr,Manuel_Poggiali,Christian_Fittipaldi,Albert_Costa,Kim_Jong-Il,Jan_Ullrich,Tom_Cruise,Jimmy_Carter,Marat_Safin,Iban_Mayo,Augusto_Pinochet,Marlene_Weingartner,Sheila_Wellstone,Jefferson_Perez,Charlton_Heston,Stacy_Dragila,Bruce_Weber,David_Trimble,Demetrius_Ferraciu,John_Abizaid,Richard_Gephardt,John_Snow,Queen_Beatrix,Prince_Willem-Alexander,Emanuel_Ginobili,Richard_Krajicek,Justin_Leonard,Franz_Beckenbauer,Ben_Curtis,Mariah_Carey,Anders_Fogh_Rasmussen,Nicolas_Lapentti,Ferenc_Madl,Bob_Colvin,Bernard_Landry,Richie_Adubato,Howard_Dean,Matthew_Perry,Alexander_Rumyantsev,Jack_Straw,Jorge_Batlle,Liza_Minnelli,Peter_Harrison,Steve_Spurrier,Gray_Davis,Boris_Becker
probe/Marc_Grossman/Marc_Grossman_0002.jpg,Marc_Grossman,1,1.0,0.8184162974357605,0.8184162974357605,Marc_Grossman,Bill_Gates,Jose_Manuel_Durao_Barroso,Trent_Lott,Bill_Simon,Tom_Crean,David_Trimble,Bud_Selig,John_Garamendi,Alastair_Campbell,David_Leahy,Chris_Tucker,Paul_Bremer,Mikhail_Kasyanov,Geno_Auriemma,Charles_Grassley,Jim_Harrick,Sharon_Frey,Christian_Wulff,Brad_Johnson,David_Heymann,Charlton_Heston,Yevgeny_Kafelnikov,Ronald_Reagan,John_Kerry,Abel_Pacheco,Abdullah_Gul,Jack_Straw,Ernie_Fletcher,Yasser_Arafat,Lawrence_MacAulay,Nestor_Kirchner,Hassan_Wirajuda,Jean-David_Levitte,Bill_Frist,Ron_Dittemore,Franko_Simatovic,Robin_McLaurin_Williams,Oswaldo_Paya,Aldo_Paredes,Fred_Eckhard,Georgi_Parvanov,Mikulas_Dzurinda,George_Robertson,Patrice_Chereau,Jean-Claude_Trichet,Nicanor_Duarte_Frutos,Frank_Griswold,Jean-Claude_Juncker,Tom_Daschle
probe/Marcelo_Salas/Marcelo_Salas_0002.jpg,Marcelo_Salas,1,1.0,0.8285907506942749,0.8285907506942749,Marcelo_Salas,Marat_Safin,Carlo_Ancelotti,Mario_Dumont,Albert_Costa,Marco_Antonio_Barrera,Mike_Babcock,Alejandro_Avila,Simon_Cowell,Mark_Cuban,Hashim_Thaci,Jonathan_Edwards,John_Abizaid,Cristina_Saralegui,Edward_Said,Hanan_Ashrawi,Oscar_De_La_Hoya,Robert_Kocharian,Rich_Gannon,Silvan_Shalom,Paulo_Cesar_Pinheiro,Frank_Dunham_Jr,Michael_Phelps,Gray_Davis,Steve_Park,Hal_Sutton,Anna_Kournikova,Christian_Fittipaldi,John_Manley,Ricky_Ponting,Jim_Edmonds,Jean-David_Levitte,Gerry_Adams,Guillermo_Coria,Kiki_Vandeweghe,Pete_Sampras,Amanda_Coetzer,Tony_Bennett,Harry_Schmidt,Aitor_Gonzalez,Mariah_Carey,Raghad_Saddam_Hussein,Barbra_Streisand,Bill_Parcells,Jefferson_Perez,Luis_Figo,James_Kelly,Joe_Gatti,Alexander_Losyukov,Jennifer_Aniston
probe/Marco_Antonio_Barrera/Marco_Antonio_Barrera_0002.jpg,Marco_Antonio_Barrera,1,1.0,0.8535126447677612,0.8535126447677612,Marco_Antonio_Barrera,Marcelo_Salas,Osama_bin_Laden,Joe_Nichols,Jesse_James_Leija,Luis_Figo,Bernardo_Segura,Simon_Cowell,Alejandro_Toledo,Juan_Pablo_Montoya,John_Ruiz,Edward_Lu,Nia_Vardalos,Hisao_Oguchi,Oswaldo_Paya,Vincent_Brooks,Gloria_Macapagal_Arroyo,Nabil_Shaath,Manuel_Poggiali,Harry_Schmidt,Helen_Clark,Alejandro_Avila,Arianna_Huffington,Christian_Fittipaldi,Vitali_Klitschko,Ray_Nagin,Ricardo_Maduro,Eduardo_Duhalde,Jonathan_Edwards,Alex_Barros,Michael_Ballack,George_Robertson,Melanie_Griffith,Jackie_Chan,Ian_McKellen,Dino_de_Laurentis,Priscilla_Owen,Adam_Scott,Joe_Torre,Sourav_Ganguly,Joe_Calzaghe,Aldo_Paredes,Hassan_Wirajuda,Hashim_Thaci,Elvis_Presley,Mel_Brooks,Hanan_Ashrawi,Ibrahim_Jaafari,Dwayne_Johnson,Nicolas_Lapentti
probe/Marcus_Gronholm/Marcus_Gronholm_0002.jpg,Marcus_Gronholm,1,1.0,0.5892407894134521,0.5892407894134521,Marcus_Gronholm,Tom_Daschle,Trent_Lott,Bill_Simon,John_Kerry,Jonathan_Edwards,Brad_Johnson,Jason_Jennings,Amelia_Vega,Paul-Henri_Mathieu,Antonio_Banderas,Yevgeny_Kafelnikov,Aleksander_Kwasniewski,Leslie_Moonves,Padraig_Harrington,James_Parker,Derek_Lowe,Branko_Crvenkovski,Carlos_Manuel_Pruneda,Gil_de_Ferran,Bill_Nelson,Kirk_Ferentz,Gustavo_Kuerten,Daisy_Fuentes,Larry_Bowa,John_Allen_Muhammad,Dennis_Kucinich,Bill_Frist,Sue_Wicks,Jim_Carrey,Vanessa_Incontrada,Geno_Auriemma,Marat_Safin,George_Lopez,Gordon_Campbell,Darren_Clarke,Ian_Thorpe,Gary_Doer,Eve_Pelletier,Damon_van_Dam,Dave_Campo,Celine_Dion,Lana_Clarkson,Charlton_Heston,Vitali_Klitschko,Jon_Gruden,Wesley_Clark,Luke_Walton,Barry_Zito,Richard_Branson
probe/Margaret_Thatcher/Margaret_Thatcher_0002.jpg,Margaret_Thatcher,1,1.0,0.7850606441497803,0.7850606441497803,Margaret_Thatcher,Debra_Brown,Martha_Burk,Lynn_Abraham,Joan_Claybrook,Gro_Harlem_Brundtland,Biljana_Plavsic,Betsy_Smith,Queen_Beatrix,Jean_Carnahan,Kathy_Winters,Julie_Gerberding,Steven_Spielberg,Jimmy_Carter,Joseph_Deiss,Lynne_Cheney,Jose_Dirceu,Frances_Fisher,Maggie_Smith,Joseph_Blatter,Sean_Patrick_OMalley,Jean_Brumley,Claire_Leger,Kathleen_Kennedy_Townsend,Martha_Beatriz_Roque,Angela_Lansbury,Helen_Clark,Nancy_Pelosi,Hillary_Clinton,Nestor_Kirchner,Karin_Stoiber,Spencer_Abraham,Christine_Gregoire,Claire_Hentzen,Robin_Cook,Herta_Daeubler-Gmelin,Yasser_Arafat,Marc_Grossman,Judi_Dench,Vaclav_Havel,Gary_Winnick,Kathleen_Glynn,Anneli_Jaatteenmaki,Jorge_Batlle,Lindsay_Benko,Gunter_Pleuger,Arianna_Huffington,Hichiro_Naemura,John_Rigas,Doris_Roberts
probe/Maria_Luisa_Mendonca/Maria_Luisa_Mendonca_0002.jpg,Maria_Luisa_Mendonca,1,1.0,0.8451526165008545,0.8451526165008545,Maria_Luisa_Mendonca,Jane_Kaczmarek,Nastassia_Kinski,Jodie_Foster,Michelle_Pfeiffer,Tom_Crean,Frances_Fisher,Geraldine_Chaplin,Emmit_Smith,Isabelle_Huppert,David_Spade,Kristanna_Loken,Kate_Capshaw,Marina_Anissina,Bud_Selig,Carlos_Ghosn,Silvan_Shalom,Claire_Danes,Martina_McBride,Phil_Vassar,Allison_Janney,Kathleen_Glynn,Elin_Nordegren,Natalie_Maines,Ellen_Engleman,Isaiah_Washington,Maggie_Smith,Goldie_Hawn,Tamara_Brooks,Joe_Mantello,Gwendal_Peizerat,Trent_Lott,Pamela_Anderson,Betsy_Smith,Frank_Solich,Amber_Tamblyn,Sophia_Loren,Anna_Nicole_Smith,Lloyd_Ward,Penelope_Ann_Miller,Ilan_Ramon,Kathryn_Bigelow,Bill_Gates,Patrick_Ewing,Julie_Gerberding,Alicia_Silverstone,Amanda_Beard,Lynne_Cheney,Evan_Rachel_Wood,Julianne_Moore
probe/Mariah_Carey/Mariah_Carey_0002.jpg,Mariah_Carey,1,1.0,0.7458642721176147,0.7458642721176147,Mariah_Carey,Mary_Carey,Melanie_Griffith,Pamela_Anderson,Erika_Christensen,Christina_Aguilera,Lindsay_Davenport,Oscar_De_La_Hoya,Natalie_Coughlin,Kristin_Davis,Cristina_Saralegui,Anna_Kournikova,Joseph_Biden,Duane_Lee_Chapman,Jessica_Lange,Don_Nickles,Kristanna_Loken,Elizabeth_Shue,Roy_Williams,Nabil_Shaath,Eduardo_Duhalde,Courtney_Love,John_Malkovich,Howard_Dean,Drew_Barrymore,Martha_Beatriz_Roque,Richard_Norton-Taylor,Cyndi_Thompson,Mary-Kate_Olsen,Steven_Spielberg,Stellan_Skarsgard,Boris_Becker,Scott_McClellan,Fidel_Castro,Jay_Garner,Ashanti,Jane_Pauley,Sally_Kirkland,Igor_Ivanov,Alexander_Losyukov,Ricky_Ponting,Richard_Gephardt,Eddie_Sutton,George_Pataki,Evan_Rachel_Wood,Julianne_Moore,Hans_Eichel,James_Smith,Carlo_Ancelotti,Gwendal_Peizerat
probe/Mariangel_Ruiz_Torrealba/Mariangel_Ruiz_Torrealba_0002.jpg,Mariangel_Ruiz_Torrealba,1,1.0,0.9176278710365295,0.9176278710365295,Mariangel_Ruiz_Torrealba,Miyako_Miyazaki,Cindy_Margolis,LeAnn_Rimes,Sandra_Bullock,Spencer_Abraham,Elin_Nordegren,Allison_Janney,Howard_Smith,Raghad_Saddam_Hussein,George_Voinovich,Tom_Daschle,Julie_Gerberding,Lee_Hoi-chang,Marisa_Tomei,Marina_Anissina,Julianna_Margulies,Andrew_Cuomo,Kristanna_Loken,Amber_Tamblyn,Corinne_Coman,Angelo_Reyes,Anna_Nicole_Smith,Liza_Minnelli,Saddam_Hussein,Mario_Kreutzberger,Hilmi_Ozkok,Julianne_Moore,Kim_Dae-jung,Richard_Gephardt,Maria_Luisa_Mendonca,Trent_Lott,Paul_Patton,Katie_Harman,Ernesto_Zedillo,Colin_Powell,Brooke_Shields,Gil_de_Ferran,Mary_Tyler_Moore,Sachiko_Yamada,Vanessa_Incontrada,Ralph_Lauren,Richard_Branson,Hun_Sen,Martin_Scorsese,Olesya_Bonabarenko,Abdullah_al-Attiyah,Chris_Cooper,Carlos_Ghosn,Arnold_Palmer
probe/Marie-Reine_Le_Gougne/Marie-Reine_Le_Gougne_0002.jpg,Marie-Reine_Le_Gougne,1,1.0,0.669938325881958,0.669938325881958,Marie-Reine_Le_Gougne,Julianne_Moore,Christine_Ebersole,Gillian_Anderson,Lea_Fastow,Lisa_Gottsegen,Arsinee_Khanjian,Betsy_Smith,Lynn_Abraham,Arianna_Huffington,Drew_Barrymore,Kathryn_Bigelow,Nia_Vardalos,Priscilla_Owen,Charlotte_Rampling,Benazir_Bhutto,Beth_Jones,Jolanta_Kwasniewski,Isabelle_Huppert,Kathy_Winters,Maria_Luisa_Mendonca,Meryl_Streep,Lindsay_Benko,Bridget_Fonda,Jodie_Foster,Karin_Stoiber,Martina_McBride,Helen_Clark,Dale_Earnhardt_Jr,Kathleen_Glynn,Frances_Fisher,Leslie_Ann_Woodward,Kristin_Davis,Gloria_Macapagal_Arroyo,Sarah_Jessica_Parker,Martha_Burk,Paula_Radcliffe,Nancy_Reagan,Margaret_Thatcher,Barbra_Streisand,Anneli_Jaatteenmaki,Patricia_Clarkson,Michelle_Pfeiffer,Amber_Tamblyn,Alejandro_Avila,Debra_Brown,Tammy_Lynn_Michaels,Joseph_Deiss,Elizabeth_Shue,Nancy_Pelosi
probe/Marilyn_Monroe/Marilyn_Monroe_0002.jpg,Marilyn_Monroe,64,0.015625,0.5244255065917969,0.25718769431114197,Reese_Witherspoon,Pamela_Anderson,Julianne_Moore,Jesse_Jackson,Vanessa_Williams,Melanie_Griffith,Dennis_Erickson,Gillian_Anderson,Elin_Nordegren,Julianna_Margulies,Jessica_Lange,Mariangel_Ruiz_Torrealba,Richard_Branson,Dolly_Parton,Saddam_Hussein,LeAnn_Rimes,Monica_Bellucci,Meryl_Streep,Gisele_Bundchen,Wesley_Clark,David_Heyman,Lyle_Vanclief,Omar_Sharif,Anwar_Ibrahim,Doris_Schroeder,Lauren_Hutton,Luis_Gonzalez_Macchi,Fran_Drescher,Jorge_Batlle,Jose_Sarney,Christina_Aguilera,Penelope_Ann_Miller,Courtney_Love,Kristanna_Loken,Madonna,Joe_Calzaghe,Mike_Tyson,Nick_Nolte,Daniel_Day-Lewis,Howard_Smith,Amber_Tamblyn,Emmanuelle_Beart,Liza_Minnelli,Colin_Powell,Peter_Struck,Johnson_Panjaitan,Joseph_Estrada,Christine_Ebersole,Judi_Dench,Spencer_Abraham
probe/Marina_Anissina/Marina_Anissina_0002.jpg,Marina_Anissina,959,0.0010427528675703858,0.6481907367706299,-0.16302534937858582,Stacy_Dragila,Jennifer_Thompson,Gwendal_Peizerat,Sharon_Frey,Marlene_Weingartner,Christine_Gregoire,Lindsay_Davenport,Monica_Seles,Prince_Harry,Jan_Ullrich,Elijah_Wood,Claire_Hentzen,Debra_Brown,Nadia_Petrova,Jason_Lezak,Blythe_Hartley,Sachiko_Yamada,Lindsay_Benko,Julie_Gerberding,Eve_Pelletier,Sheila_Wellstone,Emma_Thompson,David_Nalbandian,Arantxa_Sanchez-Vicario,Yevgeny_Kafelnikov,Paula_Radcliffe,Marc-Andre_Fleury,Meghann_Shaughnessy,Guy_Ritchie,Conchita_Martinez,Bill_Frist,Venus_Williams,Jim_Furyk,Boris_Becker,John_Rowland,Ozzy_Osbourne,Janet_Thorpe,Ilan_Ramon,Alvaro_Uribe,William_Ford_Jr,Bridget_Fonda,Joe_Nichols,Camilla_Parker_Bowles,Howard_Dean,Jamling_Norgay,Iban_Mayo,Kim_Jong-Il,Arnaud_Clement,Bruce_Van_De_Velde,Jennifer_Rodriguez
probe/Mario_Cipollini/Mario_Cipollini_0002.jpg,Mario_Cipollini,1,1.0,0.8203358054161072,0.8203358054161072,Mario_Cipollini,Barrett_Jackman,Kristanna_Loken,Mike_Weir,Mathias_Reichhold,Martin_Verkerk,Silvio_Berlusconi,Jim_Carrey,John_Snow,Yevgeny_Kafelnikov,Larry_Brown,Kiki_Vandeweghe,Hipolito_Mejia,Julie_Taymor,Gil_de_Ferran,Brian_Griese,Frank_Solich,Alvaro_Uribe,David_Heyman,Blythe_Danner,Paul-Henri_Mathieu,Ben_Glisan,Vanessa_Williams,Justin_Leonard,Richard_Gephardt,Geraldine_Chaplin,Pascal_Quignard,George_Voinovich,Michelle_Pfeiffer,Richard_Branson,Mike_Price,Billy_Sollie,Bo_Ryan,Jan_Ullrich,Anthony_Hopkins,James_Kelly,Dennis_Powell,Brian_Wells,Nick_Nolte,John_Jumper,Padraig_Harrington,Joseph_Biden,Allison_Janney,Luis_Horna,Felix_Mantilla,Larry_Ellison,Alvaro_Noboa,Marcus_Gronholm,Robert_Zoellick,Marc_Grossman
probe/Mario_Dumont/Mario_Dumont_0002.jpg,Mario_Dumont,1,1.0,0.5855233669281006,0.5855233669281006,Mario_Dumont,Oscar_De_La_Hoya,Ben_Glisan,Antonio_Banderas,Michael_Chang,Andy_Hebb,Mark_Heller,Jonathan_Edwards,George_Lopez,Simon_Cowell,Marcelo_Salas,Brian_Wells,Martha_Burk,Iain_Duncan_Smith,Bob_Colvin,Colin_Powell,Johnson_Panjaitan,Alberto_Ruiz_Gallardon,Gary_Doer,John_F_Kennedy_Jr,Adolfo_Rodriguez_Saa,Leander_Paes,Spencer_Abraham,Bernardo_Segura,Sandra_Bullock,Alan_Ball,Joe_Gatti,Gil_de_Ferran,Andrew_Cuomo,Zoran_Djindjic,Justin_Leonard,Paul-Henri_Mathieu,Mike_Miller,Augustin_Calleri,Robert_Zoellick,James_McGreevey,Federico_Trillo,Pascal_Lamy,Aitor_Gonzalez,Brian_Cowen,Nia_Vardalos,Jose_Theodore,Emile_Lahoud,Alejandro_Toledo,Tom_Daschle,Silvan_Shalom,Gary_Forsee,Sam_Bith,Peter_Bacanovic,Robert_Kocharian
probe/Mario_Kreutzberger/Mario_Kreutzberger_0002.jpg,Mario_Kreutzberger,1,1.0,0.7319952249526978,0.7319952249526978,Mario_Kreutzberger,John_Abizaid,Vicente_Fernandez,Frank_Dunham_Jr,Saparmurat_Niyazov,Bruce_Weber,Dick_Clark,Jose_Sarney,Ernesto_Zedillo,Robert_Mueller,Saddam_Hussein,Alexander_Rumyantsev,Pete_Sampras,Hilmi_Ozkok,Spencer_Abraham,Mark_Schweiker,Paul_William_Hurley,Ronald_Reagan,James_Kelly,Paul_Bremer,Martin_Scorsese,John_Taylor,John_Kerry,Matt_Doherty,Peter_Harrison,Vaclav_Havel,Kim_Dae-jung,Heizo_Takenaka,Nicanor_Duarte_Frutos,Albert_Costa,Pupi_Avati,Tom_Daschle,Jorge_Castaneda,Paul_McNulty,Ismail_Merchant,Jia_Qinglin,Sophia_Loren,Thomas_Fargo,Alexander_Losyukov,Olesya_Bonabarenko,Howard_Dean,Masum_Turker,Jean-David_Levitte,Steve_Spurrier,Bill_Callahan,Gabriel_Valdes,George_Robertson,John_Rosa,Bill_Frist,Oswaldo_Paya
probe/Marisa_Tomei/Marisa_Tomei_0002.jpg,Marisa_Tomei,1,1.0,0.8272968530654907,0.8272968530654907,Marisa_Tomei,Sandra_Bullock,Jennifer_Aniston,Gianna_Angelopoulos-Daskalaki,Cristina_Fernandez,Julie_Gerberding,Nia_Vardalos,Celine_Dion,Daisy_Fuentes,Mack_Brown,Elizabeth_Smart,Juanes,Rita_Wilson,Liza_Minnelli,Oswaldo_Paya,Fran_Drescher,Vanessa_Incontrada,Paul_Bremer,Lou_Piniella,Michelle_Yeoh,Nick_Nolte,Desiree_Lemosi,Zoran_Djindjic,Gregg_Popovich,Queen_Beatrix,Luis_Gonzalez_Macchi,Elin_Nordegren,Joseph_Estrada,Ann_Veneman,Hashim_Thaci,Sharon_Frey,Marat_Safin,Elisabeth_Schumacher,Hipolito_Mejia,Raghad_Saddam_Hussein,Silvio_Berlusconi,Martha_Burk,Kate_Capshaw,Brian_Cowen,Mariangel_Ruiz_Torrealba,Jimmy_Carter,James_Kelly,Annette_Bening,LeAnn_Rimes,Frank_Solich,Tom_Cruise,Howard_Smith,John_Manley,Priscilla_Owen,Hanan_Ashrawi
probe/Marissa_Jaret_Winokur/Marissa_Jaret_Winokur_0002.jpg,Marissa_Jaret_Winokur,1,1.0,0.7629939913749695,0.7629939913749695,Marissa_Jaret_Winokur,Kathleen_Kennedy_Townsend,Benazir_Bhutto,Cristina_Fernandez,Intisar_Ajouri,Ali_Abbas,Arianna_Huffington,Juanes,Liza_Minnelli,Priscilla_Owen,Nia_Vardalos,Monica_Bellucci,Kalpana_Chawla,William_Ford_Jr,Amber_Tamblyn,Ann_Veneman,Jeanne_Moreau,Grady_Irvin_Jr,Ahmad_Masood,Igor_Ivanov,Elizabeth_Smart,Vanessa_Incontrada,Juergen_Peters,Paul_Byrd,Alejandro_Toledo,Mohammad_Khatami,Jennifer_Lopez,Drew_Barrymore,Juan_Pablo_Montoya,Nabil_Shaath,Oswaldo_Paya,Gianna_Angelopoulos-Daskalaki,Vanessa_Williams,Leland_Chapman,Jimmy_Kimmel,Gloria_Allred,Sheila_Copps,Pedro_Solbes,Jason_Kidd,Claire_Danes,Nicanor_Duarte_Frutos,Jose_Serra,Herta_Daeubler-Gmelin,Robert_Mueller,Ibrahim_Jaafari,Marco_Antonio_Barrera,Claire_Leger,Daisy_Fuentes,Dino_de_Laurentis,Gloria_Macapagal_Arroyo
probe/Mark_Cuban/Mark_Cuban_0002.jpg,Mark_Cuban,1,1.0,0.8111518621444702,0.8111518621444702,Mark_Cuban,Gil_de_Ferran,Marcelo_Salas,Frank_Dunham_Jr,Mario_Kreutzberger,John_Kerry,Lon_Kruger,Georgi_Parvanov,Mike_Babcock,Oswaldo_Paya,Juanes,John_Rosa,Fayssal_Mekdad,Padraig_Harrington,Mohammad_Khatami,Garry_Trudeau,Eduardo_Duhalde,Jason_Alexander,Robert_Mueller,Pete_Rose,Bill_Callahan,Marat_Safin,Antonio_Banderas,Boris_Berezovsky,Jose_Manuel_Durao_Barroso,Christian_Fittipaldi,Bashar_Assad,Ben_Curtis,Oscar_De_La_Hoya,Juan_Pablo_Montoya,Sourav_Ganguly,Jim_Harrick,Alec_Baldwin,Harry_Schmidt,Laurent_Jalabert,Edward_Said,Ernesto_Zedillo,Albert_Costa,Paul_Bremer,Madonna,Nia_Vardalos,Mike_Weir,Conchita_Martinez,Demetrius_Ferraciu,John_F_Kennedy_Jr,Fabiola_Zuluaga,Celso_Amorim,Simon_Cowell,Sheila_Copps,Bill_Gates
probe/Mark_Dacey/Mark_Dacey_0002.jpg,Mark_Dacey,1,1.0,0.8386063575744629,0.8386063575744629,Mark_Dacey,LeBron_James,Michael_Phelps,Guillermo_Coria,Bill_Gates,Robbie_Fowler,Kevin_Spacey,Jason_Lezak,Trent_Lott,David_Bell,Demetrius_Ferraciu,Orlando_Bloom,Helen_Clark,Hayley_Tullett,Barry_Zito,Silvan_Shalom,Evan_Rachel_Wood,Mitchell_Daniels,Silvio_Berlusconi,Marat_Safin,Sharon_Frey,James_Traficant,Jonathan_Edwards,Rupert_Grint,Joe_Gatti,Pamela_Anderson,Sean_Astin,David_Trimble,Paul-Henri_Mathieu,George_Robertson,Bud_Selig,Brad_Johnson,Nicolas_Lapentti,Theo_Epstein,Bernard_Lord,Georgi_Parvanov,Geno_Auriemma,Elsa_Zylberstein,Andrei_Mikhnevich,Igor_Ivanov,David_Coulthard,Hillary_Clinton,Kurt_Busch,John_Garamendi,Jan_Ullrich,Paula_Radcliffe,Carlos_Manuel_Pruneda,Marc_Grossman,Sheila_Copps,Fred_Eckhard
probe/Mark_Geragos/Mark_Geragos_0002.jpg,Mark_Geragos,1,1.0,0.7663567066192627,0.7663567066192627,Mark_Geragos,Jesse_Jackson,Luiz_Felipe_Scolari,Mikulas_Dzurinda,Nestor_Kirchner,Alastair_Campbell,Igor_Ivanov,Kent_Rominger,Alvaro_Noboa,Edward_James_Olmos,Alejandro_Toledo,Lino_Oviedo,Mohammad_Khatami,Jeffrey_Jones,Paul_McCartney,Bobby_Goldwater,Gregory_Hines,Sean_Penn,Kevin_Spacey,Boris_Berezovsky,Eduardo_Duhalde,David_Myers,Jose_Manuel_Durao_Barroso,Jorge_Rodolfo_Canicoba_Corral,Fidel_Castro,Christopher_Walken,Thomas_OBrien,Ahmet_Necdet_Sezer,Alvaro_Uribe,Francis_Mer,Gunter_Pleuger,Vladimir_Putin,Art_Hoffmann,Fayssal_Mekdad,Dennis_Kucinich,Adolfo_Rodriguez_Saa,Marc_Grossman,Robert_De_Niro,Guy_Hemmings,Bill_Belichick,Ozzy_Osbourne,Abdullah_Gul,David_Leahy,John_Banko,Sandra_Bullock,Franko_Simatovic,Jorge_Valdano,Michel_Temer,John_Garamendi,Julie_Gerberding
probe/Mark_Hamister/Mark_Hamister_0002.jpg,Mark_Hamister,1,1.0,0.8581838011741638,0.8581838011741638,Mark_Hamister,Nestor_Kirchner,Mikulas_Dzurinda,Jose_Mourinho,Vladimir_Putin,David_Wolf,Yasar_Yakis,Larry_Coker,Bill_Frist,Jonathan_Edwards,Charlton_Heston,George_Tenet,Jack_Straw,Dick_Latessa,Chuck_Amato,Hector_Babenco,Inocencio_Arias,Ahmet_Necdet_Sezer,Anthony_Hopkins,Michelle_Pfeiffer,Paul_McCartney,Franko_Simatovic,John_Abizaid,Pascal_Lamy,Phil_Mickelson,David_Nalbandian,John_Rosa,Luiz_Felipe_Scolari,Benjamin_Netanyahu,Abdullah_al-Attiyah,Paul_ONeill,Alvaro_Uribe,John_Negroponte,James_Jones,Laurent_Jalabert,Ahmad_Masood,Madonna,Valerie_Harper,Oswaldo_Paya,Jean-Marc_de_La_Sabliere,Alex_Barros,Lynne_Cheney,Francis_Mer,Leslie_Moonves,Mark_Geragos,Frank_Stallone,Jorge_Rodolfo_Canicoba_Corral,Andrew_Cuomo,Goldie_Hawn,Christopher_Walken
probe/Mark_Heller/Mark_Heller_0002.jpg,Mark_Heller,1,1.0,0.7628867030143738,0.7628867030143738,Mark_Heller,Andrew_Cuomo,Jack_Grubman,Gil_de_Ferran,Chris_Cooper,Oscar_De_La_Hoya,Spencer_Abraham,Joe_Mantello,Leslie_Moonves,Edward_Said,John_F_Kennedy_Jr,David_Heymann,Mike_Babcock,Mark_Cuban,Darrell_Issa,Eduardo_Duhalde,Ernesto_Zedillo,Laurent_Jalabert,Bill_Simon,Alejandro_Avila,Michael_Douglas,Alex_Barros,Augusto_Roa_Bastos,Roy_Moore,Silvio_Berlusconi,Franco_Dragone,Federico_Trillo,Imad_Moustapha,Andrew_Niccol,Sean_Astin,Harvey_Weinstein,Georgi_Parvanov,Leander_Paes,Coretta_Scott_King,Bill_Frist,Alejandro_Toledo,John_Allen_Muhammad,Edward_James_Olmos,Ali_Abbas,Herb_Sendek,Vladimir_Putin,George_Tenet,Andy_Hebb,John_Rosa,Maria_Luisa_Mendonca,Marcelo_Salas,Brooke_Shields,Ron_Dittemore,Justin_Guarini,Ian_Thorpe
probe/Mark_Schweiker/Mark_Schweiker_0002.jpg,Mark_Schweiker,1,1.0,0.8168820738792419,0.8168820738792419,Mark_Schweiker,Mario_Kreutzberger,John_Abizaid,Fred_Funk,Hilmi_Ozkok,Hal_Sutton,Vicente_Fernandez,Thomas_Fargo,Spencer_Abraham,Jean-David_Levitte,Paul_Bremer,Dick_Clark,Saparmurat_Niyazov,Jim_Furyk,Saddam_Hussein,Frank_Dunham_Jr,Howard_Dean,Oswaldo_Paya,John_Snow,Masum_Turker,Hashim_Thaci,Jamie_Villafane,Stanley_McChrystal,Ronald_Reagan,Peter_Harrison,Trent_Lott,Cruz_Bustamante,James_Jones,David_Trimble,Bruce_Weber,John_Negroponte,Paul_William_Hurley,Ernie_Fletcher,Carlos_Ghosn,Joseph_Ralston,Alexander_Rumyantsev,Jim_Harrick,John_Rosa,Carmen_Electra,Lon_Kruger,Pete_Sampras,Frank_Lautenberg,Matt_Doherty,Mario_Dumont,Abdullah_Gul,Robert_Kocharian,Ben_Glisan,Albert_Costa,Mikhail_Youzhny,Guillermo_Ortiz
probe/Mark_Warner/Mark_Warner_0002.jpg,Mark_Warner,1,1.0,0.8079980611801147,0.8079980611801147,Mark_Warner,Mathias_Reichhold,Anibal_Ibarra,Howard_Dean,Doug_Collins,Juan_Manuel_Marquez,Peter_Hillary,John_Malkovich,Frank_Solich,William_Ford_Jr,Thomas_Fargo,Stephen_Friedman,Arlen_Specter,Joseph_Biden,Fidel_Castro,Jefferson_Perez,Vaclav_Havel,Iban_Mayo,Stanley_McChrystal,Dick_Clark,Jose_Serra,Boris_Becker,John_Spencer,Jim_Furyk,Klaus_Zwickel,John_Abizaid,Lord_Hutton,Bill_Graham,Daniel_Day-Lewis,Pete_Sampras,Hermann_Maier,Charlton_Heston,Aaron_Sorkin,Roy_Williams,Ron_Dittemore,Roman_Polanski,Richard_Gephardt,Claire_Danes,John_Jumper,Gary_Carter,Anders_Ebbeson,Guy_Ritchie,Joe_Torre,Greg_Rusedski,James_Kopp,Billy_Graham,Richard_Crenna,Gian_Marco,Robert_Duvall,Michael_Douglas
probe/Marlene_Weingartner/Marlene_Weingartner_0002.jpg,Marlene_Weingartner,1,1.0,0.6163635849952698,0.6163635849952698,Marlene_Weingartner,Arantxa_Sanchez-Vicario,Nadia_Petrova,Martina_Hingis,Daniela_Hantuchova,Conchita_Martinez,Kurt_Busch,Magui_Serna,Silvia_Farina_Elia,Carolina_Moraes,Julie_Gerberding,Justine_Henin,Meghann_Shaughnessy,Martha_Bowen,Lindsay_Davenport,Anna_Kournikova,John_Negroponte,Hayley_Tullett,Blythe_Hartley,Janet_Thorpe,Nia_Vardalos,Silvan_Shalom,Sue_Wicks,Diana_Taurasi,Tomoko_Hagiwara,Phil_Mickelson,Elizabeth_Smart,Justin_Leonard,Paula_Radcliffe,Arianna_Huffington,Hector_Babenco,Monica_Seles,Ben_Curtis,Janica_Kostelic,Lou_Piniella,Juergen_Peters,Marissa_Jaret_Winokur,Vanessa_Incontrada,Joseph_Deiss,Mike_Weir,Gloria_Allred,Jennifer_Rodriguez,Carolyn_Dawn_Johnson,Stacy_Dragila,Zoran_Djindjic,Fabiola_Zuluaga,Fayssal_Mekdad,Aitor_Gonzalez,Adrian_Nastase,Natalie_Coughlin
probe/Martha_Beatriz_Roque/Martha_Beatriz_Roque_0002.jpg,Martha_Beatriz_Roque,1,1.0,0.7926478385925293,0.7926478385925293,Martha_Beatriz_Roque,Julie_Gerberding,Jean_Carnahan,Lynne_Cheney,Debra_Brown,Biljana_Plavsic,Hanan_Ashrawi,Lynn_Abraham,Sophia_Loren,Fidel_Castro,Maggie_Smith,Margaret_Thatcher,Herta_Daeubler-Gmelin,Queen_Beatrix,Christine_Gregoire,Hillary_Clinton,Jolanta_Kwasniewski,Ellen_Engleman,Martha_Burk,Spencer_Abraham,Coretta_Scott_King,Karin_Stoiber,Gro_Harlem_Brundtland,Jonathan_Mostow,Jimmy_Carter,Jeanne_Moreau,Chris_Cooper,Frank_Solich,Tom_Crean,Joseph_Estrada,Joan_Claybrook,Judi_Dench,Amber_Tamblyn,Priscilla_Owen,Kwon_Yang-sook,Jorge_Batlle,Intisar_Ajouri,Maria_Luisa_Mendonca,Nestor_Kirchner,Gloria_Allred,Thomas_OBrien,Allison_Janney,Joseph_Biden,Blythe_Hartley,Gloria_Macapagal_Arroyo,Hitomi_Soga,Alexander_Losyukov,Alejandro_Avila,Pedro_Malan,Lindsay_Davenport
probe/Martha_Bowen/Martha_Bowen_0002.jpg,Martha_Bowen,4,0.25,0.47864478826522827,0.4273170530796051,Silvia_Farina_Elia,Claire_Hentzen,Phil_Vassar,Martha_Bowen,Ian_Thorpe,Eve_Pelletier,Jennifer_Aniston,Julianne_Moore,Jose_Manuel_Durao_Barroso,Natalie_Coughlin,Gisele_Bundchen,Diana_Taurasi,Peter_Greenaway,Nadia_Petrova,Bridget_Fonda,Allison_Janney,Tracee_Ellis_Ross,Intisar_Ajouri,Bill_Sizemore,Lili_Taylor,Alicia_Silverstone,Leander_Paes,Art_Howe,Hayley_Tullett,Justine_Henin,Hannah_Stockbauer,Kathryn_Bigelow,Hamzah_Haz,Gillian_Anderson,Edie_Falco,Igor_Ivanov,Benazir_Bhutto,John_Manley,Laura_Hernandez,Jamling_Norgay,Jennifer_Rodriguez,Maria_Luisa_Mendonca,Jeffrey_Jones,Dan_Wheldon,Dai_Bachtiar,Jacqueline_Obradors,Jane_Kaczmarek,William_Ford_Jr,Vanessa_Incontrada,Anna_Kournikova,Prince_Harry,Martin_Brodeur,Brigitte_Boisselier,Hillary_Clinton,Emma_Thompson
probe/Martha_Burk/Martha_Burk_0002.jpg,Martha_Burk,1,1.0,0.8199763298034668,0.8199763298034668,Martha_Burk,Queen_Beatrix,Hanan_Ashrawi,Jean_Brumley,Elisabeth_Schumacher,Elizabeth_Taylor,Sheila_Copps,Gloria_Allred,Lily_Tomlin,Margaret_Thatcher,Benazir_Bhutto,Claire_Leger,Ann_Veneman,Nancy_Pelosi,Frances_Fisher,Liza_Minnelli,Yukiko_Okudo,Judi_Dench,Geraldine_Chaplin,Venus_Williams,Michael_Kostelnik,Priscilla_Owen,Yoko_Ono,Annette_Bening,Sharon_Frey,Christine_Gregoire,Helen_Clark,Robert_DeFraites,Carol_Burnett,Elizabeth_Dole,John_Walsh,Biljana_Plavsic,Sam_Bith,Joseph_Ralston,Coretta_Scott_King,Jean_Carnahan,Colin_Powell,Robert_Zoellick,Pedro_Malan,Julie_Gerberding,Lynn_Abraham,Leland_Chapman,Joerg_Haider,Mike_Miller,Mack_Brown,Brian_Cowen,Alan_Ball,Kathleen_Kennedy_Townsend,Marisa_Tomei,Nancy_Reagan
probe/Martin_Brodeur/Martin_Brodeur_0002.jpg,Martin_Brodeur,1,1.0,0.6978044509887695,0.6978044509887695,Martin_Brodeur,Brad_Johnson,Guy_Hemmings,John_Wolf,Frank_Solich,Alan_Ball,Bo_Pelini,Jose_Manuel_Durao_Barroso,John_Brady,Damon_van_Dam,Jamie_Villafane,Tim_Floyd,James_Gandolfini,Ben_Glisan,Jean-Sebastien_Giguere,Hal_Sutton,James_Parker,Roman_Polanski,Steve_Waugh,Goran_Persson,Paul_McNulty,Greg_Rusedski,Dennis_Powell,Andrei_Mikhnevich,Darren_Clarke,Dale_Earnhardt_Jr,Alec_Baldwin,Eduardo_Duhalde,Zoran_Djindjic,Jim_Edmonds,David_Leahy,Tom_Crean,Matthew_Perry,Bill_Gates,David_Spade,Priscilla_Owen,Herb_Sendek,Mario_Dumont,Michael_Chiklis,Scott_McClellan,Jeremy_Shockey,James_Schultz,Joerg_Haider,Alastair_Campbell,Jan_Ullrich,Jonathan_Mostow,Bode_Miller,Gregg_Popovich,Emanuel_Ginobili,Andy_Hebb
probe/Martin_Scorsese/Martin_Scorsese_0002.jpg,Martin_Scorsese,1,1.0,0.9083242416381836,0.9083242416381836,Martin_Scorsese,Pete_Sampras,Matt_Doherty,Laurent_Jalabert,John_Abizaid,Frank_Dunham_Jr,Richard_Crenna,Dan_Wheldon,Howard_Dean,Vicente_Fernandez,Fidel_Castro,Fayssal_Mekdad,Yasar_Yakis,Dick_Latessa,Carlos_Bianchi,Dave_Campo,Silvio_Berlusconi,John_Howard,Eric_Rosser,Daniel_Day-Lewis,William_Bratton,John_Spencer,Nick_Nolte,Juan_Manuel_Marquez,Alvaro_Uribe,Warren_Beatty,Art_Howe,Mathias_Reichhold,Mario_Cipollini,George_Tenet,Jose_Mourinho,Omar_Sharif,Tom_Craddick,Leszek_Miller,Robert_Mueller,Luis_Horna,Martin_Verkerk,John_Kerry,Arlen_Specter,Vidar_Helgesen,Dick_Clark,Gil_de_Ferran,John_Walsh,Emma_Thompson,Billy_Graham,Jeffrey_Archer,Peter_Hillary,Ernesto_Zedillo,Augusto_Roa_Bastos,Jerry_Falwell
probe/Martin_Verkerk/Martin_Verkerk_0002.jpg,Martin_Verkerk,1,1.0,0.8924919366836548,0.8924919366836548,Martin_Verkerk,James_Schultz,Robert_Zoellick,Jon_Gruden,John_Jumper,Barrett_Jackman,Richard_Sambrook,Ron_Howard,Bo_Ryan,Yevgeny_Kafelnikov,Frank_Solich,Guillermo_Coria,Jim_Carrey,Jan_Ullrich,Marcus_Gronholm,Juan_Manuel_Marquez,Paul_Pierce,Luis_Horna,Dale_Earnhardt_Jr,George_Karl,Byron_Scott,David_Nalbandian,Emanuel_Ginobili,Ilan_Ramon,Michael_Chang,Mathias_Reichhold,John_Spencer,John_Wolf,James_Cunningham,Padraig_Harrington,Claire_Hentzen,Dave_Campo,Lee_Hoi-chang,Harry_Belafonte,John_McEnroe,Vladimir_Putin,Blythe_Hartley,Peter_Hillary,Tom_Crean,Greg_Rusedski,Mike_Weir,Darrell_Porter,Johnny_Carson,Nadia_Petrova,Karin_Stoiber,Chris_Byrd,Gordon_Campbell,Lauren_Hutton,Tom_Daschle,Dennis_Powell
probe/Martina_Hingis/Martina_Hingis_0002.jpg,Martina_Hingis,2,0.5,0.6500375270843506,0.5997785329818726,Lindsay_Davenport,Martina_Hingis,Lauren_Killian,Meghann_Shaughnessy,Marlene_Weingartner,Conchita_Martinez,Cesar_Maia,John_McEnroe,Hayley_Tullett,Scott_McClellan,Magui_Serna,Kemal_Dervis,Blythe_Hartley,Vanessa_Incontrada,Jessica_Lange,Lisa_Gottsegen,Nadia_Petrova,Robert_Zoellick,Alexander_Losyukov,Goran_Persson,Raquel_Welch,Gustavo_Kuerten,Herta_Daeubler-Gmelin,Klaus_Zwickel,Amanda_Beard,Donatella_Versace,Demetrius_Ferraciu,Mary_Carey,Arantxa_Sanchez-Vicario,Butch_Davis,George_Karl,Mikhail_Youzhny,Leslie_Ann_Woodward,Monica_Bellucci,Robert_Duvall,Alexandra_Vodjanikova,Yao_Ming,Hector_Babenco,Richard_Shelby,Valery_Giscard_dEstaing,Doris_Roberts,Robert_Bonner,Lauren_Hutton,William_Bratton,Bill_Graham,John_Howard,Juan_Manuel_Marquez,Paul_McCartney,Kristin_Davis,Rick_Romley
probe/Martina_McBride/Martina_McBride_0002.jpg,Martina_McBride,1,1.0,0.8565877676010132,0.8565877676010132,Martina_McBride,Natalie_Maines,Sandra_Bullock,Lloyd_Ward,John_Stallworth,Julianne_Moore,Queen_Beatrix,Arianna_Huffington,Lina_Krasnoroutskaya,Nastassia_Kinski,Juanes,Patrick_Ewing,Julianna_Margulies,Michelle_Pfeiffer,Amber_Tamblyn,Mariangel_Ruiz_Torrealba,Jesse_Jackson,Daryl_Hannah,Maria_Luisa_Mendonca,Larry_Bowa,Todd_Haynes,Cyndi_Thompson,Lili_Taylor,Carolyn_Dawn_Johnson,Natalie_Coughlin,Jorge_Batlle,Michael_Chiklis,LeBron_James,Brian_Griese,Elin_Nordegren,Amanda_Beard,Blythe_Danner,Jane_Fonda,Jennifer_Thompson,Art_Howe,Cameron_Diaz,Carson_Daly,Frank_Solich,Grady_Irvin_Jr,William_Ford_Jr,Daisy_Fuentes,Jay_Garner,Judy_Genshaft,Peter_Struck,Kiki_Vandeweghe,Beth_Jones,Donatella_Versace,Gerry_Parsky,Angelo_Reyes,Ann_Veneman
probe/Marwan_Barghouthi/Marwan_Barghouthi_0002.jpg,Marwan_Barghouthi,1,1.0,0.8545845150947571,0.8545845150947571,Marwan_Barghouthi,Juergen_Peters,Osama_bin_Laden,Luiz_Felipe_Scolari,Saddam_Hussein,Abdel_Nasser_Assidi,Luciano_Pavarotti,Mohammad_Khatami,Luis_Gonzalez_Macchi,Art_Hoffmann,Jesse_Jackson,Abdullah_Gul,Harbhajan_Singh,Alejandro_Avila,Mikulas_Dzurinda,Sean_Penn,Igor_Ivanov,Kevin_Spacey,Carolyn_Dawn_Johnson,Michel_Temer,Ibrahim_Jaafari,Hassan_Nasrallah,Gunter_Pleuger,Marc_Grossman,Serena_Williams,Benjamin_Netanyahu,Jennifer_Aniston,Yasser_Arafat,Slobodan_Milosevic,Branko_Crvenkovski,Saeb_Erekat,Carlos_Mesa,Grady_Irvin_Jr,Fidel_Castro,Bashar_Assad,Rick_Romley,Brad_Johnson,Nasser_al-Kidwa,George_Karl,Alice_Fisher,Robert_De_Niro,Antonio_Banderas,Nanni_Moretti,Mark_Geragos,Cruz_Bustamante,Xanana_Gusmao,Hayley_Tullett,Abdullah,Nadia_Petrova,Paul_McCartney
probe/Mary-Kate_Olsen/Mary-Kate_Olsen_0002.jpg,Mary-Kate_Olsen,1,1.0,0.8081268072128296,0.8081268072128296,Mary-Kate_Olsen,Reese_Witherspoon,Mary_Landrieu,Cyndi_Thompson,Evan_Rachel_Wood,Jennifer_Aniston,Guido_Westerwelle,Lana_Clarkson,Erika_Christensen,Anna_Kournikova,Elizabeth_Smart,Cameron_Diaz,Katie_Harman,Mariah_Carey,Jennifer_Lopez,Alison_Lohman,Natalie_Coughlin,Eva_Dimas,James_Traficant,Rupert_Grint,Kristanna_Loken,Sally_Kirkland,George_Pataki,Ann_Veneman,Angelo_Reyes,Karen_Mok,Jane_Fonda,Blythe_Danner,Vanessa_Williams,John_Banko,Valerie_Harper,Hermann_Maier,Chakib_Khelil,Sam_Bith,Melanie_Griffith,Sarah_Jessica_Parker,Flavia_Delaroli,James_Blake,Hillary_Clinton,Denise_Johnson,Lim_Dong-won,Patricia_Clarkson,Michel_Temer,Celine_Dion,Jessica_Alba,Dick_Cheney,Patty_Schnyder,Igor_Ivanov,Pamela_Anderson,Mitoji_Yabunaka
probe/Mary_Carey/Mary_Carey_0002.jpg,Mary_Carey,1,1.0,0.8013638257980347,0.8013638257980347,Mary_Carey,Erika_Christensen,Mariah_Carey,Kristanna_Loken,Cyndi_Thompson,Jessica_Lange,Melanie_Griffith,Dick_Cheney,Jorge_Batlle,Paula_Radcliffe,Marilyn_Monroe,Cindy_Margolis,Pamela_Anderson,Barbara_Walters,Lindsay_Davenport,Fidel_Castro,Larry_Ellison,John_Negroponte,Jennifer_Lopez,Julianne_Moore,Bill_Parcells,Len_Jenoff,Sam_Bith,John_McEnroe,Queen_Beatrix,Costas_Simitis,Doris_Roberts,Karin_Stoiber,Natalie_Coughlin,Johnny_Carson,Christina_Aguilera,Gustavo_Kuerten,Paul_McCartney,Albert_Costa,Jessica_Alba,Courtney_Love,Martha_Beatriz_Roque,James_Morris,Lynne_Cheney,Franco_Dragone,Trent_Lott,Bruce_Van_De_Velde,Amanda_Coetzer,Diana_Taurasi,Luis_Gonzalez_Macchi,Reese_Witherspoon,Cruz_Bustamante,Priscilla_Presley,Emile_Lahoud,Valery_Giscard_dEstaing
probe/Mary_Landrieu/Mary_Landrieu_0002.jpg,Mary_Landrieu,1,1.0,0.8707393407821655,0.8707393407821655,Mary_Landrieu,Sally_Kirkland,Blythe_Danner,Xanana_Gusmao,Annette_Bening,Anna_Kournikova,Elizabeth_Smart,Ann_Veneman,Hillary_Clinton,Julie_Taymor,Mary-Kate_Olsen,Jennifer_Aniston,Michael_Chang,Christine_Gregoire,Natalie_Coughlin,Jennifer_Reilly,Coretta_Scott_King,Alison_Lohman,Jimmy_Carter,Ellen_Engleman,Cameron_Diaz,Igor_Ivanov,Rupert_Grint,Megawati_Sukarnoputri,Michel_Temer,Joseph_Estrada,Flavia_Delaroli,Daniela_Hantuchova,Patricia_Clarkson,Jane_Fonda,Nancy_Pelosi,Annette_Lu,Kim_Jong-Il,Brian_Wells,William_Ford_Jr,Duane_Lee_Chapman,Cristina_Fernandez,Shannon_OBrien,Mary_Tyler_Moore,Federico_Trillo,Antony_Leung,Kristanna_Loken,Jane_Pauley,Mariah_Carey,Li_Peng,Jimmy_Kimmel,Marissa_Jaret_Winokur,Hu_Jintao,Edward_James_Olmos,Dai_Bachtiar
probe/Mary_Tyler_Moore/Mary_Tyler_Moore_0002.jpg,Mary_Tyler_Moore,1,1.0,0.7509186267852783,0.7509186267852783,Mary_Tyler_Moore,Jeanne_Moreau,Melanie_Griffith,Jane_Fonda,Nancy_Pelosi,Carol_Burnett,Doris_Schroeder,Dolly_Parton,Ann_Veneman,Lauren_Hutton,Yoko_Ono,Barbara_Walters,Angela_Lansbury,Warren_Beatty,Ron_Howard,Paula_Zahn,Wang_Yingfan,Patricia_Clarkson,Rupert_Grint,Donna_Shalala,Cindy_Margolis,Elizabeth_Dole,Amanda_Coetzer,Hichiro_Naemura,Tom_Daschle,Lee_Hoi-chang,Kim_Jong-Il,Queen_Beatrix,Valerie_Harper,Jia_Qinglin,Carol_Moseley_Braun,Lynne_Cheney,Marilyn_Monroe,Cristina_Saralegui,Mary_Carey,Coretta_Scott_King,James_Kopp,Megawati_Sukarnoputri,Goldie_Hawn,Gloria_Macapagal_Arroyo,Chuck_Yeager,Li_Peng,Larry_Ellison,Kim_Jin-sun,Antony_Leung,Annette_Lu,Gray_Davis,Julianne_Moore,Kim_Dae-jung,Sam_Bith
probe/Masum_Turker/Masum_Turker_0002.jpg,Masum_Turker,1,1.0,0.9448879957199097,0.9448879957199097,Masum_Turker,Jean-David_Levitte,Nicanor_Duarte_Frutos,Ernie_Fletcher,Trent_Lott,Jorge_Castaneda,Jack_Straw,John_Taylor,Ernesto_Zedillo,Frank_Griswold,Alvaro_Uribe,Wang_Yingfan,Paul_Bremer,Paul_McCartney,Hans_Eichel,Carlos_Quintanilla_Schmidt,Tim_Floyd,John_Garamendi,John_McCormack,Mohamed_Benaissa,Li_Peng,Pupi_Avati,Alison_Lohman,Robert_Mugabe,Oswaldo_Paya,Fred_Eckhard,Hassan_Wirajuda,Ronald_Reagan,Alexander_Rumyantsev,Eric_Clapton,Hun_Sen,Georgi_Parvanov,Bill_Gates,Bill_Callahan,Diane_Green,Hashim_Thaci,Jean-Claude_Juncker,Paul_William_Hurley,Alberto_Ruiz_Gallardon,John_Abizaid,Peter_Harrison,Charlton_Heston,Elinor_Caplan,Spencer_Abraham,John_Negroponte,Saparmurat_Niyazov,Pete_Sampras,Mark_Schweiker,Paul_McNulty,Mario_Kreutzberger
probe/Mathias_Reichhold/Mathias_Reichhold_0002.jpg,Mathias_Reichhold,1,1.0,0.7938141822814941,0.7938141822814941,Mathias_Reichhold,Padraig_Harrington,Martin_Verkerk,Anders_Fogh_Rasmussen,Jim_Edmonds,Daniel_Day-Lewis,Hideki_Matsui,Mark_Warner,Geraldine_Chaplin,Pete_Sampras,Dave_Campo,Gary_Carter,Luis_Horna,Rita_Moreno,Greg_Rusedski,John_Jumper,William_Bratton,Jan_Ullrich,Marcus_Gronholm,Juan_Manuel_Marquez,John_Malkovich,Charlton_Heston,Peter_Hillary,Leszek_Miller,James_Kopp,Robert_DeFraites,John_Spencer,Warren_Beatty,Alvaro_Uribe,John_McEnroe,Bertrand_Bonello,John_Abizaid,Art_Howe,John_Wolf,Joerg_Haider,Robert_Kocharian,Anders_Ebbeson,Bill_Frist,Tom_Crean,Paul_Byrd,Tom_Daschle,Anibal_Ibarra,Eric_Rosser,Jim_Carrey,Ron_Howard,Larry_Brown,Nick_Nolte,Matt_Doherty,Eduardo_Duhalde,Bob_Hope
probe/Matt_Doherty/Matt_Doherty_0002.jpg,Matt_Doherty,1,1.0,0.8993417024612427,0.8993417024612427,Matt_Doherty,John_Abizaid,Martin_Scorsese,Vicente_Fernandez,Frank_Dunham_Jr,Howard_Dean,Robert_Mueller,Pete_Sampras,Bruce_Weber,Stanley_McChrystal,Garry_Trudeau,Robert_Kocharian,Laurent_Jalabert,Albert_Costa,Luis_Horna,John_Allen_Muhammad,Jim_Furyk,Martina_Hingis,Padraig_Harrington,Anna_Kournikova,Colin_Jackson,Peter_Hillary,George_P_Bush,Dan_Wheldon,Daniel_Day-Lewis,Bill_Parcells,Stephen_Friedman,Jeffrey_Immelt,William_Bratton,Omar_Sharif,Richard_Gephardt,John_Howard,Sophia_Loren,Hilmi_Ozkok,Conchita_Martinez,Camilla_Parker_Bowles,Oswaldo_Paya,Gregory_Geoffroy,Sam_Torrance,Ernesto_Zedillo,Jose_Mourinho,Justin_Leonard,Ismail_Merchant,Ozzy_Osbourne,Eric_Rosser,Ben_Curtis,Mathias_Reichhold,Fidel_Castro,Paul_McCartney,Janet_Thorpe
probe/Matthew_Perry/Matthew_Perry_0002.jpg,Matthew_Perry,1,1.0,0.7826164364814758,0.7826164364814758,Matthew_Perry,Alejandro_Toledo,Gerry_Parsky,Lloyd_Ward,Christopher_Walken,Harry_Schmidt,Damon_van_Dam,Kristin_Davis,Michael_Chang,Kirk_Ferentz,Juan_Pablo_Montoya,Oscar_De_La_Hoya,Bridget_Fonda,John_Rosa,Rob_Schneider,Jennifer_Lopez,Harvey_Weinstein,Francis_Mer,Dale_Earnhardt_Jr,Tom_Glavine,Lon_Kruger,Hun_Sen,Anthony_LaPaglia,Joseph_Biden,Lindsay_Davenport,David_Nalbandian,Dennis_Kucinich,Alastair_Campbell,Lisa_Gottsegen,Brad_Johnson,Madonna,Ken_Watanabe,Michael_Chiklis,Chung_Mong-joon,Fred_Eckhard,John_Timoney,Franko_Simatovic,Elvis_Presley,Derek_Lowe,Gillian_Anderson,Charlotte_Rampling,William_Ford_Jr,Goh_Kun,Mike_Holmgren,Todd_Haynes,Jason_Alexander,Elijah_Wood,Jimmy_Kimmel,John_Allen_Muhammad,Alex_Penelas
probe/Max_Mayfield/Max_Mayfield_0002.jpg,Max_Mayfield,1,1.0,0.8007890582084656,0.8007890582084656,Max_Mayfield,Dick_Cheney,John_Howard,Patrick_Leahy,James_Smith,Paul_ONeill,Michael_J_Sheehan,Ferenc_Madl,Larry_Brown,Francis_George,Peter_Struck,Franz_Beckenbauer,Hans_Eichel,Jorge_Batlle,Mike_Price,Gabriel_Valdes,Bernard_Landry,George_Brumley,Ralph_Lauren,John_Taylor,GL_Peiris,Gordon_Campbell,John_Negroponte,Nabil_Shaath,Jeffrey_Archer,Richie_Adubato,Trent_Lott,Frank_Lautenberg,Christopher_Patten,John_Rigas,James_Morris,Bill_Graham,Henrique_Meirelles,Colin_Powell,William_Martin,Benjamin_Netanyahu,Jose_Viegas_Filho,Rick_Romley,Chok_Tong_Goh,Jose_Dirceu,George_Ryan,Donald_Evans,John_Snow,Warren_Buffett,Jay_Garner,Tom_Craddick,Costas_Simitis,Roy_Williams,Jay_Rasulo,John_McCallum
probe/Megawati_Sukarnoputri/Megawati_Sukarnoputri_0002.jpg,Megawati_Sukarnoputri,1,1.0,0.8293566107749939,0.8293566107749939,Megawati_Sukarnoputri,Annette_Lu,Gloria_Macapagal_Arroyo,Yoko_Ono,Kim_Jin-sun,Hu_Jintao,Aung_San_Suu_Kyi,Flor_Montulo,Zarai_Toledo,Hitomi_Soga,Li_Peng,Kim_Jong-Il,Hillary_Clinton,Gao_Qiang,Lee_Hoi-chang,Pedro_Malan,Thaksin_Shinawatra,Begum_Khaleda_Zia,Dai_Bachtiar,Michelle_Yeoh,Hamzah_Haz,Sachiko_Yamada,Chung_Mong-joon,Mitoji_Yabunaka,Hun_Sen,Chen_Liang_Yu,Alejandro_Toledo,Antony_Leung,Edward_Lu,Lisa_Ling,Biljana_Plavsic,Anwar_Ibrahim,Jennifer_Rodriguez,Lee_Jun,Elizabeth_Dole,Jong_Thae_Hwa,Anna_Kournikova,Kwon_Yang-sook,Zhang_Ziyi,Benazir_Bhutto,Carol_Moseley_Braun,Fayssal_Mekdad,GL_Peiris,Xanana_Gusmao,Alberto_Fujimori,James_McGreevey,Diane_Green,Igor_Ivanov,Coretta_Scott_King,Michael_Chang
probe/Meghann_Shaughnessy/Meghann_Shaughnessy_0002.jpg,Meghann_Shaughnessy,1,1.0,0.7395657300949097,0.7395657300949097,Meghann_Shaughnessy,Iva_Majoli,Eve_Pelletier,Lindsay_Davenport,Martina_Hingis,Nadia_Petrova,Carolina_Moraes,Marlene_Weingartner,Stacy_Dragila,Hayley_Tullett,Claire_Hentzen,Natalie_Coughlin,Michael_Chang,Anna_Kournikova,Chanda_Rubin,Venus_Williams,Amanda_Beard,Lisa_Raymond,Sheila_Wellstone,Paula_Radcliffe,Daniela_Hantuchova,Sachiko_Yamada,Diana_Taurasi,Lisa_Gottsegen,Jennifer_Rodriguez,Jennifer_Thompson,Charles_Schumer,Lina_Krasnoroutskaya,Mitchell_Daniels,Kristin_Davis,Manuel_Poggiali,Silvia_Farina_Elia,Ozzy_Osbourne,Martha_Bowen,Justine_Henin,Bode_Miller,Eunice_Barber,Arantxa_Sanchez-Vicario,Leander_Paes,Amanda_Coetzer,John_Howard,Conchita_Martinez,Lauren_Killian,Robby_Ginepri,Jennifer_Aniston,Iban_Mayo,Magui_Serna,Hector_Babenco,Chung_Mong-joon,Cathy_Freeman
probe/Mel_Brooks/Mel_Brooks_0002.jpg,Mel_Brooks,1,1.0,0.6718930006027222,0.6718930006027222,Mel_Brooks,Costas_Simitis,Eduardo_Duhalde,Vladimir_Putin,Lino_Oviedo,Johnny_Carson,Silvio_Berlusconi,Joseph_Biden,Thomas_OBrien,Carl_Reiner,John_Howard,Chuck_Amato,Nabil_Shaath,Igor_Ivanov,Ahmet_Necdet_Sezer,Valery_Giscard_dEstaing,Ray_Nagin,Fayssal_Mekdad,Francis_Mer,Jerry_Falwell,Fidel_Castro,Frank_Cassell,Vitali_Klitschko,Pat_Cox,Roman_Polanski,Edward_Said,Bob_Beauprez,Geoff_Hoon,Augusto_Roa_Bastos,Arlen_Specter,Ozzy_Osbourne,Tony_Bennett,Bill_Graham,William_Bratton,Charles_Schumer,James_Butts,Dick_Cheney,Edward_Lu,Alejandro_Toledo,Anthony_Fauci,David_Myers,Guillermo_Ortiz,Robert_Duvall,Benjamin_Netanyahu,Stacy_Dragila,Adolfo_Rodriguez_Saa,Barbra_Streisand,Frank_Lautenberg,Ricardo_Maduro,Aung_San_Suu_Kyi
probe/Melanie_Griffith/Melanie_Griffith_0002.jpg,Melanie_Griffith,1,1.0,0.6848446130752563,0.6848446130752563,Melanie_Griffith,Jeanne_Moreau,Reese_Witherspoon,Goldie_Hawn,Dolly_Parton,Ann_Veneman,Mary-Kate_Olsen,Jessica_Lange,Jane_Fonda,Cameron_Diaz,Pamela_Anderson,Elizabeth_Dole,Penelope_Ann_Miller,Jennifer_Lopez,Boris_Yeltsin,Jane_Pauley,Hillary_Clinton,Lauren_Hutton,Hun_Sen,Madonna,Mary_Landrieu,Johnson_Panjaitan,James_Franco,Carol_Moseley_Braun,Charlotte_Rampling,Igor_Ivanov,Christine_Ebersole,Meryl_Streep,Patricia_Clarkson,Dolma_Tsering,Guido_Westerwelle,Leland_Chapman,Dai_Bachtiar,Geno_Auriemma,GL_Peiris,Eva_Dimas,Bertrand_Bonello,Omar_Sharif,Judi_Dench,Vanessa_Williams,Natalie_Coughlin,Isabelle_Huppert,Inam-ul-Haq,Lana_Clarkson,Gloria_Macapagal_Arroyo,Yao_Ming,Kristanna_Loken,Robert_De_Niro,Ozzy_Osbourne,Paula_Zahn
probe/Meryl_Streep/Meryl_Streep_0002.jpg,Meryl_Streep,1,1.0,0.7890738248825073,0.7890738248825073,Meryl_Streep,Tammy_Lynn_Michaels,Monica_Seles,Anneli_Jaatteenmaki,Patricia_Clarkson,Sarah_Jessica_Parker,Penelope_Ann_Miller,Janet_Thorpe,Nancy_Pelosi,Celine_Dion,Kathleen_Kennedy_Townsend,Pedro_Solbes,Elizabeth_Dole,Brian_Heidik,Lauren_Hutton,Gloria_Allred,Margaret_Thatcher,Wang_Yingfan,Karin_Stoiber,Julianne_Moore,Biljana_Plavsic,Steven_Spielberg,Paula_Radcliffe,Mohammad_Khatami,Gloria_Macapagal_Arroyo,Gro_Harlem_Brundtland,Marie-Reine_Le_Gougne,Chen_Liang_Yu,Dorthy_Moxley,Kathy_Winters,Kurt_Russell,Sheila_Wellstone,Hillary_Clinton,Betsy_Smith,Yoko_Ono,Lech_Walesa,Michael_Douglas,Noah_Wyle,Chuck_Amato,Gray_Davis,Dolly_Parton,Jean_Brumley,OJ_Simpson,Angela_Lansbury,Anthony_LaPaglia,Tom_Cruise,Kim_Ryong-sung,Elinor_Caplan,William_Bratton,Saeb_Erekat
probe/Michael_Ballack/Michael_Ballack_0002.jpg,Michael_Ballack,1,1.0,0.8348422050476074,0.8348422050476074,Michael_Ballack,Joe_Calzaghe,Antonio_Banderas,Mike_Price,Paul_Byrd,LeAnn_Rimes,Jason_Kidd,Luke_Walton,Angelo_Reyes,Gloria_Macapagal_Arroyo,Carla_Myers,Latrell_Sprewell,Marcus_Gronholm,John_Ruiz,John_McCallum,Padraig_Harrington,Chris_Byrd,Pete_Sampras,John_Kerry,Bill_Simon,Amber_Tamblyn,Paul_Pierce,Mariangel_Ruiz_Torrealba,Serena_Williams,Colin_Powell,Hipolito_Mejia,OJ_Simpson,Nicanor_Duarte_Frutos,James_Blake,Harry_Schmidt,Ralph_Lauren,Gil_de_Ferran,Aitor_Gonzalez,George_Tenet,Justin_Gatlin,Alex_Penelas,Wesley_Clark,Tom_Crean,Pete_Rose,John_Spencer,James_Parker,Richard_Krajicek,Yao_Ming,Geraldine_Chaplin,Tom_Daschle,Jan_Ullrich,Omar_Sharif,Paul_Bremer,Queen_Beatrix,John_Allen_Muhammad
probe/Michael_Chang/Michael_Chang_0002.jpg,Michael_Chang,1,1.0,0.8631101846694946,0.8631101846694946,Michael_Chang,Thaksin_Shinawatra,Kim_Jin-sun,Antony_Leung,Edward_Lu,Jackie_Chan,Jong_Thae_Hwa,Kim_Ryong-sung,Chen_Liang_Yu,Dai_Bachtiar,Annette_Lu,Prince_Naruhito,Chung_Mong-joon,Li_Peng,Chung_Mong-hun,Goh_Kun,Lee_Tae-sik,Lee_Jun,Chang_Dae-whan,Hun_Sen,Vladimir_Putin,Gao_Qiang,Lee_Hoi-chang,Rob_Schneider,Yao_Ming,Anwar_Ibrahim,Jia_Qinglin,Hu_Jintao,Megawati_Sukarnoputri,Ken_Watanabe,Jesse_Jackson,Candie_Kung,Igor_Ivanov,Jamling_Norgay,Hideki_Matsui,Christopher_Walken,Lim_Dong-won,Yoko_Ono,Gerry_Parsky,Kim_Jong-Il,Angelo_Reyes,Kim_Dae-jung,Martin_Verkerk,Stanley_Tong,Johnson_Panjaitan,Begum_Khaleda_Zia,Tom_Glavine,Geoff_Hoon,Gary_Locke,Hichiro_Naemura
probe/Michael_Chiklis/Michael_Chiklis_0002.jpg,Michael_Chiklis,1,1.0,0.8771466016769409,0.8771466016769409,Michael_Chiklis,Todd_Haynes,Luis_Gonzalez_Macchi,Art_Howe,Francis_George,Lloyd_Ward,Jay_Rasulo,Pascal_Quignard,Frank_Solich,Thierry_Falise,George_Karl,Barry_Alvarez,Rob_Schneider,Gregg_Popovich,Peter_Struck,Dennis_Kozlowski,John_Negroponte,Max_Mayfield,George_Roy_Hill,Richard_Norton-Taylor,Peter_Hillary,Iain_Duncan_Smith,Dick_Cheney,Klaus_Zwickel,Reese_Witherspoon,Harry_Belafonte,Martina_McBride,Christopher_Walken,Peter_Arnett,Jose_Serra,Larry_Lindsey,Roy_Moore,Ray_Nagin,Ralph_Lauren,John_Snow,James_Morris,James_Jones,Gian_Marco,Bijan_Namdar_Zangeneh,James_Cunningham,Madonna,Trent_Lott,Gunter_Pleuger,Mikhail_Kasyanov,John_Wolf,Jason_Alexander,Slobodan_Milosevic,Jesse_Jackson,Anthony_Hopkins,Jose_Manuel_Durao_Barroso
probe/Michael_Douglas/Michael_Douglas_0002.jpg,Michael_Douglas,1,1.0,0.7940391302108765,0.7940391302108765,Michael_Douglas,Larry_Coker,Jon_Gruden,Jeffrey_Scott_Postell,Jeffrey_Immelt,Gordon_Campbell,George_Tenet,Robert_Duvall,David_Nalbandian,Vladimir_Putin,Butch_Davis,Jean-Claude_Trichet,Claire_Hentzen,David_Caraway,Yasar_Yakis,Robert_Stack,Aleksander_Kwasniewski,Abdullah_al-Attiyah,Dave_Campo,Frank_Cassell,John_Manley,James_Morris,Mikhail_Kasyanov,Brian_Mulroney,John_Negroponte,Billy_Graham,Bill_Graham,Richie_Adubato,Bashar_Assad,Anthony_Hopkins,Dennis_Kozlowski,Prince_Willem-Alexander,Larry_Lindsey,Peter_Greenaway,Andrew_Niccol,Fred_Funk,Roman_Polanski,John_Rigas,Celso_Amorim,Lindsey_Graham,Lord_Hutton,Max_Mayfield,Karin_Stoiber,Janet_Thorpe,Bud_Selig,Eduardo_Duhalde,Richard_Gephardt,Stellan_Skarsgard,John_Jumper,Peter_Arnett
probe/Michael_J_Sheehan/Michael_J_Sheehan_0002.jpg,Michael_J_Sheehan,1,1.0,0.8376781940460205,0.8376781940460205,Michael_J_Sheehan,Hans_Eichel,Dick_Cheney,John_Snow,Max_Mayfield,Trent_Lott,Anders_Ebbeson,Peter_Struck,John_Negroponte,John_Taylor,Robin_Cook,Klaus_Zwickel,Joseph_Biden,Warren_Buffett,Franz_Beckenbauer,Jorge_Batlle,Bill_Graham,Jeffrey_Archer,Francis_George,Charlton_Heston,William_Martin,Patrick_Leahy,Natalie_Maines,Robert_Bonner,Larry_Brown,Bob_Hope,Bernard_Landry,James_Ivory,Debra_Brown,Paul_ONeill,Charles_Mathews,Anthony_Hopkins,John_Howard,Richard_Gephardt,George_Brumley,John_McEnroe,Mike_Miller,GL_Peiris,Richard_Shelby,Mike_Price,Jose_Sarney,Richie_Adubato,Robert_DeFraites,James_Cunningham,Dick_Vermeil,Goran_Persson,Albrecht_Mentz,Chok_Tong_Goh,Sean_Patrick_OMalley,Queen_Beatrix
probe/Michael_Kostelnik/Michael_Kostelnik_0002.jpg,Michael_Kostelnik,1,1.0,0.7882822751998901,0.7882822751998901,Michael_Kostelnik,Edward_Said,Kent_Rominger,Bill_Gates,Tom_Craddick,Chris_Bell,Zoran_Djindjic,Hootie_Johnson,Adolfo_Aguilar_Zinser,Tom_Daschle,John_Manley,Gray_Davis,Tony_Curtis,Jonathan_Edwards,David_Kelley,Valdas_Adamkus,Miguel_Contreras,Leslie_Moonves,James_Kelly,Martha_Burk,Elsa_Zylberstein,Vaclav_Havel,Roman_Polanski,Brad_Johnson,Geoff_Hoon,Robert_Zoellick,Carlo_Ancelotti,Christopher_Walken,George_Pataki,Richard_Gephardt,Sandra_Bullock,Al_Davis,Asa_Hutchinson,Jackie_Chan,Diane_Green,Mohamed_Benaissa,Ann_Veneman,Alec_Baldwin,Gary_Doer,Bill_Frist,Peter_Harrison,Lindsey_Graham,Jean-David_Levitte,Anders_Ebbeson,Gary_Williams,Gregg_Popovich,Jose_Manuel_Durao_Barroso,Rolf_Eckrodt,Juan_Valencia_Osorio,LeBron_James
probe/Michael_Phelps/Michael_Phelps_0002.jpg,Michael_Phelps,1,1.0,0.8780269622802734,0.8780269622802734,Michael_Phelps,Jonathan_Edwards,Dominik_Garcia-Lorido,David_Coulthard,Manuel_Poggiali,Venus_Williams,Marat_Safin,Jan_Ullrich,Jim_Furyk,John_Manley,Tony_Bennett,Jason_Jennings,Barry_Zito,Jack_Straw,Gerard_Depardieu,Mark_Dacey,Gary_Forsee,Ian_McKellen,Robby_Ginepri,Tom_Daschle,Boris_Becker,Jean-Sebastien_Giguere,Jean-Claude_Braquet,Gregory_Geoffroy,Simon_Cowell,Guillermo_Coria,Richard_Krajicek,Richard_Gephardt,Paula_Radcliffe,Gerry_Adams,Tyler_Hamilton,John_F_Kennedy_Jr,Trent_Lott,Bill_Gates,Jude_Law,Gray_Davis,Stanley_McChrystal,Mikhail_Youzhny,Marc-Andre_Fleury,Frances_Fisher,Pete_Sampras,Orlando_Bloom,Bill_Simon,Anders_Fogh_Rasmussen,Jorge_Arce,Antonio_Banderas,Hootie_Johnson,Miroljub,Wesley_Clark,Rich_Gannon
probe/Michel_Temer/Michel_Temer_0002.jpg,Michel_Temer,61,0.01639344262295082,0.5788486003875732,0.29091426730155945,Benjamin_Netanyahu,Silvan_Shalom,Boris_Berezovsky,Alexander_Rumyantsev,Xanana_Gusmao,Nestor_Kirchner,Adrian_Nastase,Chuck_Amato,Carolina_Moraes,Silvio_Berlusconi,Paul_ONeill,Ernesto_Zedillo,Larry_Lucchino,Robert_De_Niro,Andrew_Cuomo,Kevin_Spacey,Howard_Dean,Lino_Oviedo,John_Howard,Jonathan_Edwards,George_Pataki,Mitchell_Daniels,Iva_Majoli,John_Allen_Muhammad,Sandra_Bullock,Nia_Vardalos,Colin_Powell,William_Bratton,Mohammad_Khatami,Gray_Davis,Gabriel_Valdes,Daniela_Hantuchova,Marc_Grossman,Gary_Winnick,Cindy_Margolis,Al_Davis,Howard_Schultz,Anna_Kournikova,Spencer_Abraham,Carlos_Manuel_Pruneda,Vicente_Fernandez,Sean_Penn,Tom_Daschle,Jim_Carrey,Edward_Said,Jack_Grubman,LeBron_James,George_Lopez,Leslie_Moonves,Fabiola_Zuluaga
probe/Michelle_Pfeiffer/Michelle_Pfeiffer_0002.jpg,Michelle_Pfeiffer,1,1.0,0.5670245885848999,0.5670245885848999,Michelle_Pfeiffer,Goldie_Hawn,Priscilla_Presley,Sue_Wicks,Cindy_Margolis,Lana_Clarkson,Natalie_Maines,Claire_Danes,Vanessa_Williams,Madonna,Nancy_Reagan,Julianne_Moore,Raquel_Welch,Hillary_Clinton,Nia_Vardalos,Hun_Sen,Ken_Watanabe,Kristanna_Loken,Jennifer_Lopez,Jo_Dee_Messina,Doris_Schroeder,Monica_Bellucci,Julianna_Margulies,Harry_Kalas,Daisy_Fuentes,Paula_Radcliffe,Marissa_Jaret_Winokur,Elizabeth_Shue,Stanley_Tong,Reese_Witherspoon,Valerie_Harper,Jane_Fonda,Hu_Jintao,Prince_Naruhito,Mariangel_Ruiz_Torrealba,Joseph_Estrada,Gerardo_Gambala,Olivia_Newton-John,Charles_Grassley,Nancy_Pelosi,Cristina_Fernandez,Gary_Doer,Cyndi_Thompson,Bob_Hope,Sophia_Loren,Liu_Mingkang,Nicanor_Duarte_Frutos,Michelle_Yeoh,John_Garamendi,Jonathan_Edwards
probe/Michelle_Yeoh/Michelle_Yeoh_0002.jpg,Michelle_Yeoh,1,1.0,0.7889817953109741,0.7889817953109741,Michelle_Yeoh,Zhang_Ziyi,Kwon_Yang-sook,Gianna_Angelopoulos-Daskalaki,Megawati_Sukarnoputri,Gloria_Macapagal_Arroyo,Takashi_Sorimachi,Miyako_Miyazaki,Yoko_Ono,Kim_Dae-jung,Vicki_Zhao_Wei,Queen_Beatrix,Benazir_Bhutto,Yukiko_Okudo,Gisele_Bundchen,Ian_McKellen,Elsa_Zylberstein,Lisa_Ling,Julianna_Margulies,Kathy_Winters,Julianne_Moore,Saddam_Hussein,Priscilla_Owen,Franz_Muentefering,Sachiko_Yamada,Susan_Collins,Monica_Seles,Lee_Hoi-chang,Marcelo_Salas,Edward_Lu,Hu_Jintao,Paula_Radcliffe,Martha_Burk,Charles_Grassley,Aung_San_Suu_Kyi,Judy_Genshaft,Lea_Fastow,Arianna_Huffington,Arnold_Palmer,Julio_Iglesias_Jr,Biljana_Plavsic,Christina_Aguilera,Chris_Cooper,John_Snow,Celine_Dion,Annette_Lu,Thaksin_Shinawatra,Yevgeny_Kafelnikov,Jackie_Chan,Lily_Tomlin
probe/Miguel_Contreras/Miguel_Contreras_0002.jpg,Miguel_Contreras,1,1.0,0.7747239470481873,0.7747239470481873,Miguel_Contreras,Hun_Sen,Sam_Bith,Angelo_Reyes,James_Kopp,Wang_Yingfan,Jorge_Castaneda,Nicanor_Duarte_Frutos,Hillary_Clinton,Anthony_Fauci,Guido_Westerwelle,Shaukat_Aziz,Alison_Lohman,Munir_Akram,Hassan_Wirajuda,Alejandro_Toledo,Mitoji_Yabunaka,Dai_Bachtiar,GL_Peiris,Tom_Craddick,Masum_Turker,Mary_Landrieu,Diane_Green,Pedro_Malan,Juan_Valencia_Osorio,Ron_Dittemore,Gary_Doer,Hamzah_Haz,Bill_Gates,Colin_Powell,Megawati_Sukarnoputri,Vaclav_Havel,Christine_Gregoire,Hu_Jintao,Jean-David_Levitte,Charlie_Zaa,Kim_Jin-sun,Adolfo_Aguilar_Zinser,Gray_Davis,Ali_Abbas,Federico_Trillo,Antony_Leung,Charles_Kartman,Andrew_Niccol,Julie_Gerberding,Arye_Mekel,Alberto_Fujimori,William_Ford_Jr,Gordon_Campbell,Butch_Davis
probe/Mike_Babcock/Mike_Babcock_0002.jpg,Mike_Babcock,1,1.0,0.8737564086914062,0.8737564086914062,Mike_Babcock,Bill_Frist,Jan_Ullrich,Paul_McNulty,Bill_Callahan,David_Nalbandian,Steve_Spurrier,Andy_Hebb,Bill_Gates,Brad_Johnson,Georgi_Parvanov,Bill_Simon,Sean_Astin,David_Heymann,Yevgeny_Kafelnikov,Damon_van_Dam,Bill_Sizemore,Nia_Vardalos,Simon_Cowell,Paul_Bremer,Dale_Earnhardt_Jr,Kiki_Vandeweghe,Monica_Seles,John_Kerry,Jim_Furyk,Tim_Floyd,Gerry_Adams,Gil_de_Ferran,Oswaldo_Paya,Federico_Trillo,George_Robertson,Arianna_Huffington,John_Garamendi,Bill_Parcells,Olesya_Bonabarenko,Fred_Funk,Harvey_Weinstein,Joan_Claybrook,James_Kelly,Nancy_Pelosi,David_Trimble,Justin_Leonard,Mack_Brown,Jon_Gruden,Scott_Rudin,Frank_Dunham_Jr,Albert_Costa,Celso_Amorim,Derek_Lowe,John_F_Kennedy_Jr
probe/Mike_Holmgren/Mike_Holmgren_0002.jpg,Mike_Holmgren,1,1.0,0.8260349631309509,0.8260349631309509,Mike_Holmgren,James_Schultz,Harvey_Weinstein,Richard_Norton-Taylor,Robert_Zoellick,Stellan_Skarsgard,Bernard_Landry,Rick_Romley,Howard_Smith,Larry_Lindsey,George_Pataki,George_Karl,John_Jumper,Goran_Persson,Richard_Gephardt,William_Ford_Jr,James_Morris,Roy_Moore,Dave_Campo,Damon_van_Dam,Jon_Gruden,Byron_Scott,Jay_Rasulo,Frank_Solich,Ilan_Ramon,Arnold_Palmer,Christopher_Patten,Jeffrey_Jones,Gregg_Popovich,Slobodan_Milosevic,Lou_Piniella,Roman_Polanski,John_Timoney,Jay_Garner,Bill_Graham,John_Snow,Gordon_Campbell,Richie_Adubato,Richard_Sambrook,Prince_Edward,Jerry_Falwell,Bill_Sizemore,Michael_Chang,Larry_Lucchino,Robert_Bonner,Thaksin_Shinawatra,Jose_Dirceu,Ron_Howard,Howard_Dean,Todd_Haynes
probe/Mike_Miller/Mike_Miller_0002.jpg,Mike_Miller,1,1.0,0.6843304634094238,0.6843304634094238,Mike_Miller,Ricky_Barnes,Justin_Leonard,Luke_Walton,Michael_J_Sheehan,Andrei_Mikhnevich,Larry_Ellison,Jan_Ullrich,Sean_Astin,Bill_Parcells,Mack_Brown,Scott_McNealy,Natalie_Maines,Marisa_Tomei,Alejandro_Avila,Lindsey_Graham,Peter_Bacanovic,Nora_Bendijo,Yao_Ming,James_Kelly,Zoran_Djindjic,Anders_Ebbeson,Hitomi_Soga,Nancy_Reagan,Steve_Park,Olesya_Bonabarenko,Venus_Williams,Gregg_Popovich,Richard_Gephardt,Eric_Hinske,Gray_Davis,Barry_Zito,Mariangel_Ruiz_Torrealba,Vincent_Brooks,Roy_Moore,Darren_Clarke,Robert_Zoellick,John_Manley,Paul_McNulty,Sam_Bith,Joe_Calzaghe,Julie_Gerberding,Martin_Brodeur,Chris_Tucker,Herb_Sendek,Bo_Ryan,Jamie_Villafane,Kate_Capshaw,Queen_Beatrix,Frank_Solich
probe/Mike_Price/Mike_Price_0002.jpg,Mike_Price,1,1.0,0.7247811555862427,0.7247811555862427,Mike_Price,John_Snow,Dick_Cheney,Peter_Struck,Franz_Beckenbauer,Patrick_Leahy,Costas_Simitis,Jeffrey_Archer,George_Ryan,Charlton_Heston,Leszek_Miller,Bernard_Landry,Hans_Eichel,Hipolito_Mejia,John_Negroponte,William_Martin,Michael_J_Sheehan,Francis_George,Ralph_Lauren,George_Brumley,Cruz_Bustamante,John_Rigas,Charles_Mathews,Jay_Garner,Frank_Lautenberg,Paul_Patton,John_Taylor,Ferenc_Madl,Jorge_Batlle,John_Howard,Robin_Cook,Larry_Brown,Valery_Giscard_dEstaing,Frank_Griswold,Paul_ONeill,Warren_Buffett,Robert_Bonner,Bill_Graham,Chuck_Yeager,Trent_Lott,Dennis_Erickson,John_Spencer,Klaus_Zwickel,Manfred_Stolpe,Richard_Gephardt,Max_Mayfield,Richard_Shelby,James_Morris,Anders_Ebbeson,Arye_Mekel
probe/Mike_Tyson/Mike_Tyson_0002.jpg,Mike_Tyson,1,1.0,0.8801318407058716,0.8801318407058716,Mike_Tyson,LeBron_James,George_Foreman,Jesse_James_Leija,Joe_Calzaghe,Adrian_McPherson,Jason_Kidd,Evander_Holyfield,Harry_Schmidt,Thabo_Mbeki,John_Allen_Muhammad,Paul_Pierce,Chris_Byrd,Grady_Irvin_Jr,Joe_Dumars,Venus_Williams,Kirk_Johnson,John_Stallworth,Johnny_Unitas,James_Butts,Vitali_Klitschko,Latrell_Sprewell,Brendan_Hansen,Hun_Sen,Allen_Iverson,Nick_Nolte,Brad_Johnson,Emmit_Smith,Guillaume_Soro,Dalai_Lama,Morgan_Freeman,Doug_Duncan,David_Bell,Vince_Carter,Trent_Lott,OJ_Simpson,Leland_Chapman,Chris_Tucker,Alexandra_Vodjanikova,Frank_Griswold,Guillermo_Coria,Ray_Nagin,Aleksander_Kwasniewski,Serena_Williams,Barbra_Streisand,Vincent_Brooks,Gary_Doer,Dino_de_Laurentis,Thomas_Fargo,Zoran_Djindjic
probe/Mike_Weir/Mike_Weir_0002.jpg,Mike_Weir,1,1.0,0.8058133125305176,0.8058133125305176,Mike_Weir,Augustin_Calleri,Padraig_Harrington,Jan_Ullrich,Adam_Scott,Sourav_Ganguly,Justine_Henin,Ben_Curtis,Arnaud_Clement,Aitor_Gonzalez,Juan_Pablo_Montoya,JJ_Redick,Lisa_Raymond,Joe_Mantello,Christian_Fittipaldi,Darrell_Porter,Justin_Leonard,Nicolas_Lapentti,Daniela_Hantuchova,Orlando_Bloom,Jim_Carrey,Ben_Glisan,Carlos_Manuel_Pruneda,Iban_Mayo,Gary_Bergeron,Luis_Horna,Tyler_Hamilton,Nadia_Petrova,Gil_de_Ferran,Julie_Gerberding,Jim_Furyk,Marc-Andre_Fleury,Luis_Figo,Alex_Barros,Chanda_Rubin,Pete_Sampras,Robby_Ginepri,Yevgeny_Kafelnikov,Jason_Alexander,Conchita_Martinez,Elijah_Wood,Arantxa_Sanchez-Vicario,Tom_Cruise,Greg_Rusedski,Lina_Krasnoroutskaya,Janica_Kostelic,James_Cunningham,Oscar_De_La_Hoya,Silvan_Shalom,Jonathan_Edwards
probe/Mikhail_Kasyanov/Mikhail_Kasyanov_0002.jpg,Mikhail_Kasyanov,1,1.0,0.7923038601875305,0.7923038601875305,Mikhail_Kasyanov,Matthew_Perry,James_Traficant,Robert_Duvall,James_Jones,Bill_Gates,Michael_Douglas,Patrice_Chereau,Bill_Sizemore,Greg_Gilbert,David_Trimble,Francis_George,Hans_Eichel,Christopher_Walken,James_Kopp,Mohammad_Khatami,Abel_Pacheco,Spencer_Abraham,Charlton_Heston,Drew_Barrymore,James_Kelly,Michael_Chiklis,Goran_Persson,Mario_Kreutzberger,Garry_Trudeau,John_Taylor,Charles_Grassley,Paula_Zahn,Ilan_Ramon,Jon_Gruden,Damon_van_Dam,Frank_Solich,Alastair_Campbell,George_Roy_Hill,Gabriel_Valdes,Robert_Stack,Jean-Claude_Trichet,John_Jumper,Art_Howe,Todd_Haynes,Francis_Mer,John_Negroponte,John_Snow,Joe_Torre,Robert_Mueller,Stellan_Skarsgard,Richard_Shelby,Federico_Trillo,Pedro_Solbes,Jim_Harrick
probe/Mikhail_Youzhny/Mikhail_Youzhny_0002.jpg,Mikhail_Youzhny,1,1.0,0.8755474090576172,0.8755474090576172,Mikhail_Youzhny,Yao_Ming,Jonathan_Edwards,Gustavo_Kuerten,Pete_Sampras,John_Rosa,Brad_Johnson,Jeremy_Shockey,Marat_Safin,Augustin_Calleri,Zoran_Djindjic,LeBron_James,Carlos_Manuel_Pruneda,Harry_Schmidt,Elinor_Caplan,Latrell_Sprewell,Guillermo_Coria,Vitali_Klitschko,Nadia_Petrova,Gro_Harlem_Brundtland,Dale_Earnhardt_Jr,Aleksander_Kwasniewski,Jesse_James_Leija,Ian_Thorpe,Yoko_Ono,Gil_de_Ferran,Jude_Law,Mario_Dumont,Justin_Gatlin,David_Coulthard,Charlton_Heston,Darrell_Porter,Goldie_Hawn,Yasar_Yakis,Jose_Mourinho,Leland_Chapman,Tom_Brady,Sheila_Copps,Robby_Ginepri,Paul-Henri_Mathieu,Karin_Stoiber,Lou_Piniella,Cesar_Maia,Bernard_Lord,Darren_Clarke,Oscar_De_La_Hoya,Carmen_Electra,Anneli_Jaatteenmaki,James_Traficant,John_Manley
probe/Mikulas_Dzurinda/Mikulas_Dzurinda_0002.jpg,Mikulas_Dzurinda,1,1.0,0.8961319923400879,0.8961319923400879,Mikulas_Dzurinda,Abdullah_Gul,Mark_Hamister,Marwan_Barghouthi,Mark_Geragos,Luiz_Felipe_Scolari,Gunter_Pleuger,Nestor_Kirchner,Nanni_Moretti,Abdullah_al-Attiyah,Juergen_Peters,Eunice_Barber,Mikhail_Kasyanov,Marc_Grossman,Paul_McCartney,Iain_Duncan_Smith,Kent_Rominger,Jose_Viegas_Filho,Art_Hoffmann,Larry_Coker,Branko_Crvenkovski,Bashar_Assad,Lou_Piniella,Luis_Gonzalez_Macchi,Chris_Bell,Adolfo_Aguilar_Zinser,Jesse_Jackson,Celso_Amorim,Mohammad_Khatami,Chanda_Rubin,Kelli_White,Andrew_Niccol,Michel_Temer,Benjamin_Netanyahu,John_Banko,Igor_Ivanov,Jose_Mourinho,Darren_Clarke,Pedro_Solbes,Hector_Babenco,Saddam_Hussein,David_Wolf,Zoran_Djindjic,John_Negroponte,Alejandro_Avila,Sean_Penn,Abdel_Nasser_Assidi,Brian_Mulroney,Yasser_Arafat,Ahmet_Necdet_Sezer
probe/Miroljub/Miroljub_0002.jpg,Miroljub,1,1.0,0.9037209749221802,0.9037209749221802,Miroljub,Pupi_Avati,Robert_De_Niro,Inam-ul-Haq,Ali_Khamenei,Mohammad_Khatami,Omar_Sharif,Steven_Spielberg,Abdullah_Gul,Sean_Patrick_OMalley,Amram_Mitzna,Francis_Ford_Coppola,Xanana_Gusmao,Nicanor_Duarte_Frutos,Ibrahim_Jaafari,Carlos_Mesa,Paulo_Cesar_Pinheiro,Carlos_Bianchi,Dick_Latessa,Fidel_Castro,Cruz_Bustamante,Yasser_Arafat,Robin_Cook,David_Wolf,Saeb_Erekat,Elsa_Zylberstein,Jean-Marc_de_La_Sabliere,Antonio_Banderas,Gerry_Adams,Carlos_Manuel_Pruneda,Gregory_Geoffroy,Ismail_Merchant,Sally_Kirkland,Dino_de_Laurentis,Adrian_Nastase,Osama_bin_Laden,Branko_Crvenkovski,Nestor_Kirchner,Michael_Phelps,Abdullah,Pedro_Solbes,Len_Jenoff,Martin_Scorsese,George_Tenet,Scott_McClellan,Vince_Carter,Elizabeth_Taylor,Juergen_Peters,Lech_Walesa,Jack_Straw
probe/Mitchell_Daniels/Mitchell_Daniels_0002.jpg,Mitchell_Daniels,1,1.0,0.8553439378738403,0.8553439378738403,Mitchell_Daniels,Charles_Schumer,John_Howard,Ray_Nagin,Kevin_Spacey,Igor_Ivanov,Hector_Babenco,Boris_Berezovsky,Dick_Cheney,Vladimir_Putin,Pascal_Lamy,Costas_Simitis,Venus_Williams,George_Pataki,David_Myers,Oscar_De_La_Hoya,Scott_McClellan,Frank_Cassell,Butch_Davis,John_McEnroe,Kristin_Davis,Slobodan_Milosevic,Guillermo_Ortiz,Dale_Earnhardt_Jr,Pete_Sampras,James_Cunningham,Robert_Kocharian,Al_Davis,Gil_de_Ferran,Fayssal_Mekdad,Cesar_Maia,Christopher_Patten,Stephen_Friedman,Tom_Glavine,Arnold_Palmer,Kemal_Dervis,Jim_Furyk,Peter_Arnett,Jay_Rasulo,Marlene_Weingartner,Geoff_Hoon,Paul-Henri_Mathieu,Guillermo_Coria,David_Dodge,Eve_Pelletier,Emile_Lahoud,Silvio_Berlusconi,Lindsay_Davenport,Brad_Johnson,Leon_LaPorte
probe/Mitoji_Yabunaka/Mitoji_Yabunaka_0002.jpg,Mitoji_Yabunaka,1,1.0,0.771972119808197,0.771972119808197,Mitoji_Yabunaka,Alberto_Fujimori,Hu_Jintao,Alejandro_Toledo,Kim_Jin-sun,Liu_Mingkang,Lee_Jun,Wang_Yingfan,Jong_Thae_Hwa,Yoko_Ono,Chung_Mong-hun,Hun_Sen,Lee_Hoi-chang,Chung_Mong-joon,Antony_Leung,Goh_Kun,Edward_Lu,Hassan_Wirajuda,Lee_Tae-sik,Kim_Dae-jung,Munir_Akram,Anthony_Fauci,Chen_Liang_Yu,Hichiro_Naemura,Juan_Valencia_Osorio,Annette_Lu,Miguel_Contreras,Angelo_Reyes,Sam_Bith,Megawati_Sukarnoputri,Jorge_Castaneda,Kim_Ryong-sung,Jackie_Chan,Lino_Oviedo,Jia_Qinglin,Li_Peng,Prince_Naruhito,Heizo_Takenaka,Jack_Straw,Jean-David_Levitte,Thaksin_Shinawatra,Takashi_Sorimachi,Jamling_Norgay,Gerardo_Gambala,Michael_Chang,Nicanor_Duarte_Frutos,Hitomi_Soga,Anwar_Ibrahim,Adolfo_Aguilar_Zinser,Colin_Powell
probe/Miyako_Miyazaki/Miyako_Miyazaki_0002.jpg,Miyako_Miyazaki,1,1.0,0.8144124746322632,0.8144124746322632,Miyako_Miyazaki,Michelle_Yeoh,Lisa_Ling,Kwon_Yang-sook,Arnold_Palmer,Sachiko_Yamada,Zhang_Ziyi,Raghad_Saddam_Hussein,Laura_Hernandez,Vicki_Zhao_Wei,Cindy_Margolis,Mariangel_Ruiz_Torrealba,Karen_Mok,George_Voinovich,Takashi_Sorimachi,John_Allen_Muhammad,LeAnn_Rimes,Billy_Sollie,Richard_Sambrook,Robert_Zoellick,George_Pataki,Megawati_Sukarnoputri,Charlton_Heston,Flor_Montulo,Guillermo_Coria,Spencer_Abraham,Chris_Cooper,Marisa_Tomei,Mike_Weir,Cesar_Maia,Corinne_Coman,Bo_Ryan,Tom_Daschle,Sophia_Loren,Alimzhan_Tokhtakhounov,Amelia_Vega,Kristanna_Loken,Hanan_Ashrawi,Gil_de_Ferran,Gerardo_Gambala,Andrew_Cuomo,Nestor_Kirchner,Bob_Hope,Carlos_Ghosn,Olesya_Bonabarenko,Edward_Lu,Li_Peng,Christopher_Patten,Dennis_Powell,Boris_Becker
probe/Mohamed_Benaissa/Mohamed_Benaissa_0002.jpg,Mohamed_Benaissa,1,1.0,0.7409001588821411,0.7409001588821411,Mohamed_Benaissa,Gregory_Geoffroy,Nicanor_Duarte_Frutos,Jack_Straw,Wang_Yingfan,Carlos_Quintanilla_Schmidt,Bud_Selig,Albrecht_Mentz,Pedro_Solbes,Masum_Turker,Trent_Lott,Eric_Clapton,Charlton_Heston,Jorge_Castaneda,Hootie_Johnson,Alexander_Rumyantsev,Jose_Sarney,Robert_DeFraites,Alejandro_Toledo,Anders_Fogh_Rasmussen,Arlen_Specter,Liu_Mingkang,Bill_Gates,Warren_Buffett,Miguel_Contreras,Jean-David_Levitte,Hun_Sen,John_Taylor,Alexander_Losyukov,John_McCormack,Eddy_Merckx,Juan_Valencia_Osorio,James_Kopp,Nabil_Shaath,Adolfo_Aguilar_Zinser,Kim_Ryong-sung,Peter_Harrison,Tom_Craddick,Aung_San_Suu_Kyi,Henrique_Meirelles,Anders_Ebbeson,Charles_Kartman,Shaukat_Aziz,Mikhail_Kasyanov,Pedro_Malan,John_Rowland,Arye_Mekel,Paul_William_Hurley,Emanuel_Ginobili,Ronald_Reagan
probe/Mohammad_Khatami/Mohammad_Khatami_0002.jpg,Mohammad_Khatami,1,1.0,0.9131255745887756,0.9131255745887756,Mohammad_Khatami,Ali_Khamenei,Steven_Spielberg,Carlos_Mesa,Fidel_Castro,Robert_De_Niro,Francis_Ford_Coppola,Fayssal_Mekdad,Nasser_al-Kidwa,Pedro_Solbes,Luciano_Pavarotti,Pupi_Avati,Inam-ul-Haq,Xanana_Gusmao,Hassan_Nasrallah,Miroljub,James_Gandolfini,Gao_Qiang,Kieran_Prendergast,Gerry_Adams,Juergen_Peters,John_Blaney,Benazir_Bhutto,Carmen_Electra,Amram_Mitzna,Ibrahim_Jaafari,John_McCormack,Megawati_Sukarnoputri,Eric_Rosser,Len_Jenoff,Scott_Rudin,Evander_Holyfield,Dino_de_Laurentis,Nabil_Shaath,Omar_Sharif,Saeb_Erekat,John_Rowland,Carlos_Manuel_Pruneda,William_Bratton,Jerry_Falwell,Robin_Cook,Sarah_Jessica_Parker,Ruben_Studdard,Tammy_Lynn_Michaels,Abdullah,Eduardo_Duhalde,Grady_Irvin_Jr,Mike_Price,Alvaro_Uribe,Jason_Kidd
probe/Monica_Bellucci/Monica_Bellucci_0002.jpg,Monica_Bellucci,1,1.0,0.6718006134033203,0.6718006134033203,Monica_Bellucci,Mohammad_Khatami,Vanessa_Incontrada,Steven_Spielberg,Kemal_Dervis,Dino_de_Laurentis,Amelia_Vega,Kieran_Prendergast,Peter_Harrison,Anna_Kournikova,Benazir_Bhutto,Fidel_Castro,Art_Hoffmann,Paul_McCartney,Robert_Mueller,Jacqueline_Obradors,Martina_Hingis,Elizabeth_Taylor,John_Manley,Johnny_Unitas,Bode_Miller,Dominik_Garcia-Lorido,Oswaldo_Paya,John_Howard,Gregg_Popovich,Kurt_Busch,Liza_Minnelli,George_Karl,Francis_Ford_Coppola,Alexander_Losyukov,Lisa_Gottsegen,Herta_Daeubler-Gmelin,Brigitte_Boisselier,Omar_Sharif,Kim_Ryong-sung,Lawrence_MacAulay,Ali_Khamenei,Raquel_Welch,Robert_De_Niro,Gunter_Pleuger,Antonio_Banderas,Nabil_Shaath,Drew_Barrymore,Thabo_Mbeki,Costas_Simitis,Anna_Nicole_Smith,Rich_Gannon,Valery_Giscard_dEstaing,Saddam_Hussein,James_Gandolfini
probe/Monica_Seles/Monica_Seles_0002.jpg,Monica_Seles,1,1.0,0.6303360462188721,0.6303360462188721,Monica_Seles,Conchita_Martinez,Candie_Kung,Jennifer_Thompson,Magui_Serna,Jennifer_Rodriguez,Anna_Kournikova,Lisa_Raymond,Justine_Henin,Daniela_Hantuchova,Janet_Thorpe,Gary_Carter,Arantxa_Sanchez-Vicario,Kurt_Busch,Meghann_Shaughnessy,Mike_Weir,Nadia_Petrova,Lina_Krasnoroutskaya,Gian_Marco,Martina_Hingis,Patty_Schnyder,Celine_Dion,Kathy_Winters,Serena_Williams,Stacy_Dragila,Padraig_Harrington,Howard_Dean,Sachiko_Yamada,Venus_Williams,Bode_Miller,Jon_Gruden,Phil_Mickelson,Michael_Douglas,Ben_Curtis,David_Heymann,Yevgeny_Kafelnikov,Janica_Kostelic,Kathleen_Kennedy_Townsend,Emily_Robison,Paula_Radcliffe,James_Cunningham,Joseph_Ralston,Biljana_Plavsic,Chanda_Rubin,Joseph_Deiss,Silvia_Farina_Elia,Tom_Glavine,Iva_Majoli,Claire_Hentzen,Kevin_Stallings
probe/Morgan_Freeman/Morgan_Freeman_0002.jpg,Morgan_Freeman,1,1.0,0.7862013578414917,0.7862013578414917,Morgan_Freeman,Thabo_Mbeki,Laurent_Gbagbo,Nelson_Mandela,Hun_Sen,Sam_Bith,Xanana_Gusmao,Yasser_Arafat,Inam-ul-Haq,George_Foreman,Jesse_Jackson,Dalai_Lama,Adrian_McPherson,Robert_Mugabe,John_Stallworth,Dino_de_Laurentis,Lionel_Richie,Serena_Williams,Patti_Labelle,Duane_Lee_Chapman,Mike_Tyson,Tony_Bennett,Johnson_Panjaitan,Omar_Sharif,Flor_Montulo,Patrick_Ewing,James_Kelly,Jia_Qinglin,Lana_Clarkson,S_Jayakumar,Pupi_Avati,Tom_Daschle,John_Allen_Muhammad,Vicente_Fernandez,Peter_Struck,Doug_Duncan,Colin_Powell,Kenneth_Evans,Saddam_Hussein,Venus_Williams,Anwar_Ibrahim,Lee_Hoi-chang,Hamzah_Haz,Sophia_Loren,Sally_Kirkland,Justin_Gatlin,Edward_James_Olmos,Carol_Moseley_Braun,Bill_Nelson,Angelo_Reyes
probe/Munir_Akram/Munir_Akram_0002.jpg,Munir_Akram,1,1.0,0.943169116973877,0.943169116973877,Munir_Akram,Alejandro_Toledo,Jorge_Castaneda,Hu_Jintao,Spencer_Abraham,Miguel_Contreras,Hassan_Wirajuda,Alberto_Ruiz_Gallardon,Federico_Trillo,Angelo_Reyes,George_Lopez,Antony_Leung,Nicanor_Duarte_Frutos,Megawati_Sukarnoputri,Liu_Mingkang,Hun_Sen,Carlos_Quintanilla_Schmidt,Colin_Powell,Mario_Kreutzberger,Lim_Dong-won,Juan_Valencia_Osorio,Kim_Jin-sun,Brian_Cowen,Adolfo_Aguilar_Zinser,Henrique_Meirelles,Lino_Oviedo,Kim_Ryong-sung,Georgi_Parvanov,Shaukat_Aziz,Gabriel_Valdes,Ali_Abbas,Abel_Pacheco,Masum_Turker,Michel_Temer,Jong_Thae_Hwa,Christine_Gregoire,Kim_Dae-jung,Saddam_Hussein,Dai_Bachtiar,Robert_Mugabe,Joseph_Estrada,Jorge_Batlle,Abdullah,Hilmi_Ozkok,John_Rosa,Gregory_Hines,Andrew_Cuomo,Mohammad_Khatami,OJ_Simpson,Jack_Grubman
probe/Nabil_Shaath/Nabil_Shaath_0002.jpg,Nabil_Shaath,1,1.0,0.7940050363540649,0.7940050363540649,Nabil_Shaath,Dick_Cheney,Costas_Simitis,Max_Mayfield,Carlos_Bianchi,George_Ryan,Ferenc_Madl,Paul_ONeill,Hans_Eichel,Fidel_Castro,James_Ivory,Mike_Price,James_Smith,Alejandro_Toledo,Larry_Brown,Art_Howe,Francis_George,Melanie_Griffith,Saeb_Erekat,Cruz_Bustamante,Valery_Giscard_dEstaing,George_Brumley,Hipolito_Mejia,Charles_Mathews,Carl_Reiner,Robin_McLaurin_Williams,Igor_Ivanov,Paul_Patton,Bernard_Landry,John_Howard,Jay_Garner,Jose_Manuel_Durao_Barroso,Patrick_Leahy,Chakib_Khelil,John_Ruiz,Abel_Pacheco,Henrique_Meirelles,GL_Peiris,Sarah_Jessica_Parker,Drew_Barrymore,Peter_Struck,Leszek_Miller,John_McCallum,Gary_Carter,John_Negroponte,Hassan_Wirajuda,Kemal_Dervis,John_Snow,Charles_Kartman,Fayssal_Mekdad
probe/Nadia_Petrova/Nadia_Petrova_0002.jpg,Nadia_Petrova,1,1.0,0.8120869398117065,0.8120869398117065,Nadia_Petrova,Martina_Hingis,Daniela_Hantuchova,Lindsay_Davenport,Meghann_Shaughnessy,Hayley_Tullett,Anna_Kournikova,Arantxa_Sanchez-Vicario,Conchita_Martinez,Paula_Radcliffe,Justine_Henin,Marlene_Weingartner,Blythe_Hartley,Jennifer_Rodriguez,Jason_Jennings,Jim_Furyk,Martha_Bowen,Dale_Earnhardt_Jr,Diana_Taurasi,Elinor_Caplan,James_Schultz,Carolina_Moraes,Tomoko_Hagiwara,Matthew_Perry,Nia_Vardalos,Iva_Majoli,Monica_Seles,Candie_Kung,Hector_Babenco,Sue_Wicks,Albert_Costa,Natalie_Coughlin,Mikhail_Youzhny,Magui_Serna,Julianne_Moore,Butch_Davis,Greg_Owen,Kurt_Busch,Claire_Hentzen,Yao_Ming,Juan_Pablo_Montoya,Janet_Thorpe,Leander_Paes,Justin_Leonard,Jose_Mourinho,John_Rosa,Prince_Willem-Alexander,Lou_Piniella,Kevin_Spacey,Freddy_Garcia
probe/Nadine_Vinzens/Nadine_Vinzens_0002.jpg,Nadine_Vinzens,1,1.0,0.5640745162963867,0.5640745162963867,Nadine_Vinzens,Elizabeth_Shue,Jean-David_Levitte,Alison_Lohman,Jessica_Alba,Christian_Wulff,Guido_Westerwelle,Gerry_Parsky,Bud_Selig,Emma_Thompson,Maria_Luisa_Mendonca,Silvia_Farina_Elia,David_Dodge,Alvaro_Uribe,Heidi_Fleiss,Flavia_Delaroli,Bill_Gates,Joseph_Deiss,Kristin_Davis,Jennifer_Lopez,David_Myers,Vincent_Brooks,John_Allen_Muhammad,Dominik_Garcia-Lorido,Vladimir_Putin,David_Trimble,Sophia_Loren,David_Heymann,Christopher_Walken,Roman_Polanski,Jennifer_Aniston,Sourav_Ganguly,Yevgeny_Kafelnikov,Fred_Funk,Robert_Mugabe,Tom_Craddick,Phil_Vassar,Vaclav_Havel,Anthony_Fauci,Steve_Waugh,Hassan_Wirajuda,Jacqueline_Obradors,Alastair_Campbell,David_Nalbandian,Pedro_Malan,Hashim_Thaci,Vidar_Helgesen,Adam_Scott,Richard_Krajicek,Matthew_Perry
probe/Nancy_Pelosi/Nancy_Pelosi_0002.jpg,Nancy_Pelosi,1,1.0,0.8641109466552734,0.8641109466552734,Nancy_Pelosi,Christine_Gregoire,Judy_Genshaft,Arianna_Huffington,Gianna_Angelopoulos-Daskalaki,Benazir_Bhutto,Michelle_Yeoh,Lisa_Ling,Hillary_Clinton,Paula_Radcliffe,Jo_Dee_Messina,Julie_Taymor,Hanan_Ashrawi,Sheila_Wellstone,Larry_Ellison,Yoko_Ono,Gerry_Parsky,Coretta_Scott_King,Gloria_Allred,Albert_Costa,Dorthy_Moxley,Barbara_Walters,Patricia_Clarkson,Chita_Rivera,Edie_Falco,Gerard_Depardieu,Arlen_Specter,Ron_Dittemore,Bill_Frist,Monica_Seles,Mary_Tyler_Moore,Boris_Becker,Rita_Moreno,Luciano_Pavarotti,Celine_Dion,Sophia_Loren,Isabelle_Huppert,Goh_Kun,Lynn_Abraham,Laura_Hernandez,Christopher_Walken,Hayley_Tullett,Yasser_Arafat,Begum_Khaleda_Zia,Ann_Veneman,Fidel_Castro,Nancy_Reagan,Kathleen_Kennedy_Townsend,Carol_Burnett,Julianne_Moore
probe/Nancy_Reagan/Nancy_Reagan_0002.jpg,Nancy_Reagan,1,1.0,0.7051813006401062,0.7051813006401062,Nancy_Reagan,Jean_Brumley,Karin_Stoiber,Debra_Brown,Christine_Gregoire,Marie-Reine_Le_Gougne,Bill_Frist,Dorthy_Moxley,Raquel_Welch,Christine_Ebersole,Doris_Schroeder,Nancy_Pelosi,Queen_Beatrix,Doris_Roberts,Charlton_Heston,Jorge_Batlle,Julianne_Moore,Valery_Giscard_dEstaing,Marilyn_Monroe,Sam_Bith,Lynn_Abraham,Hans_Eichel,Lynne_Cheney,Mary_Tyler_Moore,Bob_Hope,Justin_Guarini,Costas_Simitis,Paul_McCartney,Gloria_Allred,Michelle_Pfeiffer,John_Kerry,Martha_Burk,Jeanne_Moreau,Drew_Barrymore,Hichiro_Naemura,Patricia_Clarkson,Carol_Burnett,Bridget_Fonda,Dick_Vermeil,Betsy_Smith,Mary_Carey,Yukiko_Okudo,Noah_Wyle,Tom_Daschle,Paula_Radcliffe,John_F_Kennedy_Jr,Jean_Carnahan,Venus_Williams,Miroljub,Elizabeth_Taylor
probe/Nanni_Moretti/Nanni_Moretti_0002.jpg,Nanni_Moretti,1,1.0,0.8286301493644714,0.8286301493644714,Nanni_Moretti,Branko_Crvenkovski,Celso_Amorim,Mark_Cuban,Steve_Waugh,Robert_De_Niro,Alejandro_Avila,Alejandro_Toledo,Matthew_Perry,Bill_Gates,Abdel_Nasser_Assidi,Alec_Baldwin,Andy_Hebb,Augustin_Calleri,Abdullah_Gul,Ian_Thorpe,John_Rosa,Amram_Mitzna,Paul_Bremer,Mikulas_Dzurinda,John_Kerry,Carmen_Electra,Mohammad_Khatami,Phil_Mickelson,Claire_Leger,Art_Howe,Jose_Manuel_Durao_Barroso,Roman_Polanski,Paul_McCartney,Nestor_Kirchner,Oswaldo_Paya,David_Wolf,Edward_Said,Eddie_Sutton,Noah_Wyle,Monica_Bellucci,Aleksander_Kwasniewski,Georgi_Parvanov,Fidel_Castro,Francis_Mer,Adolfo_Aguilar_Zinser,Joe_Gatti,Job_Cohen,Jorge_Rodolfo_Canicoba_Corral,Jean-Claude_Juncker,Anneli_Jaatteenmaki,Bernard_Lord,Ronald_Reagan,John_Garamendi,Juergen_Peters
probe/Nasser_al-Kidwa/Nasser_al-Kidwa_0002.jpg,Nasser_al-Kidwa,1,1.0,0.7187488079071045,0.7187488079071045,Nasser_al-Kidwa,Igor_Ivanov,Kevin_Spacey,Jose_Serra,Cruz_Bustamante,Scott_McClellan,Carlos_Manuel_Pruneda,Ibrahim_Jaafari,Nia_Vardalos,Nicanor_Duarte_Frutos,Tom_Cruise,Peter_Arnett,Guillermo_Coria,Larry_Lucchino,Silvan_Shalom,Slobodan_Milosevic,Andrei_Mikhnevich,Bernard_Lord,Xanana_Gusmao,Darren_Clarke,Stanley_Tong,Iain_Duncan_Smith,Richard_Sambrook,Jay_Rasulo,Alvaro_Noboa,Megawati_Sukarnoputri,Boris_Berezovsky,Daniela_Hantuchova,Prince_Naruhito,Kevin_Stallings,Carlos_Ghosn,Pamela_Anderson,Saparmurat_Niyazov,Kenneth_Evans,Thaksin_Shinawatra,Saeb_Erekat,Silvio_Berlusconi,Fayssal_Mekdad,Larry_Johnson,Job_Cohen,Hipolito_Mejia,Gao_Qiang,Mark_Dacey,Mitchell_Daniels,Pedro_Solbes,Nestor_Kirchner,Kim_Ryong-sung,Lim_Dong-won,Miroljub,Stockard_Channing
probe/Nastassia_Kinski/Nastassia_Kinski_0002.jpg,Nastassia_Kinski,1,1.0,0.8752027750015259,0.8752027750015259,Nastassia_Kinski,Maria_Luisa_Mendonca,Julianne_Moore,Michelle_Pfeiffer,Jane_Kaczmarek,Frances_Fisher,Allison_Janney,Sophia_Loren,Bud_Selig,Betsy_Smith,Jodie_Foster,Raquel_Welch,Geraldine_Chaplin,Colin_Jackson,Kristanna_Loken,Tom_Crean,Meryl_Streep,Marina_Anissina,Yevgeny_Kafelnikov,Madonna,Cindy_Margolis,Maggie_Smith,Gloria_Allred,Pamela_Anderson,Pascal_Quignard,Penelope_Ann_Miller,Doug_Duncan,Joe_Mantello,Nancy_Pelosi,Karin_Stoiber,Hideki_Matsui,Jacqueline_Obradors,Chris_Tucker,Christine_Ebersole,Tamara_Brooks,Anneli_Jaatteenmaki,Jim_Furyk,Felix_Mantilla,Ernesto_Zedillo,Fred_Funk,Martina_McBride,Barbara_Walters,Mariangel_Ruiz_Torrealba,Phil_Vassar,Carlos_Ghosn,Natalie_Maines,Isaiah_Washington,Jon_Gruden,Goldie_Hawn,Emmit_Smith
probe/Natalie_Coughlin/Natalie_Coughlin_0002.jpg,Natalie_Coughlin,1,1.0,0.8735291957855225,0.8735291957855225,Natalie_Coughlin,Cameron_Diaz,Lindsay_Davenport,Lina_Krasnoroutskaya,Erika_Christensen,Beth_Jones,Cyndi_Thompson,Hannah_Stockbauer,Meghann_Shaughnessy,Jennifer_Thompson,Ann_Veneman,Eve_Pelletier,Anna_Kournikova,Patty_Schnyder,Cathy_Freeman,Chanda_Rubin,Dolma_Tsering,Martina_McBride,Michael_Chang,Jesse_Jackson,Mariah_Carey,Alicia_Silverstone,Amanda_Beard,Lili_Taylor,Carolina_Moraes,Jessica_Lange,Reese_Witherspoon,Ashanti,Jennifer_Aniston,Serena_Williams,Eunice_Barber,Mary_Landrieu,Hayley_Tullett,Alan_Mulally,Elisabeth_Schumacher,Mary-Kate_Olsen,Johnson_Panjaitan,Martin_Verkerk,Adolfo_Rodriguez_Saa,Vanessa_Williams,Flavia_Delaroli,Lindsay_Benko,Daniela_Hantuchova,Iva_Majoli,Nicolas_Lapentti,Silvia_Farina_Elia,GL_Peiris,Pamela_Anderson,Paul-Henri_Mathieu,Juan_Pablo_Montoya
probe/Natalie_Maines/Natalie_Maines_0002.jpg,Natalie_Maines,1,1.0,0.8503787517547607,0.8503787517547607,Natalie_Maines,Michelle_Pfeiffer,Elin_Nordegren,Julie_Gerberding,Anna_Nicole_Smith,Martina_McBride,Mariangel_Ruiz_Torrealba,Maria_Luisa_Mendonca,Spencer_Abraham,Jorge_Batlle,Cindy_Margolis,Abdullah_al-Attiyah,Vincent_Brooks,Abdullah_Gul,Olesya_Bonabarenko,Cameron_Diaz,Alex_Barros,Debra_Brown,John_Rosa,Claire_Danes,Amanda_Beard,Nia_Vardalos,Kristanna_Loken,Patrick_Ewing,Lindsey_Graham,Arianna_Huffington,Lou_Piniella,Anders_Ebbeson,Alejandro_Avila,Jamie_Villafane,Todd_Haynes,Jan_Ullrich,Jason_Kidd,Lloyd_Ward,Sandra_Bullock,David_Wolf,Adrian_Nastase,Ashanti,Liza_Minnelli,Gerry_Adams,Amber_Tamblyn,Jose_Serra,Nastassia_Kinski,Nanni_Moretti,Latrell_Sprewell,LeBron_James,Kenneth_Evans,Jesse_Jackson,Julianne_Moore,Pete_Sampras
probe/Nelson_Mandela/Nelson_Mandela_0002.jpg,Nelson_Mandela,1,1.0,0.8691635131835938,0.8691635131835938,Nelson_Mandela,Sam_Bith,Thabo_Mbeki,Donatella_Versace,Jimmy_Carter,Colin_Powell,Jay_Garner,Jorge_Batlle,GL_Peiris,Hamzah_Haz,Laurent_Gbagbo,Duane_Lee_Chapman,Morgan_Freeman,Ralph_Lauren,Lloyd_Ward,Queen_Beatrix,Peter_Struck,Miguel_Contreras,Nick_Nolte,Martha_Beatriz_Roque,Serena_Williams,Angelo_Reyes,Doris_Schroeder,Robert_Mugabe,George_Foreman,S_Jayakumar,Adrian_McPherson,Trent_Lott,Jesse_Jackson,Sally_Kirkland,Hun_Sen,Joseph_Biden,Flor_Montulo,Abdullah_al-Attiyah,Carol_Moseley_Braun,Doug_Duncan,Begum_Khaleda_Zia,Elizabeth_Smart,Julie_Gerberding,Anna_Kournikova,John_Allen_Muhammad,Yasser_Arafat,Justin_Guarini,Billy_Graham,James_Kelly,Harry_Belafonte,Omar_Sharif,Mary_Landrieu,John_Rigas,Kalpana_Chawla
probe/Nestor_Kirchner/Nestor_Kirchner_0002.jpg,Nestor_Kirchner,1,1.0,0.8716288805007935,0.8716288805007935,Nestor_Kirchner,Jack_Straw,Charlton_Heston,Tony_Bennett,Jose_Viegas_Filho,Alvaro_Noboa,Paul_McCartney,Bill_Gates,Gregory_Geoffroy,Robert_De_Niro,Franko_Simatovic,Jean_Carnahan,Jean-Claude_Trichet,Adolfo_Aguilar_Zinser,Abdullah_Gul,John_Manley,Mark_Hamister,David_Trimble,Alexander_Rumyantsev,Alberto_Ruiz_Gallardon,Pamela_Anderson,Ian_McKellen,Inocencio_Arias,Wang_Yingfan,Marc_Grossman,Jean-Claude_Braquet,Franz_Muentefering,Abdel_Nasser_Assidi,Nicanor_Duarte_Frutos,Ozzy_Osbourne,Alexander_Losyukov,Bernard_Lord,Alvaro_Uribe,Mikulas_Dzurinda,Billy_Sollie,Brian_Mulroney,Venus_Williams,Jean-Claude_Juncker,John_Allen_Muhammad,Martha_Burk,Bud_Selig,Fidel_Castro,Carlos_Quintanilla_Schmidt,Valdas_Adamkus,Jorge_Castaneda,Abel_Pacheco,Hootie_Johnson,Lynn_Abraham,Guillaume_Soro,Vincent_Brooks
probe/Nia_Vardalos/Nia_Vardalos_0002.jpg,Nia_Vardalos,1,1.0,0.8815599679946899,0.8815599679946899,Nia_Vardalos,Gloria_Allred,Biljana_Plavsic,Arianna_Huffington,Debra_Brown,Monica_Seles,Priscilla_Owen,Marissa_Jaret_Winokur,Gianna_Angelopoulos-Daskalaki,Oswaldo_Paya,Kathleen_Kennedy_Townsend,Celine_Dion,Arantxa_Sanchez-Vicario,Joan_Claybrook,Conchita_Martinez,Celso_Amorim,Claire_Leger,Emily_Robison,Marco_Antonio_Barrera,Jo_Dee_Messina,Jim_Harrick,Nancy_Reagan,Sue_Wicks,Paul_Bremer,Natalie_Maines,Nadia_Petrova,Ruben_Studdard,Mike_Babcock,Elinor_Caplan,Tammy_Lynn_Michaels,Alejandro_Avila,Mikulas_Dzurinda,Luis_Figo,Paula_Radcliffe,Julie_Gerberding,Zoran_Djindjic,Sheila_Wellstone,Geno_Auriemma,Jean-David_Levitte,Paul_McCartney,Orlando_Bloom,Anneli_Jaatteenmaki,Helen_Clark,Jason_Kidd,Raquel_Welch,Ellen_DeGeneres,Bill_Simon,Stanley_McChrystal,Sourav_Ganguly,Frank_Griswold
probe/Nicanor_Duarte_Frutos/Nicanor_Duarte_Frutos_0002.jpg,Nicanor_Duarte_Frutos,1,1.0,0.8956341743469238,0.8956341743469238,Nicanor_Duarte_Frutos,Masum_Turker,Gregory_Geoffroy,Trent_Lott,Jack_Straw,Eric_Clapton,Heizo_Takenaka,Dick_Clark,Alejandro_Toledo,Gary_Doer,Jean-David_Levitte,Pupi_Avati,John_McCormack,Carlos_Quintanilla_Schmidt,Hootie_Johnson,Jorge_Castaneda,Elinor_Caplan,Gary_Locke,Mitoji_Yabunaka,Frank_Griswold,James_Kopp,Lim_Dong-won,John_Taylor,Juan_Valencia_Osorio,Amram_Mitzna,Mohamed_Benaissa,Wang_Yingfan,Jose_Sarney,Hu_Jintao,Ronald_Reagan,James_Kelly,James_Traficant,George_Lopez,Mohammad_Khatami,George_Robertson,Alexander_Rumyantsev,Diane_Green,Cruz_Bustamante,Robert_Mueller,Saparmurat_Niyazov,Lawrence_MacAulay,Robert_Mugabe,David_Kelley,Li_Peng,Herta_Daeubler-Gmelin,Miguel_Contreras,Anders_Fogh_Rasmussen,Pedro_Solbes,Gary_Forsee,Brian_Cowen
probe/Nick_Nolte/Nick_Nolte_0002.jpg,Nick_Nolte,1,1.0,0.8090561628341675,0.8090561628341675,Nick_Nolte,Warren_Beatty,John_Spencer,Dennis_Powell,Ishaq_Shahryar,Peter_Hillary,Donald_Evans,Greg_Rusedski,Charlton_Heston,Tom_Daschle,John_Malkovich,Omar_Sharif,Matt_Doherty,Joseph_Biden,Stanley_McChrystal,Bill_Graham,Kiki_Vandeweghe,Frank_Solich,Kurt_Russell,Bill_Nelson,Ron_Howard,Thomas_Fargo,Harry_Schmidt,Dick_Vermeil,Roy_Moore,John_Abizaid,John_McCallum,Doug_Collins,Bo_Ryan,Vicente_Fernandez,Alex_Penelas,Johnny_Carson,Trent_Lott,Dave_Campo,Aleksander_Kwasniewski,Frank_Griswold,James_Kelly,Roy_Williams,John_Kerry,Bruce_Weber,Robert_Zoellick,Bill_Belichick,Marcus_Gronholm,Gregg_Popovich,Klaus_Zwickel,Harvey_Weinstein,Prince_Edward,Bill_Simon,Daniel_Day-Lewis,Bruce_Van_De_Velde
probe/Nicolas_Lapentti/Nicolas_Lapentti_0002.jpg,Nicolas_Lapentti,1,1.0,0.7889294028282166,0.7889294028282166,Nicolas_Lapentti,Imad_Moustapha,Jamling_Norgay,Juan_Pablo_Montoya,Yao_Ming,Sourav_Ganguly,Laurent_Jalabert,Paul-Henri_Mathieu,Freddy_Garcia,Bernardo_Segura,Alex_Barros,Abdullah,Jose_Mourinho,Hisao_Oguchi,Carlos_Manuel_Pruneda,Marco_Antonio_Barrera,Jefferson_Perez,Garry_Kasparov,Jorge_Arce,Jackie_Chan,Harbhajan_Singh,Gerardo_Gambala,Ali_Abbas,Tyler_Hamilton,Silvan_Shalom,Michael_Chang,John_Howard,Eddy_Merckx,Daniela_Hantuchova,James_McGreevey,Kim_Ryong-sung,Hu_Jintao,Vincent_Brooks,Albert_Costa,George_Lopez,Denise_Johnson,Frank_Stallone,Eduardo_Duhalde,Nadia_Petrova,Jonathan_Edwards,Thomas_Rupprath,Gao_Qiang,Ali_Khamenei,Natalie_Coughlin,Alvaro_Noboa,Julio_Iglesias_Jr,Hayley_Tullett,Yasar_Yakis,Mike_Weir,Anna_Kournikova
probe/Noah_Wyle/Noah_Wyle_0002.jpg,Noah_Wyle,1,1.0,0.9074995517730713,0.9074995517730713,Noah_Wyle,Ian_Thorpe,Anthony_LaPaglia,William_Bratton,John_Allen_Muhammad,Anders_Fogh_Rasmussen,Gil_de_Ferran,Ishaq_Shahryar,Bill_Callahan,Richard_Krajicek,Robbie_Fowler,Mitoji_Yabunaka,Amelia_Vega,Aleksander_Kwasniewski,Benazir_Bhutto,Mohammad_Khatami,Keira_Knightley,Alec_Baldwin,Emanuel_Ginobili,Gray_Davis,Gary_Doer,Kirk_Ferentz,Johnny_Unitas,Aldo_Paredes,Lech_Walesa,Darrell_Issa,Venus_Williams,Bobby_Goldwater,Wang_Yingfan,Robert_De_Niro,OJ_Simpson,Rolf_Eckrodt,Paul_McCartney,Kurt_Busch,Derek_Lowe,Damon_van_Dam,Paul_Pierce,Kim_Ryong-sung,Goh_Kun,Alvaro_Uribe,Jose_Theodore,Prince_Naruhito,John_Kerry,Nancy_Reagan,Greg_Ostertag,Bridget_Fonda,Cindy_Margolis,Bode_Miller,John_F_Kennedy_Jr,Barry_Zito
probe/Nora_Bendijo/Nora_Bendijo_0002.jpg,Nora_Bendijo,7,0.14285714285714285,0.5990463495254517,0.5203691124916077,Flor_Montulo,Hitomi_Soga,Coretta_Scott_King,Megawati_Sukarnoputri,Michael_Chang,Alexandra_Stevenson,Nora_Bendijo,Adolfo_Rodriguez_Saa,Intisar_Ajouri,Dalai_Lama,Colin_Powell,Annette_Lu,Martha_Burk,Aung_San_Suu_Kyi,Hamzah_Haz,GL_Peiris,Mitoji_Yabunaka,Begum_Khaleda_Zia,Hu_Jintao,Edward_James_Olmos,Alejandro_Toledo,Chok_Tong_Goh,Li_Peng,Zarai_Toledo,Yoko_Ono,Ahmet_Necdet_Sezer,Pedro_Malan,Shaukat_Aziz,Ashanti,Cathy_Freeman,Jackie_Chan,Ali_Abbas,Kim_Ryong-sung,Juan_Valencia_Osorio,Larry_Lucchino,Miguel_Contreras,Munir_Akram,Johnson_Panjaitan,Sandra_Bullock,Silvio_Berlusconi,Gloria_Macapagal_Arroyo,Ann_Veneman,Xanana_Gusmao,Hun_Sen,Julie_Gerberding,Sam_Bith,Annette_Bening,Kalpana_Chawla,Lino_Oviedo,Emile_Lahoud
probe/OJ_Simpson/OJ_Simpson_0002.jpg,OJ_Simpson,1,1.0,0.8377041816711426,0.8377041816711426,OJ_Simpson,John_Allen_Muhammad,John_Stallworth,Lloyd_Ward,James_Butts,Mike_Tyson,Evander_Holyfield,Saeb_Erekat,Paul_Pierce,Harry_Belafonte,Tom_Glavine,Hun_Sen,Dalai_Lama,Johnson_Panjaitan,Nia_Vardalos,Dennis_Kucinich,S_Jayakumar,Lionel_Richie,Bill_Nelson,GL_Peiris,Ray_Nagin,Michael_Ballack,Hideki_Matsui,Jennifer_Lopez,Carol_Moseley_Braun,Angelo_Reyes,Jason_Kidd,Jesse_James_Leija,George_Lopez,Paula_Zahn,Jesse_Jackson,Anibal_Ibarra,Tim_Allen,Anwar_Ibrahim,Kurt_Russell,Dwayne_Johnson,Costas_Simitis,Larry_Johnson,Beth_Jones,Bob_Beauprez,Dai_Bachtiar,Grady_Irvin_Jr,Yasar_Yakis,Donald_Evans,Padraig_Harrington,Joe_Dumars,Sarah_Jessica_Parker,Tom_Daschle,Len_Jenoff,Leonard_Hamilton
probe/Olesya_Bonabarenko/Olesya_Bonabarenko_0002.jpg,Olesya_Bonabarenko,1,1.0,0.728176474571228,0.728176474571228,Olesya_Bonabarenko,Marisa_Tomei,Natalie_Maines,Nia_Vardalos,Ricky_Barnes,Paul_Bremer,Jo_Dee_Messina,Lisa_Ling,Roy_Williams,James_Kelly,Abdullah_Gul,Rich_Gannon,Scott_McNealy,Laura_Hernandez,Mario_Dumont,Jonathan_Edwards,Aaron_Sorkin,Amelia_Vega,Nancy_Reagan,Heidi_Fleiss,Vanessa_Incontrada,Art_Hoffmann,Gianna_Angelopoulos-Daskalaki,Ricky_Ponting,Tom_Daschle,Christian_Fittipaldi,Jean-David_Levitte,John_Manley,Julianna_Margulies,Daisy_Fuentes,Vincent_Brooks,Begum_Khaleda_Zia,Luis_Figo,Hal_Sutton,Yukiko_Okudo,Larry_Ellison,Sophia_Loren,Robert_DeFraites,Jennifer_Aniston,Lyle_Vanclief,Lou_Piniella,Emily_Robison,Gray_Davis,Anders_Ebbeson,Vaclav_Havel,Martina_Hingis,Brad_Johnson,Nancy_Pelosi,Harry_Kalas,Doris_Schroeder
probe/Olivia_Newton-John/Olivia_Newton-John_0002.jpg,Olivia_Newton-John,1,1.0,0.7951633930206299,0.7951633930206299,Olivia_Newton-John,Doris_Schroeder,Melanie_Griffith,Goldie_Hawn,Natalie_Maines,Gary_Carter,Elisabeth_Schumacher,Daryl_Hannah,Celine_Dion,Yao_Ming,Vanessa_Incontrada,Barbra_Streisand,Christine_Ebersole,Michael_Chang,Daisy_Fuentes,Martina_McBride,Bud_Selig,Lee_Tae-sik,Michael_Ballack,Mary_Landrieu,Lee_Jun,Gerry_Parsky,Tom_Cruise,Aron_Ralston,Juanes,Andrei_Mikhnevich,Jorge_Valdano,Dennis_Kucinich,Lisa_Ling,Bill_Callahan,Geno_Auriemma,John_Ruiz,Lisa_Raymond,Paula_Radcliffe,Marco_Antonio_Barrera,Richard_Krajicek,Kate_Capshaw,Joseph_Ralston,Patricia_Clarkson,Dolly_Parton,Bridget_Fonda,Elizabeth_Dole,Marcus_Gronholm,Roman_Polanski,Candie_Kung,Kim_Dae-jung,George_P_Bush,Simon_Cowell,David_Leahy,Sean_Astin
probe/Omar_Sharif/Omar_Sharif_0002.jpg,Omar_Sharif,1,1.0,0.947181761264801,0.947181761264801,Omar_Sharif,Inam-ul-Haq,Charlton_Heston,John_Spencer,Yasar_Yakis,Martin_Scorsese,Vicente_Fernandez,Dick_Latessa,Lech_Walesa,Miroljub,Nick_Nolte,Steven_Spielberg,Ismail_Merchant,Francis_Ford_Coppola,Matt_Doherty,Tammy_Lynn_Michaels,John_Malkovich,Harry_Schmidt,Stephen_Friedman,Robert_De_Niro,Richard_Branson,Harry_Belafonte,John_McCallum,Xanana_Gusmao,Bill_Graham,Fidel_Castro,Billy_Graham,Ishaq_Shahryar,John_Snow,Amram_Mitzna,Bill_Nelson,Anna_Nicole_Smith,Art_Howe,Ali_Khamenei,Frank_Griswold,Leszek_Miller,Ernesto_Zedillo,John_Abizaid,Augusto_Roa_Bastos,Peter_Struck,Yasser_Arafat,Paul_ONeill,Melanie_Griffith,Wesley_Clark,Warren_Beatty,Dino_de_Laurentis,Antonio_Banderas,Peter_Hillary,Anibal_Ibarra,Carlos_Mesa
probe/Orlando_Bloom/Orlando_Bloom_0002.jpg,Orlando_Bloom,975,0.0010256410256410256,0.5754679441452026,-0.2587546110153198,Gwendal_Peizerat,Benazir_Bhutto,Phil_Vassar,Monica_Bellucci,Anna_Kournikova,Elsa_Zylberstein,Diana_Taurasi,Gao_Qiang,Ann_Veneman,Abel_Pacheco,Meryl_Streep,Drew_Barrymore,Patricia_Heaton,Li_Peng,Hitomi_Soga,Igor_Ivanov,Mohammad_Khatami,Intisar_Ajouri,Silvia_Farina_Elia,Thaksin_Shinawatra,Kim_Jong-Il,Martina_Hingis,Mariah_Carey,Mary_Carey,Brigitte_Boisselier,Hannah_Stockbauer,Nabil_Shaath,Pedro_Malan,Melanie_Griffith,Kim_Ryong-sung,Jennifer_Reilly,Kieran_Prendergast,Heidi_Fleiss,Carlos_Quintanilla_Schmidt,Fayssal_Mekdad,Gloria_Macapagal_Arroyo,Silvan_Shalom,Jay_Rasulo,Alexandra_Stevenson,Chok_Tong_Goh,Ferenc_Madl,Hu_Jintao,Ian_Thorpe,Marilyn_Monroe,Christina_Aguilera,Job_Cohen,John_Howard,Natalie_Coughlin,Albert_Costa,Eddie_Sutton
probe/Osama_bin_Laden/Osama_bin_Laden_0002.jpg,Osama_bin_Laden,1,1.0,0.9642903804779053,0.9642903804779053,Osama_bin_Laden,Mohammad_Khatami,Abdel_Nasser_Assidi,Marwan_Barghouthi,Juergen_Peters,Amram_Mitzna,Michel_Temer,Priscilla_Owen,Harbhajan_Singh,Saddam_Hussein,Luciano_Pavarotti,Abdullah,Ibrahim_Jaafari,Hassan_Nasrallah,Alejandro_Toledo,Gregory_Hines,Vincent_Brooks,Benjamin_Netanyahu,Carlos_Mesa,Kalpana_Chawla,Martha_Beatriz_Roque,Garry_Kasparov,Fidel_Castro,Antonio_Banderas,Steven_Spielberg,Igor_Ivanov,Margaret_Thatcher,Xanana_Gusmao,John_Allen_Muhammad,Grady_Irvin_Jr,Alice_Fisher,Saeb_Erekat,Edward_James_Olmos,Sean_Patrick_OMalley,Ahmet_Necdet_Sezer,Ali_Khamenei,Fayssal_Mekdad,Kevin_Spacey,Jesse_Jackson,Hector_Babenco,Munir_Akram,Hitomi_Soga,GL_Peiris,Nelson_Mandela,Jennifer_Aniston,Leander_Paes,Megawati_Sukarnoputri,Herta_Daeubler-Gmelin,Betsy_Smith,Vince_Carter
probe/Oscar_De_La_Hoya/Oscar_De_La_Hoya_0002.jpg,Oscar_De_La_Hoya,1,1.0,0.8012057542800903,0.8012057542800903,Oscar_De_La_Hoya,Bernardo_Segura,Jan_Ullrich,Ashanti,Antonio_Banderas,Lindsay_Davenport,Mitchell_Daniels,Marcelo_Salas,Amanda_Coetzer,Bill_Gates,Jim_Carrey,Benjamin_Netanyahu,Franco_Dragone,Alejandro_Toledo,John_F_Kennedy_Jr,Bill_Frist,Mary_Carey,Albert_Costa,Lisa_Gottsegen,Dick_Cheney,Boris_Berezovsky,Anna_Kournikova,Jada_Pinkett_Smith,Kevin_Spacey,Nadia_Petrova,Scott_McClellan,Gil_de_Ferran,Kristanna_Loken,Heidi_Fleiss,Marat_Safin,Arnold_Palmer,John_Allen_Muhammad,Mary_Tyler_Moore,Manuel_Poggiali,Tom_Daschle,Jonathan_Edwards,Yukiko_Okudo,Charles_Mathews,Bob_Colvin,Kristin_Davis,Carlo_Ancelotti,Tyra_Banks,John_Howard,Sandra_Bullock,Joerg_Haider,Charles_Schumer,Steve_Park,Sheila_Copps,Juan_Valencia_Osorio,Venus_Williams
probe/Oswaldo_Paya/Oswaldo_Paya_0002.jpg,Oswaldo_Paya,1,1.0,0.9441574811935425,0.9441574811935425,Oswaldo_Paya,Jim_Harrick,Jose_Manuel_Durao_Barroso,Mack_Brown,Paul_Bremer,John_Kerry,Thierry_Falise,Fred_Funk,Jack_Grubman,Rolf_Eckrodt,Bill_Callahan,Celso_Amorim,Gregg_Popovich,Tim_Floyd,Abdullah_Gul,Zoran_Djindjic,Trent_Lott,Brad_Johnson,Bill_Simon,Kevin_Stallings,Brian_Griese,John_Brady,Mike_Babcock,John_Garamendi,Bill_Gates,Larry_Bowa,Bo_Pelini,Hashim_Thaci,Marco_Antonio_Barrera,Jean-David_Levitte,Paul_McNulty,Steve_Spurrier,Adrian_Nastase,Jean-Claude_Trichet,Nia_Vardalos,William_Ford_Jr,Pete_Rose,Alec_Baldwin,Joseph_Ralston,Harvey_Weinstein,David_Leahy,Bashar_Assad,Lindsey_Graham,Phil_Mickelson,Bill_Belichick,Roman_Polanski,Mark_Schweiker,Art_Hoffmann,Abdullatif_Sener,John_Walsh
probe/Owen_Wilson/Owen_Wilson_0002.jpg,Owen_Wilson,1,1.0,0.850661039352417,0.850661039352417,Owen_Wilson,Jackie_Chan,Greg_Owen,Howard_Dean,Jim_Furyk,John_Manley,Jon_Gruden,Ian_Thorpe,Gwendal_Peizerat,Ellen_DeGeneres,Tom_Cruise,Sheila_Wellstone,Adam_Scott,Bernard_Lord,Matthew_Perry,Butch_Davis,Eric_Hinske,Prince_Harry,Greg_Gilbert,William_Ford_Jr,Arlen_Specter,Alejandro_Avila,Robby_Ginepri,Nestor_Kirchner,Thomas_Fargo,Jean_Carnahan,Edward_Norton,Hillary_Clinton,David_Bell,Michael_Douglas,David_Nalbandian,Lindsey_Graham,Mikhail_Youzhny,Jason_Jennings,Ben_Curtis,Alexander_Losyukov,Guy_Ritchie,Robert_Mueller,Johnny_Unitas,Martin_Scorsese,Fidel_Castro,Frank_Cassell,Blythe_Hartley,Juan_Pablo_Montoya,Will_Smith,Peter_Harrison,James_Gandolfini,Yevgeny_Kafelnikov,Meryl_Streep,Jeremy_Shockey
probe/Ozzy_Osbourne/Ozzy_Osbourne_0002.jpg,Ozzy_Osbourne,344,0.0029069767441860465,0.42452722787857056,0.10013866424560547,Johnny_Depp,John_Reilly,LeAnn_Rimes,Barbra_Streisand,Tammy_Lynn_Michaels,Li_Peng,Julie_Gerberding,Queen_Beatrix,Rita_Wilson,John_Howard,Tom_Cruise,Bridget_Fonda,Coretta_Scott_King,Geraldine_Chaplin,Nick_Nolte,Ishaq_Shahryar,Martin_Verkerk,Charlton_Heston,Leszek_Miller,Ralph_Lauren,Brian_Heidik,Sharon_Frey,George_Karl,Gustavo_Kuerten,Kurt_Russell,Paul_ONeill,Arsinee_Khanjian,Bo_Ryan,Mark_Heller,Harry_Schmidt,Bob_Hope,David_Heymann,Jennifer_Connelly,Robert_Zoellick,Flor_Montulo,Magui_Serna,Sachiko_Yamada,Lili_Taylor,Mike_Tyson,John_Spencer,Jason_Kidd,Charlie_Zaa,Jim_Carrey,Brooke_Shields,Liza_Minnelli,Don_Nickles,Mike_Price,Guillermo_Coria,Ann_Veneman,Christine_Gregoire
probe/Padraig_Harrington/Padraig_Harrington_0002.jpg,Padraig_Harrington,1,1.0,0.715483546257019,0.715483546257019,Padraig_Harrington,Rolf_Eckrodt,Barry_Zito,Gary_Forsee,Eddy_Merckx,Trent_Lott,Anders_Fogh_Rasmussen,Noah_Wyle,Joseph_Ralston,Tom_Daschle,Gary_Locke,Tom_Glavine,Mike_Weir,Simon_Cowell,Chris_Bell,Justin_Leonard,Gabriel_Batistuta,Gary_Carter,Gregory_Geoffroy,Iain_Duncan_Smith,Elvis_Presley,Bruce_Van_De_Velde,Christian_Fittipaldi,John_F_Kennedy_Jr,Robert_DeFraites,Gil_de_Ferran,James_Parker,Amelia_Vega,Saparmurat_Niyazov,John_Kerry,William_Bratton,Bill_Callahan,Gloria_Macapagal_Arroyo,Ricky_Ponting,Mario_Dumont,Michael_Phelps,Luke_Walton,Darrell_Porter,Jonathan_Edwards,Brian_Wells,Gary_Doer,Derek_Lowe,Princess_Aiko,Monica_Seles,Kurt_Russell,Jose_Theodore,Candie_Kung,David_Kelley,Nicanor_Duarte_Frutos,James_Cunningham
probe/Pamela_Anderson/Pamela_Anderson_0002.jpg,Pamela_Anderson,1,1.0,0.7132130861282349,0.7132130861282349,Pamela_Anderson,Jennifer_Lopez,Nick_Nolte,Mariah_Carey,Art_Howe,Emmanuelle_Beart,Donatella_Versace,Melanie_Griffith,Reese_Witherspoon,Kristanna_Loken,Byron_Scott,Peter_Hillary,Courtney_Love,Jessica_Lange,Larry_Brown,Madonna,John_Ruiz,Christopher_Patten,Jefferson_Perez,Christina_Aguilera,Dolly_Parton,Vladimir_Putin,Olivia_Newton-John,Luis_Gonzalez_Macchi,Tyra_Banks,Carmen_Electra,Serena_Williams,Yasar_Yakis,Frank_Cassell,Bo_Ryan,Laila_Ali,Benjamin_Netanyahu,Abdullah_al-Attiyah,Daniel_Day-Lewis,Matt_Doherty,Fran_Drescher,James_Smith,Tracee_Ellis_Ross,Anwar_Ibrahim,John_Abizaid,Tom_Crean,Julianne_Moore,Bill_Simon,Raquel_Welch,John_Brady,Dick_Cheney,John_Banko,Justin_Guarini,Sophia_Loren,Vanessa_Williams
probe/Pascal_Lamy/Pascal_Lamy_0002.jpg,Pascal_Lamy,1,1.0,0.8973830938339233,0.8973830938339233,Pascal_Lamy,Igor_Ivanov,Luis_Gonzalez_Macchi,James_Maguire,Silvio_Berlusconi,Bill_Nelson,Iain_Duncan_Smith,Vladimir_Putin,Larry_Lucchino,James_Cunningham,Herb_Sendek,Robert_Zoellick,Benjamin_Netanyahu,Pascal_Quignard,Asa_Hutchinson,Paul_Patton,Ahmet_Necdet_Sezer,Slobodan_Milosevic,Paul_ONeill,Larry_Brown,William_Martin,Roy_Moore,John_Wolf,Jay_Rasulo,Adolfo_Rodriguez_Saa,Roy_Williams,Cesar_Maia,Billy_Sollie,Ian_McKellen,Hector_Babenco,David_Dodge,Robert_Duvall,David_Heymann,William_Hochul,John_Snow,Julianne_Moore,Guillermo_Coria,Robert_Kocharian,Hipolito_Mejia,Helen_Clark,Kevin_Spacey,Daniel_Day-Lewis,Don_Nickles,Freddy_Garcia,Emile_Lahoud,Gloria_Macapagal_Arroyo,Lou_Piniella,Hillary_Clinton,Yao_Ming,Kemal_Dervis
probe/Pascal_Quignard/Pascal_Quignard_0002.jpg,Pascal_Quignard,1,1.0,0.8734648823738098,0.8734648823738098,Pascal_Quignard,Silvio_Berlusconi,Larry_Brown,Donald_Evans,Pascal_Lamy,James_Cunningham,Paul_ONeill,Ralph_Lauren,Iain_Duncan_Smith,Hipolito_Mejia,Howard_Smith,Charles_Mathews,Billy_Sollie,Alejandro_Atchugarry,Patrick_Leahy,Michael_Chiklis,Kristanna_Loken,Jose_Dirceu,Larry_Lucchino,Pedro_Malan,David_Spade,Michael_J_Sheehan,Ilan_Ramon,John_Snow,Leon_LaPorte,William_Martin,Frances_Fisher,Bob_Hope,Jose_Serra,Frank_Solich,Carlos_Ghosn,Mike_Weir,Costas_Simitis,Jon_Gruden,Gil_de_Ferran,Francis_George,Richard_Gephardt,Robert_Zoellick,Herb_Sendek,Marc_Grossman,John_Howard,Art_Howe,John_Wolf,Peter_Struck,Nia_Vardalos,Robert_Bonner,Vaclav_Havel,Hector_Babenco,Emile_Lahoud,Geraldine_Chaplin
probe/Pat_Cox/Pat_Cox_0002.jpg,Pat_Cox,236,0.00423728813559322,0.5717431902885437,0.1776825338602066,Anders_Ebbeson,Howard_Dean,Alexander_Losyukov,Augusto_Pinochet,Eric_Clapton,Paul_William_Hurley,Thomas_OBrien,Vaclav_Havel,Marc-Andre_Fleury,Scott_McClellan,John_Negroponte,Boris_Becker,Gray_Davis,Alexander_Rumyantsev,Brian_Mulroney,Peter_Harrison,William_Ford_Jr,Arlen_Specter,Dominik_Garcia-Lorido,Jimmy_Carter,Steve_Spurrier,Richard_Gephardt,Christopher_Walken,Ozzy_Osbourne,Lindsey_Graham,Prince_Willem-Alexander,Ilan_Ramon,Dennis_Kozlowski,Mikhail_Kasyanov,Mark_Warner,Jack_Straw,Thomas_Fargo,Alan_Ball,John_Abizaid,Fidel_Castro,Edward_Norton,Arye_Mekel,Christine_Gregoire,Roman_Polanski,John_Manley,Carlo_Ancelotti,Butch_Davis,Charlton_Heston,Jeffrey_Scott_Postell,Sheila_Wellstone,Owen_Wilson,Valery_Giscard_dEstaing,Joe_Torre,Joseph_Biden,Alvaro_Noboa
probe/Patrice_Chereau/Patrice_Chereau_0002.jpg,Patrice_Chereau,1,1.0,0.792506217956543,0.792506217956543,Patrice_Chereau,Alastair_Campbell,Mikhail_Kasyanov,Trent_Lott,Fred_Funk,Roy_Moore,Anthony_Hopkins,Marc_Grossman,Oswaldo_Paya,Mark_Schweiker,Ernie_Fletcher,James_Jones,Joe_Torre,Charles_Grassley,Jose_Manuel_Durao_Barroso,Abdullatif_Sener,Federico_Trillo,Robert_Stack,Alvaro_Uribe,Bud_Selig,David_Trimble,Robert_Duvall,Silvio_Berlusconi,John_Manley,Masum_Turker,Michael_Chiklis,Peter_Arnett,James_Traficant,Jose_Dirceu,Tom_Crean,Jose_Serra,Georgi_Parvanov,Paul_McCartney,Chris_Tucker,Larry_Coker,James_Kelly,Guy_Hemmings,Herb_Sendek,Aleksander_Kwasniewski,Mark_Hamister,George_Roy_Hill,Tim_Floyd,Ronald_Reagan,Pascal_Quignard,Hashim_Thaci,Jim_Harrick,George_Tenet,Lawrence_MacAulay,Jon_Gruden,Lindsey_Graham
probe/Patricia_Clarkson/Patricia_Clarkson_0002.jpg,Patricia_Clarkson,1,1.0,0.8586070537567139,0.8586070537567139,Patricia_Clarkson,Edie_Falco,Sally_Kirkland,Paula_Radcliffe,Hillary_Clinton,Madonna,Christine_Ebersole,Kathleen_Glynn,Sarah_Jessica_Parker,Lea_Fastow,Meryl_Streep,Nancy_Pelosi,Marie-Reine_Le_Gougne,Drew_Barrymore,Kathy_Winters,Paula_Zahn,Arianna_Huffington,Elizabeth_Dole,Julianne_Moore,Carlos_Mesa,Gillian_Anderson,Anthony_LaPaglia,Bridget_Fonda,Celine_Dion,Mohammad_Khatami,Cameron_Diaz,Emma_Thompson,Abdullah,Chuck_Amato,Derek_Lowe,Jo_Dee_Messina,Isabelle_Huppert,Ellen_DeGeneres,James_Butts,Elizabeth_Smart,Benazir_Bhutto,Dorthy_Moxley,Lynn_Abraham,Dolly_Parton,Jennifer_Rodriguez,Laurent_Gbagbo,Fidel_Castro,Evan_Rachel_Wood,Vicente_Fernandez,Mary_Tyler_Moore,Mary_Landrieu,Charlotte_Rampling,Robin_McLaurin_Williams,Juan_Pablo_Montoya,Barbara_Walters
probe/Patricia_Heaton/Patricia_Heaton_0002.jpg,Patricia_Heaton,1,1.0,0.6558247804641724,0.6558247804641724,Patricia_Heaton,Rita_Wilson,Julianne_Moore,Jane_Kaczmarek,Charlotte_Rampling,Hillary_Clinton,Bill_Gates,Judy_Genshaft,Jean-David_Levitte,Gianna_Angelopoulos-Daskalaki,Jennifer_Aniston,Meryl_Streep,Nabil_Shaath,Elizabeth_Shue,James_Franco,Nancy_Pelosi,Zhang_Ziyi,Jolanta_Kwasniewski,Silvia_Farina_Elia,Hannah_Stockbauer,Biljana_Plavsic,Jacqueline_Obradors,John_Allen_Muhammad,Kathryn_Bigelow,David_Heymann,Alvaro_Uribe,Shannon_OBrien,Patrick_Ewing,Isabelle_Huppert,Pedro_Malan,Guido_Westerwelle,Benazir_Bhutto,Hitomi_Soga,Annette_Bening,Carol_Burnett,Alison_Lohman,Aung_San_Suu_Kyi,Gerard_Depardieu,Susan_Collins,Phil_Vassar,Andrew_Niccol,Daryl_Hannah,John_Wolf,Joseph_Estrada,Tom_Crean,Michelle_Yeoh,Roman_Polanski,Bill_Simon,Priscilla_Owen,Silvio_Berlusconi
probe/Patrick_Ewing/Patrick_Ewing_0002.jpg,Patrick_Ewing,1,1.0,0.7983423471450806,0.7983423471450806,Patrick_Ewing,Julianne_Moore,Nastassia_Kinski,Doug_Duncan,David_Trimble,Latrell_Sprewell,Chris_Tucker,Bill_Simon,Chris_Rock,Tom_Crean,Byron_Scott,Tamara_Brooks,George_Robertson,Jan_Ullrich,Hal_Sutton,Gerry_Adams,Bill_Gates,Trent_Lott,Felix_Mantilla,Nanni_Moretti,Marc_Grossman,David_Leahy,Spencer_Abraham,Mariangel_Ruiz_Torrealba,Joseph_Estrada,Paul_McNulty,Natalie_Maines,Frances_Fisher,Nancy_Pelosi,Kirk_Johnson,Queen_Beatrix,Ilan_Ramon,Bill_Sizemore,Bob_Hope,Serena_Williams,Heidi_Fleiss,Isaiah_Washington,Chanda_Rubin,Emmit_Smith,Alejandro_Avila,Michelle_Pfeiffer,Elin_Nordegren,Richard_Gephardt,Jean-David_Levitte,Chris_Byrd,Robert_Zoellick,Jane_Kaczmarek,Jose_Sarney,Jacqueline_Obradors,Sean_Patrick_OMalley
probe/Patrick_Leahy/Patrick_Leahy_0002.jpg,Patrick_Leahy,1,1.0,0.750054121017456,0.750054121017456,Patrick_Leahy,Mike_Price,Hipolito_Mejia,Dick_Cheney,Warren_Buffett,Larry_Brown,John_Snow,Peter_Struck,William_Martin,Costas_Simitis,Chuck_Yeager,John_Howard,Bernard_Landry,Jorge_Batlle,Franz_Beckenbauer,James_Smith,Paul_Patton,Michael_J_Sheehan,Francis_George,John_McEnroe,Donald_Evans,Hans_Eichel,Jose_Serra,Frank_Lautenberg,Leon_LaPorte,Robert_Bonner,Charlton_Heston,Manfred_Stolpe,Jeffrey_Archer,Max_Mayfield,John_Spencer,Gary_Carter,Chok_Tong_Goh,James_Morris,Gregg_Popovich,Ralph_Lauren,Kate_Capshaw,Thomas_OBrien,Robert_DeFraites,Roy_Williams,Johnny_Carson,Colin_Powell,George_Ryan,Robert_Duvall,Henrique_Meirelles,Benjamin_Netanyahu,Luis_Gonzalez_Macchi,George_Brumley,James_Maguire,Mack_Brown
probe/Patti_Labelle/Patti_Labelle_0002.jpg,Patti_Labelle,1,1.0,0.9010958671569824,0.9010958671569824,Patti_Labelle,Christina_Aguilera,Tyra_Banks,Carol_Moseley_Braun,Annette_Lu,Tracee_Ellis_Ross,Laurent_Jalabert,Thaksin_Shinawatra,Joe_Calzaghe,Vitali_Klitschko,Jia_Qinglin,Chung_Mong-hun,Michael_Chang,Donatella_Versace,Jamling_Norgay,Vicente_Fernandez,Laurent_Gbagbo,Hideki_Matsui,Tom_Glavine,Angelo_Reyes,Martin_Scorsese,Jennifer_Lopez,Stockard_Channing,Susan_Collins,Chita_Rivera,John_Reilly,Rob_Schneider,Jennifer_Rodriguez,Dolma_Tsering,Morgan_Freeman,George_Foreman,Ron_Dittemore,John_Abizaid,Kim_Jin-sun,Sally_Kirkland,Edward_Lu,Serena_Williams,Boris_Yeltsin,Jong_Thae_Hwa,Stanley_McChrystal,Gao_Qiang,Jackie_Chan,Sheila_Copps,Jonathan_Edwards,Tony_Bennett,Yao_Ming,Denise_Johnson,Jada_Pinkett_Smith,Colin_Powell,Gisele_Bundchen
probe/Patty_Schnyder/Patty_Schnyder_0002.jpg,Patty_Schnyder,1,1.0,0.7425534725189209,0.7425534725189209,Patty_Schnyder,Lindsay_Davenport,Daniela_Hantuchova,Eve_Pelletier,Justine_Henin,Natalie_Coughlin,Anna_Kournikova,Venus_Williams,Sally_Kirkland,Stacy_Dragila,Elizabeth_Smart,Alexandra_Stevenson,Serena_Williams,Iva_Majoli,Monica_Seles,Fabiola_Zuluaga,Lisa_Raymond,Jennifer_Thompson,Larry_Lucchino,Nadia_Petrova,Kevin_Spacey,Adolfo_Rodriguez_Saa,Meghann_Shaughnessy,Blythe_Hartley,Annette_Bening,Taufik_Hidayat,Hayley_Tullett,Coretta_Scott_King,Lindsay_Benko,Elisabeth_Schumacher,Julie_Gerberding,Beth_Jones,Julie_Taymor,Kelli_White,Xanana_Gusmao,Ann_Veneman,Sandra_Bullock,Michael_Chang,Sheila_Copps,Martin_Verkerk,Mary_Landrieu,Carolina_Moraes,Megawati_Sukarnoputri,Marlene_Weingartner,Martha_Burk,Emma_Thompson,Kathleen_Kennedy_Townsend,Hector_Babenco,Colin_Powell,Justin_Gatlin
probe/Paul-Henri_Mathieu/Paul-Henri_Mathieu_0002.jpg,Paul-Henri_Mathieu,1,1.0,0.7262327671051025,0.7262327671051025,Paul-Henri_Mathieu,Jason_Jennings,Luke_Walton,Andrei_Mikhnevich,Jorge_Arce,Blythe_Hartley,Barrett_Jackman,Steve_Park,Alex_Barros,Guillermo_Coria,LeBron_James,Tyler_Hamilton,Lindsay_Davenport,Greg_Owen,Nadia_Petrova,Justine_Henin,Michael_Phelps,Sean_Astin,Daniela_Hantuchova,Yao_Ming,Duane_Lee_Chapman,Michael_Chang,Barry_Zito,Kevin_Spacey,Ricky_Ponting,Ellen_Engleman,Lindsey_Graham,Candie_Kung,Adam_Scott,Yevgeny_Kafelnikov,Justin_Gatlin,Robert_Zoellick,Goldie_Hawn,Freddy_Garcia,John_Manley,Dale_Earnhardt_Jr,Jason_Lezak,Lou_Piniella,Gregg_Popovich,Mike_Weir,Justin_Leonard,Brian_Griese,Iban_Mayo,Alan_Mulally,Carlo_Ancelotti,Bill_Parcells,Jay_Garner,Ian_McKellen,Patty_Schnyder,Scott_McNealy
probe/Paul_Bremer/Paul_Bremer_0002.jpg,Paul_Bremer,1,1.0,0.8643501400947571,0.8643501400947571,Paul_Bremer,Paul_McNulty,Masum_Turker,John_Kerry,Thomas_Fargo,Jean-David_Levitte,Tim_Floyd,Joseph_Ralston,Oswaldo_Paya,Jack_Grubman,Alvaro_Uribe,Bill_Frist,James_Kelly,Ernie_Fletcher,Bill_Simon,Alex_Penelas,Lawrence_MacAulay,Ben_Glisan,Alastair_Campbell,Nicanor_Duarte_Frutos,Trent_Lott,Gil_de_Ferran,David_Heymann,Bo_Pelini,Andy_Hebb,Marisa_Tomei,Jim_Harrick,Bill_Gates,Mario_Kreutzberger,Frank_Griswold,Jose_Manuel_Durao_Barroso,Bill_Callahan,Celso_Amorim,Hashim_Thaci,Brian_Cowen,Natalie_Maines,Mark_Schweiker,Marcus_Gronholm,Robert_Mueller,Abdullatif_Sener,Bill_Belichick,Aleksander_Kwasniewski,Richard_Krajicek,Lon_Kruger,John_Allen_Muhammad,Fred_Funk,Barry_Alvarez,Abdullah_Gul,Scott_McNealy,Liza_Minnelli
probe/Paul_Byrd/Paul_Byrd_0002.jpg,Paul_Byrd,1,1.0,0.7711148858070374,0.7711148858070374,Paul_Byrd,John_Malkovich,John_Jumper,Martin_Verkerk,Eric_Rosser,Robert_Zoellick,Howard_Smith,Patty_Schnyder,Pete_Rose,Scott_McClellan,Marcus_Gronholm,Padraig_Harrington,Kirk_Johnson,Joe_Torre,Dale_Earnhardt_Jr,Sean_Astin,John_Blaney,Vidar_Helgesen,Tamara_Brooks,Mario_Cipollini,Jason_Jennings,Guillermo_Coria,Mohammad_Khatami,Ricky_Ponting,Jan_Ullrich,James_Schultz,Bill_Frist,Bob_Hope,Jon_Gruden,Scott_Rudin,Pete_Sampras,James_Cunningham,Kevin_Spacey,Natalie_Maines,John_Brady,Garry_Trudeau,Nadia_Petrova,Kathleen_Kennedy_Townsend,John_Snow,Barrett_Jackman,Jim_Carrey,Blythe_Danner,Steve_Park,Duane_Lee_Chapman,Roy_Moore,John_McEnroe,Mathias_Reichhold,Julie_Taymor,Coretta_Scott_King,Paul-Henri_Mathieu
probe/Paul_McCartney/Paul_McCartney_0002.jpg,Paul_McCartney,1,1.0,0.9202539920806885,0.9202539920806885,Paul_McCartney,John_Negroponte,Tim_Floyd,Lynne_Cheney,Sandra_Bullock,Herta_Daeubler-Gmelin,Robert_Duvall,Lon_Kruger,Goran_Persson,Steve_Spurrier,Hans_Eichel,Dennis_Kucinich,Robert_Zoellick,Klaus_Zwickel,Donna_Shalala,Costas_Simitis,Nestor_Kirchner,Todd_Haynes,Bill_Frist,Jean_Brumley,Ronald_Reagan,Debra_Brown,Harry_Kalas,Robert_Stack,Nancy_Reagan,Fred_Eckhard,David_Nalbandian,Eunice_Barber,Marc_Grossman,Anthony_Hopkins,Anders_Ebbeson,Ashanti,David_Trimble,Guillermo_Ortiz,Dennis_Powell,Guy_Hemmings,Paul_ONeill,Thomas_OBrien,Larry_Coker,John_McEnroe,Mark_Schweiker,Mark_Hamister,Tom_Daschle,Len_Jenoff,Dennis_Kozlowski,Matthew_Perry,Fred_Funk,Alexandra_Vodjanikova,Olesya_Bonabarenko,Alastair_Campbell
probe/Paul_McNulty/Paul_McNulty_0002.jpg,Paul_McNulty,1,1.0,0.8919124603271484,0.8919124603271484,Paul_McNulty,Joseph_Ralston,James_Kelly,Bill_Frist,Scott_McNealy,Paul_Bremer,Tim_Floyd,Jan_Ullrich,Bill_Gates,Julianne_Moore,Kenneth_Branagh,Brian_Cowen,Aron_Ralston,Bill_Simon,Andy_Hebb,Alan_Ball,Sharon_Frey,Steve_Spurrier,Jean-David_Levitte,Lyle_Vanclief,Todd_Haynes,Lawrence_MacAulay,David_Trimble,Thomas_Fargo,Kiki_Vandeweghe,Geno_Auriemma,James_Kopp,Ben_Glisan,Hal_Sutton,Yao_Ming,Alex_Penelas,Brad_Johnson,Gray_Davis,Bill_Callahan,Dennis_Kucinich,Patrick_Ewing,David_Kelley,Eric_Clapton,Prince_Willem-Alexander,Martha_Burk,Ricky_Ponting,William_Ford_Jr,Ilan_Ramon,Mike_Babcock,Steve_Park,Damon_van_Dam,Michael_Kostelnik,Jose_Manuel_Durao_Barroso,Charles_Grassley,Robert_Bonner
probe/Paul_ONeill/Paul_ONeill_0002.jpg,Paul_ONeill,1,1.0,0.8844794034957886,0.8844794034957886,Paul_ONeill,Larry_Brown,Peter_Struck,Max_Mayfield,George_Brumley,Jose_Viegas_Filho,Nestor_Kirchner,Tom_Craddick,Bobby_Robson,Dick_Cheney,Bill_Graham,Peter_Greenaway,Pascal_Quignard,Michael_Chiklis,George_Ryan,Patrick_Leahy,Benjamin_Netanyahu,Francis_George,Trent_Lott,Yasser_Arafat,Charlton_Heston,John_Snow,Jose_Dirceu,John_Rigas,Jorge_Batlle,Guillermo_Ortiz,Bob_Hope,Ian_McKellen,George_Voinovich,Nabil_Shaath,Augusto_Roa_Bastos,Michael_J_Sheehan,Jeffrey_Archer,Christopher_Patten,James_Blake,Sean_Patrick_OMalley,James_Ivory,Art_Howe,Dennis_Erickson,Ferenc_Madl,Silvio_Berlusconi,Chris_Cooper,David_Trimble,Mel_Brooks,Robin_McLaurin_Williams,Omar_Sharif,Jimmy_Carter,Bill_Gates,Wesley_Clark,Arnold_Palmer
probe/Paul_Patton/Paul_Patton_0002.jpg,Paul_Patton,1,1.0,0.8403640985488892,0.8403640985488892,Paul_Patton,Hipolito_Mejia,Roy_Williams,Colin_Powell,Dave_Campo,John_Howard,Larry_Brown,Chok_Tong_Goh,Paul_ONeill,Manfred_Stolpe,Li_Peng,Silvio_Berlusconi,Jorge_Batlle,John_Snow,William_Martin,Cesar_Maia,Warren_Buffett,George_Voinovich,John_Spencer,Joseph_Biden,Leszek_Miller,Pascal_Lamy,Pedro_Malan,Franz_Beckenbauer,Patrick_Leahy,Charlton_Heston,Valery_Giscard_dEstaing,Ralph_Lauren,Mike_Price,Bo_Ryan,Vanessa_Incontrada,Johnny_Carson,Martha_Burk,Chuck_Yeager,Jose_Sarney,Nick_Nolte,Alvaro_Uribe,Gabriel_Valdes,Francis_Ford_Coppola,Alexander_Losyukov,Mary_Carey,Jay_Garner,Robin_Cook,Dick_Vermeil,Vaclav_Havel,Pat_Cox,Jimmy_Carter,Elisabeth_Schumacher,John_Jumper,Richard_Gephardt
probe/Paul_Pierce/Paul_Pierce_0002.jpg,Paul_Pierce,28,0.03571428571428571,0.6350707411766052,0.3614870309829712,Chris_Tucker,Patrick_Ewing,Allen_Iverson,Marc_Grossman,Byron_Scott,Chris_Rock,Bill_Gates,Elin_Nordegren,Venus_Williams,Francis_George,Ilan_Ramon,Chanda_Rubin,Tom_Crean,Bill_Simon,Trent_Lott,Doug_Duncan,Jesse_Jackson,Mike_Tyson,Lloyd_Ward,Mikhail_Kasyanov,Frank_Solich,Todd_Haynes,Vincent_Brooks,Jose_Manuel_Durao_Barroso,Bud_Selig,Luis_Gonzalez_Macchi,Nastassia_Kinski,Paul_Pierce,Lionel_Richie,Jason_Kidd,John_Allen_Muhammad,Michael_J_Sheehan,Richard_Sambrook,Michael_Chiklis,Kenneth_Evans,Patrice_Chereau,LeBron_James,Sharon_Frey,Fidel_Castro,William_Ford_Jr,Joseph_Estrada,Paul_Bremer,Hipolito_Mejia,Darren_Clarke,David_Trimble,Mike_Miller,Anwar_Ibrahim,John_Brady,Juanes,Michael_Kostelnik
probe/Paul_William_Hurley/Paul_William_Hurley_0002.jpg,Paul_William_Hurley,1,1.0,0.885090708732605,0.885090708732605,Paul_William_Hurley,Alexander_Losyukov,John_Howard,Elizabeth_Taylor,Lou_Piniella,Jean-David_Levitte,Alexander_Rumyantsev,Howard_Dean,Paulo_Cesar_Pinheiro,Abdullah_al-Attiyah,Hipolito_Mejia,Zoran_Djindjic,John_Taylor,Cesar_Maia,Martha_Burk,Benjamin_Netanyahu,Magui_Serna,Carlo_Ancelotti,Silvan_Shalom,Jack_Straw,Carlos_Ghosn,Doris_Roberts,Warren_Buffett,John_Abizaid,Carson_Daly,Iain_Duncan_Smith,Gerry_Adams,Paul_Patton,Colin_Powell,George_Lopez,Adrian_Nastase,Saparmurat_Niyazov,Jimmy_Carter,Kemal_Dervis,Carmen_Electra,Tom_Craddick,Peter_Harrison,Masum_Turker,Ismail_Merchant,Joseph_Blatter,Brian_Mulroney,John_Manley,Mark_Schweiker,Gray_Davis,Joseph_Biden,Larry_Brown,Vaclav_Havel,Dick_Clark,Charlton_Heston,Frank_Lautenberg
probe/Paula_Radcliffe/Paula_Radcliffe_0002.jpg,Paula_Radcliffe,1,1.0,0.8796128630638123,0.8796128630638123,Paula_Radcliffe,Hayley_Tullett,Barbara_Brezigar,Hillary_Clinton,Dorthy_Moxley,Meryl_Streep,Nadia_Petrova,Shannon_OBrien,Julianne_Moore,Jennifer_Rodriguez,Marlene_Weingartner,Sarah_Jessica_Parker,Iva_Majoli,Elsa_Zylberstein,Eunice_Barber,Kevin_Spacey,Justine_Henin,Patricia_Clarkson,Madonna,Carolyn_Dawn_Johnson,Jo_Dee_Messina,Nancy_Pelosi,Cameron_Diaz,Lindsay_Davenport,Jon_Gruden,Boris_Becker,Diana_Taurasi,Judy_Genshaft,Billy_Sollie,Candie_Kung,Lea_Fastow,Jean_Carnahan,Edie_Falco,Nestor_Kirchner,Lisa_Raymond,Demetrius_Ferraciu,Jennifer_Aniston,Anna_Kournikova,John_Cusack,Helen_Clark,Antony_Leung,Martina_Hingis,Gerard_Depardieu,Albert_Costa,Hermann_Maier,Michelle_Pfeiffer,George_Robertson,Sue_Wicks,Sheila_Wellstone,Michael_Chang
probe/Paula_Zahn/Paula_Zahn_0002.jpg,Paula_Zahn,1,1.0,0.8762459754943848,0.8762459754943848,Paula_Zahn,Monica_Seles,Kathleen_Kennedy_Townsend,Bruce_Van_De_Velde,Penelope_Ann_Miller,Natalie_Maines,Alexandra_Vodjanikova,Lynne_Cheney,Dick_Clark,Doris_Schroeder,Jeanne_Moreau,OJ_Simpson,Jane_Fonda,Alex_Penelas,Warren_Beatty,Alice_Fisher,Christine_Gregoire,Joseph_Biden,Mary_Landrieu,Nancy_Reagan,Jean_Brumley,Costas_Simitis,Tim_Allen,Sarah_Jessica_Parker,Valerie_Harper,Dennis_Kucinich,Jason_Kidd,Betsy_Smith,Margaret_Thatcher,Marissa_Jaret_Winokur,Harry_Kalas,Ellen_DeGeneres,Lana_Clarkson,Padraig_Harrington,Donald_Evans,Garry_Trudeau,Lindsay_Davenport,James_Kelly,Dick_Cheney,Patricia_Clarkson,Cruz_Bustamante,John_McCallum,Nicanor_Duarte_Frutos,Blythe_Danner,Sally_Kirkland,Evander_Holyfield,Kalpana_Chawla,Angela_Lansbury,Cyndi_Thompson,Queen_Beatrix
probe/Paulo_Cesar_Pinheiro/Paulo_Cesar_Pinheiro_0002.jpg,Paulo_Cesar_Pinheiro,1,1.0,0.9745320677757263,0.9745320677757263,Paulo_Cesar_Pinheiro,Adrian_Nastase,Amram_Mitzna,Abdullah_Gul,Lou_Piniella,Zoran_Djindjic,Celso_Amorim,Marc_Grossman,Oswaldo_Paya,Nanni_Moretti,Xanana_Gusmao,Vicente_Fernandez,Alejandro_Avila,Luis_Gonzalez_Macchi,Mikulas_Dzurinda,Serena_Williams,Robert_De_Niro,Anna_Nicole_Smith,Lech_Walesa,Mike_Holmgren,Biljana_Plavsic,Aleksander_Kwasniewski,Judi_Dench,Gerry_Adams,Nick_Nolte,Chris_Rock,John_Malkovich,LeBron_James,Lyle_Vanclief,Masum_Turker,Omar_Sharif,Joseph_Ralston,Jean-David_Levitte,Tony_Bennett,Saddam_Hussein,James_Traficant,Ibrahim_Jaafari,Elizabeth_Smart,John_Abizaid,Marcelo_Salas,Art_Hoffmann,Pedro_Solbes,Carlo_Ancelotti,Benjamin_Netanyahu,James_Kelly,Brad_Johnson,Marat_Safin,Elin_Nordegren,Paul_William_Hurley,Bill_Graham
probe/Pedro_Malan/Pedro_Malan_0002.jpg,Pedro_Malan,1,1.0,0.759101390838623,0.759101390838623,Pedro_Malan,Jeffrey_Jones,George_Pataki,Bernard_Landry,Richard_Sambrook,Arnold_Palmer,Julie_Gerberding,Billy_Sollie,Sandra_Bullock,Ken_Watanabe,Spencer_Abraham,Gray_Davis,David_Trimble,John_Blaney,Chok_Tong_Goh,William_Ford_Jr,Emile_Lahoud,Christopher_Patten,Antony_Leung,Alan_Ball,Igor_Ivanov,Megawati_Sukarnoputri,Alejandro_Toledo,Tom_Cruise,Angelo_Reyes,Jose_Manuel_Durao_Barroso,Bob_Hope,Li_Peng,Joseph_Estrada,Valery_Giscard_dEstaing,Richard_Gephardt,Sam_Bith,James_Cunningham,Michael_Kostelnik,Kim_Dae-jung,Arye_Mekel,Costas_Simitis,Kim_Jong-Il,Anwar_Ibrahim,Larry_Brown,Gerry_Parsky,Jose_Viegas_Filho,Ahmet_Necdet_Sezer,Thomas_OBrien,Lee_Hoi-chang,Shaukat_Aziz,George_Voinovich,Hitomi_Soga,Edward_Lu,Vladimir_Putin
probe/Pedro_Solbes/Pedro_Solbes_0002.jpg,Pedro_Solbes,1,1.0,0.8428230285644531,0.8428230285644531,Pedro_Solbes,Juergen_Peters,Luis_Gonzalez_Macchi,Steven_Spielberg,Len_Jenoff,Cruz_Bustamante,Mohammad_Khatami,Kieran_Prendergast,James_Cunningham,John_McCormack,Jennifer_Reilly,Robin_Cook,Xanana_Gusmao,Jose_Sarney,Janet_Thorpe,Job_Cohen,Gunter_Pleuger,Robert_Bonner,Hector_Babenco,Robert_Zoellick,Gerry_Adams,Gregory_Geoffroy,John_Rowland,Roy_Williams,Jonathan_Mostow,Martina_Hingis,Silvan_Shalom,Hipolito_Mejia,Carlos_Mesa,Francis_Ford_Coppola,Miroljub,Abdullah_Gul,Conchita_Martinez,Kemal_Dervis,Robert_Mueller,Jean-Marc_de_La_Sabliere,Alexander_Losyukov,John_McEnroe,Elsa_Zylberstein,James_Kopp,Fidel_Castro,Asa_Hutchinson,Nia_Vardalos,Kathleen_Kennedy_Townsend,Gary_Carter,Art_Hoffmann,Fayssal_Mekdad,Meryl_Streep,Martha_Burk,Cesar_Maia
probe/Penelope_Ann_Miller/Penelope_Ann_Miller_0002.jpg,Penelope_Ann_Miller,1,1.0,0.8890952467918396,0.8890952467918396,Penelope_Ann_Miller,Patty_Schnyder,Meryl_Streep,Melanie_Griffith,Evan_Rachel_Wood,Kate_Capshaw,Reese_Witherspoon,Paula_Zahn,Kevin_Stallings,Doris_Roberts,Lindsay_Davenport,Ozzy_Osbourne,Queen_Beatrix,Lynne_Cheney,Ibrahim_Jaafari,Carol_Burnett,Carolyn_Dawn_Johnson,Jane_Pauley,Jessica_Lange,Annette_Bening,Shannon_OBrien,Brian_Heidik,Elizabeth_Smart,Ellen_DeGeneres,Taufik_Hidayat,Celine_Dion,Sarah_Jessica_Parker,Lisa_Raymond,Gian_Marco,Betsy_Smith,James_Gandolfini,Kristanna_Loken,Amber_Tamblyn,William_Ford_Jr,Jean_Brumley,Julianne_Moore,Kathleen_Glynn,Larry_Lucchino,Pamela_Anderson,Erika_Christensen,Ann_Veneman,Mary_Landrieu,Stanley_Tong,Alicia_Silverstone,Nastassia_Kinski,Rick_Romley,Charlotte_Rampling,Jackie_Chan,Liza_Minnelli,Jennifer_Reilly
probe/Pete_Rose/Pete_Rose_0002.jpg,Pete_Rose,1,1.0,0.7458655834197998,0.7458655834197998,Pete_Rose,Bill_Graham,Gary_Carter,Thomas_Fargo,Nick_Nolte,Mike_Price,Jerry_Falwell,Frank_Griswold,Trent_Lott,Thomas_OBrien,Robert_Zoellick,Marcus_Gronholm,Harvey_Weinstein,Roy_Moore,Robert_Bonner,Bill_Nelson,Eduardo_Duhalde,Kevin_Stallings,Goran_Persson,John_McCallum,Lon_Kruger,Warren_Beatty,Hipolito_Mejia,John_McEnroe,Howard_Smith,Lawrence_MacAulay,John_Spencer,Cruz_Bustamante,Dennis_Powell,John_Snow,Jose_Serra,Chuck_Yeager,Manfred_Stolpe,John_Jumper,Bill_Callahan,Jon_Gruden,Gil_de_Ferran,Kurt_Russell,Gian_Marco,Princess_Aiko,Robert_Duvall,Ernie_Eves,Aleksander_Kwasniewski,Bob_Hope,Anthony_Hopkins,Padraig_Harrington,Joe_Torre,James_Maguire,George_Karl,Slobodan_Milosevic
probe/Pete_Sampras/Pete_Sampras_0002.jpg,Pete_Sampras,1,1.0,0.9219592809677124,0.9219592809677124,Pete_Sampras,Saparmurat_Niyazov,Scott_McClellan,Frank_Dunham_Jr,John_Abizaid,Mathias_Reichhold,Bruce_Weber,Eric_Rosser,Matt_Doherty,Vicente_Fernandez,Juan_Pablo_Montoya,Martin_Scorsese,Jim_Edmonds,Alex_Penelas,Mario_Cipollini,Antonio_Banderas,Harry_Schmidt,Howard_Dean,Oscar_De_La_Hoya,Pete_Rose,Aitor_Gonzalez,Padraig_Harrington,Laurent_Jalabert,Carlos_Manuel_Pruneda,Warren_Beatty,Anders_Fogh_Rasmussen,Elizabeth_Smart,Luis_Horna,Bill_Callahan,Carson_Daly,Kiki_Vandeweghe,James_McGreevey,Jim_Carrey,Christine_Ebersole,Sourav_Ganguly,Bill_Frist,Gil_de_Ferran,Brian_Griese,Christian_Fittipaldi,Patti_Labelle,Daniel_Day-Lewis,Jose_Theodore,Steve_Park,Gary_Winnick,Kifah_Ajouri,Paul_Byrd,Sean_Astin,Juan_Manuel_Marquez,Natalie_Maines,Greg_Rusedski
probe/Peter_Arnett/Peter_Arnett_0002.jpg,Peter_Arnett,1,1.0,0.763717770576477,0.763717770576477,Peter_Arnett,Jose_Serra,Bijan_Namdar_Zangeneh,Barry_Alvarez,Igor_Ivanov,Iain_Duncan_Smith,Michael_Chiklis,John_Negroponte,Cruz_Bustamante,Henrique_Meirelles,John_Snow,Joe_Torre,Francis_George,Emile_Lahoud,Lynne_Cheney,Christopher_Walken,Anthony_Hopkins,Gian_Marco,Luis_Gonzalez_Macchi,Nabil_Shaath,Roy_Moore,Anders_Ebbeson,Thomas_Rupprath,Leon_LaPorte,Ahmet_Necdet_Sezer,Todd_Haynes,Robert_Duvall,Frank_Stallone,Scott_McClellan,John_Rigas,Mikhail_Kasyanov,Benjamin_Netanyahu,John_McEnroe,Carl_Reiner,Stephen_Friedman,Juan_Pablo_Montoya,Ibrahim_Jaafari,John_Jumper,Manfred_Stolpe,Silvio_Berlusconi,Yasar_Yakis,Slobodan_Milosevic,Doug_Collins,Mark_Hamister,Frank_Lautenberg,Paul_ONeill,Dennis_Kozlowski,Jeanne_Moreau,Larry_Coker,Michael_J_Sheehan
probe/Peter_Bacanovic/Peter_Bacanovic_0002.jpg,Peter_Bacanovic,1,1.0,0.8698545694351196,0.8698545694351196,Peter_Bacanovic,Ashanti,Bo_Pelini,Jim_Edmonds,Venus_Williams,Kiki_Vandeweghe,Frank_Solich,Serena_Williams,David_Spade,Joerg_Haider,Dale_Earnhardt_Jr,Tom_Daschle,Barbra_Streisand,Nick_Nolte,Robert_DeFraites,Rich_Gannon,Zoran_Djindjic,William_Ford_Jr,Gwendal_Peizerat,Janica_Kostelic,Roman_Polanski,Ron_Dittemore,Tim_Floyd,Tom_Crean,Queen_Beatrix,Roy_Williams,Steve_Park,Christian_Wulff,Sharon_Frey,Greg_Rusedski,Trent_Lott,Tom_Cruise,David_Heymann,Jennifer_Thompson,Julie_Gerberding,Todd_Haynes,Don_Nickles,Brad_Johnson,Aitor_Gonzalez,Michael_J_Sheehan,Lindsey_Graham,Thierry_Falise,Robert_Zoellick,Mario_Dumont,Guillermo_Coria,Gregg_Popovich,Damon_van_Dam,James_Kelly,Yao_Ming,Yevgeny_Kafelnikov
probe/Peter_Greenaway/Peter_Greenaway_0002.jpg,Peter_Greenaway,1,1.0,0.856158971786499,0.856158971786499,Peter_Greenaway,Roman_Polanski,Frank_Cassell,Michael_Douglas,Arnold_Palmer,Franko_Simatovic,Larry_Coker,Richard_Gephardt,Jose_Viegas_Filho,Bobby_Robson,John_Negroponte,Benjamin_Netanyahu,James_Ivory,Michael_Chiklis,Abel_Pacheco,Tom_Craddick,Richie_Adubato,Gordon_Campbell,Lech_Walesa,Gregg_Popovich,George_Brumley,Dick_Latessa,Christopher_Walken,Trent_Lott,Brian_Mulroney,Stellan_Skarsgard,George_Roy_Hill,Dave_Campo,Nick_Nolte,Charlton_Heston,Christopher_Patten,Vladimir_Putin,Bill_Graham,Marc_Grossman,Pascal_Quignard,Valdas_Adamkus,Aleksander_Kwasniewski,Joseph_Deiss,Paul_ONeill,Art_Howe,Fred_Eckhard,Ilan_Ramon,Ozzy_Osbourne,Jean-David_Levitte,Ernesto_Zedillo,John_Manley,Francis_George,Peter_Struck,Adrian_Nastase,Sandra_Bullock
probe/Peter_Harrison/Peter_Harrison_0002.jpg,Peter_Harrison,1,1.0,0.7931267023086548,0.7931267023086548,Peter_Harrison,Thomas_Fargo,Howard_Dean,Eric_Clapton,Paul_William_Hurley,Paul_Bremer,Nicanor_Duarte_Frutos,Steve_Spurrier,John_Manley,Ronald_Reagan,Oswaldo_Paya,Vaclav_Havel,Joseph_Ralston,Geoff_Hoon,Bill_Callahan,Tom_Cruise,Alec_Baldwin,James_Kelly,Masum_Turker,Jean-Claude_Trichet,Rich_Gannon,Celso_Amorim,Jean-David_Levitte,Tim_Floyd,Mark_Schweiker,Lindsey_Graham,Gary_Doer,Abdullah_Gul,Prince_Willem-Alexander,Robert_Bonner,Brian_Mulroney,George_Robertson,Rolf_Eckrodt,Janet_Thorpe,Brian_Cowen,Anders_Ebbeson,Carlo_Ancelotti,Alexander_Losyukov,Kim_Ryong-sung,Gary_Forsee,Brad_Johnson,Zoran_Djindjic,Saparmurat_Niyazov,Jerry_Falwell,Augusto_Pinochet,Gary_Winnick,Hisao_Oguchi,Mario_Dumont,William_Ford_Jr,Bob_Colvin
probe/Peter_Hillary/Peter_Hillary_0002.jpg,Peter_Hillary,1,1.0,0.8197033405303955,0.8197033405303955,Peter_Hillary,Nick_Nolte,John_Spencer,John_Malkovich,John_Snow,Ron_Howard,Stephen_Friedman,Stanley_McChrystal,Billy_Graham,Bill_Graham,Don_Nickles,Art_Howe,Harry_Schmidt,Richard_Gephardt,Joe_Calzaghe,Jay_Garner,Matt_Doherty,Mathias_Reichhold,Doug_Collins,Dave_Campo,Bill_Parcells,Joseph_Biden,Barrett_Jackman,Jan_Ullrich,Gary_Carter,Leszek_Miller,Peter_Struck,Warren_Beatty,Martin_Scorsese,Martin_Verkerk,Vicente_Fernandez,Mel_Brooks,James_Schultz,Omar_Sharif,Klaus_Zwickel,Tom_Daschle,James_Morris,Ricky_Barnes,Hermann_Maier,Johnny_Carson,Patrick_Leahy,Kiki_Vandeweghe,Yasar_Yakis,Roy_Moore,John_McCallum,Robert_Duvall,Robert_Bonner,Mike_Price,Frank_Solich,Eric_Rosser
probe/Peter_Struck/Peter_Struck_0002.jpg,Peter_Struck,1,1.0,0.8697843551635742,0.8697843551635742,Peter_Struck,John_Snow,Jorge_Batlle,Jeffrey_Archer,Bernard_Landry,Michael_J_Sheehan,Bill_Graham,Robin_Cook,Trent_Lott,Larry_Brown,James_Cunningham,Jay_Garner,Richard_Gephardt,Dick_Cheney,Rick_Romley,Luis_Gonzalez_Macchi,Gordon_Campbell,Paul_ONeill,Joseph_Biden,John_Malkovich,Francis_George,Patrick_Leahy,William_Martin,Franz_Beckenbauer,Chok_Tong_Goh,Colin_Powell,James_Smith,Richie_Adubato,Klaus_Zwickel,James_Schultz,Art_Howe,Sean_Patrick_OMalley,Scott_Rudin,GL_Peiris,Peter_Hillary,Robert_Bonner,Max_Mayfield,Kieran_Prendergast,David_Dodge,Tom_Crean,George_Ryan,George_Karl,Christopher_Walken,Jay_Rasulo,James_Kopp,James_Ivory,Don_Nickles,James_Maguire,Gunter_Pleuger,Ferenc_Madl
probe/Phil_Mickelson/Phil_Mickelson_0002.jpg,Phil_Mickelson,1,1.0,0.6805199384689331,0.6805199384689331,Phil_Mickelson,Ilan_Ramon,Frank_Solich,David_Nalbandian,Bill_Simon,Larry_Coker,Justin_Leonard,Herb_Sendek,Lina_Krasnoroutskaya,Art_Howe,Michael_Douglas,Hal_Sutton,Yevgeny_Kafelnikov,Gian_Marco,Michael_Chiklis,Chanda_Rubin,Fred_Funk,Meghann_Shaughnessy,Kurt_Busch,Guy_Hemmings,James_Jones,Martin_Brodeur,Greg_Gilbert,James_Cunningham,Gregg_Popovich,Oswaldo_Paya,Bill_Belichick,Mikhail_Kasyanov,David_Heymann,Gary_Williams,Yao_Ming,John_Brady,Amanda_Beard,John_Negroponte,Roy_Moore,Bill_Sizemore,Jim_Furyk,Bashar_Assad,Jan_Ullrich,Tim_Floyd,Damon_van_Dam,William_Ford_Jr,Klaus_Zwickel,Gary_Carter,Hashim_Thaci,Paul_Bremer,Robert_Duvall,Paul_McCartney,David_Caraway,Steve_Spurrier
probe/Phil_Vassar/Phil_Vassar_0002.jpg,Phil_Vassar,964,0.001037344398340249,0.5920625925064087,-0.204466313123703,Richard_Sambrook,Frank_Solich,John_Brady,William_Ford_Jr,Guillermo_Coria,Ilan_Ramon,Darren_Clarke,Thomas_Fargo,Luis_Gonzalez_Macchi,Julie_Gerberding,Bo_Ryan,Sharon_Frey,Larry_Lindsey,Elin_Nordegren,Mark_Warner,Joe_Torre,John_Jumper,Chris_Rock,John_Reilly,Paul_Byrd,Guy_Ritchie,Art_Hoffmann,Gregg_Popovich,Lou_Piniella,Robert_Zoellick,Gian_Marco,Martin_Verkerk,Howard_Dean,Todd_Haynes,Peter_Hillary,James_Schultz,Michael_Chiklis,James_Jones,John_Malkovich,Cruz_Bustamante,Zoran_Djindjic,Jason_Kidd,Nick_Nolte,Tom_Crean,Byron_Scott,George_Karl,Richard_Branson,Roy_Williams,Michelle_Yeoh,John_Walsh,Hector_Babenco,Lindsey_Graham,Tim_Floyd,Paul_Bremer,Roy_Moore
probe/Prince_Edward/Prince_Edward_0002.jpg,Prince_Edward,1,1.0,0.7616913318634033,0.7616913318634033,Prince_Edward,Herb_Sendek,Ron_Howard,Vladimir_Putin,Harry_Schmidt,John_Malkovich,Ilan_Ramon,Frank_Solich,Greg_Rusedski,Geoff_Hoon,Peter_Hillary,Greg_Gilbert,Gary_Carter,John_Brady,Padraig_Harrington,Gian_Marco,Roy_Moore,Dennis_Powell,Bill_Belichick,Martin_Verkerk,David_Nalbandian,Warren_Beatty,Prince_Harry,Bill_Simon,Silvio_Berlusconi,Ray_Nagin,John_Wolf,Bill_Graham,Thomas_Fargo,John_Abizaid,Silvan_Shalom,Frank_Cassell,Michael_Douglas,Jan_Ullrich,John_McEnroe,Elizabeth_Smart,David_Dodge,Jon_Gruden,Melanie_Griffith,Mark_Warner,Arlen_Specter,Bill_Frist,Claire_Hentzen,Stellan_Skarsgard,Robert_Kocharian,Jason_Alexander,Dave_Campo,Tom_Crean,Lauren_Hutton,Johnny_Carson
probe/Prince_Harry/Prince_Harry_0002.jpg,Prince_Harry,1,1.0,0.9206902384757996,0.9206902384757996,Prince_Harry,Gwendal_Peizerat,Prince_Edward,Ron_Dittemore,Stacy_Dragila,Mike_Babcock,David_Nalbandian,Ron_Howard,Dale_Earnhardt_Jr,Alejandro_Toledo,Luis_Figo,Harry_Schmidt,Lindsay_Benko,Brad_Johnson,Peter_Bacanovic,Edward_Lu,Jim_Furyk,Bode_Miller,Roman_Polanski,David_Bell,Jan_Ullrich,Serena_Williams,Barbra_Streisand,Jackie_Chan,Harvey_Weinstein,Sean_Astin,Tom_Glavine,Damon_van_Dam,Kathy_Winters,Edward_Said,David_Heymann,Janica_Kostelic,Boris_Becker,Bill_Gates,Jennifer_Aniston,Joe_Nichols,Nick_Nolte,Lee_Jun,Bill_Sizemore,Monica_Seles,Vitali_Klitschko,Yevgeny_Kafelnikov,Ian_Thorpe,Jason_Lezak,Kenneth_Branagh,Stanley_McChrystal,Joe_Calzaghe,Ricky_Barnes,Amanda_Coetzer,Jeremy_Shockey
probe/Prince_Naruhito/Prince_Naruhito_0002.jpg,Prince_Naruhito,1,1.0,0.8551024198532104,0.8551024198532104,Prince_Naruhito,Heizo_Takenaka,Alimzhan_Tokhtakhounov,Edward_Lu,Gary_Locke,Jackie_Chan,Candie_Kung,Dennis_Kucinich,Jong_Thae_Hwa,Lee_Tae-sik,Yao_Ming,Thaksin_Shinawatra,Mitoji_Yabunaka,Kim_Dae-jung,Chung_Mong-hun,Gloria_Macapagal_Arroyo,Kim_Ryong-sung,Stanley_Tong,Chang_Dae-whan,Lee_Jun,Michael_Chang,Hu_Jintao,Megawati_Sukarnoputri,Jose_Manuel_Durao_Barroso,Chung_Mong-joon,Hassan_Wirajuda,Jamling_Norgay,Yoko_Ono,Hun_Sen,Brad_Johnson,Jia_Qinglin,Chen_Liang_Yu,Nicanor_Duarte_Frutos,Ken_Watanabe,Chita_Rivera,Hichiro_Naemura,Bill_Gates,Hisao_Oguchi,Zhang_Ziyi,Nasser_al-Kidwa,Steve_Waugh,Li_Peng,Liu_Mingkang,Saparmurat_Niyazov,Princess_Aiko,Lee_Hoi-chang,Hideki_Matsui,Kim_Jin-sun,James_Parker,John_Garamendi
probe/Prince_Willem-Alexander/Prince_Willem-Alexander_0002.jpg,Prince_Willem-Alexander,1,1.0,0.8164923787117004,0.8164923787117004,Prince_Willem-Alexander,Steve_Spurrier,James_Kelly,John_Manley,Lou_Piniella,Robert_Bonner,Richard_Sambrook,David_Trimble,Paul_McNulty,Gary_Winnick,Lyle_Vanclief,Richard_Gephardt,Klaus_Zwickel,Peter_Harrison,Tim_Floyd,John_Snow,Lawrence_MacAulay,Howard_Dean,Gregg_Popovich,Goran_Persson,Mack_Brown,James_Kopp,Harry_Kalas,Robert_Zoellick,Larry_Lindsey,James_Schultz,Alan_Mulally,Dennis_Powell,Martha_Burk,George_Robertson,Justine_Henin,Bill_Frist,Mark_Schweiker,Bill_Parcells,Frank_Solich,Warren_Buffett,Nadia_Petrova,Anders_Ebbeson,Nick_Nolte,Joseph_Biden,Franz_Beckenbauer,Joseph_Deiss,Gordon_Campbell,Dennis_Kozlowski,Joseph_Ralston,Marlene_Weingartner,Scott_McNealy,Conchita_Martinez,Hootie_Johnson,Eric_Clapton
probe/Princess_Aiko/Princess_Aiko_0002.jpg,Princess_Aiko,1,1.0,0.8583937883377075,0.8583937883377075,Princess_Aiko,Candie_Kung,Gloria_Macapagal_Arroyo,Zhang_Ziyi,Heizo_Takenaka,Yukiko_Okudo,Hitomi_Soga,Thaksin_Shinawatra,Annette_Lu,Kwon_Yang-sook,Sachiko_Yamada,Steve_Park,Flor_Montulo,Hu_Jintao,Goran_Persson,Prince_Naruhito,Megawati_Sukarnoputri,Yao_Ming,Stanley_Tong,Janica_Kostelic,Dennis_Kucinich,Elinor_Caplan,Sheila_Copps,Alex_Penelas,Gary_Locke,Kim_Jong-Il,Kim_Jin-sun,Yoko_Ono,Pete_Sampras,Nicanor_Duarte_Frutos,Taufik_Hidayat,Kosuke_Kitajima,Helen_Clark,Cruz_Bustamante,Jong_Thae_Hwa,Queen_Beatrix,Chang_Dae-whan,Michelle_Yeoh,Edward_Lu,Vidar_Helgesen,Sharon_Frey,Nora_Bendijo,Lindsay_Davenport,Mike_Holmgren,Jolanta_Kwasniewski,Jon_Gruden,Don_Nickles,Mitoji_Yabunaka,Jia_Qinglin,Dolma_Tsering
probe/Priscilla_Owen/Priscilla_Owen_0002.jpg,Priscilla_Owen,1,1.0,0.6928529739379883,0.6928529739379883,Priscilla_Owen,Martha_Burk,Helen_Clark,Arianna_Huffington,Julie_Gerberding,Sheila_Copps,John_Garamendi,Betsy_Smith,Hillary_Clinton,Biljana_Plavsic,Queen_Beatrix,Nia_Vardalos,Oswaldo_Paya,Margaret_Thatcher,Sandra_Bullock,Sharon_Frey,Gloria_Allred,Jose_Manuel_Durao_Barroso,Benazir_Bhutto,Kathryn_Bigelow,Judi_Dench,Andrei_Mikhnevich,Kathy_Winters,Hanan_Ashrawi,Megawati_Sukarnoputri,Rita_Wilson,Marisa_Tomei,Frances_Fisher,Marie-Reine_Le_Gougne,Claire_Leger,Serena_Williams,Charlotte_Rampling,Marcelo_Salas,Liza_Minnelli,Marc_Grossman,Osama_bin_Laden,Leland_Chapman,Emma_Thompson,David_Heyman,Jolanta_Kwasniewski,Vincent_Brooks,Paula_Radcliffe,Jean_Carnahan,Edie_Falco,Lily_Tomlin,Lynn_Abraham,Mike_Babcock,John_Kerry,Jean-David_Levitte,Dale_Earnhardt_Jr
probe/Priscilla_Presley/Priscilla_Presley_0002.jpg,Priscilla_Presley,1,1.0,0.8866597414016724,0.8866597414016724,Priscilla_Presley,Raquel_Welch,Nancy_Reagan,Lana_Clarkson,Nia_Vardalos,Jo_Dee_Messina,Julianna_Margulies,Frank_Griswold,Nancy_Pelosi,Julianne_Moore,Natalie_Maines,Heizo_Takenaka,Elizabeth_Dole,Pete_Sampras,Madonna,Lauren_Hutton,Jia_Qinglin,Harry_Schmidt,Kim_Dae-jung,Ali_Khamenei,Hilmi_Ozkok,Zoran_Djindjic,Hichiro_Naemura,Latrell_Sprewell,Dino_de_Laurentis,Pupi_Avati,Omar_Sharif,Celine_Dion,Gloria_Allred,Robert_De_Niro,Chris_Byrd,Jeanne_Moreau,Mary_Tyler_Moore,Jason_Kidd,Valerie_Harper,Thabo_Mbeki,Tammy_Lynn_Michaels,George_Foreman,Evander_Holyfield,Anneli_Jaatteenmaki,Aleksander_Kwasniewski,Reese_Witherspoon,Elizabeth_Taylor,Goldie_Hawn,Hillary_Clinton,Melanie_Griffith,Mohammad_Khatami,Michelle_Pfeiffer,Jane_Fonda,Katie_Harman
probe/Pupi_Avati/Pupi_Avati_0002.jpg,Pupi_Avati,1,1.0,0.9683659076690674,0.9683659076690674,Pupi_Avati,Miroljub,Ali_Khamenei,Robert_De_Niro,Yasser_Arafat,Sean_Patrick_OMalley,Dino_de_Laurentis,Inam-ul-Haq,Mohammad_Khatami,Nicanor_Duarte_Frutos,Francis_Ford_Coppola,Hichiro_Naemura,Elsa_Zylberstein,Hassan_Nasrallah,Len_Jenoff,Cruz_Bustamante,Robin_Cook,Abdullah_Gul,Alexander_Rumyantsev,Amram_Mitzna,Alimzhan_Tokhtakhounov,Ismail_Merchant,Gerry_Adams,Fidel_Castro,Mohamed_Benaissa,Steven_Spielberg,Li_Peng,Lech_Walesa,Goh_Kun,Tim_Allen,Abdullah,Xanana_Gusmao,Jack_Straw,Jean-Claude_Braquet,Osama_bin_Laden,Jean_Brumley,Kim_Ryong-sung,Vicente_Fernandez,Angela_Lansbury,Luciano_Pavarotti,Hu_Jintao,Augusto_Pinochet,Jia_Qinglin,Omar_Sharif,Alejandro_Avila,Thabo_Mbeki,Queen_Beatrix,Heizo_Takenaka,Kwon_Yang-sook,Arye_Mekel
probe/Queen_Beatrix/Queen_Beatrix_0002.jpg,Queen_Beatrix,1,1.0,0.8708407878875732,0.8708407878875732,Queen_Beatrix,Jean_Brumley,Sean_Patrick_OMalley,Judi_Dench,Angela_Lansbury,Debra_Brown,Lynne_Cheney,Harry_Kalas,Julie_Gerberding,Pupi_Avati,Doris_Roberts,Joseph_Biden,James_Kelly,Kim_Jong-Il,Herta_Daeubler-Gmelin,Mike_Miller,Martha_Burk,Yasser_Arafat,Doris_Schroeder,Paul_McCartney,Maggie_Smith,Christine_Gregoire,Jorge_Batlle,Bruce_Weber,Kwon_Yang-sook,Lindsay_Davenport,Natalie_Maines,John_Reilly,Nelson_Mandela,Dorthy_Moxley,Gro_Harlem_Brundtland,Alex_Penelas,Sam_Bith,Joan_Claybrook,Hichiro_Naemura,Nancy_Reagan,Trent_Lott,Larry_Ellison,Sharon_Frey,Abdullah_Gul,Meryl_Streep,Angelo_Reyes,Drew_Barrymore,Joseph_Estrada,Richard_Gephardt,Marc-Andre_Fleury,Peter_Struck,Ralph_Lauren,John_Howard,Johnny_Depp
probe/Raghad_Saddam_Hussein/Raghad_Saddam_Hussein_0002.jpg,Raghad_Saddam_Hussein,1,1.0,0.8861428499221802,0.8861428499221802,Raghad_Saddam_Hussein,Julie_Gerberding,Miyako_Miyazaki,Mariah_Carey,Sophia_Loren,Christina_Aguilera,Intisar_Ajouri,Colin_Powell,Bill_Parcells,Martha_Beatriz_Roque,Coretta_Scott_King,Mariangel_Ruiz_Torrealba,LeAnn_Rimes,Laura_Hernandez,Ann_Veneman,Pete_Sampras,Megawati_Sukarnoputri,Shannon_OBrien,Natalie_Coughlin,Alexandra_Stevenson,Flor_Montulo,Marcelo_Salas,Hanan_Ashrawi,Sam_Bith,Eva_Dimas,George_Lopez,Nelson_Mandela,Duane_Lee_Chapman,Ben_Glisan,Andrew_Bunner,Jimmy_Carter,Taufik_Hidayat,Michelle_Yeoh,Martha_Burk,Judi_Dench,George_Voinovich,Kim_Ryong-sung,Spencer_Abraham,Gray_Davis,James_Blake,Zarai_Toledo,Munir_Akram,Jennifer_Aniston,Mario_Kreutzberger,Amanda_Coetzer,James_Kelly,Laila_Ali,Gianna_Angelopoulos-Daskalaki,Marisa_Tomei,Leander_Paes
probe/Ralph_Lauren/Ralph_Lauren_0002.jpg,Ralph_Lauren,1,1.0,0.8722617626190186,0.8722617626190186,Ralph_Lauren,Jorge_Batlle,Paul_Patton,Costas_Simitis,Bob_Beauprez,John_Spencer,Jose_Serra,Charlton_Heston,Colin_Powell,Donald_Evans,John_McCallum,Barry_Alvarez,Dennis_Erickson,Paul_ONeill,Pascal_Quignard,Joseph_Biden,Richard_Shelby,Leon_LaPorte,Thomas_Fargo,Harry_Belafonte,Frank_Lautenberg,Robert_DeFraites,Michael_J_Sheehan,Roy_Williams,Kemal_Dervis,Larry_Brown,Dick_Clark,Nelson_Mandela,Francis_George,Warren_Beatty,Patrick_Leahy,Valery_Giscard_dEstaing,Doug_Collins,Lloyd_Ward,Jason_Kidd,Benjamin_Netanyahu,Abdullah_al-Attiyah,John_Allen_Muhammad,Wesley_Clark,Carlos_Bianchi,Ismail_Merchant,Liza_Minnelli,Manfred_Stolpe,Iain_Duncan_Smith,Ray_Nagin,John_Negroponte,Robert_Bonner,Alex_Penelas,Howard_Dean,George_Voinovich
probe/Raquel_Welch/Raquel_Welch_0002.jpg,Raquel_Welch,1,1.0,0.9289499521255493,0.9289499521255493,Raquel_Welch,Sophia_Loren,Dolly_Parton,Cindy_Margolis,Priscilla_Presley,Anneli_Jaatteenmaki,Pamela_Anderson,Doris_Schroeder,Jo_Dee_Messina,Goldie_Hawn,Jean-David_Levitte,Katie_Harman,Jason_Kidd,Elizabeth_Shue,Vincent_Brooks,Rita_Moreno,Elizabeth_Taylor,Chita_Rivera,Nancy_Reagan,Rolf_Eckrodt,Yoko_Ono,Jacqueline_Obradors,Sheila_Wellstone,Anders_Fogh_Rasmussen,Karin_Stoiber,Felix_Mantilla,Nastassia_Kinski,Marco_Antonio_Barrera,Michelle_Pfeiffer,Prince_Naruhito,Jeanne_Moreau,Meryl_Streep,Olesya_Bonabarenko,Natalie_Maines,Jessica_Lange,Charlton_Heston,Barbara_Walters,Harry_Belafonte,Joseph_Estrada,Patrick_Ewing,Donatella_Versace,Nancy_Pelosi,Julianne_Moore,Jim_Edmonds,Marie-Reine_Le_Gougne,Ernesto_Zedillo,Frank_Griswold,Bud_Selig,Leslie_Ann_Woodward,Queen_Beatrix
probe/Ray_Nagin/Ray_Nagin_0002.jpg,Ray_Nagin,1,1.0,0.8054591417312622,0.8054591417312622,Ray_Nagin,Mike_Tyson,Jason_Kidd,Jesse_James_Leija,Grady_Irvin_Jr,James_Blake,Venus_Williams,Julie_Gerberding,Barbra_Streisand,James_Butts,Jennifer_Lopez,Harry_Schmidt,Ian_Thorpe,Colin_Powell,Darrell_Porter,Mitchell_Daniels,Joe_Calzaghe,Jonathan_Edwards,Frank_Cassell,Lloyd_Ward,Emmit_Smith,John_Allen_Muhammad,Igor_Ivanov,Vitali_Klitschko,Brad_Johnson,Mariah_Carey,Vince_Carter,James_Gandolfini,Gerardo_Gambala,Edward_Lu,George_Foreman,Adrian_McPherson,Bob_Beauprez,Leonard_Hamilton,Ralph_Lauren,Zoran_Djindjic,Paul_ONeill,Vladimir_Putin,Benazir_Bhutto,Peter_Bacanovic,Larry_Johnson,Juergen_Peters,Nabil_Shaath,Barry_Alvarez,Isabelle_Huppert,Alejandro_Toledo,Zarai_Toledo,GL_Peiris,Mohammad_Khatami,Carol_Moseley_Braun
probe/Reese_Witherspoon/Reese_Witherspoon_0002.jpg,Reese_Witherspoon,1,1.0,0.8471823930740356,0.8471823930740356,Reese_Witherspoon,Penelope_Ann_Miller,Mary-Kate_Olsen,Evan_Rachel_Wood,Jane_Fonda,Bertrand_Bonello,Anna_Kournikova,Natalie_Coughlin,Mary_Landrieu,Alicia_Silverstone,Taufik_Hidayat,Carmen_Electra,Eva_Dimas,Valerie_Harper,Cyndi_Thompson,Rupert_Grint,Daniel_Day-Lewis,Elin_Nordegren,Patty_Schnyder,Michael_Chiklis,John_McCallum,Paula_Zahn,Cameron_Diaz,James_Blake,Ozzy_Osbourne,Hannah_Stockbauer,Luis_Gonzalez_Macchi,Paul_ONeill,Jose_Serra,Carla_Myers,Charlotte_Rampling,Lana_Clarkson,Claire_Danes,Kosuke_Kitajima,Elizabeth_Smart,Cristina_Fernandez,Christina_Aguilera,Chakib_Khelil,Dick_Vermeil,Carolyn_Dawn_Johnson,Thomas_Rupprath,Melanie_Griffith,Jodie_Foster,Madonna,Vanessa_Williams,Trent_Lott,Juan_Manuel_Marquez,LeAnn_Rimes,Jeanne_Moreau,Nicanor_Duarte_Frutos
probe/Ricardo_Maduro/Ricardo_Maduro_0002.jpg,Ricardo_Maduro,1,1.0,0.7309392690658569,0.7309392690658569,Ricardo_Maduro,Jean-David_Levitte,Jean-Claude_Juncker,Aldo_Paredes,Adrian_Nastase,Tony_Bennett,Masum_Turker,Miguel_Contreras,Shaukat_Aziz,Gray_Davis,Jose_Viegas_Filho,Nestor_Kirchner,Alejandro_Toledo,David_Myers,Adolfo_Aguilar_Zinser,Chuck_Amato,Benjamin_Netanyahu,John_Allen_Muhammad,Anthony_LaPaglia,Eduardo_Duhalde,Franco_Dragone,Jorge_Castaneda,Gary_Doer,Zoran_Djindjic,Lino_Oviedo,Edward_Said,Amram_Mitzna,Ozzy_Osbourne,Nicanor_Duarte_Frutos,Anthony_Fauci,Joseph_Biden,Edward_Lu,Edward_James_Olmos,Oswaldo_Paya,Robert_De_Niro,John_Garamendi,Tom_Craddick,Elsa_Zylberstein,Peter_Greenaway,Darrell_Issa,Ian_McKellen,Michael_Kostelnik,Ian_Thorpe,Jack_Straw,Aleksander_Kwasniewski,Gerardo_Gambala,Mack_Brown,Bill_Gates,Bill_Simon,Alvaro_Uribe
probe/Rich_Gannon/Rich_Gannon_0002.jpg,Rich_Gannon,1,1.0,0.8792409896850586,0.8792409896850586,Rich_Gannon,Marc-Andre_Fleury,Justin_Leonard,Mike_Weir,Ben_Curtis,Guillermo_Coria,Jason_Lezak,Steve_Spurrier,Bruce_Weber,Stacy_Dragila,Ricky_Ponting,Marlene_Weingartner,Padraig_Harrington,Jan_Ullrich,Brad_Johnson,Oscar_De_La_Hoya,John_Abizaid,David_Coulthard,Kiki_Vandeweghe,Mario_Dumont,Guy_Ritchie,Pete_Sampras,James_Parker,Aitor_Gonzalez,Hal_Sutton,John_Allen_Muhammad,Howard_Dean,Mathias_Reichhold,Iban_Mayo,Sheila_Wellstone,Carlo_Ancelotti,Peter_Harrison,Sean_Astin,Peter_Bacanovic,Bode_Miller,Jim_Edmonds,Isaiah_Washington,Jim_Carrey,Gerry_Adams,Jim_Furyk,Conchita_Martinez,Marat_Safin,Jonathan_Edwards,Mark_Dacey,Meghann_Shaughnessy,John_Walsh,Bill_Simon,Zoran_Djindjic,Daniela_Hantuchova,Prince_Willem-Alexander
probe/Richard_Branson/Richard_Branson_0002.jpg,Richard_Branson,1,1.0,0.8149988055229187,0.8149988055229187,Richard_Branson,Tom_Daschle,Richard_Gephardt,Howard_Smith,Gerry_Adams,Robert_Zoellick,Trent_Lott,Ralph_Lauren,Duane_Lee_Chapman,Jean-Claude_Braquet,Mariangel_Ruiz_Torrealba,Gray_Davis,Pascal_Quignard,Nick_Nolte,Jimmy_Carter,Eric_Rosser,Vaclav_Havel,Omar_Sharif,Dennis_Erickson,George_Voinovich,Yasser_Arafat,Franz_Muentefering,Joseph_Biden,Donald_Evans,James_Kelly,Paul_Byrd,Queen_Beatrix,Larry_Ellison,John_Allen_Muhammad,Lech_Walesa,Peter_Struck,Martha_Burk,Elsa_Zylberstein,Leland_Chapman,George_Pataki,Charlton_Heston,Sandra_Bullock,Wesley_Clark,Cindy_Margolis,Jan_Ullrich,Colin_Powell,Kate_Capshaw,Boris_Yeltsin,Robert_DeFraites,James_Cunningham,Alejandro_Atchugarry,John_Stallworth,Michelle_Pfeiffer,Kristanna_Loken,Inam-ul-Haq
probe/Richard_Crenna/Richard_Crenna_0002.jpg,Richard_Crenna,1,1.0,0.819240152835846,0.819240152835846,Richard_Crenna,Arlen_Specter,Warren_Buffett,Pat_Cox,Silvio_Berlusconi,Thomas_OBrien,Joe_Torre,Jimmy_Carter,Howard_Dean,George_Pataki,Robert_Stack,Alvaro_Noboa,Christopher_Walken,Roy_Moore,Jerry_Falwell,Ozzy_Osbourne,Augusto_Pinochet,John_Snow,Gary_Winnick,Pete_Sampras,Billy_Graham,Lord_Hutton,Michael_Douglas,Robert_Duvall,Vaclav_Havel,Jay_Garner,Tom_Crean,Bob_Hope,Chris_Cooper,Martin_Scorsese,Warren_Beatty,Peter_Arnett,Larry_Brown,John_Rigas,Bill_Frist,Kevin_Spacey,Gabriel_Valdes,Julie_Taymor,Leslie_Moonves,Kim_Dae-jung,Thomas_Birmingham,William_Ford_Jr,Claire_Hentzen,Augusto_Roa_Bastos,Bill_Belichick,Larry_Coker,Jackie_Chan,Franz_Muentefering,John_Jumper,Valdas_Adamkus
probe/Richard_Gephardt/Richard_Gephardt_0002.jpg,Richard_Gephardt,1,1.0,0.8994307518005371,0.8994307518005371,Richard_Gephardt,Jon_Gruden,Anders_Ebbeson,George_Pataki,James_Kelly,Joseph_Biden,Arnold_Palmer,John_Jumper,Trent_Lott,Richard_Branson,Robert_Zoellick,Gray_Davis,John_Manley,Alan_Mulally,David_Trimble,Vaclav_Havel,Jeffrey_Jones,John_Snow,Prince_Willem-Alexander,Bruce_Van_De_Velde,James_Schultz,George_Voinovich,Charles_Mathews,Boris_Becker,Howard_Smith,Scott_McNealy,Ilan_Ramon,Thomas_Birmingham,Bill_Simon,Tom_Daschle,Arlen_Specter,Bernard_Landry,Nick_Nolte,Charlton_Heston,Frank_Solich,Michael_Kostelnik,Pedro_Malan,James_Cunningham,Thomas_OBrien,Roman_Polanski,William_Ford_Jr,Charles_Grassley,Chok_Tong_Goh,Frank_Dunham_Jr,Howard_Dean,Dennis_Erickson,Jan_Ullrich,Lyle_Vanclief,Jimmy_Carter,Roy_Moore
probe/Richard_Krajicek/Richard_Krajicek_0002.jpg,Richard_Krajicek,1,1.0,0.7339264154434204,0.7339264154434204,Richard_Krajicek,David_Coulthard,Stanley_McChrystal,Ron_Dittemore,Jason_Jennings,Monica_Seles,Gary_Williams,Padraig_Harrington,Freddy_Garcia,Yevgeny_Kafelnikov,John_Kerry,James_Jones,David_Nalbandian,Brooke_Shields,JJ_Redick,Elvis_Presley,Gloria_Macapagal_Arroyo,Bashar_Assad,Bill_Belichick,Bill_Nelson,Larry_Bowa,Dennis_Kucinich,James_Kelly,Yao_Ming,Anna_Kournikova,Jim_Furyk,Nancy_Pelosi,Brendan_Hansen,Joe_Nichols,Geno_Auriemma,Kiki_Vandeweghe,Conchita_Martinez,Greg_Owen,Camilla_Parker_Bowles,Justin_Leonard,Gary_Forsee,Jong_Thae_Hwa,Lee_Tae-sik,Tyler_Hamilton,Gerry_Parsky,Nick_Nolte,Jorge_Valdano,Sourav_Ganguly,Bruce_Weber,Candie_Kung,Jackie_Chan,Marco_Antonio_Barrera,Robert_Mueller,Johnny_Unitas,Kirk_Ferentz
probe/Richard_Norton-Taylor/Richard_Norton-Taylor_0002.jpg,Richard_Norton-Taylor,1,1.0,0.9280897974967957,0.9280897974967957,Richard_Norton-Taylor,George_Karl,James_Morris,Dennis_Kozlowski,Slobodan_Milosevic,Rick_Romley,Stellan_Skarsgard,James_Schultz,Jay_Rasulo,Goran_Persson,Mike_Holmgren,Michael_Chiklis,Richie_Adubato,Bernard_Landry,Larry_Lindsey,John_Snow,Jay_Garner,Gunter_Pleuger,Jerry_Falwell,George_Ryan,Robert_Bonner,Dick_Cheney,Peter_Struck,Bill_Graham,Gordon_Campbell,Jeffrey_Archer,Luis_Gonzalez_Macchi,Arnold_Palmer,Robert_Zoellick,Yasar_Yakis,Richard_Gephardt,Scott_McClellan,Gregg_Popovich,John_Negroponte,Lisa_Raymond,Barry_Alvarez,James_Cunningham,Jose_Manuel_Durao_Barroso,James_Parker,James_Gandolfini,Damon_van_Dam,Byron_Scott,Howard_Smith,Klaus_Zwickel,Roman_Polanski,Peter_Arnett,Ann_Veneman,George_Roy_Hill,Cristina_Saralegui,Jon_Gruden
probe/Richard_Sambrook/Richard_Sambrook_0002.jpg,Richard_Sambrook,1,1.0,0.9122042655944824,0.9122042655944824,Richard_Sambrook,Billy_Sollie,James_Schultz,Darren_Clarke,David_Trimble,Ilan_Ramon,Robert_Zoellick,Larry_Lindsey,Franko_Simatovic,James_Cunningham,Jay_Rasulo,Chris_Rock,Lou_Piniella,Alan_Ball,Sharon_Frey,Abel_Pacheco,Hector_Babenco,Art_Hoffmann,Carlos_Ghosn,Prince_Willem-Alexander,Bernard_Lord,Tom_Cruise,Frank_Solich,Alvaro_Noboa,Gunter_Pleuger,Bob_Hope,William_Ford_Jr,Guillermo_Coria,Arye_Mekel,Michael_Chiklis,John_Negroponte,Spencer_Abraham,Christopher_Patten,Steve_Spurrier,George_Karl,John_Snow,Jesse_Jackson,Joseph_Estrada,Andrei_Mikhnevich,Martin_Verkerk,George_Robertson,Michelle_Yeoh,Mikhail_Kasyanov,John_Jumper,Silvan_Shalom,Lyle_Vanclief,Job_Cohen,Pedro_Malan,Tom_Crean,Luis_Gonzalez_Macchi
probe/Richard_Shelby/Richard_Shelby_0002.jpg,Richard_Shelby,1,1.0,0.8715024590492249,0.8715024590492249,Richard_Shelby,Bob_Hope,Costas_Simitis,Klaus_Zwickel,John_Snow,Dick_Cheney,John_Negroponte,Jose_Serra,Jason_Alexander,Robert_Zoellick,Kemal_Dervis,John_Wolf,Valery_Giscard_dEstaing,Job_Cohen,Dennis_Erickson,Robert_Bonner,David_Dodge,Peter_Arnett,Francis_Mer,Emile_Lahoud,Igor_Ivanov,William_Ford_Jr,Christopher_Patten,Lon_Kruger,Trent_Lott,Ralph_Lauren,Bob_Beauprez,John_Spencer,Michael_Chiklis,Hans_Eichel,Thomas_Fargo,Alan_Ball,Michael_J_Sheehan,Luis_Gonzalez_Macchi,James_Ivory,Guillermo_Ortiz,Bill_Graham,Cruz_Bustamante,Robert_DeFraites,Doug_Collins,Stephen_Friedman,Pedro_Malan,Max_Mayfield,Frank_Solich,Jorge_Rodolfo_Canicoba_Corral,Francis_George,Franz_Beckenbauer,Barry_Alvarez,John_McEnroe,Mike_Tyson
probe/Richie_Adubato/Richie_Adubato_0002.jpg,Richie_Adubato,1,1.0,0.8011007308959961,0.8011007308959961,Richie_Adubato,Dick_Cheney,James_Smith,Bernard_Landry,Ferenc_Madl,Max_Mayfield,Patrick_Leahy,Dennis_Kozlowski,Jay_Garner,Bill_Graham,Kim_Jong-Il,Augusto_Pinochet,Sam_Bith,Frank_Cassell,Fred_Eckhard,James_Morris,James_Maguire,Angelo_Reyes,George_Robertson,Thomas_OBrien,Arnold_Palmer,Nabil_Shaath,Paul_ONeill,Doris_Roberts,Michael_J_Sheehan,Saeb_Erekat,Arye_Mekel,Warren_Buffett,Larry_Lindsey,John_Howard,John_Negroponte,Nelson_Mandela,Larry_Coker,Ernie_Eves,Chok_Tong_Goh,Christopher_Patten,Joseph_Biden,John_Snow,Steven_Spielberg,George_Ryan,George_Brumley,Franz_Beckenbauer,Slobodan_Milosevic,Zoran_Djindjic,Robin_Cook,Peter_Struck,David_Trimble,Bob_Hope,Sean_Patrick_OMalley,Don_Nickles
probe/Rick_Romley/Rick_Romley_0002.jpg,Rick_Romley,1,1.0,0.8814177513122559,0.8814177513122559,Rick_Romley,Mike_Holmgren,George_Karl,Gordon_Campbell,Bernard_Landry,Asa_Hutchinson,James_Morris,Dave_Campo,Gregg_Popovich,James_Schultz,John_Spencer,Luis_Gonzalez_Macchi,Arnold_Palmer,Ralph_Lauren,Peter_Struck,Johnny_Carson,Slobodan_Milosevic,Richie_Adubato,Lech_Walesa,Richard_Norton-Taylor,Colin_Powell,Ishaq_Shahryar,Nelson_Mandela,Howard_Smith,Larry_Lucchino,Roy_Moore,Jay_Garner,Bruce_Van_De_Velde,Larry_Lindsey,Donald_Evans,Byron_Scott,Howard_Dean,Jay_Rasulo,Herb_Sendek,Marc_Grossman,James_Cunningham,Richard_Gephardt,Vaclav_Havel,Paul_ONeill,Frank_Solich,Don_Nickles,Bill_Graham,Jerry_Falwell,Robert_Zoellick,Boris_Yeltsin,John_McCallum,Lindsay_Davenport,John_Jumper,Jorge_Batlle,Robert_Bonner
probe/Ricky_Barnes/Ricky_Barnes_0002.jpg,Ricky_Barnes,1,1.0,0.7414004802703857,0.7414004802703857,Ricky_Barnes,David_Nalbandian,Stanley_McChrystal,Jan_Ullrich,Prince_Harry,Sean_Astin,Nelson_Mandela,Felix_Mantilla,Boris_Becker,Ron_Howard,Ron_Dittemore,Rupert_Grint,Luis_Figo,Bud_Selig,Tom_Daschle,Heidi_Fleiss,Bill_Gates,Nancy_Reagan,Christian_Wulff,Peter_Hillary,Johnny_Unitas,Hermann_Maier,Hun_Sen,Bill_Frist,Mike_Miller,Jo_Dee_Messina,Dolly_Parton,Trent_Lott,Lisa_Ling,Guido_Westerwelle,Serena_Williams,Katie_Harman,Elizabeth_Smart,Greg_Rusedski,Goh_Kun,Aron_Ralston,Kristanna_Loken,Peter_Bacanovic,Doug_Collins,James_Kopp,Mary_Tyler_Moore,Carol_Burnett,Robert_DeFraites,Yao_Ming,David_Coulthard,Lloyd_Ward,John_Snow,Hamzah_Haz,Todd_Haynes,Prince_Edward
probe/Ricky_Ponting/Ricky_Ponting_0002.jpg,Ricky_Ponting,1,1.0,0.8177574872970581,0.8177574872970581,Ricky_Ponting,James_Parker,Brian_Wells,Steve_Park,Andrei_Mikhnevich,Mike_Weir,Guillermo_Coria,Sean_Astin,Padraig_Harrington,Carlo_Ancelotti,Derek_Lowe,Justin_Leonard,Roy_Moore,Kevin_Spacey,Silvio_Berlusconi,Bill_Frist,Paul_McNulty,Blythe_Danner,Joseph_Ralston,Mary_Landrieu,Duane_Lee_Chapman,Xanana_Gusmao,Scott_McClellan,Jay_Rasulo,Jim_Carrey,Bruce_Van_De_Velde,Paul_Byrd,Rich_Gannon,Jan_Ullrich,Mark_Dacey,Igor_Ivanov,Thomas_OBrien,Larry_Lucchino,Ben_Glisan,Anna_Kournikova,Bill_Callahan,Simon_Cowell,Daniela_Hantuchova,Yao_Ming,Annette_Bening,Herb_Sendek,Silvan_Shalom,Gil_de_Ferran,Brad_Johnson,Ernie_Fletcher,Michael_Chang,Adolfo_Rodriguez_Saa,Oscar_De_La_Hoya,Carmen_Electra,David_Kelley
probe/Rita_Moreno/Rita_Moreno_0002.jpg,Rita_Moreno,1,1.0,0.8794631958007812,0.8794631958007812,Rita_Moreno,Barbara_Walters,Carol_Burnett,Sophia_Loren,Nancy_Pelosi,Julie_Taymor,Elizabeth_Taylor,Gloria_Allred,Coretta_Scott_King,Yoko_Ono,Lauren_Hutton,Geraldine_Chaplin,Christine_Gregoire,Jeanne_Moreau,Frances_Fisher,Donna_Shalala,Liza_Minnelli,Aung_San_Suu_Kyi,Dolly_Parton,Arsinee_Khanjian,Hillary_Clinton,Dorthy_Moxley,Raquel_Welch,Francis_Ford_Coppola,Meryl_Streep,Marilyn_Monroe,Laura_Hernandez,Jean-Claude_Braquet,Doris_Roberts,Gianna_Angelopoulos-Daskalaki,Fidel_Castro,Hisao_Oguchi,Tammy_Lynn_Michaels,Ozzy_Osbourne,Jane_Pauley,Claire_Leger,Felix_Mantilla,Martha_Burk,Richard_Branson,Amanda_Coetzer,Mathias_Reichhold,Charlton_Heston,Ronald_Reagan,Arlen_Specter,Jane_Kaczmarek,Bud_Selig,Thabo_Mbeki,Albrecht_Mentz,Mary_Tyler_Moore,Hanan_Ashrawi
probe/Rita_Wilson/Rita_Wilson_0002.jpg,Rita_Wilson,1,1.0,0.8815643787384033,0.8815643787384033,Rita_Wilson,Vanessa_Incontrada,LeAnn_Rimes,Jane_Kaczmarek,Celine_Dion,Lili_Taylor,Hanan_Ashrawi,Gloria_Allred,Priscilla_Owen,Barbra_Streisand,Martha_Burk,Jean-Sebastien_Giguere,Sarah_Jessica_Parker,Julie_Gerberding,Nastassia_Kinski,Roman_Polanski,Silvio_Berlusconi,Kathryn_Bigelow,Annette_Bening,Geraldine_Chaplin,Silvia_Farina_Elia,Martina_McBride,Carol_Burnett,Queen_Beatrix,Trent_Lott,Frances_Fisher,Joe_Gatti,Gianna_Angelopoulos-Daskalaki,Sandra_Bullock,Allison_Janney,Juanes,Ann_Veneman,Biljana_Plavsic,Amber_Tamblyn,Valery_Giscard_dEstaing,Magui_Serna,Carson_Daly,Kate_Capshaw,Hipolito_Mejia,Alexander_Losyukov,Pat_Cox,Julianne_Moore,Hillary_Clinton,Elisabeth_Schumacher,Shannon_OBrien,Carolyn_Dawn_Johnson,Judy_Genshaft,Jean-David_Levitte,Dave_Campo,Lina_Krasnoroutskaya
probe/Rob_Schneider/Rob_Schneider_0002.jpg,Rob_Schneider,1,1.0,0.8108744621276855,0.8108744621276855,Rob_Schneider,Michael_Chang,Todd_Haynes,Howard_Schultz,Ann_Veneman,Jennifer_Lopez,Shannon_OBrien,Antony_Leung,Candie_Kung,David_Nalbandian,Chung_Mong-joon,Mitchell_Daniels,Tom_Glavine,Julianne_Moore,George_Pataki,James_Gandolfini,Lloyd_Ward,Dennis_Kucinich,Jackie_Chan,Michael_Chiklis,Matthew_Perry,Iva_Majoli,Christopher_Walken,Jamling_Norgay,Natalie_Coughlin,Erika_Christensen,Jennifer_Aniston,Stanley_Tong,Kevin_Spacey,Justin_Guarini,Claire_Hentzen,Takashi_Sorimachi,Vanessa_Williams,Hitomi_Soga,Rupert_Grint,Elijah_Wood,Eve_Pelletier,Tyra_Banks,Helen_Clark,Kenneth_Branagh,Gerry_Parsky,George_Roy_Hill,Paula_Radcliffe,Anna_Kournikova,Sandra_Bullock,Beth_Jones,Lily_Tomlin,Jong_Thae_Hwa,Jennifer_Rodriguez,Tyler_Hamilton
probe/Robbie_Fowler/Robbie_Fowler_0002.jpg,Robbie_Fowler,1,1.0,0.9376903772354126,0.9376903772354126,Robbie_Fowler,John_Allen_Muhammad,Tim_Allen,Joerg_Haider,Eduardo_Duhalde,Al_Davis,Benazir_Bhutto,Bill_Gates,Elsa_Zylberstein,Alejandro_Toledo,Nicanor_Duarte_Frutos,Bill_Frist,Jackie_Chan,Anders_Fogh_Rasmussen,Eric_Hinske,Alec_Baldwin,Noah_Wyle,Pamela_Anderson,Jorge_Valdano,John_Cusack,Darrell_Issa,Mitchell_Daniels,Matthew_Perry,Alvaro_Uribe,Kevin_Spacey,Susan_Collins,Pete_Sampras,Howard_Schultz,Michael_Phelps,Oscar_De_La_Hoya,Dennis_Kucinich,George_Robertson,Gary_Doer,Bobby_Goldwater,John_Garamendi,Jason_Lezak,Franco_Dragone,Yao_Ming,Paul_Bremer,Alvaro_Noboa,Nestor_Kirchner,Kent_Rominger,Juan_Valencia_Osorio,Edward_Lu,Steve_Waugh,Mark_Dacey,Edie_Falco,Ronald_Reagan,Boris_Berezovsky,Gregory_Hines
probe/Robby_Ginepri/Robby_Ginepri_0002.jpg,Robby_Ginepri,1,1.0,0.7962237596511841,0.7962237596511841,Robby_Ginepri,Adam_Scott,Tom_Cruise,Jean-Sebastien_Giguere,James_Blake,Oscar_De_La_Hoya,Jonathan_Edwards,Mike_Weir,David_Bell,Mikhail_Youzhny,Theo_Epstein,Bode_Miller,Darrell_Porter,Dale_Earnhardt_Jr,Joe_Nichols,Jim_Carrey,David_Coulthard,Marat_Safin,Kieran_Prendergast,Prince_Harry,Jose_Theodore,Iban_Mayo,Bill_Graham,Juan_Manuel_Marquez,LeBron_James,Augustin_Calleri,Alison_Lohman,Manuel_Poggiali,Jan_Ullrich,Jim_Furyk,Jim_Edmonds,Michael_Phelps,Harry_Schmidt,Rich_Gannon,Elisabeth_Schumacher,Guillermo_Coria,Chris_Byrd,Jude_Law,Padraig_Harrington,Diane_Green,Jesse_James_Leija,Stacy_Dragila,Albert_Costa,Elijah_Wood,Gustavo_Kuerten,John_Howard,Leland_Chapman,Barrett_Jackman,Jorge_Arce,Greg_Rusedski
probe/Robert_Bonner/Robert_Bonner_0002.jpg,Robert_Bonner,1,1.0,0.8785302639007568,0.8785302639007568,Robert_Bonner,Klaus_Zwickel,Rick_Romley,Chuck_Yeager,John_Snow,Franz_Beckenbauer,Robert_Zoellick,Goran_Persson,Howard_Dean,Bill_Graham,Slobodan_Milosevic,Don_Nickles,Lou_Piniella,William_Martin,George_Karl,Thomas_Fargo,Kathleen_Kennedy_Townsend,Luis_Gonzalez_Macchi,Manfred_Stolpe,Prince_Willem-Alexander,Bernard_Landry,Joseph_Biden,Peter_Struck,Warren_Buffett,Mario_Dumont,James_Morris,Jay_Garner,James_Kelly,Pedro_Solbes,Richard_Norton-Taylor,Roy_Moore,Aitor_Gonzalez,Lyle_Vanclief,John_McEnroe,Larry_Lindsey,Alexandra_Vodjanikova,Johnny_Carson,James_Kopp,Roy_Williams,Joseph_Deiss,Jose_Sarney,Kevin_Stallings,Mike_Price,Mike_Holmgren,David_Caraway,Helen_Clark,Richard_Shelby,Dick_Clark,Arantxa_Sanchez-Vicario,Brian_Griese
probe/Robert_DeFraites/Robert_DeFraites_0002.jpg,Robert_DeFraites,1,1.0,0.9653257131576538,0.9653257131576538,Robert_DeFraites,Trent_Lott,Tom_Daschle,James_Kopp,Robert_Zoellick,Mike_Miller,Jose_Sarney,Bill_Simon,William_Martin,Ron_Dittemore,Hun_Sen,James_Kelly,Bud_Selig,Christian_Wulff,Charlton_Heston,Sam_Bith,Bill_Nelson,Brian_Wells,Wang_Yingfan,Mathias_Reichhold,Jean-David_Levitte,Mario_Dumont,Michael_Kostelnik,Gregory_Geoffroy,William_Hochul,Mack_Brown,Jack_Straw,Thomas_Fargo,Joseph_Ralston,David_Dodge,Vaclav_Havel,Albrecht_Mentz,Venus_Williams,Michael_J_Sheehan,Jonathan_Edwards,Yukiko_Okudo,Franz_Beckenbauer,Chuck_Yeager,GL_Peiris,Peter_Bacanovic,Hootie_Johnson,Jan_Ullrich,Charles_Kartman,Julianne_Moore,Dave_Campo,Juan_Valencia_Osorio,Dalai_Lama,Pedro_Malan,Anwar_Ibrahim,Dick_Vermeil
probe/Robert_De_Niro/Robert_De_Niro_0002.jpg,Robert_De_Niro,1,1.0,0.755052924156189,0.755052924156189,Robert_De_Niro,Branko_Crvenkovski,Gary_Doer,Xanana_Gusmao,Pamela_Anderson,Tony_Bennett,Eduardo_Duhalde,Carlo_Ancelotti,Amram_Mitzna,Hillary_Clinton,Jean-Claude_Braquet,Edward_Said,Nestor_Kirchner,Jonathan_Edwards,Gerry_Adams,Ernesto_Zedillo,Megawati_Sukarnoputri,Edward_James_Olmos,Alejandro_Toledo,Fidel_Castro,Carmen_Electra,John_Allen_Muhammad,Miroljub,Mohammad_Khatami,Alec_Baldwin,Jean-Claude_Juncker,Bob_Geldof,Alejandro_Avila,John_Banko,Yasser_Arafat,Emmanuelle_Beart,Anders_Fogh_Rasmussen,Adolfo_Aguilar_Zinser,Pupi_Avati,Nanni_Moretti,Alvaro_Uribe,Alejandro_Atchugarry,John_Blaney,Steven_Spielberg,Antonio_Banderas,Lino_Oviedo,Eddie_Sutton,James_McGreevey,Franz_Muentefering,Joerg_Haider,Celine_Dion,Vladimir_Putin,Geoff_Hoon,Carlos_Mesa,Jose_Viegas_Filho
probe/Robert_Duvall/Robert_Duvall_0002.jpg,Robert_Duvall,1,1.0,0.8929387331008911,0.8929387331008911,Robert_Duvall,Arlen_Specter,Michael_Douglas,Larry_Coker,Gary_Carter,Robert_Stack,Dennis_Kucinich,Carl_Reiner,Vladimir_Putin,Abel_Pacheco,John_McEnroe,David_Caraway,Yasar_Yakis,Lauren_Killian,Peter_Arnett,Pete_Sampras,Larry_Brown,Anthony_Hopkins,Jon_Gruden,Eduardo_Duhalde,Robert_Zoellick,Paul_McCartney,Art_Howe,Bud_Selig,Thomas_OBrien,Al_Davis,Francis_Mer,William_Bratton,Jackie_Chan,Fidel_Castro,Klaus_Zwickel,Bobby_Goldwater,Butch_Davis,Costas_Simitis,Rita_Moreno,Hans_Eichel,Ron_Dittemore,Mike_Price,Christopher_Walken,Warren_Buffett,John_Snow,Roy_Moore,John_Timoney,Frank_Cassell,Anders_Ebbeson,Nancy_Pelosi,Joe_Torre,James_Kopp,Barbara_Brezigar,Tom_Daschle
probe/Robert_Kocharian/Robert_Kocharian_0002.jpg,Robert_Kocharian,1,1.0,0.8820474743843079,0.8820474743843079,Robert_Kocharian,Stephen_Friedman,Hector_Babenco,Charles_Schumer,Jose_Mourinho,Laurent_Jalabert,Vladimir_Putin,Fayssal_Mekdad,Imad_Moustapha,Fidel_Castro,Pete_Sampras,Brigitte_Boisselier,Boris_Berezovsky,Adolfo_Rodriguez_Saa,Amanda_Coetzer,Silvan_Shalom,Matthew_Perry,Nia_Vardalos,Anders_Fogh_Rasmussen,Dan_Wheldon,Oswaldo_Paya,Kifah_Ajouri,Carlos_Mesa,Hilmi_Ozkok,Bob_Geldof,William_Bratton,Emile_Lahoud,Martin_Scorsese,Garry_Kasparov,Igor_Ivanov,Job_Cohen,Larry_Coker,Jefferson_Perez,Guillermo_Ortiz,Nicolas_Lapentti,Albert_Costa,Marcelo_Salas,Vicente_Fernandez,Lino_Oviedo,Sam_Torrance,Ismail_Merchant,Jorge_Rodolfo_Canicoba_Corral,Jodie_Foster,John_Wolf,Juan_Pablo_Montoya,Luciano_Pavarotti,Jean-Marc_de_La_Sabliere,Prince_Edward,Luis_Horna,John_Malkovich
probe/Robert_Mueller/Robert_Mueller_0002.jpg,Robert_Mueller,1,1.0,0.906031608581543,0.906031608581543,Robert_Mueller,John_Kerry,Martin_Scorsese,Antonio_Banderas,Eddy_Merckx,Paul_Bremer,Nicanor_Duarte_Frutos,Frank_Dunham_Jr,Howard_Dean,Richard_Krajicek,Fayssal_Mekdad,Gary_Carter,James_Traficant,Juanes,John_Manley,John_Allen_Muhammad,Marcus_Gronholm,Joseph_Ralston,John_Abizaid,Marat_Safin,Fidel_Castro,Abdullah_Gul,Matt_Doherty,Gil_de_Ferran,Gregory_Geoffroy,Jim_Furyk,Mohammad_Khatami,Elsa_Zylberstein,Daisy_Fuentes,Alvaro_Uribe,Bill_Simon,Edward_James_Olmos,Chakib_Khelil,John_Spencer,Robert_De_Niro,Lawrence_MacAulay,Mack_Brown,Conchita_Martinez,Wesley_Clark,Aron_Ralston,Justine_Henin,Miguel_Contreras,Celine_Dion,Mario_Kreutzberger,Jason_Jennings,Vanessa_Incontrada,James_Kelly,Peter_Harrison,Bill_Callahan,Roy_Williams
probe/Robert_Mugabe/Robert_Mugabe_0002.jpg,Robert_Mugabe,1,1.0,0.895038366317749,0.895038366317749,Robert_Mugabe,Thabo_Mbeki,Hilmi_Ozkok,Dalai_Lama,Jeffrey_Archer,Alvaro_Uribe,S_Jayakumar,Laurent_Gbagbo,Isaiah_Washington,Sophia_Loren,Nelson_Mandela,Lee_Hoi-chang,Emma_Thompson,Sam_Bith,Doug_Duncan,Li_Peng,Coretta_Scott_King,Anders_Fogh_Rasmussen,Jorge_Batlle,Carlos_Quintanilla_Schmidt,Larry_Brown,Munir_Akram,Morgan_Freeman,Jean-David_Levitte,Geraldine_Chaplin,Ron_Dittemore,Charlton_Heston,Colin_Powell,Pete_Sampras,Francis_Ford_Coppola,Hun_Sen,Hu_Jintao,Guillermo_Ortiz,George_Foreman,Hichiro_Naemura,Mike_Price,Robert_DeFraites,Mario_Cipollini,Nicanor_Duarte_Frutos,John_Howard,Venus_Williams,Barbara_Walters,Alberto_Ruiz_Gallardon,Lino_Oviedo,Lim_Dong-won,Alberto_Fujimori,Miguel_Contreras,Albrecht_Mentz,Donatella_Versace,Jorge_Castaneda
probe/Robert_Stack/Robert_Stack_0002.jpg,Robert_Stack,1,1.0,0.7752066850662231,0.7752066850662231,Robert_Stack,Robert_Duvall,Arlen_Specter,Michael_Douglas,Billy_Graham,Anthony_Hopkins,Bud_Selig,Jim_Harrick,Joe_Torre,Fred_Funk,Gregg_Popovich,John_Spencer,Francis_Mer,Trent_Lott,Frank_Solich,Richard_Crenna,Larry_Bowa,Ronald_Reagan,Pat_Cox,Oswaldo_Paya,Bobby_Robson,Larry_Coker,Art_Howe,Joseph_Biden,David_Nalbandian,Thierry_Falise,John_Kerry,David_Leahy,Eduardo_Duhalde,Prince_Willem-Alexander,James_Jones,Ron_Dittemore,Brian_Mulroney,Warren_Buffett,Thomas_OBrien,Paul_McCartney,Jay_Garner,Peter_Arnett,Patrice_Chereau,Christopher_Walken,Mack_Brown,Sophia_Loren,Howard_Dean,Nestor_Kirchner,Gary_Carter,Bill_Graham,Mark_Warner,John_Timoney,Tom_Crean,Aleksander_Kwasniewski
probe/Robert_Zoellick/Robert_Zoellick_0002.jpg,Robert_Zoellick,1,1.0,0.7870937585830688,0.7870937585830688,Robert_Zoellick,Richard_Gephardt,Roy_Moore,Jon_Gruden,David_Leahy,John_Jumper,Anders_Ebbeson,Lawrence_MacAulay,Stellan_Skarsgard,Charles_Grassley,Gunter_Pleuger,Howard_Smith,Goran_Persson,James_Schultz,Chris_Cooper,Tom_Crean,George_Voinovich,Bill_Frist,John_Snow,George_Pataki,Ron_Dittemore,James_Kelly,Bud_Selig,Jeffrey_Jones,Frank_Solich,Thomas_OBrien,Richard_Sambrook,Mike_Holmgren,Ilan_Ramon,Robert_Duvall,Alan_Ball,Billy_Sollie,John_McEnroe,Robert_Bonner,Prince_Willem-Alexander,James_Kopp,Lyle_Vanclief,Bill_Simon,James_Maguire,John_Brady,Bill_Nelson,Nick_Nolte,James_Cunningham,Arlen_Specter,Bernard_Landry,John_Timoney,Thomas_Birmingham,Bob_Hope,Tim_Floyd,Arnold_Palmer
probe/Robin_Cook/Robin_Cook_0002.jpg,Robin_Cook,74,0.013513513513513514,0.5583351850509644,0.3167726397514343,John_Snow,Elsa_Zylberstein,Manfred_Stolpe,Fidel_Castro,Jimmy_Carter,Ibrahim_Jaafari,Yasser_Arafat,Jay_Garner,Alvaro_Noboa,Mohammad_Khatami,Boris_Yeltsin,Peter_Struck,Joseph_Biden,Harry_Kalas,George_Ryan,George_Voinovich,John_Blaney,Duane_Lee_Chapman,Eric_Rosser,Dino_de_Laurentis,Saddam_Hussein,Bob_Hope,Augusto_Roa_Bastos,Franz_Muentefering,Jonathan_Mostow,Richard_Crenna,Jerry_Falwell,Martin_Scorsese,Frank_Griswold,Richard_Branson,Howard_Smith,Jesse_Jackson,Thomas_Birmingham,Anthony_Hopkins,Paul_Byrd,Liza_Minnelli,Pat_Cox,Vaclav_Havel,Jorge_Rodolfo_Canicoba_Corral,Steven_Spielberg,Jean_Brumley,Angela_Lansbury,Thomas_Fargo,Jose_Sarney,Elizabeth_Dole,Silvio_Berlusconi,George_Robertson,Pupi_Avati,Francis_Mer,Dick_Clark
probe/Robin_McLaurin_Williams/Robin_McLaurin_Williams_0002.jpg,Robin_McLaurin_Williams,1,1.0,0.6000422239303589,0.6000422239303589,Robin_McLaurin_Williams,Silvio_Berlusconi,Leszek_Miller,Pat_Cox,George_Pataki,Joseph_Blatter,Vicente_Fernandez,Fayssal_Mekdad,Sarah_Jessica_Parker,John_Timoney,Martin_Scorsese,John_Spencer,Ernie_Eves,Trent_Lott,Bob_Hope,Anibal_Ibarra,Fidel_Castro,Warren_Beatty,Francis_Mer,Mel_Brooks,Arlen_Specter,Geoff_Hoon,Lino_Oviedo,Jeffrey_Jones,George_Voinovich,Thomas_OBrien,Bill_Graham,Jerry_Falwell,Richard_Crenna,Gary_Carter,John_McCormack,Robert_Mueller,Augusto_Roa_Bastos,Gabriel_Valdes,Robert_De_Niro,Dave_Campo,Boris_Berezovsky,Jennifer_Aniston,Art_Howe,Chris_Cooper,Ismail_Merchant,Saddam_Hussein,Vladimir_Putin,Asa_Hutchinson,Pamela_Anderson,Tim_Allen,Patricia_Clarkson,Carl_Reiner,Ozzy_Osbourne,Omar_Sharif
probe/Rolf_Eckrodt/Rolf_Eckrodt_0002.jpg,Rolf_Eckrodt,1,1.0,0.8557940721511841,0.8557940721511841,Rolf_Eckrodt,Larry_Bowa,Eddy_Merckx,John_Rosa,Brad_Johnson,Frank_Stallone,Francis_Mer,Zoran_Djindjic,Trent_Lott,John_Kerry,Tom_Daschle,Hootie_Johnson,Leslie_Moonves,Jackie_Chan,Aleksander_Kwasniewski,Jim_Harrick,Lou_Piniella,Bill_Callahan,Abdullah_Gul,Christopher_Walken,Charles_Schumer,Oswaldo_Paya,James_Traficant,Goldie_Hawn,Fred_Eckhard,Gerry_Parsky,Aaron_Sorkin,Andy_Hebb,Celso_Amorim,Mohamed_Benaissa,Mario_Kreutzberger,Goh_Kun,Ricky_Barnes,Bill_Gates,Bill_Frist,Dennis_Kucinich,Frank_Lautenberg,Hun_Sen,Nestor_Kirchner,John_Garamendi,Charlton_Heston,Alex_Barros,Mack_Brown,Darren_Clarke,Robert_Duvall,Stanley_McChrystal,David_Heymann,Matthew_Perry,Anders_Ebbeson,Peter_Arnett
probe/Roman_Polanski/Roman_Polanski_0002.jpg,Roman_Polanski,1,1.0,0.8241186141967773,0.8241186141967773,Roman_Polanski,Steve_Spurrier,Frank_Solich,Jean-David_Levitte,Edward_Said,John_Banko,Tom_Crean,Tim_Floyd,Ilan_Ramon,Johnny_Carson,Ron_Dittemore,Dave_Campo,Bill_Simon,Thomas_OBrien,Chris_Cooper,Nick_Nolte,Aleksander_Kwasniewski,Michael_Kostelnik,Bill_Gates,Eric_Clapton,Bud_Selig,George_Karl,John_Walsh,Celso_Amorim,Brad_Johnson,Zoran_Djindjic,Richard_Sambrook,Andrew_Niccol,Alec_Baldwin,Jose_Dirceu,David_Heymann,Eduardo_Duhalde,Lyle_Vanclief,Jean-Claude_Trichet,Alvaro_Uribe,Mike_Holmgren,Lindsey_Graham,Michael_Douglas,Hanan_Ashrawi,Harvey_Weinstein,Prince_Edward,Larry_Bowa,Gerry_Parsky,John_Jumper,Gary_Williams,Geoff_Hoon,Arlen_Specter,Hashim_Thaci,Robert_Zoellick,Anthony_Fauci
probe/Ron_Dittemore/Ron_Dittemore_0002.jpg,Ron_Dittemore,1,1.0,0.8424383401870728,0.8424383401870728,Ron_Dittemore,Bill_Simon,Bud_Selig,Robert_DeFraites,Tom_Daschle,Bill_Gates,Charles_Grassley,Christian_Wulff,Trent_Lott,Hun_Sen,Bill_Nelson,Jean-David_Levitte,Prince_Harry,Tom_Craddick,Julianne_Moore,Guido_Westerwelle,James_Kopp,Lee_Hoi-chang,Franz_Muentefering,Antony_Leung,William_Ford_Jr,Geno_Auriemma,Tom_Crean,Liu_Mingkang,Angelo_Reyes,Fred_Eckhard,Charlton_Heston,Sam_Bith,Robert_Zoellick,Gary_Williams,Dai_Bachtiar,Charles_Kartman,Dennis_Kucinich,Camilla_Parker_Bowles,Joseph_Estrada,David_Trimble,Christopher_Walken,David_Leahy,Pedro_Malan,Arlen_Specter,Todd_Haynes,Jorge_Castaneda,Marc_Grossman,Sean_Astin,Yoko_Ono,Vladimir_Putin,Jan_Ullrich,Bill_Graham,Mikhail_Kasyanov,Peter_Struck
probe/Ron_Howard/Ron_Howard_0002.jpg,Ron_Howard,1,1.0,0.8952047824859619,0.8952047824859619,Ron_Howard,Peter_Hillary,Elizabeth_Smart,Richard_Gephardt,George_Pataki,Roy_Moore,Boris_Becker,John_Malkovich,Jon_Gruden,Vladimir_Putin,Martin_Verkerk,Nick_Nolte,James_Schultz,Robert_Zoellick,Frank_Solich,Don_Nickles,John_Snow,Prince_Edward,Julianne_Moore,Jan_Ullrich,James_Maguire,Alan_Mulally,James_Cunningham,Barrett_Jackman,Peter_Struck,John_Jumper,Hermann_Maier,Todd_Haynes,Stephen_Friedman,Rupert_Grint,Howard_Smith,Claire_Hentzen,Robert_Kocharian,Duane_Lee_Chapman,Corinne_Coman,Pascal_Quignard,Prince_Harry,Stellan_Skarsgard,Silvio_Berlusconi,Scott_McNealy,Stanley_McChrystal,Mathias_Reichhold,George_Roy_Hill,Bill_Parcells,Byron_Scott,Arnold_Palmer,Guillermo_Coria,Amanda_Coetzer,James_Kelly,Vaclav_Havel
probe/Ronald_Reagan/Ronald_Reagan_0002.jpg,Ronald_Reagan,1,1.0,0.7688928842544556,0.7688928842544556,Ronald_Reagan,Gray_Davis,James_Kelly,Michael_Kostelnik,Jean-David_Levitte,Joseph_Ralston,Paul_Bremer,Nicanor_Duarte_Frutos,Mario_Kreutzberger,Valery_Giscard_dEstaing,Alexander_Losyukov,Vaclav_Havel,Charlton_Heston,Bill_Gates,Marisa_Tomei,John_Manley,Jean-Claude_Braquet,Alberto_Ruiz_Gallardon,Peter_Harrison,Richard_Gephardt,Mack_Brown,Anders_Ebbeson,Gil_de_Ferran,Georgi_Parvanov,John_Allen_Muhammad,Dick_Clark,Tom_Craddick,Paul_McCartney,Jack_Straw,Gary_Forsee,Alexander_Rumyantsev,Bill_Frist,Robert_Stack,Nestor_Kirchner,Alec_Baldwin,Yevgeny_Kafelnikov,Trent_Lott,Kim_Dae-jung,Mark_Schweiker,Paul_McNulty,Bill_Parcells,Masum_Turker,Wesley_Clark,Bill_Simon,Roy_Williams,Heizo_Takenaka,Vincent_Brooks,Sam_Bith,Gary_Winnick,Marat_Safin
probe/Roy_Moore/Roy_Moore_0002.jpg,Roy_Moore,1,1.0,0.8397844433784485,0.8397844433784485,Roy_Moore,Chris_Cooper,Tom_Crean,Frank_Solich,Guido_Westerwelle,Dennis_Kucinich,Yao_Ming,George_Pataki,John_Jumper,Alastair_Campbell,Elizabeth_Smart,John_Brady,Gerry_Parsky,Robert_Zoellick,Alan_Mulally,Jose_Dirceu,James_Maguire,Jack_Grubman,Stellan_Skarsgard,Herb_Sendek,Sean_Astin,Ron_Dittemore,Harvey_Weinstein,Paul_McNulty,Jim_Harrick,Bill_Frist,Michael_Chiklis,Doug_Collins,Ron_Howard,Bill_Belichick,Tim_Floyd,Andrew_Cuomo,James_Kelly,Nick_Nolte,Todd_Haynes,Peter_Hillary,Julianne_Moore,Bruce_Van_De_Velde,Dai_Bachtiar,Angelo_Reyes,Mark_Geragos,Silvio_Berlusconi,Tom_Daschle,Lloyd_Ward,Larry_Bowa,Kiki_Vandeweghe,Hermann_Maier,Gregg_Popovich,Thomas_OBrien,Bill_Nelson
probe/Roy_Williams/Roy_Williams_0002.jpg,Roy_Williams,1,1.0,0.7402902841567993,0.7402902841567993,Roy_Williams,Frank_Solich,Thomas_Fargo,Vaclav_Havel,William_Ford_Jr,Ilan_Ramon,Howard_Dean,Alvaro_Uribe,John_Walsh,Bruce_Van_De_Velde,Colin_Powell,Bo_Ryan,Jorge_Batlle,John_McCormack,Pedro_Malan,William_Hochul,Silvio_Berlusconi,Mark_Warner,Bob_Beauprez,Asa_Hutchinson,Pascal_Quignard,Alan_Ball,Paul_Patton,Jose_Dirceu,Dave_Campo,Thomas_Birmingham,Richard_Sambrook,Roy_Moore,Billy_Sollie,Robert_Bonner,Paul_ONeill,Alexander_Losyukov,Alvaro_Noboa,Paul_Bremer,Johnny_Carson,Herb_Sendek,Dennis_Powell,Martha_Burk,Yevgeny_Kafelnikov,Lyle_Vanclief,Nick_Nolte,Roman_Polanski,Hipolito_Mejia,Jonathan_Mostow,Gary_Williams,John_Abizaid,Geoff_Hoon,Brian_Griese,Steven_Spielberg,Robert_DeFraites
probe/Ruben_Studdard/Ruben_Studdard_0002.jpg,Ruben_Studdard,1,1.0,0.9161385297775269,0.9161385297775269,Ruben_Studdard,Byron_Scott,Evander_Holyfield,Latrell_Sprewell,Joe_Dumars,Carmen_Electra,Vince_Carter,Chris_Rock,Chris_Tucker,Kirk_Johnson,Laila_Ali,Paul_Pierce,Serena_Williams,Emmit_Smith,Leonard_Hamilton,Jeffrey_Immelt,George_Foreman,George_Karl,Harry_Belafonte,Derek_Lowe,Chris_Byrd,Magui_Serna,Paul_Byrd,Vanessa_Incontrada,Andrei_Mikhnevich,Justin_Gatlin,Luciano_Pavarotti,Jason_Kidd,Colin_Jackson,Patrick_Ewing,Jesse_Jackson,Saeb_Erekat,Omar_Sharif,Intisar_Ajouri,James_Gandolfini,Martin_Brodeur,Grady_Irvin_Jr,Nia_Vardalos,Howard_Smith,James_Schultz,Jon_Gruden,John_McCallum,Eva_Dimas,Marcus_Gronholm,Charlie_Zaa,Jay_Garner,Doug_Duncan,Abdullah_al-Attiyah,Pamela_Anderson,Alexander_Losyukov
probe/Rupert_Grint/Rupert_Grint_0002.jpg,Rupert_Grint,1,1.0,0.9401704668998718,0.9401704668998718,Rupert_Grint,Elizabeth_Smart,Boris_Becker,Mary_Landrieu,Sean_Astin,George_Pataki,Michael_Chang,Rob_Schneider,Christopher_Walken,Ann_Veneman,Andrew_Bunner,Sheila_Copps,John_Manley,Todd_Haynes,Duane_Lee_Chapman,Jimmy_Carter,Jimmy_Kimmel,Kristanna_Loken,Andrew_Niccol,Scott_McNealy,Hillary_Clinton,Mary_Tyler_Moore,Julianne_Moore,Sally_Kirkland,James_Traficant,Mary-Kate_Olsen,Jeffrey_Scott_Postell,Inam-ul-Haq,Kim_Jin-sun,Angela_Lansbury,Kenneth_Branagh,Megawati_Sukarnoputri,Diane_Green,James_Kopp,Nelson_Mandela,Boris_Yeltsin,Mark_Dacey,Darren_Clarke,Yasser_Arafat,Edie_Falco,Angelo_Reyes,Lily_Tomlin,Jennifer_Aniston,Augusto_Pinochet,Annette_Lu,Alan_Mulally,Adrian_Nastase,Mariah_Carey,Sean_Patrick_OMalley,Georgi_Parvanov
probe/S_Jayakumar/S_Jayakumar_0002.jpg,S_Jayakumar,1,1.0,0.7445497512817383,0.7445497512817383,S_Jayakumar,Harry_Belafonte,John_McCallum,Abdullah_al-Attiyah,George_Tenet,GL_Peiris,Jesse_Jackson,Yasar_Yakis,Bijan_Namdar_Zangeneh,Jose_Serra,Leonard_Hamilton,Peter_Arnett,John_Spencer,Barry_Alvarez,Saeb_Erekat,Cruz_Bustamante,Anthony_Hopkins,Colin_Powell,Kalpana_Chawla,John_Rigas,Mark_Hamister,Lloyd_Ward,Ralph_Lauren,Reese_Witherspoon,OJ_Simpson,Omar_Sharif,Bo_Ryan,Joseph_Biden,James_Jones,Vince_Carter,Jeffrey_Immelt,Laila_Ali,Nelson_Mandela,Grady_Irvin_Jr,Jason_Kidd,Latrell_Sprewell,Denise_Johnson,Jorge_Batlle,Ruben_Studdard,Robert_Stack,Sourav_Ganguly,Joe_Dumars,Doug_Duncan,Frank_Griswold,Matt_Doherty,Frank_Stallone,Kenneth_Evans,Jeffrey_Archer,Lon_Kruger,John_Jumper
probe/Sachiko_Yamada/Sachiko_Yamada_0002.jpg,Sachiko_Yamada,1,1.0,0.8426872491836548,0.8426872491836548,Sachiko_Yamada,Hitomi_Soga,Lee_Tae-sik,Annette_Lu,Candie_Kung,Anna_Kournikova,Megawati_Sukarnoputri,Michael_Chang,Kim_Dae-jung,Alberto_Fujimori,Jennifer_Rodriguez,Lee_Hoi-chang,Hu_Jintao,Flor_Montulo,Antony_Leung,Meghann_Shaughnessy,Kwon_Yang-sook,Gloria_Macapagal_Arroyo,Natalie_Coughlin,Lee_Jun,Hamzah_Haz,Chung_Mong-joon,Carolina_Moraes,Lisa_Raymond,Iva_Majoli,Roy_Moore,Lisa_Ling,Princess_Aiko,Daniela_Hantuchova,Michelle_Yeoh,Kim_Ryong-sung,Kim_Jong-Il,Jennifer_Aniston,Taufik_Hidayat,Hayley_Tullett,Herb_Sendek,Zhang_Ziyi,Kim_Jin-sun,Martina_Hingis,Monica_Seles,Edward_Lu,Chang_Dae-whan,Richard_Krajicek,Freddy_Garcia,Chen_Liang_Yu,Juan_Pablo_Montoya,Conchita_Martinez,Oswaldo_Paya,Joe_Nichols,Hannah_Stockbauer
probe/Saddam_Hussein/Saddam_Hussein_0002.jpg,Saddam_Hussein,1,1.0,0.8910186290740967,0.8910186290740967,Saddam_Hussein,Vicente_Fernandez,Sam_Torrance,Dick_Clark,Abdullatif_Sener,Jose_Sarney,Kim_Dae-jung,Vaclav_Havel,Saparmurat_Niyazov,Robert_De_Niro,Hilmi_Ozkok,Asa_Hutchinson,Abdullah_Gul,Cruz_Bustamante,Fidel_Castro,Len_Jenoff,Joseph_Estrada,Jonathan_Mostow,Elsa_Zylberstein,Morgan_Freeman,Ibrahim_Jaafari,Johnson_Panjaitan,Edward_James_Olmos,Michel_Temer,Gerry_Adams,Heizo_Takenaka,Carson_Daly,Ismail_Merchant,Li_Peng,Xanana_Gusmao,Omar_Sharif,Elizabeth_Smart,Thabo_Mbeki,Kiki_Vandeweghe,Corinne_Coman,Paulo_Cesar_Pinheiro,Alexander_Losyukov,Pupi_Avati,Eduardo_Duhalde,John_McCormack,Robert_Kocharian,John_Banko,Pete_Sampras,Jean-David_Levitte,Robert_Mueller,Mario_Kreutzberger,Antonio_Banderas,Amram_Mitzna,Anibal_Ibarra,Patrick_Ewing
probe/Saeb_Erekat/Saeb_Erekat_0002.jpg,Saeb_Erekat,1,1.0,0.712017297744751,0.712017297744751,Saeb_Erekat,Mohammad_Khatami,Michael_Chiklis,Dick_Cheney,Len_Jenoff,Arye_Mekel,Jay_Rasulo,Bill_Graham,GL_Peiris,Paul_ONeill,Jimmy_Kimmel,Melanie_Griffith,Jeffrey_Archer,Dai_Bachtiar,John_Negroponte,Jean-Marc_de_La_Sabliere,Dalai_Lama,Eva_Dimas,Nasser_al-Kidwa,Carolyn_Dawn_Johnson,Matthew_Perry,Charlie_Zaa,Omar_Sharif,Frank_Griswold,Inam-ul-Haq,Slobodan_Milosevic,Goran_Persson,Harry_Belafonte,Vicente_Fernandez,Sean_Patrick_OMalley,Dino_de_Laurentis,George_Ryan,John_Blaney,Carlos_Mesa,Yasar_Yakis,Alicia_Silverstone,George_Karl,Harry_Schmidt,Thabo_Mbeki,Evander_Holyfield,Richie_Adubato,John_Reilly,Bob_Hope,Scott_Rudin,Reese_Witherspoon,Peter_Struck,John_McCallum,Paul_McCartney,James_Maguire,Cruz_Bustamante
probe/Sally_Kirkland/Sally_Kirkland_0002.jpg,Sally_Kirkland,1,1.0,0.8088909387588501,0.8088909387588501,Sally_Kirkland,Emma_Thompson,Patricia_Clarkson,Goldie_Hawn,Mary_Landrieu,Barbara_Walters,Jessica_Lange,Nelson_Mandela,Elizabeth_Dole,Cameron_Diaz,Hillary_Clinton,Anna_Kournikova,Blythe_Danner,Ozzy_Osbourne,Christine_Ebersole,Dwayne_Johnson,Julie_Taymor,Doris_Schroeder,Jimmy_Carter,Lynn_Abraham,Elizabeth_Smart,Augusto_Pinochet,Jeanne_Moreau,Kim_Ryong-sung,Gary_Winnick,Goh_Kun,Coretta_Scott_King,Martin_Scorsese,Daniela_Hantuchova,Fidel_Castro,Mary-Kate_Olsen,Richard_Krajicek,Lord_Hutton,Joseph_Biden,Christine_Gregoire,Kathleen_Kennedy_Townsend,John_Howard,Lana_Clarkson,Angela_Lansbury,Alison_Lohman,Lisa_Gottsegen,Marilyn_Monroe,Mary_Tyler_Moore,Yoko_Ono,Juan_Pablo_Montoya,Jennifer_Connelly,John_Rigas,Kim_Jong-Il,Pete_Sampras,Jose_Serra
probe/Sam_Bith/Sam_Bith_0002.jpg,Sam_Bith,1,1.0,0.9172545671463013,0.9172545671463013,Sam_Bith,Nelson_Mandela,Colin_Powell,Flor_Montulo,Thabo_Mbeki,Hamzah_Haz,Angelo_Reyes,Li_Peng,Wang_Yingfan,Dalai_Lama,Megawati_Sukarnoputri,Miguel_Contreras,Chok_Tong_Goh,George_Foreman,Hun_Sen,Michael_Kostelnik,Serena_Williams,Chakib_Khelil,Wesley_Clark,Arnold_Palmer,Jia_Qinglin,Roy_Williams,Venus_Williams,Charlton_Heston,Pedro_Malan,Justin_Gatlin,James_Kelly,GL_Peiris,Robert_DeFraites,Ali_Abbas,Tom_Daschle,Spencer_Abraham,Gloria_Macapagal_Arroyo,Johnson_Panjaitan,Shaukat_Aziz,Thaksin_Shinawatra,Yoko_Ono,Anna_Kournikova,Dick_Vermeil,Jong_Thae_Hwa,Mack_Brown,Trent_Lott,Lyle_Vanclief,Boris_Yeltsin,Kim_Dae-jung,Taufik_Hidayat,Coretta_Scott_King,Yukiko_Okudo,Zoran_Djindjic,Gary_Doer
probe/Sam_Torrance/Sam_Torrance_0002.jpg,Sam_Torrance,1,1.0,0.9502078294754028,0.9502078294754028,Sam_Torrance,Saddam_Hussein,Alexander_Losyukov,Vicente_Fernandez,Abdullatif_Sener,Omar_Sharif,Joe_Mantello,Gunter_Pleuger,Prince_Edward,John_Brady,James_McGreevey,Tamara_Brooks,Carlos_Ghosn,Jorge_Rodolfo_Canicoba_Corral,Kathryn_Bigelow,Joe_Torre,Alvaro_Uribe,Abdullah_al-Attiyah,Dan_Wheldon,Steven_Spielberg,Oswaldo_Paya,Eduardo_Duhalde,Fidel_Castro,John_Walsh,Paul_Bremer,Jose_Sarney,Bill_Graham,Garry_Trudeau,Vaclav_Havel,Martin_Scorsese,Robert_Kocharian,Carson_Daly,Pete_Sampras,Spencer_Abraham,Ismail_Merchant,Frances_Fisher,Luis_Horna,Kate_Capshaw,Asa_Hutchinson,Bashar_Assad,Silvia_Farina_Elia,Anders_Fogh_Rasmussen,Marc_Grossman,Mario_Cipollini,Laurent_Jalabert,Frank_Solich,Mark_Schweiker,Yevgeny_Kafelnikov,Matt_Doherty,Ilan_Ramon
probe/Sandra_Bullock/Sandra_Bullock_0002.jpg,Sandra_Bullock,1,1.0,0.8626049757003784,0.8626049757003784,Sandra_Bullock,Marisa_Tomei,Daisy_Fuentes,Mariangel_Ruiz_Torrealba,Fran_Drescher,Vanessa_Incontrada,Arianna_Huffington,Ron_Dittemore,Silvio_Berlusconi,Julianna_Margulies,Mack_Brown,Julie_Gerberding,John_Walsh,Martina_McBride,Saparmurat_Niyazov,Elisabeth_Schumacher,Howard_Smith,Brian_Griese,Martin_Scorsese,Sean_Astin,Lou_Piniella,Celine_Dion,Jose_Theodore,Gianna_Angelopoulos-Daskalaki,Augusto_Roa_Bastos,Bill_Simon,Chris_Cooper,Patrick_Leahy,Mario_Cipollini,Nia_Vardalos,Antonio_Banderas,Lee_Hoi-chang,Kiki_Vandeweghe,Brooke_Shields,James_Kelly,Ian_McKellen,Kim_Dae-jung,Manfred_Stolpe,Roy_Williams,Hipolito_Mejia,Adrian_McPherson,Jason_Kidd,George_Pataki,Boris_Yeltsin,Jennifer_Aniston,Bill_Nelson,Colin_Powell,Richard_Gephardt,Emma_Thompson,Alan_Mulally
probe/Saparmurat_Niyazov/Saparmurat_Niyazov_0002.jpg,Saparmurat_Niyazov,1,1.0,0.8911302089691162,0.8911302089691162,Saparmurat_Niyazov,Jia_Qinglin,Kim_Dae-jung,Heizo_Takenaka,Lee_Tae-sik,Thaksin_Shinawatra,Bill_Callahan,Li_Peng,Gary_Locke,Chang_Dae-whan,Pete_Sampras,Nicanor_Duarte_Frutos,Candie_Kung,Saddam_Hussein,Hu_Jintao,Jean-David_Levitte,Alberto_Fujimori,Thabo_Mbeki,Lee_Hoi-chang,Dick_Clark,Alimzhan_Tokhtakhounov,Kim_Ryong-sung,Gary_Winnick,George_Foreman,Hun_Sen,Ronald_Reagan,Oswaldo_Paya,Prince_Naruhito,Pete_Rose,Goh_Kun,Ben_Glisan,John_Walsh,Joseph_Ralston,Yoko_Ono,Lee_Jun,Eduardo_Duhalde,Simon_Cowell,Peter_Harrison,Lim_Dong-won,James_Kelly,Chung_Mong-hun,Ian_McKellen,Kim_Jin-sun,Paul_William_Hurley,Gary_Forsee,Anders_Fogh_Rasmussen,Johnson_Panjaitan,Trent_Lott,Eddy_Merckx,Gao_Qiang
probe/Sarah_Jessica_Parker/Sarah_Jessica_Parker_0002.jpg,Sarah_Jessica_Parker,1,1.0,0.7177760601043701,0.7177760601043701,Sarah_Jessica_Parker,Juanes,John_Ruiz,Ellen_DeGeneres,Charlotte_Rampling,Bertrand_Bonello,Alicia_Silverstone,Bridget_Fonda,Meryl_Streep,Lili_Taylor,Leslie_Ann_Woodward,Priscilla_Owen,James_Franco,David_Bell,Evan_Rachel_Wood,Reese_Witherspoon,Julianne_Moore,Paula_Radcliffe,Alec_Baldwin,Osama_bin_Laden,Lauren_Killian,Gillian_Anderson,Madonna,Orlando_Bloom,Penelope_Ann_Miller,Tammy_Lynn_Michaels,Trent_Lott,Anwar_Ibrahim,Art_Howe,Paul_ONeill,Carlos_Bianchi,Serena_Williams,Kate_Capshaw,Celine_Dion,Silvia_Farina_Elia,Gisele_Bundchen,Omar_Sharif,Nasser_al-Kidwa,Elsa_Zylberstein,Brian_Heidik,Gary_Carter,Rita_Wilson,Hannah_Stockbauer,Robert_De_Niro,Fabiola_Zuluaga,Johnny_Unitas,Gwendal_Peizerat,Alastair_Campbell,Charles_Kartman,Stacy_Dragila
probe/Scott_McClellan/Scott_McClellan_0002.jpg,Scott_McClellan,1,1.0,0.9543003439903259,0.9543003439903259,Scott_McClellan,Lindsay_Davenport,Pete_Sampras,Kevin_Spacey,Vidar_Helgesen,John_McEnroe,Nia_Vardalos,Cruz_Bustamante,Howard_Dean,Garry_Kasparov,Goran_Persson,Boris_Berezovsky,Slobodan_Milosevic,John_Cusack,Zhang_Ziyi,Lon_Kruger,Richard_Norton-Taylor,James_Schultz,Butch_Davis,Oscar_De_La_Hoya,Steve_Park,Eric_Rosser,Gil_de_Ferran,Ben_Curtis,Justine_Henin,John_McCormack,Matthew_Perry,Thomas_Birmingham,James_Gandolfini,Eduardo_Duhalde,Juan_Pablo_Montoya,Robert_Kocharian,Hans_Eichel,Job_Cohen,Jean-Sebastien_Giguere,Joe_Torre,Fayssal_Mekdad,Guy_Ritchie,Jason_Alexander,Jonathan_Mostow,Robert_Zoellick,Mitchell_Daniels,Martin_Brodeur,Stanley_Tong,Ashanti,Silvan_Shalom,Dick_Clark,Mathias_Reichhold,Pedro_Solbes,Frank_Dunham_Jr
probe/Scott_McNealy/Scott_McNealy_0002.jpg,Scott_McNealy,1,1.0,0.8327887058258057,0.8327887058258057,Scott_McNealy,Paul_McNulty,James_Kelly,John_Manley,Richard_Gephardt,Alan_Mulally,Prince_Willem-Alexander,Lyle_Vanclief,William_Ford_Jr,Joseph_Ralston,Roy_Moore,Richard_Sambrook,Paul_Bremer,Thomas_Fargo,James_Schultz,Brian_Griese,Steve_Spurrier,Aron_Ralston,Darren_Clarke,Jan_Ullrich,Lindsey_Graham,Julianne_Moore,Brian_Cowen,Ilan_Ramon,James_Kopp,Bill_Parcells,Bill_Simon,Lou_Piniella,Bill_Gates,Stanley_McChrystal,George_Robertson,Andrei_Mikhnevich,Robert_Zoellick,Nick_Nolte,Frank_Solich,Kiki_Vandeweghe,John_Snow,Bruce_Van_De_Velde,Gloria_Macapagal_Arroyo,Roy_Williams,Boris_Becker,Sean_Astin,Bill_Frist,Gray_Davis,Brad_Johnson,Jay_Garner,Howard_Smith,Mario_Dumont,Mack_Brown,Michael_Chang
probe/Scott_Rudin/Scott_Rudin_0002.jpg,Scott_Rudin,1,1.0,0.8950579166412354,0.8950579166412354,Scott_Rudin,Vidar_Helgesen,Jeffrey_Archer,John_Blaney,Carlos_Mesa,Janica_Kostelic,James_Cunningham,Mohammad_Khatami,Harvey_Weinstein,Sean_Patrick_OMalley,Jonathan_Mostow,Steven_Spielberg,Paul_Byrd,Imad_Moustapha,Juan_Pablo_Montoya,Jason_Alexander,Emmit_Smith,Matthew_Perry,Rick_Romley,George_Karl,Melanie_Griffith,Nora_Bendijo,Prince_Edward,John_Malkovich,Kieran_Prendergast,James_Gandolfini,Luciano_Pavarotti,Ali_Khamenei,Tom_Crean,Leander_Paes,Nia_Vardalos,Hassan_Nasrallah,Hitomi_Soga,Dave_Campo,Carla_Myers,Guido_Westerwelle,Sean_Astin,Benazir_Bhutto,Gordon_Campbell,Larry_Coker,Harry_Belafonte,Greg_Rusedski,James_Blake,Dennis_Kucinich,Mike_Holmgren,Len_Jenoff,Marcus_Gronholm,Julianne_Moore,Saeb_Erekat,Ann_Veneman
probe/Sean_Astin/Sean_Astin_0002.jpg,Sean_Astin,1,1.0,0.6743037700653076,0.6743037700653076,Sean_Astin,Oscar_De_La_Hoya,Justin_Leonard,Alejandro_Avila,Mike_Babcock,Jose_Theodore,Scott_Rudin,Jan_Ullrich,Brad_Johnson,Michael_J_Sheehan,Ricky_Ponting,Tom_Brady,James_Parker,Tim_Floyd,Zoran_Djindjic,Diane_Green,Herb_Sendek,Kirk_Johnson,Lindsey_Graham,Andy_Hebb,Jamie_Villafane,Prince_Edward,Mike_Miller,Felix_Mantilla,Howard_Smith,Steve_Park,Luke_Walton,Thabo_Mbeki,Aleksander_Kwasniewski,Pete_Sampras,Jeffrey_Scott_Postell,Greg_Rusedski,Adrian_Nastase,Jeremy_Shockey,Martin_Brodeur,Mike_Holmgren,Matthew_Perry,Yao_Ming,Mario_Dumont,Paul_McNulty,Benazir_Bhutto,Dale_Earnhardt_Jr,Natalie_Maines,David_Nalbandian,Greg_Ostertag,Carmen_Electra,Kiki_Vandeweghe,Kelli_White,Juan_Pablo_Montoya,Oswaldo_Paya
probe/Sean_Patrick_OMalley/Sean_Patrick_OMalley_0002.jpg,Sean_Patrick_OMalley,1,1.0,0.9298491477966309,0.9298491477966309,Sean_Patrick_OMalley,Yasser_Arafat,Inam-ul-Haq,Robin_Cook,Dino_de_Laurentis,Ali_Khamenei,Len_Jenoff,Kieran_Prendergast,Gerry_Adams,Peter_Struck,Juergen_Peters,Steven_Spielberg,Scott_Rudin,Alejandro_Atchugarry,Omar_Sharif,Osama_bin_Laden,Hassan_Nasrallah,Mohammad_Khatami,Saeb_Erekat,Pupi_Avati,Dick_Cheney,Miroljub,Francis_Ford_Coppola,Ian_Thorpe,Mike_Holmgren,Carlos_Mesa,John_Blaney,Julianne_Moore,Mitchell_Daniels,Charlotte_Rampling,Jorge_Batlle,Lech_Walesa,Robert_De_Niro,Marc_Grossman,Amram_Mitzna,Paul_ONeill,John_Negroponte,Fidel_Castro,Ibrahim_Jaafari,Bill_Graham,Paul_McCartney,Cruz_Bustamante,Ferenc_Madl,Luciano_Pavarotti,Charles_Schumer,Nelson_Mandela,Doris_Roberts,Jean-Marc_de_La_Sabliere,Slobodan_Milosevic,Benazir_Bhutto
probe/Sean_Penn/Sean_Penn_0002.jpg,Sean_Penn,1,1.0,0.9096386432647705,0.9096386432647705,Sean_Penn,Marc_Grossman,Luiz_Felipe_Scolari,Brad_Johnson,Mark_Geragos,Chris_Bell,Mikulas_Dzurinda,Kent_Rominger,David_Nalbandian,Luis_Figo,Alvaro_Noboa,Bernard_Lord,Greg_Owen,Larry_Ellison,Robert_Duvall,Bashar_Assad,Robbie_Fowler,Chuck_Amato,Hillary_Clinton,Elijah_Wood,Arianna_Huffington,Nestor_Kirchner,Aleksander_Kwasniewski,Kevin_Spacey,Arlen_Specter,Benjamin_Netanyahu,Jason_Lezak,Eunice_Barber,Edward_Said,Yevgeny_Kafelnikov,Mark_Hamister,Laurent_Jalabert,Paul_McCartney,Art_Hoffmann,Robert_De_Niro,Howard_Schultz,Leslie_Moonves,Damon_van_Dam,Pedro_Solbes,Butch_Davis,Andrew_Cuomo,Jim_Furyk,Paula_Radcliffe,Paul_ONeill,Eduardo_Duhalde,Geoff_Hoon,Patricia_Clarkson,Jeffrey_Scott_Postell,Freddy_Garcia,Zoran_Djindjic
probe/Serena_Williams/Serena_Williams_0002.jpg,Serena_Williams,1,1.0,0.9288491606712341,0.9288491606712341,Serena_Williams,Venus_Williams,Tamara_Brooks,Eunice_Barber,Dale_Earnhardt_Jr,Tyra_Banks,Jennifer_Thompson,Chanda_Rubin,Brad_Johnson,Kelli_White,George_Foreman,Nadia_Petrova,Laila_Ali,Lindsay_Benko,Thabo_Mbeki,Jada_Pinkett_Smith,David_Nalbandian,Doug_Duncan,Patti_Labelle,Patty_Schnyder,Yevgeny_Kafelnikov,Peter_Bacanovic,Mike_Tyson,Gro_Harlem_Brundtland,Helen_Clark,Anna_Kournikova,Laurent_Gbagbo,Joseph_Deiss,Jeremy_Shockey,Bill_Simon,Jon_Gruden,Jennifer_Rodriguez,Marcelo_Salas,Ashanti,Kirk_Johnson,Judi_Dench,Gwendal_Peizerat,Damon_van_Dam,Sue_Wicks,Blythe_Hartley,Lindsay_Davenport,Tom_Crean,Carol_Moseley_Braun,Jan_Ullrich,Justin_Gatlin,Vince_Carter,Eve_Pelletier,Monica_Seles,Hannah_Stockbauer,Paula_Radcliffe
probe/Shannon_OBrien/Shannon_OBrien_0002.jpg,Shannon_OBrien,1,1.0,0.6775522232055664,0.6775522232055664,Shannon_OBrien,Paula_Radcliffe,Kathleen_Glynn,Lindsay_Davenport,Julie_Gerberding,Sheila_Copps,Ellen_Engleman,Alice_Fisher,Ann_Veneman,Lea_Fastow,Hillary_Clinton,Jean_Carnahan,Carolyn_Dawn_Johnson,Jennifer_Thompson,Valerie_Harper,Debra_Brown,Rob_Schneider,Julianne_Moore,Nadia_Petrova,Margaret_Thatcher,Iva_Majoli,Jennifer_Rodriguez,Meryl_Streep,Sean_Penn,Serena_Williams,Hayley_Tullett,Eve_Pelletier,Sue_Wicks,Maria_Luisa_Mendonca,Goldie_Hawn,Robin_McLaurin_Williams,Gro_Harlem_Brundtland,Anneli_Jaatteenmaki,Lynne_Cheney,Jennifer_Aniston,Edie_Falco,Karin_Stoiber,Angelo_Reyes,Jean_Brumley,Nia_Vardalos,Hannah_Stockbauer,Abdullah,Chris_Cooper,Tyra_Banks,Helen_Clark,Angela_Lansbury,Penelope_Ann_Miller,Patricia_Clarkson,Rick_Romley,Jodie_Foster
probe/Sharon_Frey/Sharon_Frey_0002.jpg,Sharon_Frey,1,1.0,0.8487911224365234,0.8487911224365234,Sharon_Frey,Richard_Sambrook,Jan_Ullrich,Christine_Gregoire,Tom_Crean,Guillermo_Coria,Julie_Gerberding,Lindsay_Benko,Lindsay_Davenport,Queen_Beatrix,John_Jumper,Hanan_Ashrawi,Blythe_Hartley,Bill_Frist,Coretta_Scott_King,Geraldine_Chaplin,Judy_Genshaft,Jennifer_Thompson,Silvio_Berlusconi,Elisabeth_Schumacher,Kate_Capshaw,Ilan_Ramon,Ann_Veneman,John_McEnroe,Mike_Miller,Hayley_Tullett,Robert_Zoellick,Bob_Hope,Helen_Clark,Maggie_Smith,Mark_Dacey,Carla_Myers,Stacy_Dragila,Patty_Schnyder,Nadia_Petrova,Hipolito_Mejia,James_Cunningham,Doug_Duncan,Jorge_Arce,Rupert_Grint,Lon_Kruger,LeAnn_Rimes,Carol_Burnett,Justin_Guarini,James_Schultz,George_Karl,Bill_Gates,Frances_Fisher,Jose_Manuel_Durao_Barroso,Jane_Kaczmarek
probe/Shaukat_Aziz/Shaukat_Aziz_0002.jpg,Shaukat_Aziz,1,1.0,0.8395742177963257,0.8395742177963257,Shaukat_Aziz,George_Tenet,Abdullah_al-Attiyah,Spencer_Abraham,Wang_Yingfan,Jonathan_Edwards,Masum_Turker,Benjamin_Netanyahu,David_Wolf,Rolf_Eckrodt,GL_Peiris,Gary_Williams,Andy_Hebb,Dalai_Lama,Adrian_Nastase,Charles_Kartman,Zoran_Djindjic,Ahmet_Necdet_Sezer,Carlo_Ancelotti,John_Rosa,Mark_Hamister,Xanana_Gusmao,Iain_Duncan_Smith,Hun_Sen,Ernesto_Zedillo,Saeb_Erekat,Aleksander_Kwasniewski,Darren_Clarke,Miguel_Contreras,Michael_Douglas,Jean-David_Levitte,Jean-Claude_Trichet,Paul_ONeill,Abdullah_Gul,Tom_Craddick,John_Abizaid,George_Lopez,Li_Peng,Jose_Mourinho,Nicanor_Duarte_Frutos,Kim_Ryong-sung,Vincent_Brooks,Anthony_Fauci,Megawati_Sukarnoputri,Aldo_Paredes,Gary_Doer,Hu_Jintao,Anwar_Ibrahim,Angelo_Reyes,Greg_Ostertag
probe/Sheila_Copps/Sheila_Copps_0002.jpg,Sheila_Copps,1,1.0,0.8679623603820801,0.8679623603820801,Sheila_Copps,Ann_Veneman,Jean_Brumley,Elinor_Caplan,Helen_Clark,Jolanta_Kwasniewski,Brad_Johnson,Elizabeth_Dole,Sharon_Frey,Lindsay_Davenport,Arianna_Huffington,Kathleen_Kennedy_Townsend,Serena_Williams,Jose_Manuel_Durao_Barroso,Shannon_OBrien,Angela_Lansbury,Christine_Ebersole,Jean_Carnahan,Megawati_Sukarnoputri,Liza_Minnelli,Lea_Fastow,Gloria_Macapagal_Arroyo,Tyra_Banks,Hanan_Ashrawi,Judy_Genshaft,Claire_Leger,Alastair_Campbell,Paula_Radcliffe,Nicanor_Duarte_Frutos,Elisabeth_Schumacher,Lynne_Cheney,Celine_Dion,Juanes,Boris_Yeltsin,Mikhail_Youzhny,Mike_Babcock,Herta_Daeubler-Gmelin,Susan_Collins,Martha_Burk,Diane_Green,Judi_Dench,Andy_Hebb,Nancy_Pelosi,Leland_Chapman,Princess_Aiko,Patti_Labelle,Hayley_Tullett,Hillary_Clinton,George_Pataki,Queen_Beatrix
probe/Sheila_Wellstone/Sheila_Wellstone_0002.jpg,Sheila_Wellstone,1,1.0,0.7462696433067322,0.7462696433067322,Sheila_Wellstone,Kathleen_Glynn,Nancy_Pelosi,Jean_Carnahan,Ozzy_Osbourne,Dorthy_Moxley,Christine_Gregoire,Madonna,Marie-Reine_Le_Gougne,Robin_Cook,Mohamed_Benaissa,Marilyn_Monroe,Stanley_McChrystal,Doris_Roberts,Fred_Eckhard,Sally_Kirkland,Benazir_Bhutto,Isabelle_Huppert,Christopher_Walken,Gregory_Geoffroy,Kent_Rominger,Amanda_Coetzer,Queen_Beatrix,Jo_Dee_Messina,Al_Davis,John_Malkovich,Judy_Genshaft,Rolf_Eckrodt,Julianne_Moore,Lord_Hutton,Melanie_Griffith,Steven_Spielberg,Arlen_Specter,Hillary_Clinton,Tom_Daschle,Martha_Burk,Meryl_Streep,Sean_Patrick_OMalley,Michael_Phelps,Patricia_Clarkson,Raquel_Welch,Jane_Pauley,Jean_Brumley,Ali_Khamenei,Doris_Schroeder,Lynn_Abraham,Mathias_Reichhold,Julie_Taymor,Dolly_Parton,Lisa_Gottsegen
probe/Silvan_Shalom/Silvan_Shalom_0002.jpg,Silvan_Shalom,1,1.0,0.844507098197937,0.844507098197937,Silvan_Shalom,Silvio_Berlusconi,Jose_Dirceu,Spencer_Abraham,Emile_Lahoud,Larry_Lucchino,Imad_Moustapha,Nia_Vardalos,Jonathan_Mostow,Robert_Kocharian,Carlos_Ghosn,Herb_Sendek,Hipolito_Mejia,Alexander_Losyukov,William_Martin,Pat_Cox,Boris_Berezovsky,Colin_Powell,Silvia_Farina_Elia,Brian_Cowen,Alan_Ball,Gabriel_Valdes,Larry_Brown,John_Howard,Albrecht_Mentz,Job_Cohen,Tom_Craddick,Fayssal_Mekdad,Scott_Rudin,John_Negroponte,Jay_Rasulo,Jeffrey_Archer,Lino_Oviedo,Jane_Pauley,Mariah_Carey,Ilan_Ramon,Vaclav_Havel,Julie_Gerberding,Jean-David_Levitte,Howard_Dean,Ann_Veneman,Guillermo_Ortiz,Michel_Temer,Hilmi_Ozkok,Kevin_Spacey,Joe_Mantello,Nicolas_Lapentti,Lim_Dong-won,Igor_Ivanov,Marcelo_Salas
probe/Silvia_Farina_Elia/Silvia_Farina_Elia_0002.jpg,Silvia_Farina_Elia,1,1.0,0.8143860697746277,0.8143860697746277,Silvia_Farina_Elia,Rita_Wilson,Meghann_Shaughnessy,Jennifer_Aniston,Blythe_Hartley,Stacy_Dragila,Martha_Bowen,Magui_Serna,Julie_Gerberding,Intisar_Ajouri,Marlene_Weingartner,Cathy_Freeman,Hayley_Tullett,Herb_Sendek,Diana_Taurasi,Vanessa_Incontrada,Lili_Taylor,Lindsay_Davenport,Eduardo_Duhalde,Amanda_Beard,Natalie_Coughlin,Phil_Vassar,Ann_Veneman,Jane_Kaczmarek,David_Nalbandian,Nadia_Petrova,Claire_Hentzen,Arantxa_Sanchez-Vicario,Mohammad_Khatami,Ilan_Ramon,Fabiola_Zuluaga,Alexandra_Stevenson,Martina_Hingis,Hanan_Ashrawi,Jorge_Rodolfo_Canicoba_Corral,Martha_Beatriz_Roque,Conchita_Martinez,Jennifer_Thompson,Biljana_Plavsic,Elizabeth_Smart,Eve_Pelletier,Tomoko_Hagiwara,Ellen_DeGeneres,Emmanuelle_Beart,Elin_Nordegren,Jacqueline_Obradors,Carolina_Moraes,Osama_bin_Laden,Ellen_Engleman,Prince_Edward
probe/Silvio_Berlusconi/Silvio_Berlusconi_0002.jpg,Silvio_Berlusconi,1,1.0,0.8679268956184387,0.8679268956184387,Silvio_Berlusconi,Pat_Cox,Herb_Sendek,Larry_Brown,Emile_Lahoud,Roy_Moore,Larry_Lucchino,Silvan_Shalom,Hipolito_Mejia,Pete_Sampras,Roy_Williams,Paul_Patton,Lino_Oviedo,Pascal_Lamy,Geraldine_Chaplin,Johnny_Carson,Thomas_OBrien,Vaclav_Havel,Valery_Giscard_dEstaing,Tom_Crean,John_Howard,John_Snow,Adolfo_Rodriguez_Saa,Alvaro_Noboa,Frank_Solich,David_Heymann,Andrew_Cuomo,Igor_Ivanov,David_Dodge,Justin_Leonard,Gil_de_Ferran,Alan_Ball,Julie_Taymor,Nestor_Kirchner,Leon_LaPorte,Vladimir_Putin,Jason_Lezak,Coretta_Scott_King,David_Myers,Jorge_Batlle,Rita_Wilson,Boris_Berezovsky,John_McEnroe,Carlos_Ghosn,Frank_Lautenberg,William_Martin,Larry_Coker,Pedro_Malan,Jose_Dirceu,Ilan_Ramon
probe/Simon_Cowell/Simon_Cowell_0002.jpg,Simon_Cowell,1,1.0,0.7870074510574341,0.7870074510574341,Simon_Cowell,Gary_Forsee,Arianna_Huffington,John_F_Kennedy_Jr,Brian_Griese,Alberto_Ruiz_Gallardon,George_Robertson,Yevgeny_Kafelnikov,Martha_Burk,Ronald_Reagan,Mike_Babcock,Venus_Williams,Oswaldo_Paya,John_Allen_Muhammad,David_Heymann,Jean-Claude_Braquet,Kiki_Vandeweghe,Ashanti,Gray_Davis,Margaret_Thatcher,James_Kelly,Prince_Willem-Alexander,Steve_Spurrier,Olesya_Bonabarenko,Candie_Kung,Dale_Earnhardt_Jr,Joan_Claybrook,John_Walsh,Marcelo_Salas,Luis_Figo,Greg_Owen,Christian_Wulff,Helen_Clark,Frank_Dunham_Jr,Bob_Hope,Kathy_Winters,George_Lopez,Gerry_Adams,Ben_Curtis,Bill_Callahan,Gary_Bergeron,Jean-David_Levitte,Padraig_Harrington,Mario_Dumont,Michael_Phelps,Dick_Clark,Antonio_Banderas,Dennis_Kucinich,Peter_Bacanovic,Barry_Zito
probe/Slobodan_Milosevic/Slobodan_Milosevic_0002.jpg,Slobodan_Milosevic,1,1.0,0.944324254989624,0.944324254989624,Slobodan_Milosevic,Richard_Norton-Taylor,Mike_Holmgren,Rick_Romley,Iain_Duncan_Smith,Jay_Rasulo,Yasar_Yakis,George_Karl,Robert_Bonner,Jerry_Falwell,Lou_Piniella,Paul_ONeill,Manfred_Stolpe,Geoff_Hoon,Howard_Smith,Adrian_Nastase,Barry_Alvarez,Larry_Lucchino,Igor_Ivanov,Bill_Graham,Butch_Davis,LeBron_James,James_Schultz,Robert_Zoellick,Scott_McClellan,Dick_Cheney,George_Foreman,James_Cunningham,Luiz_Felipe_Scolari,Lindsay_Davenport,Peter_Arnett,Aleksander_Kwasniewski,Bernard_Landry,Gary_Winnick,Steve_Park,Goran_Persson,Vidar_Helgesen,Blythe_Hartley,Jason_Alexander,Brad_Johnson,Kevin_Spacey,John_Snow,Larry_Lindsey,William_Martin,Howard_Dean,Charles_Schumer,George_Ryan,James_Morris,Pascal_Lamy,Saeb_Erekat
probe/Sophia_Loren/Sophia_Loren_0002.jpg,Sophia_Loren,1,1.0,0.9211897253990173,0.9211897253990173,Sophia_Loren,Goldie_Hawn,Rita_Moreno,Raquel_Welch,Laura_Hernandez,Carlos_Ghosn,Kathryn_Bigelow,Barbara_Walters,Frances_Fisher,Donatella_Versace,Pete_Sampras,Nancy_Pelosi,George_P_Bush,Ernesto_Zedillo,Spencer_Abraham,Brigitte_Boisselier,Doug_Duncan,Bud_Selig,Joseph_Estrada,Cindy_Margolis,Fidel_Castro,Maria_Luisa_Mendonca,Vitali_Klitschko,Yoko_Ono,Felix_Mantilla,Corinne_Coman,Geraldine_Chaplin,Dolly_Parton,Luis_Horna,Hanan_Ashrawi,Julie_Gerberding,Robert_Mugabe,David_Nalbandian,Jodie_Foster,Patti_Labelle,Thabo_Mbeki,Elizabeth_Taylor,Katie_Harman,Julianne_Moore,Jean-David_Levitte,Richard_Branson,Abdullah_al-Attiyah,Allison_Janney,Martha_Beatriz_Roque,Tony_Bennett,Mariangel_Ruiz_Torrealba,Vincent_Brooks,Olesya_Bonabarenko,Francis_Ford_Coppola,Hichiro_Naemura
probe/Sourav_Ganguly/Sourav_Ganguly_0002.jpg,Sourav_Ganguly,1,1.0,0.7081680297851562,0.7081680297851562,Sourav_Ganguly,Harbhajan_Singh,Yao_Ming,Freddy_Garcia,Juan_Pablo_Montoya,Anna_Kournikova,Mike_Weir,Manuel_Poggiali,Marco_Antonio_Barrera,Jennifer_Rodriguez,Nicolas_Lapentti,Adam_Scott,Vincent_Brooks,Greg_Owen,Goldie_Hawn,Dwayne_Johnson,Larry_Johnson,Jamling_Norgay,Bernardo_Segura,Nia_Vardalos,Joe_Dumars,Candie_Kung,Nadia_Petrova,Derek_Lowe,Dexter_Jackson,Michel_Temer,Olivia_Newton-John,Leander_Paes,Albert_Costa,Prince_Naruhito,Harry_Belafonte,Christina_Aguilera,Hassan_Nasrallah,Patricia_Clarkson,Gerardo_Gambala,George_Ryan,Ken_Watanabe,Donatella_Versace,Edward_Lu,Jennifer_Lopez,Augustin_Calleri,Johnson_Panjaitan,Johnny_Depp,Osama_bin_Laden,Lee_Tae-sik,GL_Peiris,Marwan_Barghouthi,Megawati_Sukarnoputri,Ali_Abbas,Taufik_Hidayat
probe/Spencer_Abraham/Spencer_Abraham_0002.jpg,Spencer_Abraham,1,1.0,0.9465285539627075,0.9465285539627075,Spencer_Abraham,Abdullah_al-Attiyah,Cindy_Margolis,Juan_Pablo_Montoya,Mark_Heller,Bob_Hope,Andy_Hebb,Alberto_Ruiz_Gallardon,Mariangel_Ruiz_Torrealba,Carlos_Ghosn,Adrian_Nastase,Gabriel_Valdes,Leander_Paes,David_Wolf,Jose_Dirceu,George_P_Bush,John_Rosa,Mario_Kreutzberger,Darren_Clarke,Charlie_Zaa,Arye_Mekel,Hu_Jintao,Mikhail_Kasyanov,Ernesto_Zedillo,Nia_Vardalos,Jack_Grubman,Natalie_Maines,Joseph_Estrada,Munir_Akram,Richard_Sambrook,Jason_Alexander,Kim_Dae-jung,Tom_Daschle,Cruz_Bustamante,Pete_Sampras,Dave_Campo,Mike_Miller,Julie_Gerberding,Ilan_Ramon,Federico_Trillo,Mark_Schweiker,Ali_Abbas,Abel_Pacheco,Masum_Turker,Oswaldo_Paya,Andrew_Cuomo,Nadia_Petrova,Elin_Nordegren,Angelo_Reyes,Joe_Mantello
probe/Stacy_Dragila/Stacy_Dragila_0002.jpg,Stacy_Dragila,1,1.0,0.8468160033226013,0.8468160033226013,Stacy_Dragila,Fabiola_Zuluaga,Emily_Robison,Gwendal_Peizerat,Joe_Nichols,Jennifer_Thompson,Monica_Seles,Sarah_Jessica_Parker,Meghann_Shaughnessy,Silvia_Farina_Elia,Bill_Graham,Manuel_Poggiali,Emanuel_Ginobili,Eve_Pelletier,Jennifer_Aniston,Martha_Bowen,Jerry_Falwell,Vanessa_Incontrada,Prince_Harry,Guillermo_Coria,Lindsay_Benko,Magui_Serna,Conchita_Martinez,Marlene_Weingartner,Anna_Kournikova,Venus_Williams,Ron_Dittemore,Iban_Mayo,David_Bell,David_Coulthard,Julie_Gerberding,Dalai_Lama,Gary_Carter,Edward_Lu,Bode_Miller,Bridget_Fonda,Janica_Kostelic,Emma_Thompson,Geoff_Hoon,Elsa_Zylberstein,Barbra_Streisand,Marco_Antonio_Barrera,Kim_Ryong-sung,Hanan_Ashrawi,Arantxa_Sanchez-Vicario,Claire_Hentzen,Lili_Taylor,Leslie_Ann_Woodward,Lisa_Raymond,Janet_Thorpe
probe/Stanley_McChrystal/Stanley_McChrystal_0002.jpg,Stanley_McChrystal,1,1.0,0.8012257814407349,0.8012257814407349,Stanley_McChrystal,Ricky_Barnes,Doug_Collins,Peter_Hillary,Ron_Dittemore,Roy_Williams,Trent_Lott,Roy_Moore,Bill_Parcells,Nick_Nolte,Yao_Ming,Kiki_Vandeweghe,Camilla_Parker_Bowles,James_Kelly,David_Nalbandian,Joe_Calzaghe,Harry_Schmidt,Jason_Kidd,Mark_Warner,Bill_Frist,Tom_Daschle,Bruce_Van_De_Velde,Hermann_Maier,Leslie_Moonves,Johnny_Unitas,Prince_Harry,Richard_Krajicek,Gregg_Popovich,Dennis_Powell,Fred_Eckhard,Zoran_Djindjic,Scott_McNealy,Elizabeth_Smart,Frank_Solich,Guy_Ritchie,Luis_Figo,Jan_Ullrich,Alex_Barros,Gary_Williams,Alan_Mulally,John_Abizaid,Christian_Wulff,Paul_Bremer,Yevgeny_Kafelnikov,Jim_Harrick,Jack_Grubman,John_Malkovich,Jack_Straw,LeBron_James,Boris_Becker
probe/Stanley_Tong/Stanley_Tong_0002.jpg,Stanley_Tong,1,1.0,0.8693082332611084,0.8693082332611084,Stanley_Tong,Jackie_Chan,Kim_Ryong-sung,Tom_Cruise,Michael_Chang,Lee_Hoi-chang,Prince_Naruhito,Edward_Lu,Thaksin_Shinawatra,Taufik_Hidayat,Hideki_Matsui,Lim_Dong-won,Sachiko_Yamada,Takashi_Sorimachi,Antony_Leung,Candie_Kung,Hu_Jintao,Gary_Locke,Li_Peng,Megawati_Sukarnoputri,Ken_Watanabe,Chung_Mong-joon,Kim_Dae-jung,Kim_Jin-sun,Yao_Ming,Kim_Jong-Il,Heizo_Takenaka,Rob_Schneider,Chung_Mong-hun,Johnson_Panjaitan,Kosuke_Kitajima,George_Lopez,Pedro_Malan,Alimzhan_Tokhtakhounov,Gerardo_Gambala,Hun_Sen,Liu_Mingkang,Chang_Dae-whan,Gao_Qiang,Jong_Thae_Hwa,Goh_Kun,Roy_Moore,Hichiro_Naemura,Larry_Lucchino,Michelle_Yeoh,Yukiko_Okudo,Hisao_Oguchi,Jia_Qinglin,Penelope_Ann_Miller,Bob_Hope
probe/Stellan_Skarsgard/Stellan_Skarsgard_0002.jpg,Stellan_Skarsgard,1,1.0,0.9189815521240234,0.9189815521240234,Stellan_Skarsgard,Richard_Norton-Taylor,David_Trimble,Charles_Grassley,George_Pataki,Mark_Geragos,Jeffrey_Jones,Gunter_Pleuger,John_Banko,Alastair_Campbell,George_Roy_Hill,Guido_Westerwelle,Roy_Moore,Roman_Polanski,Aleksander_Kwasniewski,Joseph_Deiss,Vladimir_Putin,Geoff_Hoon,Damon_van_Dam,Frank_Cassell,Thomas_OBrien,Michael_Chiklis,Robin_McLaurin_Williams,Ilan_Ramon,Alvaro_Noboa,Tim_Floyd,Jay_Garner,Arlen_Specter,Jose_Dirceu,Fred_Eckhard,Dennis_Kozlowski,Pedro_Malan,Mike_Holmgren,Jose_Manuel_Durao_Barroso,Robert_Zoellick,Frank_Solich,George_Robertson,Patrice_Chereau,Chris_Cooper,Guy_Hemmings,Larry_Coker,James_Schultz,Richard_Gephardt,James_Maguire,Mikhail_Kasyanov,Bill_Graham,Tom_Crean,David_Nalbandian,Bill_Sizemore,Kent_Rominger
probe/Stephen_Friedman/Stephen_Friedman_0002.jpg,Stephen_Friedman,1,1.0,0.6510177850723267,0.6510177850723267,Stephen_Friedman,John_Snow,John_Spencer,Costas_Simitis,Bill_Graham,Warren_Beatty,John_Malkovich,Leszek_Miller,Bob_Hope,Peter_Hillary,Jose_Serra,Frank_Griswold,Robert_Duvall,Klaus_Zwickel,Yasser_Arafat,John_McCallum,Peter_Struck,Mike_Price,Lon_Kruger,Pete_Rose,Charlton_Heston,Joseph_Biden,Omar_Sharif,Nick_Nolte,Dick_Cheney,Paul_Patton,Madonna,Art_Howe,Paul_ONeill,Carlos_Bianchi,Tom_Daschle,Doug_Collins,Frank_Lautenberg,Jean-Marc_de_La_Sabliere,Richard_Shelby,Len_Jenoff,Ibrahim_Jaafari,Arlen_Specter,George_Voinovich,Anibal_Ibarra,Gustavo_Kuerten,Jeffrey_Archer,Larry_Brown,Fidel_Castro,Pete_Sampras,Donald_Evans,Nabil_Shaath,Mel_Brooks,Peter_Arnett,Carl_Reiner
probe/Steve_Park/Steve_Park_0002.jpg,Steve_Park,1,1.0,0.7728297710418701,0.7728297710418701,Steve_Park,Jason_Lezak,Ricky_Ponting,Leland_Chapman,Aitor_Gonzalez,Kenneth_Branagh,Lou_Piniella,Antonio_Banderas,Dale_Earnhardt_Jr,Ben_Glisan,George_Lopez,Jim_Carrey,Darrell_Porter,Bruce_Van_De_Velde,Justin_Gatlin,Jason_Jennings,David_Kelley,Harry_Schmidt,Gil_de_Ferran,Johnson_Panjaitan,Elsa_Zylberstein,Colin_Powell,Gary_Doer,Robert_Zoellick,Barry_Zito,Slobodan_Milosevic,Tyler_Hamilton,Lindsay_Davenport,Scott_McClellan,Greg_Owen,Bob_Colvin,Juanes,Mario_Dumont,Justin_Leonard,Julie_Gerberding,Kiki_Vandeweghe,Arantxa_Sanchez-Vicario,James_Parker,Marat_Safin,Daniela_Hantuchova,Paul_McNulty,Peter_Bacanovic,Luke_Walton,Marcelo_Salas,Brian_Wells,Harvey_Weinstein,James_Kelly,Joe_Gatti,Alex_Penelas,Mikhail_Youzhny
probe/Steve_Spurrier/Steve_Spurrier_0002.jpg,Steve_Spurrier,1,1.0,0.6755403280258179,0.6755403280258179,Steve_Spurrier,Bill_Sizemore,Jim_Furyk,Ilan_Ramon,Bill_Frist,Brad_Johnson,Gerry_Parsky,David_Trimble,Mike_Babcock,Bill_Gates,John_Garamendi,David_Nalbandian,Hashim_Thaci,Paul_Bremer,Bill_Callahan,Georgi_Parvanov,Greg_Owen,Alejandro_Toledo,Hal_Sutton,Christopher_Walken,Bill_Simon,Rich_Gannon,Andy_Hebb,Michael_Chang,John_Rosa,Damon_van_Dam,Jason_Lezak,Matthew_Perry,William_Ford_Jr,Boris_Becker,Vaclav_Havel,Kent_Rominger,Justin_Leonard,Roman_Polanski,Jan_Ullrich,Steve_Waugh,Yevgeny_Kafelnikov,Edward_Said,Prince_Harry,Paul_McNulty,Alastair_Campbell,Richard_Sambrook,Nancy_Pelosi,Kurt_Busch,Tim_Floyd,Geoff_Hoon,Tony_Bennett,Lee_Tae-sik,Guillermo_Coria,Derek_Lowe
probe/Steve_Waugh/Steve_Waugh_0002.jpg,Steve_Waugh,50,0.02,0.4810466766357422,0.30113857984542847,John_Wolf,Mario_Cipollini,David_Spade,David_Heyman,Marc_Grossman,Roman_Polanski,George_Roy_Hill,Joerg_Haider,Yevgeny_Kafelnikov,Frank_Solich,Igor_Ivanov,Mathias_Reichhold,Richard_Crenna,Tom_Crean,Art_Howe,Judy_Genshaft,Jorge_Rodolfo_Canicoba_Corral,Alvaro_Uribe,Nick_Nolte,Silvio_Berlusconi,Alvaro_Noboa,John_Brady,Alan_Ball,Jonathan_Mostow,Gerry_Parsky,Alastair_Campbell,Boris_Becker,George_Voinovich,George_Pataki,Guy_Hemmings,James_Gandolfini,Jodie_Foster,Jeffrey_Jones,Ilan_Ramon,Martin_Verkerk,Jose_Manuel_Durao_Barroso,Pedro_Malan,Pamela_Anderson,Michael_Chiklis,Hector_Babenco,Geraldine_Chaplin,Chris_Cooper,Thierry_Falise,Dennis_Kucinich,Greg_Rusedski,David_Trimble,Todd_Haynes,James_Cunningham,Martina_McBride,Steve_Waugh
probe/Steven_Spielberg/Steven_Spielberg_0002.jpg,Steven_Spielberg,1,1.0,0.8658803105354309,0.8658803105354309,Steven_Spielberg,John_Rowland,Bobby_Goldwater,Bill_Graham,Alvaro_Uribe,John_Blaney,James_Gandolfini,James_Smith,Jonathan_Mostow,Geoff_Hoon,Mohammad_Khatami,Robin_Cook,Jorge_Rodolfo_Canicoba_Corral,Jay_Garner,Gunter_Pleuger,John_Banko,Juergen_Peters,Gerry_Adams,Scott_Rudin,David_Dodge,Kieran_Prendergast,David_Myers,Lynn_Abraham,Omar_Sharif,Jean-Claude_Juncker,Roman_Polanski,Marc_Grossman,Fidel_Castro,Roy_Williams,Joseph_Deiss,Jeffrey_Archer,Stellan_Skarsgard,Larry_Brown,John_Negroponte,Dick_Cheney,Jerry_Falwell,Nick_Nolte,Paul_ONeill,Sam_Torrance,Sean_Patrick_OMalley,Camilla_Parker_Bowles,Robin_McLaurin_Williams,Arlen_Specter,Carlos_Mesa,Guy_Hemmings,Dave_Campo,Thabo_Mbeki,John_Malkovich,Fayssal_Mekdad,Frank_Cassell
probe/Stockard_Channing/Stockard_Channing_0002.jpg,Stockard_Channing,1,1.0,0.8114818334579468,0.8114818334579468,Stockard_Channing,Liza_Minnelli,Jolanta_Kwasniewski,Isabelle_Huppert,Jason_Kidd,Charlotte_Rampling,Goldie_Hawn,Emmit_Smith,Lea_Fastow,Madonna,James_Blake,Vanessa_Williams,Edie_Falco,Sheila_Copps,Gerard_Depardieu,John_Allen_Muhammad,Martina_McBride,Kenneth_Evans,Ellen_Engleman,Chita_Rivera,Evan_Rachel_Wood,Jodie_Foster,Jane_Kaczmarek,Barbara_Walters,Jennifer_Connelly,Christine_Ebersole,Arianna_Huffington,Eva_Dimas,Nicanor_Duarte_Frutos,John_Howard,Benazir_Bhutto,Scott_McClellan,Kathleen_Kennedy_Townsend,Mitchell_Daniels,Paul_McCartney,Marina_Anissina,Zhang_Ziyi,Jose_Manuel_Durao_Barroso,Jacqueline_Obradors,Kristin_Davis,Lisa_Gottsegen,Mohammad_Khatami,Kristanna_Loken,Nancy_Pelosi,Priscilla_Owen,Yukiko_Okudo,Valerie_Harper,Michelle_Yeoh,Kalpana_Chawla,Priscilla_Presley
probe/Sue_Wicks/Sue_Wicks_0002.jpg,Sue_Wicks,1,1.0,0.761660099029541,0.761660099029541,Sue_Wicks,Dale_Earnhardt_Jr,Serena_Williams,Nadia_Petrova,Julie_Gerberding,Betsy_Smith,Arantxa_Sanchez-Vicario,Nia_Vardalos,Jason_Jennings,Debra_Brown,Paul_McCartney,Justin_Gatlin,Monica_Seles,Joseph_Deiss,Bill_Nelson,Julianne_Moore,Helen_Clark,Arianna_Huffington,Joan_Claybrook,Mikhail_Youzhny,Venus_Williams,Anneli_Jaatteenmaki,Brooke_Shields,Paula_Radcliffe,Gloria_Allred,Sheila_Copps,Elizabeth_Dole,Aleksander_Kwasniewski,Lindsay_Benko,Gary_Forsee,Priscilla_Owen,Kathleen_Kennedy_Townsend,Marat_Safin,Latrell_Sprewell,Judi_Dench,Tyler_Hamilton,Lindsay_Davenport,Angela_Lansbury,Brad_Johnson,Elinor_Caplan,Marie-Reine_Le_Gougne,Carolyn_Dawn_Johnson,Peter_Bacanovic,George_Foreman,Karin_Stoiber,Priscilla_Presley,Michael_Phelps,Yevgeny_Kafelnikov,Leland_Chapman,Omar_Sharif
probe/Susan_Collins/Susan_Collins_0002.jpg,Susan_Collins,1,1.0,0.8288110494613647,0.8288110494613647,Susan_Collins,Ann_Veneman,Helen_Clark,Stockard_Channing,Zhang_Ziyi,Judy_Genshaft,Biljana_Plavsic,Guillermo_Coria,Martha_Burk,Hitomi_Soga,Princess_Aiko,Claire_Leger,Jennifer_Rodriguez,Elinor_Caplan,Annette_Lu,Gro_Harlem_Brundtland,Megawati_Sukarnoputri,Elizabeth_Dole,Sheila_Copps,Jolanta_Kwasniewski,Richard_Norton-Taylor,Maggie_Smith,Chita_Rivera,George_Robertson,Venus_Williams,Lily_Tomlin,Gloria_Macapagal_Arroyo,Hanan_Ashrawi,Celine_Dion,Michael_Phelps,Mark_Dacey,Ian_McKellen,Michelle_Yeoh,Queen_Beatrix,Patricia_Heaton,Hannah_Stockbauer,Kathleen_Kennedy_Townsend,Gerard_Depardieu,Meryl_Streep,Patti_Labelle,Serena_Williams,Tony_Curtis,Gianna_Angelopoulos-Daskalaki,John_Cusack,Tracee_Ellis_Ross,Eva_Dimas,Geraldine_Chaplin,Judi_Dench,Doris_Roberts,David_Kelley
probe/Takashi_Sorimachi/Takashi_Sorimachi_0002.jpg,Takashi_Sorimachi,1,1.0,0.8250142335891724,0.8250142335891724,Takashi_Sorimachi,Michael_Chang,Franz_Muentefering,Antony_Leung,Michelle_Yeoh,Rob_Schneider,Jackie_Chan,Hu_Jintao,Sachiko_Yamada,Gerardo_Gambala,Charles_Grassley,Megawati_Sukarnoputri,Chung_Mong-joon,Daniela_Hantuchova,Silvan_Shalom,Elsa_Zylberstein,Jamling_Norgay,Jennifer_Aniston,Jimmy_Carter,George_Pataki,Nestor_Kirchner,George_Lopez,Ian_McKellen,Billy_Sollie,Stanley_Tong,Todd_Haynes,Richard_Sambrook,Vicki_Zhao_Wei,Kim_Jin-sun,Mike_Weir,Lim_Dong-won,Miyako_Miyazaki,Lee_Hoi-chang,Candie_Kung,LeBron_James,Andrew_Niccol,Alvaro_Noboa,Abdullah,Christopher_Patten,Julianne_Moore,Chen_Liang_Yu,Tom_Cruise,Michelle_Pfeiffer,Paul_ONeill,Kwon_Yang-sook,Pedro_Malan,Nicolas_Lapentti,Imad_Moustapha,Chung_Mong-hun,Annette_Lu
probe/Tamara_Brooks/Tamara_Brooks_0002.jpg,Tamara_Brooks,1,1.0,0.6502232551574707,0.6502232551574707,Tamara_Brooks,Chanda_Rubin,Serena_Williams,Venus_Williams,James_Butts,Byron_Scott,Eunice_Barber,Doug_Duncan,Ruben_Studdard,Gunter_Pleuger,Gro_Harlem_Brundtland,Laila_Ali,Leonard_Hamilton,Pamela_Anderson,Jessica_Alba,Kelli_White,Kirk_Johnson,Emmit_Smith,Tyra_Banks,Tom_Crean,Bertrand_Bonello,Nadine_Vinzens,Yao_Ming,Jennifer_Thompson,Reese_Witherspoon,Ashanti,Denise_Johnson,Thabo_Mbeki,Tracee_Ellis_Ross,Isaiah_Washington,Joe_Nichols,Evander_Holyfield,Jon_Gruden,Patrick_Ewing,Luis_Horna,Jan_Ullrich,Vince_Carter,Fabiola_Zuluaga,Patti_Labelle,Stellan_Skarsgard,Eduardo_Duhalde,Dexter_Jackson,Robert_Duvall,Goran_Persson,Emanuel_Ginobili,Diana_Taurasi,Claire_Hentzen,Laurent_Gbagbo,Carol_Moseley_Braun,Marina_Anissina
probe/Tammy_Lynn_Michaels/Tammy_Lynn_Michaels_0002.jpg,Tammy_Lynn_Michaels,1,1.0,0.8292560577392578,0.8292560577392578,Tammy_Lynn_Michaels,Meryl_Streep,Sarah_Jessica_Parker,Fabiola_Zuluaga,Alvaro_Uribe,John_Negroponte,Conchita_Martinez,Doris_Roberts,Jason_Kidd,Arsinee_Khanjian,Gloria_Allred,James_Gandolfini,Brian_Heidik,Frank_Griswold,Mohammad_Khatami,Eric_Rosser,Rita_Moreno,Aung_San_Suu_Kyi,Karin_Stoiber,Kate_Capshaw,Costas_Simitis,Monica_Seles,John_Rowland,Mike_Price,John_McCallum,Herta_Daeubler-Gmelin,Geraldine_Chaplin,Jackie_Chan,Paul_McCartney,Harry_Belafonte,Leszek_Miller,Paula_Radcliffe,Debra_Brown,Kosuke_Kitajima,Penelope_Ann_Miller,Yasar_Yakis,Jacqueline_Obradors,Gwendal_Peizerat,Bob_Hope,John_McEnroe,Charles_Kartman,Zhang_Ziyi,Gustavo_Kuerten,Betsy_Smith,Steven_Spielberg,Juan_Manuel_Marquez,Gro_Harlem_Brundtland,Martin_Scorsese,John_Abizaid,Warren_Beatty
probe/Taufik_Hidayat/Taufik_Hidayat_0002.jpg,Taufik_Hidayat,1,1.0,0.9580202698707581,0.9580202698707581,Taufik_Hidayat,Michael_Chang,Kim_Ryong-sung,Jackie_Chan,Kosuke_Kitajima,Gerardo_Gambala,JJ_Redick,Hideki_Matsui,Heizo_Takenaka,Yao_Ming,Freddy_Garcia,Hu_Jintao,Mike_Miller,Patty_Schnyder,George_Lopez,Natalie_Coughlin,Alexandra_Stevenson,Lee_Jun,Kim_Dae-jung,Penelope_Ann_Miller,Lee_Hoi-chang,Angelo_Reyes,Kim_Jong-Il,Sachiko_Yamada,Candie_Kung,Gloria_Macapagal_Arroyo,Hamzah_Haz,Stanley_Tong,Johnson_Panjaitan,Hichiro_Naemura,Megawati_Sukarnoputri,Amelia_Vega,Lee_Tae-sik,Meryl_Streep,Chang_Dae-whan,LeBron_James,Kim_Jin-sun,Edward_Lu,Ian_Thorpe,Lindsay_Davenport,Reese_Witherspoon,Hitomi_Soga,John_Allen_Muhammad,Iva_Majoli,Gil_de_Ferran,Monica_Seles,Sam_Bith,Larry_Lucchino,Thaksin_Shinawatra,Kevin_Stallings
probe/Thabo_Mbeki/Thabo_Mbeki_0002.jpg,Thabo_Mbeki,1,1.0,0.7040762901306152,0.7040762901306152,Thabo_Mbeki,Nelson_Mandela,Mike_Tyson,George_Foreman,Sam_Bith,Dalai_Lama,Abdullah_al-Attiyah,GL_Peiris,Zoran_Djindjic,Benjamin_Netanyahu,Chuck_Yeager,Leonard_Hamilton,S_Jayakumar,Grady_Irvin_Jr,John_McCallum,Adrian_McPherson,Ralph_Lauren,LeBron_James,James_Kelly,Nick_Nolte,Jorge_Batlle,Colin_Powell,Harry_Belafonte,Hun_Sen,Evander_Holyfield,Kirk_Johnson,Roy_Williams,Robert_DeFraites,Robert_Mugabe,Morgan_Freeman,Jason_Kidd,Gregg_Popovich,Ernie_Eves,Aleksander_Kwasniewski,Jesse_Jackson,Michael_J_Sheehan,Lou_Piniella,Harry_Schmidt,Bill_Graham,Doug_Collins,Bo_Ryan,Saeb_Erekat,Tim_Floyd,Doug_Duncan,Paul_Pierce,Patrick_Leahy,John_Allen_Muhammad,Jamie_Villafane,James_Butts,George_Karl
probe/Thaksin_Shinawatra/Thaksin_Shinawatra_0002.jpg,Thaksin_Shinawatra,1,1.0,0.9181637763977051,0.9181637763977051,Thaksin_Shinawatra,Prince_Naruhito,Gao_Qiang,Kim_Jin-sun,Michael_Chang,Li_Peng,Yao_Ming,Kim_Jong-Il,Lee_Tae-sik,Jia_Qinglin,Chang_Dae-whan,Chen_Liang_Yu,Hu_Jintao,Goh_Kun,Lee_Hoi-chang,Kim_Ryong-sung,Hichiro_Naemura,Yoko_Ono,Tom_Cruise,Kim_Dae-jung,Chung_Mong-joon,Alimzhan_Tokhtakhounov,Edward_Lu,Megawati_Sukarnoputri,Abel_Pacheco,Heizo_Takenaka,Jackie_Chan,Jong_Thae_Hwa,Candie_Kung,Annette_Lu,Ken_Watanabe,Lee_Jun,Kenneth_Evans,Gary_Locke,Stanley_Tong,Jamling_Norgay,Saparmurat_Niyazov,Jesse_Jackson,Anwar_Ibrahim,Dai_Bachtiar,Chung_Mong-hun,Antony_Leung,Freddy_Garcia,Eddy_Merckx,Christopher_Walken,Liu_Mingkang,Nasser_al-Kidwa,Lim_Dong-won,Joseph_Estrada,Alberto_Fujimori
probe/Theo_Epstein/Theo_Epstein_0002.jpg,Theo_Epstein,1,1.0,0.8019834756851196,0.8019834756851196,Theo_Epstein,Aitor_Gonzalez,Demetrius_Ferraciu,James_Blake,Joe_Gatti,Jimmy_Kimmel,Andrew_Bunner,Jean-Sebastien_Giguere,Carson_Daly,Pete_Sampras,Kenneth_Branagh,Juan_Pablo_Montoya,Alex_Penelas,Charlie_Zaa,Paul_ONeill,Jose_Theodore,Tom_Craddick,James_Kopp,Jim_Carrey,Elizabeth_Shue,Matthew_Perry,Harry_Schmidt,Marat_Safin,Aron_Ralston,Jan_Ullrich,Anna_Nicole_Smith,Jay_Garner,Alan_Mulally,Chris_Rock,Oscar_De_La_Hoya,Fran_Drescher,William_Ford_Jr,Dan_Wheldon,Paul_McNulty,Mariah_Carey,Colin_Powell,Antonio_Banderas,Ralph_Lauren,Tom_Cruise,Richard_Gephardt,Leland_Chapman,Natalie_Coughlin,Marcelo_Salas,James_Kelly,Scott_McClellan,Guido_Westerwelle,Sheila_Copps,Tom_Daschle,Sharon_Frey,John_Manley
probe/Thierry_Falise/Thierry_Falise_0002.jpg,Thierry_Falise,1,1.0,0.6286607980728149,0.6286607980728149,Thierry_Falise,Alec_Baldwin,Peter_Bacanovic,Mike_Tyson,Harry_Schmidt,Alejandro_Toledo,Zoran_Djindjic,Larry_Bowa,Jason_Kidd,Dennis_Kucinich,Trent_Lott,Aldo_Paredes,Joerg_Haider,Kirk_Ferentz,Vitali_Klitschko,Brad_Johnson,Joe_Calzaghe,Gary_Doer,Rich_Gannon,Mario_Dumont,James_Kelly,Johnny_Unitas,Tyler_Hamilton,Steve_Waugh,Klaus_Zwickel,Tom_Daschle,Jean-David_Levitte,John_Allen_Muhammad,Ray_Nagin,Oswaldo_Paya,Marc_Grossman,Bill_Simon,Ron_Dittemore,Bill_Gates,Benazir_Bhutto,Paul_Bremer,John_Kerry,Bo_Pelini,Geno_Auriemma,Guillermo_Coria,Roman_Polanski,Sarah_Jessica_Parker,Bobby_Robson,Gary_Carter,Luis_Figo,Sue_Wicks,Robert_DeFraites,Aaron_Sorkin,Greg_Owen,Jackie_Chan
probe/Thomas_Birmingham/Thomas_Birmingham_0002.jpg,Thomas_Birmingham,1,1.0,0.7425231337547302,0.7425231337547302,Thomas_Birmingham,Costas_Simitis,Alex_Penelas,Lon_Kruger,William_Ford_Jr,Dick_Clark,Thomas_Fargo,Li_Peng,Mario_Kreutzberger,Spencer_Abraham,Cruz_Bustamante,Lee_Hoi-chang,Vaclav_Havel,Roy_Moore,Paul_Bremer,Gabriel_Valdes,Brian_Wells,Kim_Ryong-sung,Latrell_Sprewell,Saparmurat_Niyazov,Bruce_Van_De_Velde,Nicanor_Duarte_Frutos,Kim_Dae-jung,Joseph_Ralston,Mohammad_Khatami,John_Jumper,Scott_McClellan,Hun_Sen,Hilmi_Ozkok,Warren_Beatty,Pete_Sampras,John_Spencer,Goh_Kun,John_McCormack,George_Voinovich,Antonio_Banderas,Paul_McNulty,Bill_Callahan,Jim_Carrey,Jia_Qinglin,Hu_Jintao,Heizo_Takenaka,Harvey_Weinstein,Bob_Hope,Bill_Gates,Bill_Frist,Carlos_Ghosn,Richard_Shelby,Hichiro_Naemura,Bob_Colvin
probe/Thomas_Fargo/Thomas_Fargo_0002.jpg,Thomas_Fargo,1,1.0,0.9162718057632446,0.9162718057632446,Thomas_Fargo,Vaclav_Havel,Paul_Bremer,Howard_Dean,William_Ford_Jr,Dennis_Powell,Dick_Clark,Geoff_Hoon,George_Voinovich,Robert_Bonner,Frank_Solich,Mark_Schweiker,John_Walsh,Nick_Nolte,Bob_Hope,Thomas_Birmingham,Roy_Williams,Ron_Dittemore,Mark_Warner,Asa_Hutchinson,Prince_Edward,Franz_Muentefering,Peter_Harrison,Garry_Trudeau,Gary_Carter,Joseph_Ralston,Alex_Penelas,Gray_Davis,Robert_DeFraites,Yevgeny_Kafelnikov,Tom_Cruise,Joseph_Biden,James_Kelly,Saddam_Hussein,Bob_Beauprez,Lawrence_MacAulay,David_Dodge,Robert_Zoellick,Bruce_Weber,Chuck_Yeager,James_Jones,Charles_Grassley,Lyle_Vanclief,Roman_Polanski,Tom_Craddick,Kiki_Vandeweghe,Ilan_Ramon,Kim_Dae-jung,Bill_Graham,Tim_Floyd
probe/Thomas_OBrien/Thomas_OBrien_0002.jpg,Thomas_OBrien,1,1.0,0.806111216545105,0.806111216545105,Thomas_OBrien,Ernie_Eves,Carl_Reiner,Gregg_Popovich,Mel_Brooks,Jimmy_Carter,Warren_Buffett,Roy_Williams,Pat_Cox,Augusto_Roa_Bastos,Paula_Radcliffe,Silvio_Berlusconi,Larry_Lindsey,Patrick_Leahy,Tim_Allen,John_Walsh,Arlen_Specter,Alvaro_Noboa,Kim_Dae-jung,Ozzy_Osbourne,Jay_Garner,Augusto_Pinochet,Howard_Dean,Manfred_Stolpe,Johnny_Carson,Larry_Brown,Mike_Price,Joe_Torre,Gary_Carter,James_Smith,Richard_Crenna,George_Pataki,Frank_Solich,Dave_Campo,Joseph_Biden,Gray_Davis,Hanan_Ashrawi,Chuck_Yeager,John_Rigas,Li_Peng,Bill_Parcells,Colin_Powell,George_Robertson,Eduardo_Duhalde,Richie_Adubato,S_Jayakumar,Robert_Stack,Nick_Nolte,Tom_Crean,Hipolito_Mejia
probe/Thomas_Rupprath/Thomas_Rupprath_0002.jpg,Thomas_Rupprath,1,1.0,0.5116350054740906,0.5116350054740906,Thomas_Rupprath,Boris_Becker,David_Nalbandian,Michael_Phelps,Jan_Ullrich,John_Abizaid,Bo_Ryan,Hermann_Maier,Peter_Hillary,David_Coulthard,Jonathan_Edwards,Ricky_Barnes,Jennifer_Aniston,Nick_Nolte,Tom_Daschle,Ron_Howard,Jefferson_Perez,Trent_Lott,Luis_Figo,Prince_Harry,Rich_Gannon,Lou_Piniella,Bill_Simon,LeAnn_Rimes,Marat_Safin,Justin_Leonard,Frank_Solich,Jada_Pinkett_Smith,Stanley_McChrystal,Vanessa_Incontrada,Jorge_Arce,Yevgeny_Kafelnikov,Richard_Gephardt,Carlo_Ancelotti,Ron_Dittemore,Mark_Warner,Sophia_Loren,Stacy_Dragila,Elisabeth_Schumacher,Gabriel_Batistuta,Jack_Straw,Celine_Dion,Guy_Ritchie,Charlton_Heston,Tony_Bennett,Geraldine_Chaplin,Martin_Verkerk,Carol_Burnett,Richard_Krajicek,Emanuel_Ginobili
probe/Tim_Allen/Tim_Allen_0002.jpg,Tim_Allen,1,1.0,0.8893319368362427,0.8893319368362427,Tim_Allen,Dennis_Kucinich,Warren_Beatty,Hun_Sen,Tom_Daschle,Mathias_Reichhold,Robbie_Fowler,Joerg_Haider,Gary_Doer,Gray_Davis,Hermann_Maier,George_Pataki,Anders_Fogh_Rasmussen,Bill_Frist,Guy_Ritchie,Kenneth_Branagh,Geoff_Hoon,Mitchell_Daniels,James_Butts,Tom_Glavine,Edward_Lu,Li_Peng,Jackie_Chan,Yukiko_Okudo,Ishaq_Shahryar,Vanessa_Williams,Paul_Bremer,Rupert_Grint,Doris_Schroeder,Vladimir_Putin,Michael_Chang,Trent_Lott,Nicanor_Duarte_Frutos,Antony_Leung,James_Kelly,OJ_Simpson,Richard_Crenna,John_Cusack,David_Kelley,Bill_Callahan,Amelia_Vega,John_Allen_Muhammad,Karen_Mok,Celine_Dion,Lee_Jun,Sarah_Jessica_Parker,Yasser_Arafat,Hillary_Clinton,Edward_Norton,Chakib_Khelil
probe/Tim_Floyd/Tim_Floyd_0002.jpg,Tim_Floyd,1,1.0,0.9310967922210693,0.9310967922210693,Tim_Floyd,Dennis_Powell,Paul_Bremer,Jean-David_Levitte,Paul_McNulty,Ilan_Ramon,Ernie_Fletcher,Bo_Pelini,Steve_Spurrier,Tom_Crean,Bill_Frist,Vaclav_Havel,James_Kelly,Jose_Dirceu,Bill_Callahan,Andy_Hebb,Jamie_Villafane,John_Brady,Kiki_Vandeweghe,David_Trimble,Roman_Polanski,Fred_Funk,Alastair_Campbell,Thomas_OBrien,Thomas_Fargo,Herb_Sendek,Lindsey_Graham,Brad_Johnson,Paul_McCartney,Lawrence_MacAulay,Fred_Eckhard,Lyle_Vanclief,Trent_Lott,Bill_Simon,Bill_Gates,Spencer_Abraham,Bill_Belichick,Roy_Moore,Hashim_Thaci,Mark_Schweiker,Robert_Zoellick,Oswaldo_Paya,Guy_Hemmings,Jean-Claude_Juncker,David_Dodge,David_Leahy,George_Voinovich,Frank_Solich,David_Heymann,Ishaq_Shahryar
probe/Todd_Haynes/Todd_Haynes_0002.jpg,Todd_Haynes,553,0.0018083182640144665,0.7311232089996338,0.026180222630500793,Julianne_Moore,Arianna_Huffington,Natalie_Maines,Madonna,Lea_Fastow,Julianna_Margulies,Michelle_Pfeiffer,Gillian_Anderson,Nancy_Pelosi,Jo_Dee_Messina,Edie_Falco,Abdullah,Priscilla_Presley,Patricia_Clarkson,Nancy_Reagan,Kathy_Winters,Martina_McBride,Kathleen_Glynn,Kristanna_Loken,Christine_Ebersole,Leland_Chapman,Cameron_Diaz,Hillary_Clinton,Gisele_Bundchen,Eric_Rosser,Meryl_Streep,Anna_Nicole_Smith,Robert_Kocharian,Mike_Babcock,Nia_Vardalos,Larry_Ellison,Gloria_Macapagal_Arroyo,Mariangel_Ruiz_Torrealba,Cindy_Margolis,Jodie_Foster,Queen_Beatrix,Paula_Radcliffe,Patrick_Ewing,Stanley_McChrystal,Benazir_Bhutto,Mohammad_Khatami,Elizabeth_Dole,Marina_Anissina,Sheila_Copps,Penelope_Ann_Miller,Daisy_Fuentes,Frances_Fisher,Drew_Barrymore,Mary_Tyler_Moore,Liza_Minnelli
probe/Tom_Brady/Tom_Brady_0002.jpg,Tom_Brady,1,1.0,0.5751755237579346,0.5751755237579346,Tom_Brady,Marcus_Gronholm,John_Reilly,George_Karl,Thomas_Rupprath,Brendan_Hansen,David_Bell,Natalie_Coughlin,Martin_Verkerk,Yao_Ming,Paul_Byrd,Guillermo_Coria,Mikhail_Youzhny,Dave_Campo,Mike_Miller,Gustavo_Kuerten,Jason_Jennings,Hannah_Stockbauer,Darren_Clarke,Mario_Dumont,Lina_Krasnoroutskaya,Nick_Nolte,Paul-Henri_Mathieu,Dale_Earnhardt_Jr,Bill_Nelson,Tony_Curtis,George_Foreman,Trent_Lott,Aitor_Gonzalez,Lou_Piniella,Hal_Sutton,Judi_Dench,Bill_Simon,LeAnn_Rimes,Joe_Nichols,Blythe_Hartley,Brad_Johnson,Herb_Sendek,Magui_Serna,Robert_Zoellick,Jan_Ullrich,Charlie_Zaa,Ann_Veneman,Andrei_Mikhnevich,Bertrand_Bonello,Geno_Auriemma,Freddy_Garcia,Marco_Antonio_Barrera,Silvio_Berlusconi,Elisabeth_Schumacher
probe/Tom_Craddick/Tom_Craddick_0002.jpg,Tom_Craddick,1,1.0,0.9089342355728149,0.9089342355728149,Tom_Craddick,Michael_Kostelnik,Trent_Lott,Wesley_Clark,Jack_Straw,Jean-David_Levitte,Bud_Selig,Richard_Gephardt,James_Kelly,Roy_Williams,Dennis_Erickson,Roman_Polanski,Bill_Simon,Gary_Williams,Vaclav_Havel,Geno_Auriemma,David_Dodge,Zoran_Djindjic,Ernesto_Zedillo,Gordon_Campbell,Dave_Campo,Valdas_Adamkus,Howard_Dean,Jay_Garner,Bill_Gates,John_Manley,Charlton_Heston,Nick_Nolte,Miguel_Contreras,Tom_Daschle,Anders_Ebbeson,Ian_McKellen,Anthony_Fauci,Aleksander_Kwasniewski,George_Voinovich,Paul_ONeill,Patrice_Chereau,Hootie_Johnson,Ron_Dittemore,Lindsey_Graham,Lawrence_MacAulay,John_Walsh,Christian_Wulff,Abdullatif_Sener,James_Kopp,Bill_Nelson,Robert_DeFraites,Silvan_Shalom,Jeffrey_Archer,Leslie_Moonves
probe/Tom_Crean/Tom_Crean_0002.jpg,Tom_Crean,1,1.0,0.6843303442001343,0.6843303442001343,Tom_Crean,William_Ford_Jr,Guido_Westerwelle,Jose_Manuel_Durao_Barroso,Roy_Moore,Pamela_Anderson,Jay_Garner,Sharon_Frey,Chris_Cooper,Frank_Solich,Ron_Dittemore,Bill_Gates,Todd_Haynes,Pedro_Malan,Vidar_Helgesen,Amber_Tamblyn,Stellan_Skarsgard,Mikhail_Kasyanov,Jose_Dirceu,Harvey_Weinstein,Charlie_Zaa,Spencer_Abraham,Thomas_OBrien,Lawrence_MacAulay,John_Brady,Bud_Selig,Ilan_Ramon,Charles_Grassley,Hun_Sen,Alan_Ball,Kristanna_Loken,Ali_Abbas,Gerry_Parsky,Dennis_Kucinich,Intisar_Ajouri,Michael_Chiklis,Butch_Davis,Bernard_Landry,Jonathan_Mostow,Matthew_Perry,Sean_Astin,Dai_Bachtiar,Federico_Trillo,Hanan_Ashrawi,Lloyd_Ward,Joe_Torre,Angelo_Reyes,Bobby_Goldwater,Trent_Lott,David_Leahy
probe/Tom_Cruise/Tom_Cruise_0002.jpg,Tom_Cruise,1,1.0,0.9173508286476135,0.9173508286476135,Tom_Cruise,Joe_Nichols,Brian_Heidik,Barbra_Streisand,Marc-Andre_Fleury,Richard_Krajicek,Robby_Ginepri,Sandra_Bullock,Marat_Safin,Warren_Buffett,William_Ford_Jr,Richard_Branson,Mike_Weir,Julio_Iglesias_Jr,Daisy_Fuentes,Chris_Byrd,Julie_Gerberding,Arnaud_Clement,Mario_Cipollini,Jay_Garner,Juanes,Peter_Harrison,Paul_Bremer,Kiki_Vandeweghe,Kurt_Russell,Gustavo_Kuerten,Peter_Bacanovic,Howard_Dean,Gwendal_Peizerat,Frank_Solich,Nick_Nolte,David_Spade,Jim_Edmonds,Steve_Spurrier,Thomas_Fargo,Jimmy_Carter,Roman_Polanski,John_Kerry,Prince_Harry,Christian_Fittipaldi,Rich_Gannon,Robert_Bonner,Bill_Callahan,Jose_Theodore,David_Bell,Darrell_Porter,Jackie_Chan,Aitor_Gonzalez,Theo_Epstein,Gabriel_Batistuta
probe/Tom_Daschle/Tom_Daschle_0002.jpg,Tom_Daschle,1,1.0,0.8727312088012695,0.8727312088012695,Tom_Daschle,Trent_Lott,Hootie_Johnson,John_Timoney,James_Kelly,Robert_Zoellick,Charlton_Heston,Guillermo_Coria,Robert_DeFraites,Jean-Claude_Braquet,Larry_Bowa,James_Traficant,Bill_Nelson,George_Pataki,Fred_Eckhard,Christian_Wulff,Michael_Kostelnik,Bill_Frist,Lana_Clarkson,Geoff_Hoon,Gil_de_Ferran,Darren_Clarke,Guy_Ritchie,David_Coulthard,Ishaq_Shahryar,Gary_Doer,Jim_Carrey,Arnold_Palmer,Jonathan_Edwards,John_Jumper,Ronald_Reagan,Mack_Brown,Harry_Kalas,Justin_Gatlin,Billy_Sollie,Vitali_Klitschko,Cesar_Maia,Lauren_Killian,Aleksander_Kwasniewski,Richard_Gephardt,Chuck_Yeager,Hun_Sen,Robert_Duvall,Marc_Grossman,Tom_Craddick,David_Trimble,Jose_Sarney,Lech_Walesa,John_Banko,Gray_Davis
probe/Tom_Glavine/Tom_Glavine_0002.jpg,Tom_Glavine,398,0.002512562814070352,0.6445940732955933,0.11088994145393372,Michelle_Pfeiffer,Julianne_Moore,Kristanna_Loken,Betsy_Smith,Cindy_Margolis,Maria_Luisa_Mendonca,Lea_Fastow,Nancy_Reagan,Allison_Janney,Mariangel_Ruiz_Torrealba,Marina_Anissina,Sue_Wicks,Goldie_Hawn,Jodie_Foster,Frances_Fisher,Yevgeny_Kafelnikov,Gloria_Macapagal_Arroyo,Lisa_Gottsegen,Jean_Carnahan,Robert_Zoellick,Christine_Ebersole,Alejandro_Avila,Marie-Reine_Le_Gougne,Lynn_Abraham,Julianna_Margulies,Queen_Beatrix,Lindsay_Benko,Katie_Harman,Kirk_Ferentz,Larry_Ellison,Nancy_Pelosi,Jeffrey_Jones,Kristin_Davis,Priscilla_Owen,Natalie_Maines,Pedro_Malan,Madonna,Annette_Bening,John_Blaney,Vanessa_Williams,Martha_Burk,Amber_Tamblyn,Nastassia_Kinski,Chris_Cooper,Corinne_Coman,Fidel_Castro,Ken_Watanabe,Miyako_Miyazaki,Beth_Jones,Sophia_Loren
probe/Tomoko_Hagiwara/Tomoko_Hagiwara_0002.jpg,Tomoko_Hagiwara,628,0.0015923566878980893,0.5596436262130737,0.00046417955309152603,Sachiko_Yamada,Kwon_Yang-sook,Princess_Aiko,Michelle_Yeoh,Candie_Kung,Kim_Ryong-sung,Zhang_Ziyi,Thaksin_Shinawatra,Annette_Lu,Vicki_Zhao_Wei,Yoko_Ono,Hitomi_Soga,Dolma_Tsering,Megawati_Sukarnoputri,Queen_Beatrix,Hu_Jintao,Sharon_Frey,Jackie_Chan,Michael_Chang,David_Wolf,Miyako_Miyazaki,Goh_Kun,Lynne_Cheney,Heizo_Takenaka,Abdullatif_Sener,Taufik_Hidayat,Gao_Qiang,Eduardo_Duhalde,Gloria_Macapagal_Arroyo,Jean_Brumley,Jennifer_Thompson,Lindsay_Davenport,Takashi_Sorimachi,Flor_Montulo,Elsa_Zylberstein,George_Karl,Ben_Curtis,Herta_Daeubler-Gmelin,Jorge_Arce,Maggie_Smith,Abdullah_Gul,Job_Cohen,Alimzhan_Tokhtakhounov,Mike_Miller,Celine_Dion,Martha_Burk,Bruce_Van_De_Velde,Ann_Veneman,Blythe_Hartley,Robert_De_Niro
probe/Tony_Bennett/Tony_Bennett_0002.jpg,Tony_Bennett,1,1.0,0.8417861461639404,0.8417861461639404,Tony_Bennett,Edward_Said,Alejandro_Toledo,Adolfo_Aguilar_Zinser,Roman_Polanski,Jean-David_Levitte,Charlton_Heston,Ricardo_Maduro,Aldo_Paredes,Anthony_Fauci,Eduardo_Duhalde,Bud_Selig,Nestor_Kirchner,Jack_Straw,Jean-Claude_Juncker,Boris_Becker,Jorge_Castaneda,Steve_Waugh,Michael_Kostelnik,Ernesto_Zedillo,Vincent_Brooks,Anders_Fogh_Rasmussen,John_Rosa,Bill_Gates,Lee_Jun,Ian_McKellen,Tom_Craddick,Robert_De_Niro,Edward_James_Olmos,John_Allen_Muhammad,Vladimir_Putin,Edward_Lu,Zoran_Djindjic,Jean-Claude_Braquet,Alexander_Rumyantsev,Ronald_Reagan,Laurent_Gbagbo,Eric_Clapton,John_Garamendi,Ron_Dittemore,Hootie_Johnson,Mel_Brooks,John_Manley,Gary_Doer,Amram_Mitzna,Hashim_Thaci,Shaukat_Aziz,Kent_Rominger,Lino_Oviedo,Jean-Claude_Trichet
probe/Tony_Curtis/Tony_Curtis_0002.jpg,Tony_Curtis,1,1.0,0.6866322755813599,0.6866322755813599,Tony_Curtis,Colin_Powell,Richard_Gephardt,Richard_Branson,Dave_Campo,Lou_Piniella,Boris_Yeltsin,Darren_Clarke,Adrian_Nastase,Tom_Daschle,Sam_Bith,Bo_Ryan,John_Manley,Lyle_Vanclief,Howard_Smith,Zoran_Djindjic,Jay_Garner,GL_Peiris,Christopher_Patten,Abdullah_al-Attiyah,Larry_Lindsey,Paul_ONeill,Judi_Dench,Larry_Lucchino,Martha_Burk,Andrew_Bunner,James_Kelly,Ralph_Lauren,Dennis_Erickson,Jimmy_Carter,Taufik_Hidayat,Angelo_Reyes,Hootie_Johnson,Carlo_Ancelotti,Mack_Brown,Julie_Gerberding,Pascal_Quignard,Trent_Lott,Nick_Nolte,Elin_Nordegren,Todd_Haynes,John_Reilly,Michael_Kostelnik,Donna_Shalala,Dick_Vermeil,George_Voinovich,Billy_Sollie,Gray_Davis,LeAnn_Rimes,Wesley_Clark
probe/Tracee_Ellis_Ross/Tracee_Ellis_Ross_0002.jpg,Tracee_Ellis_Ross,1,1.0,0.8277930617332458,0.8277930617332458,Tracee_Ellis_Ross,Patti_Labelle,Carol_Moseley_Braun,Brigitte_Boisselier,Susan_Collins,Chanda_Rubin,Bertrand_Bonello,Megawati_Sukarnoputri,Bill_Sizemore,Jong_Thae_Hwa,George_Roy_Hill,Hannah_Stockbauer,Dwayne_Johnson,Laila_Ali,Chita_Rivera,Keira_Knightley,Jennifer_Rodriguez,Meryl_Streep,Ron_Dittemore,Bill_Simon,Dai_Bachtiar,Aldo_Paredes,Bill_Gates,Dolma_Tsering,Gisele_Bundchen,Gloria_Macapagal_Arroyo,Alexandra_Stevenson,Bill_Graham,Chung_Mong-hun,Claire_Hentzen,Lee_Hoi-chang,Annette_Lu,Rob_Schneider,Anna_Kournikova,Richard_Crenna,Zarai_Toledo,Denise_Johnson,Bernardo_Segura,Paula_Radcliffe,Aung_San_Suu_Kyi,Marco_Antonio_Barrera,Laurent_Gbagbo,Colin_Jackson,Hitomi_Soga,Michael_Douglas,Julianne_Moore,Michelle_Yeoh,Billy_Graham,Heidi_Fleiss,Zhang_Ziyi
probe/Trent_Lott/Trent_Lott_0002.jpg,Trent_Lott,1,1.0,0.897132158279419,0.897132158279419,Trent_Lott,David_Leahy,Bud_Selig,George_Voinovich,Tom_Craddick,Frank_Griswold,Geno_Auriemma,Jean-David_Levitte,Bill_Simon,Ronald_Reagan,Franz_Muentefering,Francis_Mer,Ron_Dittemore,Ernie_Fletcher,Pat_Cox,Oswaldo_Paya,Lawrence_MacAulay,Silvio_Berlusconi,Kim_Dae-jung,Jim_Harrick,Paul_Bremer,Bobby_Robson,Marc_Grossman,James_Kelly,Vaclav_Havel,Abdullatif_Sener,Anthony_Hopkins,Patrice_Chereau,Mack_Brown,James_Kopp,Charlton_Heston,Ian_McKellen,Bill_Belichick,Tom_Crean,Dick_Vermeil,Nick_Nolte,Jose_Dirceu,Roman_Polanski,Alastair_Campbell,Bill_Nelson,John_Spencer,Mario_Kreutzberger,Chris_Cooper,Tom_Daschle,Lee_Hoi-chang,Inocencio_Arias,Bill_Gates,Anders_Ebbeson,Gary_Locke,Mark_Schweiker
probe/Tyler_Hamilton/Tyler_Hamilton_0002.jpg,Tyler_Hamilton,1,1.0,0.7572646141052246,0.7572646141052246,Tyler_Hamilton,Greg_Owen,Jim_Furyk,Paul-Henri_Mathieu,Jason_Lezak,Tom_Glavine,Jason_Jennings,Elijah_Wood,Mitchell_Daniels,Brendan_Hansen,Gary_Forsee,David_Bell,Prince_Harry,Guillermo_Coria,Stacy_Dragila,Steve_Park,Dale_Earnhardt_Jr,Michael_Phelps,Aitor_Gonzalez,Iban_Mayo,Barry_Zito,Matthew_Perry,LeBron_James,Mike_Weir,David_Coulthard,Arantxa_Sanchez-Vicario,Darrell_Porter,Tom_Daschle,Howard_Schultz,Guy_Ritchie,Jonathan_Edwards,Jennifer_Aniston,Jorge_Arce,Johnny_Unitas,Anna_Kournikova,Stockard_Channing,Eric_Hinske,Mikhail_Youzhny,Jason_Kidd,Jim_Carrey,Thierry_Falise,Adam_Scott,Gabriel_Batistuta,Brad_Johnson,Lou_Piniella,Joe_Calzaghe,Lisa_Raymond,Ron_Dittemore,Geoff_Hoon,Theo_Epstein
probe/Tyra_Banks/Tyra_Banks_0002.jpg,Tyra_Banks,1,1.0,0.8481528759002686,0.8481528759002686,Tyra_Banks,Denise_Johnson,Ashanti,Venus_Williams,Jada_Pinkett_Smith,Patti_Labelle,Jesse_Jackson,Trent_Lott,Tyler_Hamilton,Tom_Glavine,Todd_Haynes,Serena_Williams,Chris_Bell,Laila_Ali,Dennis_Erickson,Amelia_Vega,Kristanna_Loken,Jennifer_Lopez,Darrell_Porter,Eunice_Barber,Martin_Verkerk,Dale_Earnhardt_Jr,Vanessa_Williams,Tom_Daschle,Jeffrey_Jones,Angelo_Reyes,Hootie_Johnson,Antonio_Banderas,Thierry_Falise,Julianne_Moore,Gabriel_Batistuta,Tamara_Brooks,Mary-Kate_Olsen,Natalie_Coughlin,Michael_Chang,Mathias_Reichhold,Iva_Majoli,Marcus_Gronholm,Jennifer_Connelly,David_Kelley,Padraig_Harrington,Sheila_Copps,Antony_Leung,Pamela_Anderson,Daniel_Day-Lewis,James_Parker,George_Lopez,Sally_Kirkland,Dennis_Kucinich,Leander_Paes
probe/Vaclav_Havel/Vaclav_Havel_0002.jpg,Vaclav_Havel,1,1.0,0.6982187628746033,0.6982187628746033,Vaclav_Havel,Pat_Cox,Trent_Lott,Federico_Trillo,Silvio_Berlusconi,Saddam_Hussein,Kim_Dae-jung,George_Voinovich,Joseph_Estrada,Andrew_Cuomo,Gary_Doer,Arlen_Specter,Albrecht_Mentz,Ronald_Reagan,Spencer_Abraham,Mario_Kreutzberger,Ozzy_Osbourne,Elsa_Zylberstein,Carol_Burnett,Pamela_Anderson,Heizo_Takenaka,Thomas_OBrien,James_Kelly,Kim_Ryong-sung,Tim_Allen,Bill_Frist,Joe_Torre,Inocencio_Arias,Dick_Clark,Franz_Muentefering,Ernie_Fletcher,Eduardo_Duhalde,David_Leahy,Antony_Leung,Hashim_Thaci,Abdullatif_Sener,Jack_Straw,Masum_Turker,Jose_Dirceu,Thomas_Birmingham,Fidel_Castro,Jose_Sarney,Xanana_Gusmao,Brian_Wells,Jimmy_Carter,Nick_Nolte,Larry_Bowa,Munir_Akram,Alan_Ball,Chang_Dae-whan
probe/Valdas_Adamkus/Valdas_Adamkus_0002.jpg,Valdas_Adamkus,1,1.0,0.7531352043151855,0.7531352043151855,Valdas_Adamkus,Jimmy_Carter,Manfred_Stolpe,Warren_Buffett,John_Snow,George_Ryan,John_Timoney,Leszek_Miller,Bob_Hope,Tony_Curtis,James_Traficant,Slobodan_Milosevic,Billy_Graham,Yasar_Yakis,Joseph_Blatter,Rick_Romley,Jay_Garner,Bill_Graham,Joseph_Biden,Bobby_Robson,Gary_Winnick,Boris_Yeltsin,Paul_ONeill,Larry_Lindsey,Billy_Sollie,Lord_Hutton,Charles_Mathews,Ian_McKellen,Dick_Latessa,Justin_Gatlin,Arye_Mekel,Peter_Arnett,Goran_Persson,Peter_Struck,James_Ivory,Jerry_Falwell,Eduardo_Duhalde,John_Rigas,Tom_Craddick,Harry_Kalas,Elvis_Presley,Scott_McClellan,Franz_Muentefering,Anthony_Hopkins,Gordon_Campbell,Francis_Mer,Abel_Pacheco,Hillary_Clinton,GL_Peiris,Chuck_Yeager
probe/Valerie_Harper/Valerie_Harper_0002.jpg,Valerie_Harper,1,1.0,0.7828482389450073,0.7828482389450073,Valerie_Harper,Madonna,Coretta_Scott_King,Carol_Burnett,Lauren_Hutton,Julianne_Moore,Donna_Shalala,Lynne_Cheney,Nancy_Pelosi,Geraldine_Chaplin,Richard_Crenna,Penelope_Ann_Miller,Paula_Zahn,Jeanne_Moreau,Dennis_Kucinich,Maria_Luisa_Mendonca,Cyndi_Thompson,Christine_Ebersole,Melanie_Griffith,Ahmad_Masood,Marina_Anissina,Rita_Moreno,Heidi_Fleiss,Liza_Minnelli,Anibal_Ibarra,Roy_Moore,Rob_Schneider,Patty_Schnyder,Hermann_Maier,Henrique_Meirelles,Robert_Duvall,Monica_Bellucci,Harry_Belafonte,Jose_Serra,Reese_Witherspoon,Barbara_Brezigar,Tom_Crean,Rupert_Grint,David_Nalbandian,Lea_Fastow,Gabriel_Valdes,Warren_Beatty,Shannon_OBrien,Jennifer_Lopez,John_Stallworth,Patricia_Clarkson,Ann_Veneman,Meryl_Streep,Sarah_Jessica_Parker,Paula_Radcliffe
probe/Valery_Giscard_dEstaing/Valery_Giscard_dEstaing_0002.jpg,Valery_Giscard_dEstaing,1,1.0,0.8834725618362427,0.8834725618362427,Valery_Giscard_dEstaing,Ferenc_Madl,Costas_Simitis,James_Ivory,John_Negroponte,Larry_Brown,Luis_Gonzalez_Macchi,Kemal_Dervis,Dick_Cheney,Ralph_Lauren,Bob_Hope,Frank_Lautenberg,John_Snow,Francis_George,Pedro_Malan,Franz_Beckenbauer,Bob_Beauprez,Jorge_Batlle,Arnold_Palmer,Frank_Cassell,Richard_Shelby,Roy_Williams,Guillermo_Ortiz,John_Rigas,Joseph_Blatter,Max_Mayfield,Paul_Patton,Pascal_Lamy,Trent_Lott,Marat_Safin,Patrick_Leahy,Tony_Bennett,Elsa_Zylberstein,Nestor_Kirchner,Paul_ONeill,Gray_Davis,Jose_Serra,Anders_Fogh_Rasmussen,Charles_Mathews,Barry_Alvarez,Augusto_Pinochet,Kim_Jong-Il,Charlton_Heston,Peter_Struck,Donald_Evans,Hans_Eichel,Sandra_Bullock,Silvio_Berlusconi,Michael_Chiklis,Carl_Reiner
probe/Vanessa_Incontrada/Vanessa_Incontrada_0002.jpg,Vanessa_Incontrada,1,1.0,0.8928675055503845,0.8928675055503845,Vanessa_Incontrada,Rita_Wilson,Sandra_Bullock,Mariangel_Ruiz_Torrealba,Daisy_Fuentes,Magui_Serna,Silvia_Farina_Elia,LeAnn_Rimes,Elisabeth_Schumacher,Gloria_Allred,Donatella_Versace,Paul_Pierce,Julie_Gerberding,Cesar_Maia,Celine_Dion,Marisa_Tomei,George_Lopez,Heidi_Fleiss,Latrell_Sprewell,Sue_Wicks,Sophia_Loren,Patricia_Heaton,Guillermo_Coria,Justin_Gatlin,Juanes,Jennifer_Aniston,Paul_Patton,Abdullatif_Sener,Jennifer_Lopez,Richard_Branson,Dave_Campo,Brooke_Shields,Aitor_Gonzalez,Vincent_Brooks,William_Ford_Jr,Amelia_Vega,Roy_Williams,Elizabeth_Taylor,Omar_Sharif,Abdullah_al-Attiyah,Li_Peng,Martha_Burk,Valery_Giscard_dEstaing,Martina_Hingis,Alvaro_Uribe,Bo_Ryan,Adolfo_Rodriguez_Saa,Marat_Safin,Elin_Nordegren,Annette_Bening
probe/Vanessa_Williams/Vanessa_Williams_0002.jpg,Vanessa_Williams,1,1.0,0.6378209590911865,0.6378209590911865,Vanessa_Williams,Kristanna_Loken,Stockard_Channing,Gloria_Macapagal_Arroyo,Christine_Ebersole,Goldie_Hawn,Scott_McNealy,Heidi_Fleiss,Julie_Taymor,Corinne_Coman,George_P_Bush,Liza_Minnelli,Mary_Landrieu,Elizabeth_Taylor,Melanie_Griffith,Saddam_Hussein,Jeanne_Moreau,Angela_Lansbury,Barbara_Walters,Rita_Moreno,William_Ford_Jr,Lily_Tomlin,Boris_Yeltsin,Dolly_Parton,Nelson_Mandela,Duane_Lee_Chapman,Carmen_Electra,Natalie_Maines,Nicanor_Duarte_Frutos,Michael_Ballack,Jimmy_Carter,Coretta_Scott_King,Courtney_Love,Patty_Schnyder,Annette_Bening,Penelope_Ann_Miller,Ann_Veneman,Elizabeth_Smart,Sally_Kirkland,Martina_McBride,Cyndi_Thompson,Jean_Brumley,Christina_Aguilera,Cristina_Fernandez,Richard_Crenna,Leslie_Moonves,Michelle_Yeoh,Hamzah_Haz,Hillary_Clinton,Howard_Smith
probe/Venus_Williams/Venus_Williams_0002.jpg,Venus_Williams,1,1.0,0.8799883127212524,0.8799883127212524,Venus_Williams,Serena_Williams,Eunice_Barber,Mitchell_Daniels,Thabo_Mbeki,Tamara_Brooks,George_Foreman,Guillaume_Soro,Dale_Earnhardt_Jr,Lindsay_Davenport,Tyra_Banks,Guy_Hemmings,Michael_Phelps,Gunter_Pleuger,Mack_Brown,Goran_Persson,Antonio_Banderas,Sam_Bith,Chanda_Rubin,Simon_Cowell,John_McEnroe,Ozzy_Osbourne,John_Stallworth,Ashanti,Iva_Majoli,Jada_Pinkett_Smith,Zoran_Djindjic,John_Allen_Muhammad,Marie-Reine_Le_Gougne,Martha_Burk,Robert_Duvall,Robert_DeFraites,James_Maguire,Robert_Mugabe,Robert_Zoellick,Bill_Nelson,Daniela_Hantuchova,Alexandra_Vodjanikova,Lisa_Gottsegen,Mike_Tyson,Michael_Kostelnik,Kelli_White,Oscar_De_La_Hoya,Sheila_Copps,Andrei_Mikhnevich,Iain_Duncan_Smith,Christian_Wulff,Bill_Simon,Paula_Radcliffe,Gil_de_Ferran
probe/Vicente_Fernandez/Vicente_Fernandez_0002.jpg,Vicente_Fernandez,1,1.0,0.8355369567871094,0.8355369567871094,Vicente_Fernandez,Matt_Doherty,Luciano_Pavarotti,Fidel_Castro,Martin_Scorsese,Lech_Walesa,Saddam_Hussein,Eric_Rosser,Omar_Sharif,Bruce_Weber,Pete_Sampras,Gary_Winnick,Tom_Daschle,Bill_Graham,Robert_Kocharian,John_Snow,Anthony_LaPaglia,Len_Jenoff,John_Abizaid,Mario_Kreutzberger,Jose_Sarney,Sam_Torrance,Robert_Duvall,Nia_Vardalos,Hayley_Tullett,John_Rosa,Luis_Horna,Saparmurat_Niyazov,John_Timoney,Cruz_Bustamante,Hilmi_Ozkok,Mark_Schweiker,Warren_Beatty,Charlton_Heston,Ishaq_Shahryar,David_Trimble,Luis_Figo,Ernesto_Zedillo,Donatella_Versace,Frank_Dunham_Jr,Colin_Jackson,Dick_Clark,Lon_Kruger,Carlos_Mesa,Albert_Costa,William_Bratton,Gunter_Pleuger,Stephen_Friedman,Lauren_Killian,Dan_Wheldon
probe/Vicki_Zhao_Wei/Vicki_Zhao_Wei_0002.jpg,Vicki_Zhao_Wei,1,1.0,0.8621386289596558,0.8621386289596558,Vicki_Zhao_Wei,Michelle_Yeoh,Miyako_Miyazaki,Luiz_Felipe_Scolari,Zhang_Ziyi,Guy_Ritchie,Nestor_Kirchner,Sachiko_Yamada,Kwon_Yang-sook,Francis_Mer,Natalie_Maines,Zarai_Toledo,Alvaro_Noboa,Claire_Danes,Abdel_Nasser_Assidi,Ibrahim_Jaafari,Robert_De_Niro,Eddie_Sutton,Paula_Radcliffe,Abdullah_Gul,Adrian_Nastase,John_Garamendi,Yasser_Arafat,Jesse_Jackson,Alejandro_Avila,Brad_Johnson,Cristina_Fernandez,Amelia_Vega,Jason_Kidd,Mark_Geragos,Takashi_Sorimachi,Grady_Irvin_Jr,Jodie_Foster,Megawati_Sukarnoputri,Fidel_Castro,Chung_Mong-joon,Desiree_Lemosi,Edward_Lu,Fran_Drescher,Richard_Sambrook,Jamling_Norgay,Ozzy_Osbourne,Leland_Chapman,Alejandro_Atchugarry,Elsa_Zylberstein,Mike_Weir,Mikulas_Dzurinda,Marc_Grossman,Lisa_Ling,Barry_Alvarez
probe/Vidar_Helgesen/Vidar_Helgesen_0002.jpg,Vidar_Helgesen,1,1.0,0.7648273706436157,0.7648273706436157,Vidar_Helgesen,Jay_Rasulo,Jason_Alexander,Michael_Chiklis,John_Negroponte,Hipolito_Mejia,GL_Peiris,Marcus_Gronholm,James_Maguire,Slobodan_Milosevic,Guido_Westerwelle,Melanie_Griffith,Scott_Rudin,Dick_Cheney,Tom_Crean,Frank_Solich,Roy_Moore,Rick_Romley,Michael_J_Sheehan,Max_Mayfield,Scott_McClellan,John_Wolf,Paul_Byrd,Costas_Simitis,Larry_Brown,Pamela_Anderson,Nabil_Shaath,Gloria_Macapagal_Arroyo,Brian_Wells,James_Smith,Emmit_Smith,Bertrand_Bonello,Harry_Belafonte,Igor_Ivanov,Ahmad_Masood,Silvan_Shalom,Joe_Torre,Zhang_Ziyi,Jeffrey_Archer,James_Gandolfini,Iain_Duncan_Smith,Martin_Brodeur,Francis_George,Blythe_Hartley,James_Kopp,Mark_Cuban,John_Snow,Prince_Edward,Todd_Haynes,Herb_Sendek
probe/Vince_Carter/Vince_Carter_0002.jpg,Vince_Carter,1,1.0,0.7487953305244446,0.7487953305244446,Vince_Carter,Will_Smith,James_Blake,Larry_Johnson,Grady_Irvin_Jr,Latrell_Sprewell,Jason_Kidd,Alejandro_Toledo,Chris_Rock,John_Allen_Muhammad,Eduardo_Duhalde,Chris_Byrd,Leonard_Hamilton,Jesse_James_Leija,Scott_McClellan,Allen_Iverson,Evander_Holyfield,Leland_Chapman,Kathleen_Kennedy_Townsend,Bill_Gates,Nicanor_Duarte_Frutos,LeBron_James,Lionel_Richie,Kirk_Johnson,Matthew_Perry,James_Butts,Ruben_Studdard,Hillary_Clinton,Paul_Byrd,John_Taylor,Fayssal_Mekdad,Vidar_Helgesen,Madonna,Harry_Schmidt,Jean-Sebastien_Giguere,Gabriel_Batistuta,OJ_Simpson,Kristin_Davis,Mohammad_Khatami,Joseph_Biden,Pete_Sampras,Colin_Jackson,Alison_Lohman,Kenneth_Evans,Jack_Straw,George_Tenet,Juan_Manuel_Marquez,Laila_Ali,Gregory_Hines,Edie_Falco
probe/Vincent_Brooks/Vincent_Brooks_0002.jpg,Vincent_Brooks,1,1.0,0.9323252439498901,0.9323252439498901,Vincent_Brooks,John_Rosa,John_F_Kennedy_Jr,Kenneth_Evans,Sourav_Ganguly,Juan_Pablo_Montoya,Kifah_Ajouri,Doris_Schroeder,Abdullah_Gul,Hamzah_Haz,Goldie_Hawn,Michael_Ballack,Jose_Serra,Hassan_Wirajuda,Joseph_Estrada,Jesse_Jackson,Liza_Minnelli,Oswaldo_Paya,Nicanor_Duarte_Frutos,Rolf_Eckrodt,Carlos_Bianchi,Allison_Janney,Jonathan_Edwards,Anders_Fogh_Rasmussen,Matthew_Perry,Martha_Beatriz_Roque,Natalie_Maines,Jean-David_Levitte,Gerardo_Gambala,Eddy_Merckx,Nicolas_Lapentti,Antonio_Banderas,George_P_Bush,Justin_Leonard,Jack_Straw,Jason_Kidd,Pete_Sampras,Juan_Valencia_Osorio,Marco_Antonio_Barrera,Alex_Barros,Joe_Calzaghe,John_Ruiz,Olesya_Bonabarenko,Darrell_Issa,Stephen_Friedman,Colin_Jackson,Sophia_Loren,Priscilla_Owen,Bud_Selig,Hun_Sen
probe/Vitali_Klitschko/Vitali_Klitschko_0002.jpg,Vitali_Klitschko,1,1.0,0.8204483985900879,0.8204483985900879,Vitali_Klitschko,Emanuel_Ginobili,Vladimir_Putin,David_Coulthard,Jonathan_Edwards,Guillermo_Coria,Yao_Ming,Ron_Dittemore,Stephen_Friedman,Thomas_Rupprath,Jesse_James_Leija,Harry_Schmidt,Yasser_Arafat,James_Franco,Alejandro_Toledo,Brad_Johnson,Freddy_Garcia,Cameron_Diaz,Marco_Antonio_Barrera,Joe_Calzaghe,Manuel_Poggiali,Bud_Selig,Matthew_Perry,Joe_Nichols,Igor_Ivanov,Marat_Safin,David_Bell,Edward_Lu,Bernard_Lord,Aldo_Paredes,Carlos_Manuel_Pruneda,Hun_Sen,Alejandro_Avila,Thaksin_Shinawatra,Jefferson_Perez,Lino_Oviedo,Iban_Mayo,Mark_Warner,Michael_Phelps,Andrei_Mikhnevich,Vincent_Brooks,John_Ruiz,Alvaro_Uribe,Dick_Cheney,Fidel_Castro,Pete_Sampras,Tony_Bennett,John_Abizaid,Ricky_Barnes,Hashim_Thaci
probe/Vladimir_Putin/Vladimir_Putin_0002.jpg,Vladimir_Putin,1,1.0,0.8905037641525269,0.8905037641525269,Vladimir_Putin,Larry_Coker,Frank_Cassell,Geoff_Hoon,Pascal_Lamy,Charlton_Heston,Michael_Douglas,Chuck_Amato,Yasar_Yakis,George_Roy_Hill,Roman_Polanski,Dick_Latessa,Lord_Hutton,Martin_Verkerk,David_Myers,Mitchell_Daniels,Benjamin_Netanyahu,Dwayne_Johnson,Claire_Hentzen,Alvaro_Uribe,John_Banko,James_Cunningham,Shaukat_Aziz,Art_Howe,Chakib_Khelil,John_Abizaid,Emmanuelle_Beart,Lino_Oviedo,Nestor_Kirchner,Bill_Graham,Robert_Kocharian,Arlen_Specter,Igor_Ivanov,Butch_Davis,Ron_Dittemore,Anthony_Fauci,Ahmet_Necdet_Sezer,Franko_Simatovic,Jose_Mourinho,Abel_Pacheco,William_Bratton,Dalai_Lama,Lauren_Hutton,Jonathan_Edwards,James_Maguire,Christopher_Patten,Pedro_Malan,Ricardo_Maduro,Larry_Brown,Gary_Williams
probe/Wang_Yingfan/Wang_Yingfan_0002.jpg,Wang_Yingfan,1,1.0,0.8649928569793701,0.8649928569793701,Wang_Yingfan,Yoko_Ono,Alberto_Fujimori,Kim_Ryong-sung,Li_Peng,Hu_Jintao,Jia_Qinglin,Liu_Mingkang,Gao_Qiang,Lee_Jun,Lee_Hoi-chang,Hichiro_Naemura,Chang_Dae-whan,Sam_Bith,Kim_Jin-sun,Kim_Dae-jung,Hamzah_Haz,Chok_Tong_Goh,Lee_Tae-sik,Flor_Montulo,Thaksin_Shinawatra,Gary_Locke,Mohamed_Benaissa,Albrecht_Mentz,Dalai_Lama,Jong_Thae_Hwa,Heizo_Takenaka,Mitoji_Yabunaka,Chung_Mong-hun,Prince_Naruhito,Kim_Jong-Il,Chen_Liang_Yu,Goh_Kun,Hun_Sen,Megawati_Sukarnoputri,Lim_Dong-won,Shaukat_Aziz,Edward_Lu,Michael_Chang,Eddy_Merckx,Pedro_Malan,Robert_DeFraites,Alejandro_Toledo,Chung_Mong-joon,Sachiko_Yamada,Taufik_Hidayat,Nicanor_Duarte_Frutos,Antony_Leung,Saparmurat_Niyazov,Mike_Miller
probe/Warren_Beatty/Warren_Beatty_0002.jpg,Warren_Beatty,1,1.0,0.8367489576339722,0.8367489576339722,Warren_Beatty,John_Spencer,Ishaq_Shahryar,William_Bratton,Dave_Campo,Costas_Simitis,Dick_Clark,Elizabeth_Smart,Daniel_Day-Lewis,Ron_Howard,Lon_Kruger,Paul_Patton,Matt_Doherty,Charlton_Heston,Marcus_Gronholm,John_Wolf,Mathias_Reichhold,Bill_Nelson,Anders_Fogh_Rasmussen,Frank_Griswold,Nick_Nolte,Bob_Beauprez,Dennis_Powell,OJ_Simpson,Tom_Daschle,Pete_Sampras,Bill_Graham,Stephen_Friedman,Anibal_Ibarra,John_McEnroe,Martin_Scorsese,Gary_Carter,Peter_Hillary,Martin_Verkerk,James_Maguire,Donald_Evans,Hilmi_Ozkok,Doug_Collins,Joseph_Biden,Alvaro_Uribe,Sarah_Jessica_Parker,Hermann_Maier,Vanessa_Incontrada,Omar_Sharif,Vaclav_Havel,Tim_Allen,Fayssal_Mekdad,David_Dodge,Ismail_Merchant,Fidel_Castro
probe/Warren_Buffett/Warren_Buffett_0002.jpg,Warren_Buffett,1,1.0,0.8419467210769653,0.8419467210769653,Warren_Buffett,Jay_Garner,John_Snow,Robert_Bonner,Bernard_Landry,William_Martin,James_Smith,Jimmy_Carter,James_Kopp,Roy_Williams,Nick_Nolte,Hipolito_Mejia,Mike_Price,Bill_Graham,John_Howard,Peter_Struck,Patrick_Leahy,George_Ryan,Manfred_Stolpe,Chuck_Yeager,Larry_Lindsey,Larry_Brown,Franz_Beckenbauer,Alvaro_Noboa,Dick_Cheney,Richard_Gephardt,Joseph_Biden,Tom_Crean,Leszek_Miller,Richie_Adubato,Dave_Campo,Thomas_OBrien,Arye_Mekel,Charles_Mathews,Silvan_Shalom,James_Morris,Jose_Sarney,Billy_Sollie,Max_Mayfield,Anders_Ebbeson,John_Taylor,George_Robertson,David_Trimble,Jose_Dirceu,Howard_Dean,Billy_Graham,Robert_Zoellick,Joe_Torre,Klaus_Zwickel,Michael_J_Sheehan
probe/Wesley_Clark/Wesley_Clark_0002.jpg,Wesley_Clark,1,1.0,0.7733618021011353,0.7733618021011353,Wesley_Clark,Chakib_Khelil,Dennis_Erickson,Michael_Kostelnik,Dick_Latessa,Valdas_Adamkus,Charlton_Heston,John_Manley,Gray_Davis,Roy_Williams,Art_Howe,Tom_Craddick,Nick_Nolte,Vladimir_Putin,Paul_ONeill,John_Abizaid,Lyle_Vanclief,Gary_Williams,Richard_Gephardt,Leszek_Miller,Larry_Brown,Roman_Polanski,Gregg_Popovich,Arnold_Palmer,Christopher_Patten,Frank_Cassell,Dick_Cheney,Zoran_Djindjic,Jack_Straw,Hootie_Johnson,George_Voinovich,Eddie_Sutton,Charles_Mathews,Nestor_Kirchner,Robert_Mueller,Benjamin_Netanyahu,Valery_Giscard_dEstaing,Donald_Evans,Aleksander_Kwasniewski,Chris_Bell,Gary_Carter,Dave_Campo,Shaukat_Aziz,Alejandro_Toledo,Johnny_Carson,Alan_Mulally,Bill_Frist,Leslie_Moonves,Jonathan_Edwards,Tony_Bennett
probe/Will_Smith/Will_Smith_0002.jpg,Will_Smith,1,1.0,0.6832153797149658,0.6832153797149658,Will_Smith,Ruben_Studdard,Larry_Johnson,John_Allen_Muhammad,Emmit_Smith,Byron_Scott,Joe_Dumars,Jason_Kidd,Jesse_Jackson,Chris_Byrd,Dwayne_Johnson,Tom_Cruise,Angelo_Reyes,Dai_Bachtiar,Chris_Tucker,Harvey_Weinstein,Latrell_Sprewell,Kenneth_Evans,Justin_Gatlin,Saeb_Erekat,Darrell_Porter,Anwar_Ibrahim,Serena_Williams,Paul_ONeill,Michael_Douglas,Jay_Garner,James_Blake,Denise_Johnson,Meryl_Streep,Reese_Witherspoon,Charles_Kartman,Leslie_Ann_Woodward,George_Ryan,Grady_Irvin_Jr,Lionel_Richie,Martin_Verkerk,Tyra_Banks,Paul_Pierce,Ron_Dittemore,Dexter_Jackson,John_Stallworth,Carmen_Electra,Amelia_Vega,Elvis_Presley,Vince_Carter,Lisa_Gottsegen,Kirk_Johnson,Joe_Nichols,Juan_Pablo_Montoya,GL_Peiris
probe/William_Bratton/William_Bratton_0002.jpg,William_Bratton,1,1.0,0.8814654350280762,0.8814654350280762,William_Bratton,Chuck_Amato,Emanuel_Ginobili,Anders_Fogh_Rasmussen,Hector_Babenco,Costas_Simitis,Robert_Duvall,Mark_Hamister,Nestor_Kirchner,Robert_Kocharian,Mohammad_Khatami,Gregory_Geoffroy,Pete_Sampras,Vladimir_Putin,Jonathan_Edwards,Iain_Duncan_Smith,Phil_Mickelson,Leon_LaPorte,Charles_Schumer,Guillermo_Ortiz,Mitchell_Daniels,Jim_Furyk,Barry_Alvarez,Gil_de_Ferran,Carlos_Quintanilla_Schmidt,Fayssal_Mekdad,Paul_Pierce,Chris_Bell,Bob_Beauprez,Boris_Berezovsky,John_Negroponte,Ahmet_Necdet_Sezer,Geoff_Hoon,Eunice_Barber,John_McCormack,John_Howard,Martin_Scorsese,Frank_Cassell,Michael_Chang,Cesar_Maia,Alvaro_Uribe,John_McEnroe,Ismail_Merchant,Charlton_Heston,Gao_Qiang,Bernard_Lord,Butch_Davis,Matt_Doherty,Pascal_Lamy,Luiz_Felipe_Scolari
probe/William_Ford_Jr/William_Ford_Jr_0002.jpg,William_Ford_Jr,1,1.0,0.8545572757720947,0.8545572757720947,William_Ford_Jr,Lindsey_Graham,David_Spade,Ilan_Ramon,Thomas_Birmingham,Roy_Moore,Frank_Solich,Howard_Dean,Christopher_Walken,Bob_Colvin,Elsa_Zylberstein,Kevin_Stallings,Lloyd_Ward,Sandra_Bullock,Todd_Haynes,Guy_Hemmings,Igor_Ivanov,Asa_Hutchinson,Alvaro_Noboa,Vaclav_Havel,Larry_Lucchino,Michael_Chang,Kim_Ryong-sung,Bruce_Van_De_Velde,Robert_Zoellick,Gregg_Popovich,Andrew_Bunner,Larry_Lindsey,Martina_McBride,Kenneth_Evans,Brian_Wells,Cristina_Fernandez,Tyler_Hamilton,Gian_Marco,Aron_Ralston,Pedro_Malan,Ann_Veneman,Christopher_Patten,Alan_Ball,Thomas_Fargo,Tim_Allen,Damon_van_Dam,Jesse_Jackson,Richard_Gephardt,Geoff_Hoon,Antony_Leung,Mike_Weir,John_Manley,Juanes,Lou_Piniella
probe/William_Hochul/William_Hochul_0002.jpg,William_Hochul,1,1.0,0.8005150556564331,0.8005150556564331,William_Hochul,Hector_Babenco,Daniel_Day-Lewis,Mathias_Reichhold,Gary_Carter,Alvaro_Uribe,Robert_Duvall,Butch_Davis,John_McEnroe,James_Cunningham,Vladimir_Putin,Geoff_Hoon,William_Martin,Gregory_Geoffroy,Silvio_Berlusconi,Frank_Solich,Ilan_Ramon,Bob_Beauprez,Klaus_Zwickel,Christopher_Walken,Robert_Zoellick,Pascal_Lamy,Iain_Duncan_Smith,David_Dodge,William_Bratton,Robert_DeFraites,Fidel_Castro,Mark_Warner,Doug_Collins,John_Rowland,Pedro_Malan,Silvan_Shalom,Frank_Cassell,Pedro_Solbes,Art_Howe,Larry_Brown,Mike_Weir,Fayssal_Mekdad,Jay_Rasulo,Dick_Cheney,Arlen_Specter,Bernard_Lord,Dave_Campo,James_Maguire,Darrell_Porter,Guy_Hemmings,Scott_McClellan,James_Kopp,Pascal_Quignard,Roy_Williams
probe/William_Martin/William_Martin_0002.jpg,William_Martin,1,1.0,0.8235802054405212,0.8235802054405212,William_Martin,Hipolito_Mejia,Paul_Patton,John_Howard,Pascal_Lamy,Larry_Brown,Chuck_Yeager,Patrick_Leahy,Dave_Campo,James_Kopp,Robert_DeFraites,Bernard_Landry,Franz_Beckenbauer,Johnny_Carson,Jose_Serra,Li_Peng,Robert_Bonner,Jorge_Batlle,Jose_Sarney,Colin_Powell,Roy_Williams,Ernie_Fletcher,Mike_Price,Jay_Rasulo,Manfred_Stolpe,Charlton_Heston,Chok_Tong_Goh,Iain_Duncan_Smith,Tom_Daschle,Silvan_Shalom,Brian_Wells,Rick_Romley,Michael_J_Sheehan,Dalai_Lama,John_McEnroe,John_Snow,GL_Peiris,John_Jumper,Robert_Zoellick,Pedro_Malan,Jeffrey_Archer,George_Karl,Silvio_Berlusconi,Gil_de_Ferran,Cesar_Maia,Bo_Ryan,Cruz_Bustamante,Gabriel_Valdes,Barrett_Jackman,Hans_Eichel
probe/Xanana_Gusmao/Xanana_Gusmao_0002.jpg,Xanana_Gusmao,1,1.0,0.8571422696113586,0.8571422696113586,Xanana_Gusmao,James_McGreevey,Carlos_Manuel_Pruneda,Jonathan_Edwards,Annette_Bening,Gerry_Adams,Jim_Carrey,Mary_Landrieu,Antonio_Banderas,Sally_Kirkland,Carlos_Mesa,Robert_De_Niro,Miguel_Contreras,Frank_Stallone,Edward_James_Olmos,Branko_Crvenkovski,Oscar_De_La_Hoya,Osama_bin_Laden,Omar_Sharif,Carlo_Ancelotti,Inam-ul-Haq,Michel_Temer,Colin_Powell,Carmen_Electra,Brian_Wells,John_Abizaid,Gary_Doer,Johnson_Panjaitan,Juan_Valencia_Osorio,S_Jayakumar,Adolfo_Rodriguez_Saa,Nicanor_Duarte_Frutos,George_Lopez,Amram_Mitzna,Nancy_Pelosi,Dai_Bachtiar,Fidel_Castro,Zoran_Djindjic,Jorge_Castaneda,John_Allen_Muhammad,Tom_Daschle,John_Walsh,Joseph_Estrada,Francis_Ford_Coppola,Pupi_Avati,Alejandro_Avila,Elizabeth_Smart,Anna_Kournikova,GL_Peiris,Juan_Pablo_Montoya
probe/Yao_Ming/Yao_Ming_0002.jpg,Yao_Ming,1,1.0,0.9194455742835999,0.9194455742835999,Yao_Ming,Thaksin_Shinawatra,Hideki_Matsui,Michael_Chang,Mikhail_Youzhny,Freddy_Garcia,David_Coulthard,Sourav_Ganguly,Guillermo_Coria,Nicolas_Lapentti,Kim_Jin-sun,Emanuel_Ginobili,Lou_Piniella,Prince_Naruhito,Eddy_Merckx,Matthew_Perry,Dai_Bachtiar,Heizo_Takenaka,Anna_Kournikova,LeBron_James,Marco_Antonio_Barrera,Julianne_Moore,Brad_Johnson,Hayley_Tullett,Marat_Safin,Candie_Kung,Jia_Qinglin,John_Rosa,Hal_Sutton,Jackie_Chan,Taufik_Hidayat,Serena_Williams,Martina_Hingis,Hannah_Stockbauer,Hun_Sen,Tom_Brady,Lee_Tae-sik,Tony_Curtis,Hu_Jintao,Saparmurat_Niyazov,John_Snow,Vicente_Fernandez,Jonathan_Edwards,Rolf_Eckrodt,Chanda_Rubin,Chung_Mong-hun,John_Manley,Mario_Kreutzberger,Juan_Manuel_Marquez,Justin_Gatlin
probe/Yasar_Yakis/Yasar_Yakis_0002.jpg,Yasar_Yakis,1,1.0,0.8127065896987915,0.8127065896987915,Yasar_Yakis,John_Spencer,Martin_Scorsese,Manfred_Stolpe,Harry_Belafonte,Jose_Serra,Omar_Sharif,Leszek_Miller,Larry_Brown,Jeanne_Moreau,Augusto_Roa_Bastos,Juan_Manuel_Marquez,Dick_Latessa,Billy_Graham,Imad_Moustapha,Art_Howe,GL_Peiris,Paul_ONeill,Abdullah_al-Attiyah,Dick_Clark,John_McCallum,John_Howard,Joe_Torre,Trent_Lott,Ralph_Lauren,Dalai_Lama,Ismail_Merchant,Bijan_Namdar_Zangeneh,Joseph_Biden,Carlos_Bianchi,Francis_Ford_Coppola,Anibal_Ibarra,Johnny_Carson,Charlton_Heston,Stephen_Friedman,Jorge_Batlle,Paul_Patton,Marilyn_Monroe,Daniel_Day-Lewis,Robert_Duvall,Tom_Craddick,Doug_Collins,John_Snow,Cameron_Diaz,Ian_McKellen,Cesar_Maia,Nabil_Shaath,Larry_Coker,Inocencio_Arias,Peter_Arnett
probe/Yasser_Arafat/Yasser_Arafat_0002.jpg,Yasser_Arafat,125,0.008,0.6652964949607849,0.24383610486984253,Abdullah_Gul,Art_Hoffmann,Joseph_Estrada,Alexander_Losyukov,Sandra_Bullock,Georgi_Parvanov,Robert_De_Niro,Paulo_Cesar_Pinheiro,Michel_Temer,Elsa_Zylberstein,Alberto_Ruiz_Gallardon,Joseph_Ralston,Gerry_Adams,Pedro_Solbes,Alvaro_Noboa,Mohammad_Khatami,Mark_Dacey,Alan_Ball,Nestor_Kirchner,Marc_Grossman,Darren_Clarke,Vaclav_Havel,Alexander_Rumyantsev,Jack_Straw,Eddie_Sutton,Oswaldo_Paya,Brian_Cowen,Peter_Harrison,Marwan_Barghouthi,Branko_Crvenkovski,Carlo_Ancelotti,Martha_Burk,Mikulas_Dzurinda,Jose_Sarney,Nicanor_Duarte_Frutos,Igor_Ivanov,Kent_Rominger,Lou_Piniella,Masum_Turker,Jose_Manuel_Durao_Barroso,Abdel_Nasser_Assidi,Xanana_Gusmao,Spencer_Abraham,Boris_Berezovsky,Mohamed_Benaissa,Alejandro_Avila,John_Manley,Fidel_Castro,Jennifer_Reilly,John_Garamendi
probe/Yevgeny_Kafelnikov/Yevgeny_Kafelnikov_0002.jpg,Yevgeny_Kafelnikov,1,1.0,0.7619615793228149,0.7619615793228149,Yevgeny_Kafelnikov,Brad_Johnson,Luis_Figo,Dale_Earnhardt_Jr,Jason_Jennings,Damon_van_Dam,Jim_Furyk,Kirk_Ferentz,Padraig_Harrington,Trent_Lott,Jon_Gruden,Marcus_Gronholm,Tom_Glavine,Jeremy_Shockey,Jan_Ullrich,Bill_Simon,Chris_Bell,Paul_Pierce,David_Nalbandian,Latrell_Sprewell,Robert_Mueller,Gustavo_Kuerten,Chris_Tucker,David_Coulthard,Mikhail_Youzhny,Derek_Lowe,Serena_Williams,Greg_Owen,Mack_Brown,Robert_Zoellick,Richard_Branson,Mike_Babcock,Ian_Thorpe,Felix_Mantilla,John_Manley,Tom_Daschle,David_Heymann,Michael_Kostelnik,Nadia_Petrova,Peter_Bacanovic,Larry_Ellison,Marat_Safin,Lea_Fastow,Celine_Dion,Joe_Dumars,Gary_Carter,Justin_Leonard,Jackie_Chan,Dennis_Erickson,Meryl_Streep
probe/Yoko_Ono/Yoko_Ono_0002.jpg,Yoko_Ono,1,1.0,0.9229323863983154,0.9229323863983154,Yoko_Ono,Hichiro_Naemura,Megawati_Sukarnoputri,Mitoji_Yabunaka,Alberto_Fujimori,Lee_Jun,Li_Peng,Flor_Montulo,Hu_Jintao,Lee_Tae-sik,Kim_Dae-jung,Thaksin_Shinawatra,Annette_Lu,Wang_Yingfan,Kim_Jin-sun,Chen_Liang_Yu,Jong_Thae_Hwa,Chung_Mong-joon,Lee_Hoi-chang,Nancy_Pelosi,Kwon_Yang-sook,Chung_Mong-hun,Jia_Qinglin,Goh_Kun,Hillary_Clinton,Aung_San_Suu_Kyi,Edward_Lu,Hitomi_Soga,Chang_Dae-whan,Heizo_Takenaka,Yukiko_Okudo,Prince_Naruhito,Coretta_Scott_King,Michelle_Yeoh,Michael_Chang,Gao_Qiang,Sam_Bith,Hun_Sen,Kim_Jong-Il,Liu_Mingkang,Sachiko_Yamada,Jorge_Castaneda,Gloria_Macapagal_Arroyo,Benazir_Bhutto,Hamzah_Haz,Ron_Dittemore,Chita_Rivera,Dalai_Lama,Pedro_Malan,Gary_Locke
probe/Yukiko_Okudo/Yukiko_Okudo_0002.jpg,Yukiko_Okudo,4,0.25,0.6014085412025452,0.5823323726654053,Flor_Montulo,Chung_Mong-hun,Sachiko_Yamada,Yukiko_Okudo,Megawati_Sukarnoputri,Yoko_Ono,Gary_Locke,Michael_Chang,Mitoji_Yabunaka,Lee_Hoi-chang,Takashi_Sorimachi,Juan_Valencia_Osorio,Lee_Jun,David_Kelley,Heizo_Takenaka,Martha_Burk,Jackie_Chan,Lily_Tomlin,Hitomi_Soga,George_Lopez,David_Heymann,Coretta_Scott_King,Annette_Lu,Hun_Sen,Chung_Mong-joon,Robert_Zoellick,Wang_Yingfan,Edward_Lu,Michelle_Yeoh,Johnson_Panjaitan,Kim_Dae-jung,Sam_Bith,Geraldine_Chaplin,Desiree_Lemosi,Jong_Thae_Hwa,Taufik_Hidayat,Franco_Dragone,Aung_San_Suu_Kyi,Li_Peng,Bill_Simon,Hu_Jintao,Julianne_Moore,Kathy_Winters,Nora_Bendijo,Prince_Naruhito,Alberto_Fujimori,Jamling_Norgay,George_Pataki,Janica_Kostelic,Alejandro_Toledo
probe/Zarai_Toledo/Zarai_Toledo_0002.jpg,Zarai_Toledo,889,0.0011248593925759281,0.5410038828849792,-0.13338729739189148,Kwon_Yang-sook,Katie_Harman,Hillary_Clinton,Madonna,Sheila_Copps,Jo_Dee_Messina,David_Nalbandian,Benazir_Bhutto,Hamzah_Haz,Hitomi_Soga,Bill_Sizemore,Robert_Kocharian,Alejandro_Toledo,Amanda_Coetzer,Mary_Carey,Ian_Thorpe,Andy_Hebb,Edie_Falco,Boris_Berezovsky,Goldie_Hawn,Bob_Hope,Elizabeth_Dole,Kathleen_Glynn,Stanley_McChrystal,Oscar_De_La_Hoya,Barbara_Walters,Juan_Pablo_Montoya,Lynn_Abraham,Lee_Tae-sik,Brigitte_Boisselier,Martha_Beatriz_Roque,Nia_Vardalos,Chita_Rivera,Lea_Fastow,Priscilla_Presley,Christina_Aguilera,Dorthy_Moxley,Ken_Watanabe,Dolly_Parton,Yoko_Ono,John_Negroponte,Nancy_Reagan,Eric_Hinske,Diana_Taurasi,Laurent_Jalabert,Anna_Kournikova,Michael_Chang,Freddy_Garcia,Jennifer_Lopez,Albert_Costa
probe/Zhang_Ziyi/Zhang_Ziyi_0002.jpg,Zhang_Ziyi,1,1.0,0.6372745633125305,0.6372745633125305,Zhang_Ziyi,Michelle_Yeoh,Miyako_Miyazaki,Vicki_Zhao_Wei,Alexander_Losyukov,Ilan_Ramon,Edward_Lu,Takashi_Sorimachi,Sam_Torrance,Juan_Manuel_Marquez,Robert_Zoellick,Kwon_Yang-sook,Guillermo_Coria,Mike_Weir,James_McGreevey,Megawati_Sukarnoputri,William_Hochul,John_Banko,Stanley_Tong,Jodie_Foster,Carlos_Ghosn,Billy_Sollie,Tom_Cruise,Gunter_Pleuger,Jackie_Chan,Franz_Muentefering,Pascal_Quignard,Geoff_Hoon,Asa_Hutchinson,Frank_Solich,Kosuke_Kitajima,Saddam_Hussein,Robert_Kocharian,Christopher_Patten,Vaclav_Havel,Kemal_Dervis,Raghad_Saddam_Hussein,Mariangel_Ruiz_Torrealba,Sachiko_Yamada,Bill_Graham,Alvaro_Uribe,Abdullatif_Sener,Frances_Fisher,Robert_De_Niro,Ben_Curtis,Cruz_Bustamante,Arnold_Palmer,Kristanna_Loken,Michael_Kostelnik,Hanan_Ashrawi
probe/Zoran_Djindjic/Zoran_Djindjic_0002.jpg,Zoran_Djindjic,1,1.0,0.9095727801322937,0.9095727801322937,Zoran_Djindjic,Lou_Piniella,Carlo_Ancelotti,Brad_Johnson,Darren_Clarke,Aleksander_Kwasniewski,Mack_Brown,Benjamin_Netanyahu,Mario_Dumont,Adrian_Nastase,Iain_Duncan_Smith,Jonathan_Edwards,Peter_Bacanovic,George_Karl,Chris_Bell,Lindsey_Graham,Janet_Thorpe,Butch_Davis,Tony_Curtis,Paul_William_Hurley,Slobodan_Milosevic,Bo_Ryan,Larry_Lindsey,Sam_Bith,Mikhail_Youzhny,Andrei_Mikhnevich,Mikulas_Dzurinda,Diane_Green,John_Manley,Paulo_Cesar_Pinheiro,Tim_Floyd,Gregg_Popovich,Michael_Kostelnik,John_Abizaid,Andrew_Niccol,Tom_Daschle,Yasar_Yakis,Paul_McCartney,Gary_Williams,Guillermo_Coria,Lyle_Vanclief,Bernard_Lord,John_Walsh,James_Traficant,Doris_Roberts,Greg_Ostertag,Tom_Craddick,Judi_Dench,Steve_Spurrier,David_Wolf
