model,condition,probe_relative_path,true_identity,true_identity_rank,reciprocal_rank,rank_1_similarity,true_identity_similarity,rank_1,rank_2,rank_3,rank_4,rank_5,rank_6,rank_7,rank_8,rank_9,rank_10
vggface2,full_image,probe/Aaron_Sorkin/Aaron_Sorkin_0002.jpg,Aaron_Sorkin,1,1.0,0.6113898754119873,0.6113898754119873,Aaron_Sorkin,Bill_Callahan,Tom_Cruise,Peter_Bacanovic,Greg_Rusedski,Justin_Guarini,Ian_Thorpe,Kurt_Russell,Michael_Douglas,Prince_Harry
vggface2,full_image,probe/Abdel_Nasser_Assidi/Abdel_Nasser_Assidi_0002.jpg,Abdel_Nasser_Assidi,1,1.0,0.8998416066169739,0.8998416066169739,Abdel_Nasser_Assidi,Luciano_Pavarotti,Marwan_Barghouthi,Alejandro_Avila,Osama_bin_Laden,Kifah_Ajouri,Bob_Geldof,Colin_Jackson,Mohammad_Khatami,Branko_Crvenkovski
vggface2,full_image,probe/Abdullah/Abdullah_0002.jpg,Abdullah,1,1.0,0.8115003108978271,0.8115003108978271,Abdullah,Albert_Costa,Juan_Pablo_Montoya,Mike_Weir,Robert_Kocharian,Benazir_Bhutto,Arianna_Huffington,Michael_Douglas,Bobby_Goldwater,Alvaro_Uribe
vggface2,full_image,probe/Abdullah_Gul/Abdullah_Gul_0002.jpg,Abdullah_Gul,1,1.0,0.9172232151031494,0.9172232151031494,Abdullah_Gul,Saddam_Hussein,David_Wolf,Alejandro_Avila,Mikulas_Dzurinda,Art_Hoffmann,Marwan_Barghouthi,Pedro_Solbes,Oswaldo_Paya,Robert_De_Niro
vggface2,full_image,probe/Abdullah_al-Attiyah/Abdullah_al-Attiyah_0002.jpg,Abdullah_al-Attiyah,1,1.0,0.770022451877594,0.770022451877594,Abdullah_al-Attiyah,Augusto_Roa_Bastos,Jorge_Batlle,Omar_Sharif,S_Jayakumar,Ralph_Lauren,GL_Peiris,Ismail_Merchant,Saeb_Erekat,Spencer_Abraham
vggface2,full_image,probe/Abdullatif_Sener/Abdullatif_Sener_0002.jpg,Abdullatif_Sener,1,1.0,0.693736732006073,0.693736732006073,Abdullatif_Sener,Robert_De_Niro,Sam_Torrance,Saddam_Hussein,Abdullah_Gul,Alvaro_Uribe,Art_Hoffmann,Edward_James_Olmos,Kent_Rominger,Gerry_Adams
vggface2,full_image,probe/Abel_Pacheco/Abel_Pacheco_0002.jpg,Abel_Pacheco,1,1.0,0.7929486036300659,0.7929486036300659,Abel_Pacheco,Arye_Mekel,Franko_Simatovic,Spencer_Abraham,Jesse_Jackson,Larry_Brown,Bobby_Goldwater,Alvaro_Uribe,Gregory_Geoffroy,Li_Peng
vggface2,full_image,probe/Adam_Scott/Adam_Scott_0002.jpg,Adam_Scott,35,0.02857142857142857,0.658847451210022,0.4090207815170288,Mike_Weir,Marco_Antonio_Barrera,Martina_Hingis,Daniela_Hantuchova,Nadia_Petrova,Anna_Kournikova,Conchita_Martinez,Ben_Curtis,Magui_Serna,Padraig_Harrington
vggface2,full_image,probe/Adolfo_Aguilar_Zinser/Adolfo_Aguilar_Zinser_0002.jpg,Adolfo_Aguilar_Zinser,1,1.0,0.6869751811027527,0.6869751811027527,Adolfo_Aguilar_Zinser,Bill_Gates,Celso_Amorim,Jean-Claude_Juncker,Ian_Thorpe,Tony_Bennett,Georgi_Parvanov,Bill_Sizemore,Paul_McCartney,Mitoji_Yabunaka
vggface2,full_image,probe/Adolfo_Rodriguez_Saa/Adolfo_Rodriguez_Saa_0002.jpg,Adolfo_Rodriguez_Saa,13,0.07692307692307693,0.5536234378814697,0.4382972717285156,Lily_Tomlin,David_Kelley,Heidi_Fleiss,Alejandro_Toledo,Jackie_Chan,Juan_Valencia_Osorio,Frank_Stallone,Johnny_Depp,Ozzy_Osbourne,Tim_Allen
vggface2,full_image,probe/Adrian_McPherson/Adrian_McPherson_0002.jpg,Adrian_McPherson,8,0.125,0.645202100276947,0.505854606628418,LeBron_James,John_Allen_Muhammad,Isaiah_Washington,Anna_Kournikova,Kirk_Johnson,Justin_Gatlin,Chris_Byrd,Adrian_McPherson,John_Stallworth,Alan_Mulally
vggface2,full_image,probe/Adrian_Nastase/Adrian_Nastase_0002.jpg,Adrian_Nastase,1,1.0,0.6414053440093994,0.6414053440093994,Adrian_Nastase,Colin_Powell,Larry_Lindsey,Elin_Nordegren,Saeb_Erekat,Alexandra_Stevenson,Alexander_Losyukov,Nestor_Kirchner,Spencer_Abraham,Alexander_Rumyantsev
vggface2,full_image,probe/Ahmad_Masood/Ahmad_Masood_0002.jpg,Ahmad_Masood,1,1.0,0.6051410436630249,0.6051410436630249,Ahmad_Masood,James_Blake,Todd_Haynes,Denise_Johnson,Jim_Carrey,Kirk_Johnson,Sourav_Ganguly,Jennifer_Lopez,Elijah_Wood,Mark_Heller
vggface2,full_image,probe/Ahmet_Necdet_Sezer/Ahmet_Necdet_Sezer_0002.jpg,Ahmet_Necdet_Sezer,1,1.0,0.7682521939277649,0.7682521939277649,Ahmet_Necdet_Sezer,Silvio_Berlusconi,Igor_Ivanov,Valery_Giscard_dEstaing,John_Negroponte,Benjamin_Netanyahu,Costas_Simitis,Vladimir_Putin,Bob_Hope,Herb_Sendek
vggface2,full_image,probe/Aitor_Gonzalez/Aitor_Gonzalez_0002.jpg,Aitor_Gonzalez,1,1.0,0.8217403292655945,0.8217403292655945,Aitor_Gonzalez,Justin_Leonard,Mike_Weir,Guillermo_Coria,Jim_Furyk,Adam_Scott,Ben_Curtis,Greg_Owen,Padraig_Harrington,Jim_Carrey
vggface2,full_image,probe/Al_Davis/Al_Davis_0002.jpg,Al_Davis,1,1.0,0.6945282220840454,0.6945282220840454,Al_Davis,Peter_Harrison,Vaclav_Havel,Tim_Allen,John_Timoney,Roy_Williams,George_Pataki,George_Robertson,Arlen_Specter,Gary_Carter
vggface2,full_image,probe/Alan_Ball/Alan_Ball_0002.jpg,Alan_Ball,1,1.0,0.9223201274871826,0.9223201274871826,Alan_Ball,Jean-David_Levitte,Steve_Spurrier,Paul_McCartney,Alvaro_Noboa,Joerg_Haider,David_Heymann,David_Leahy,Vaclav_Havel,Tim_Floyd
vggface2,full_image,probe/Alan_Mulally/Alan_Mulally_0002.jpg,Alan_Mulally,1,1.0,0.7491747140884399,0.7491747140884399,Alan_Mulally,George_Pataki,Ron_Howard,Richard_Gephardt,Guido_Westerwelle,James_Kelly,Robert_Zoellick,Ron_Dittemore,William_Ford_Jr,Aron_Ralston
vggface2,full_image,probe/Alastair_Campbell/Alastair_Campbell_0002.jpg,Alastair_Campbell,1,1.0,0.8209539651870728,0.8209539651870728,Alastair_Campbell,Fred_Funk,Paul_McCartney,Tim_Floyd,Bill_Belichick,David_Nalbandian,Prince_Willem-Alexander,Biljana_Plavsic,George_Robertson,Paul_Bremer
vggface2,full_image,probe/Albert_Costa/Albert_Costa_0002.jpg,Albert_Costa,1,1.0,0.8408523201942444,0.8408523201942444,Albert_Costa,Oscar_De_La_Hoya,Demetrius_Ferraciu,Pete_Sampras,Justin_Leonard,Juan_Pablo_Montoya,Silvia_Farina_Elia,Bernardo_Segura,Marat_Safin,Hayley_Tullett
vggface2,full_image,probe/Alberto_Fujimori/Alberto_Fujimori_0002.jpg,Alberto_Fujimori,10,0.1,0.7344411611557007,0.6164813041687012,Lee_Hoi-chang,Kim_Dae-jung,Li_Peng,Miguel_Contreras,Hun_Sen,Alejandro_Toledo,Hu_Jintao,Eduardo_Duhalde,Liu_Mingkang,Alberto_Fujimori
vggface2,full_image,probe/Alberto_Ruiz_Gallardon/Alberto_Ruiz_Gallardon_0002.jpg,Alberto_Ruiz_Gallardon,1,1.0,0.7562832236289978,0.7562832236289978,Alberto_Ruiz_Gallardon,Alvaro_Uribe,Ron_Dittemore,Spencer_Abraham,Munir_Akram,Jack_Straw,Pedro_Malan,Jean-Marc_de_La_Sabliere,Antony_Leung,Larry_Brown
vggface2,full_image,probe/Albrecht_Mentz/Albrecht_Mentz_0002.jpg,Albrecht_Mentz,1,1.0,0.8346620798110962,0.8346620798110962,Albrecht_Mentz,Jack_Straw,Gregory_Geoffroy,Mohamed_Benaissa,Jean-Marc_de_La_Sabliere,Wang_Yingfan,Tom_Craddick,Gerry_Adams,Vaclav_Havel,Jose_Sarney
vggface2,full_image,probe/Aldo_Paredes/Aldo_Paredes_0002.jpg,Aldo_Paredes,2,0.5,0.4955972731113434,0.49034008383750916,Michael_Chang,Aldo_Paredes,Guillermo_Coria,Bernardo_Segura,Taufik_Hidayat,Mike_Miller,Martha_Burk,Elijah_Wood,Kelli_White,Juan_Pablo_Montoya
vggface2,full_image,probe/Alec_Baldwin/Alec_Baldwin_0002.jpg,Alec_Baldwin,1,1.0,0.726233720779419,0.726233720779419,Alec_Baldwin,Jean-David_Levitte,Ronald_Reagan,Abdullatif_Sener,Joerg_Haider,Oswaldo_Paya,Simon_Cowell,Paul_Bremer,Robert_De_Niro,Hashim_Thaci
vggface2,full_image,probe/Alejandro_Atchugarry/Alejandro_Atchugarry_0002.jpg,Alejandro_Atchugarry,1,1.0,0.6556289792060852,0.6556289792060852,Alejandro_Atchugarry,Bob_Beauprez,John_Malkovich,Jason_Kidd,Xanana_Gusmao,Vladimir_Putin,Fidel_Castro,Hector_Babenco,Prince_Edward,Herb_Sendek
vggface2,full_image,probe/Alejandro_Avila/Alejandro_Avila_0002.jpg,Alejandro_Avila,1,1.0,0.6650445461273193,0.6650445461273193,Alejandro_Avila,John_Ruiz,Emanuel_Ginobili,Antonio_Banderas,Oscar_De_La_Hoya,Marco_Antonio_Barrera,Mark_Dacey,Marcelo_Salas,Kifah_Ajouri,Mohammad_Khatami
vggface2,full_image,probe/Alejandro_Toledo/Alejandro_Toledo_0002.jpg,Alejandro_Toledo,1,1.0,0.8199896812438965,0.8199896812438965,Alejandro_Toledo,Lee_Tae-sik,Adolfo_Aguilar_Zinser,Lee_Jun,Mitoji_Yabunaka,Kent_Rominger,Jean-David_Levitte,Tony_Bennett,Eduardo_Duhalde,Bill_Sizemore
vggface2,full_image,probe/Aleksander_Kwasniewski/Aleksander_Kwasniewski_0002.jpg,Aleksander_Kwasniewski,1,1.0,0.7991516590118408,0.7991516590118408,Aleksander_Kwasniewski,Prince_Willem-Alexander,Dave_Campo,Tim_Floyd,Goran_Persson,James_Kelly,Anthony_Hopkins,Roman_Polanski,Paul_McCartney,Vaclav_Havel
vggface2,full_image,probe/Alex_Barros/Alex_Barros_0002.jpg,Alex_Barros,1,1.0,0.5755784511566162,0.5755784511566162,Alex_Barros,Sourav_Ganguly,Abdullah_al-Attiyah,Marco_Antonio_Barrera,Paul_ONeill,Mark_Heller,Justin_Guarini,John_F_Kennedy_Jr,Peter_Struck,John_Negroponte
vggface2,full_image,probe/Alex_Penelas/Alex_Penelas_0002.jpg,Alex_Penelas,1,1.0,0.6970176100730896,0.6970176100730896,Alex_Penelas,Pete_Sampras,Mario_Dumont,Thomas_Fargo,Saparmurat_Niyazov,Luis_Figo,Jose_Theodore,Kiki_Vandeweghe,Antonio_Banderas,Daniel_Day-Lewis
vggface2,full_image,probe/Alexander_Losyukov/Alexander_Losyukov_0002.jpg,Alexander_Losyukov,1,1.0,0.7526675462722778,0.7526675462722778,Alexander_Losyukov,Howard_Dean,Cesar_Maia,Bo_Ryan,Magui_Serna,Paul_William_Hurley,Spencer_Abraham,John_McCallum,Scott_McClellan,Frank_Solich
vggface2,full_image,probe/Alexander_Rumyantsev/Alexander_Rumyantsev_0002.jpg,Alexander_Rumyantsev,1,1.0,0.8205557465553284,0.8205557465553284,Alexander_Rumyantsev,Tony_Bennett,Alexander_Losyukov,Andrew_Bunner,Boris_Berezovsky,Nicanor_Duarte_Frutos,Jack_Straw,Michel_Temer,Joseph_Blatter,Gray_Davis
vggface2,full_image,probe/Alexandra_Stevenson/Alexandra_Stevenson_0002.jpg,Alexandra_Stevenson,1,1.0,0.8364079594612122,0.8364079594612122,Alexandra_Stevenson,Kelli_White,Fabiola_Zuluaga,Chanda_Rubin,Patty_Schnyder,Monica_Seles,Venus_Williams,Paul_Pierce,Megawati_Sukarnoputri,Heidi_Fleiss
vggface2,full_image,probe/Alexandra_Vodjanikova/Alexandra_Vodjanikova_0002.jpg,Alexandra_Vodjanikova,1,1.0,0.6100103855133057,0.6100103855133057,Alexandra_Vodjanikova,Mary_Carey,Brooke_Shields,Mike_Weir,Lindsay_Benko,Geoff_Hoon,Joseph_Ralston,Jennifer_Reilly,Amelia_Vega,Sarah_Jessica_Parker
vggface2,full_image,probe/Ali_Abbas/Ali_Abbas_0002.jpg,Ali_Abbas,1,1.0,0.7743628025054932,0.7743628025054932,Ali_Abbas,Hitomi_Soga,Gloria_Macapagal_Arroyo,Desiree_Lemosi,Intisar_Ajouri,Zarai_Toledo,Anna_Kournikova,Drew_Barrymore,Hamzah_Haz,Spencer_Abraham
vggface2,full_image,probe/Ali_Khamenei/Ali_Khamenei_0002.jpg,Ali_Khamenei,1,1.0,0.9453231692314148,0.9453231692314148,Ali_Khamenei,Sean_Patrick_OMalley,Osama_bin_Laden,Mohammad_Khatami,Inam-ul-Haq,Carlos_Mesa,Francis_Ford_Coppola,Pupi_Avati,Hassan_Nasrallah,Abdullah
vggface2,full_image,probe/Alice_Fisher/Alice_Fisher_0002.jpg,Alice_Fisher,1,1.0,0.910403847694397,0.910403847694397,Alice_Fisher,Blythe_Danner,Shannon_OBrien,Ellen_DeGeneres,Eva_Dimas,Meryl_Streep,Mary_Landrieu,Paula_Radcliffe,Carla_Myers,Carolyn_Dawn_Johnson
vggface2,full_image,probe/Alicia_Silverstone/Alicia_Silverstone_0002.jpg,Alicia_Silverstone,1,1.0,0.5531983375549316,0.5531983375549316,Alicia_Silverstone,Drew_Barrymore,Natalie_Maines,Reese_Witherspoon,Jennifer_Reilly,Natalie_Coughlin,Elin_Nordegren,Cameron_Diaz,Mary_Landrieu,Bridget_Fonda
vggface2,full_image,probe/Alimzhan_Tokhtakhounov/Alimzhan_Tokhtakhounov_0002.jpg,Alimzhan_Tokhtakhounov,1,1.0,0.7339650392532349,0.7339650392532349,Alimzhan_Tokhtakhounov,Prince_Naruhito,Edward_Lu,Kim_Ryong-sung,Alejandro_Toledo,Jamling_Norgay,Nicanor_Duarte_Frutos,Jia_Qinglin,Eduardo_Duhalde,Hu_Jintao
vggface2,full_image,probe/Alison_Lohman/Alison_Lohman_0002.jpg,Alison_Lohman,1,1.0,0.5954803228378296,0.5954803228378296,Alison_Lohman,Isabelle_Huppert,Charlotte_Rampling,Dominik_Garcia-Lorido,Kathleen_Kennedy_Townsend,Cristina_Fernandez,Meryl_Streep,Elijah_Wood,Barbara_Walters,Daryl_Hannah
vggface2,full_image,probe/Allen_Iverson/Allen_Iverson_0002.jpg,Allen_Iverson,1,1.0,0.8933968544006348,0.8933968544006348,Allen_Iverson,Charles_Kartman,Juan_Pablo_Montoya,Augustin_Calleri,Anwar_Ibrahim,Anna_Kournikova,John_Allen_Muhammad,Bill_Gates,Lionel_Richie,Byron_Scott
vggface2,full_image,probe/Allison_Janney/Allison_Janney_0002.jpg,Allison_Janney,1,1.0,0.6576858758926392,0.6576858758926392,Allison_Janney,Goldie_Hawn,Carmen_Electra,Hillary_Clinton,Madonna,Maggie_Smith,Patti_Labelle,Katie_Harman,Sophia_Loren,Vanessa_Williams
vggface2,full_image,probe/Alvaro_Noboa/Alvaro_Noboa_0002.jpg,Alvaro_Noboa,1,1.0,0.6925255060195923,0.6925255060195923,Alvaro_Noboa,Arye_Mekel,Jay_Rasulo,Robin_Cook,Luiz_Felipe_Scolari,Abel_Pacheco,Bob_Hope,Jesse_Jackson,Spencer_Abraham,Billy_Sollie
vggface2,full_image,probe/Alvaro_Uribe/Alvaro_Uribe_0002.jpg,Alvaro_Uribe,1,1.0,0.7548420429229736,0.7548420429229736,Alvaro_Uribe,Fayssal_Mekdad,Li_Peng,William_Hochul,Jean-Marc_de_La_Sabliere,Masum_Turker,Bobby_Goldwater,Carlos_Quintanilla_Schmidt,Silvan_Shalom,Matthew_Perry
vggface2,full_image,probe/Amanda_Beard/Amanda_Beard_0002.jpg,Amanda_Beard,1,1.0,0.8631845712661743,0.8631845712661743,Amanda_Beard,Natalie_Coughlin,Eve_Pelletier,Chanda_Rubin,Silvia_Farina_Elia,Lina_Krasnoroutskaya,Claire_Hentzen,Charlie_Zaa,Reese_Witherspoon,Keira_Knightley
vggface2,full_image,probe/Amanda_Coetzer/Amanda_Coetzer_0002.jpg,Amanda_Coetzer,1,1.0,0.8275103569030762,0.8275103569030762,Amanda_Coetzer,Anna_Kournikova,Amanda_Beard,Raghad_Saddam_Hussein,Natalie_Coughlin,Lina_Krasnoroutskaya,Patty_Schnyder,Diana_Taurasi,Martha_Bowen,Monica_Seles
vggface2,full_image,probe/Amber_Tamblyn/Amber_Tamblyn_0002.jpg,Amber_Tamblyn,1,1.0,0.7545731067657471,0.7545731067657471,Amber_Tamblyn,Cyndi_Thompson,Jessica_Lynch,Lindsay_Davenport,Marina_Anissina,Jean_Brumley,Jennifer_Reilly,Penelope_Ann_Miller,Rita_Wilson,Julianne_Moore
vggface2,full_image,probe/Amelia_Vega/Amelia_Vega_0002.jpg,Amelia_Vega,1,1.0,0.8678953051567078,0.8678953051567078,Amelia_Vega,Kristin_Davis,Heidi_Fleiss,Tim_Allen,Jennifer_Connelly,Ashanti,Dolma_Tsering,George_Robertson,Paul_Pierce,Sarah_Jessica_Parker
vggface2,full_image,probe/Amram_Mitzna/Amram_Mitzna_0002.jpg,Amram_Mitzna,1,1.0,0.9025841951370239,0.9025841951370239,Amram_Mitzna,Carlos_Mesa,Gerry_Adams,Mohammad_Khatami,Steven_Spielberg,Robert_De_Niro,Osama_bin_Laden,Ali_Khamenei,Miroljub,Pupi_Avati
vggface2,full_image,probe/Anders_Ebbeson/Anders_Ebbeson_0002.jpg,Anders_Ebbeson,1,1.0,0.8050798177719116,0.8050798177719116,Anders_Ebbeson,Richard_Gephardt,Charlton_Heston,Dennis_Erickson,George_Voinovich,Costas_Simitis,Gray_Davis,Jimmy_Carter,Larry_Lindsey,Stellan_Skarsgard
vggface2,full_image,probe/Anders_Fogh_Rasmussen/Anders_Fogh_Rasmussen_0002.jpg,Anders_Fogh_Rasmussen,1,1.0,0.766467273235321,0.766467273235321,Anders_Fogh_Rasmussen,Bill_Callahan,Saparmurat_Niyazov,Antonio_Banderas,Eddy_Merckx,Carlos_Quintanilla_Schmidt,Gary_Forsee,Mathias_Reichhold,James_McGreevey,Li_Peng
vggface2,full_image,probe/Andrei_Mikhnevich/Andrei_Mikhnevich_0002.jpg,Andrei_Mikhnevich,1,1.0,0.8364084959030151,0.8364084959030151,Andrei_Mikhnevich,Brad_Johnson,Chris_Bell,Michael_Phelps,Abdullah_Gul,Mike_Babcock,Mark_Dacey,Bill_Parcells,Jamie_Villafane,Jan_Ullrich
vggface2,full_image,probe/Andrew_Bunner/Andrew_Bunner_0002.jpg,Andrew_Bunner,5,0.2,0.6118842363357544,0.569240391254425,Michael_Ballack,Michael_Phelps,Brian_Cowen,Andrei_Mikhnevich,Andrew_Bunner,Luke_Walton,Jean-Sebastien_Giguere,Jamie_Villafane,Richard_Krajicek,Vincent_Brooks
vggface2,full_image,probe/Andrew_Cuomo/Andrew_Cuomo_0002.jpg,Andrew_Cuomo,10,0.1,0.6311060190200806,0.5326460599899292,Alan_Mulally,Guido_Westerwelle,Tom_Crean,Federico_Trillo,James_Kelly,Andrew_Bunner,Leslie_Moonves,Bill_Simon,Bill_Frist,Andrew_Cuomo
vggface2,full_image,probe/Andrew_Niccol/Andrew_Niccol_0002.jpg,Andrew_Niccol,1,1.0,0.7200888395309448,0.7200888395309448,Andrew_Niccol,Mikhail_Kasyanov,Alec_Baldwin,Steve_Spurrier,Jeffrey_Scott_Postell,Spencer_Abraham,John_Manley,Alvaro_Uribe,Christopher_Walken,Roman_Polanski
vggface2,full_image,probe/Andy_Hebb/Andy_Hebb_0002.jpg,Andy_Hebb,1,1.0,0.7121674418449402,0.7121674418449402,Andy_Hebb,Brad_Johnson,David_Heymann,Mike_Babcock,Augustin_Calleri,Mark_Cuban,Franco_Dragone,John_Rosa,Bill_Frist,Federico_Trillo
vggface2,full_image,probe/Angela_Lansbury/Angela_Lansbury_0002.jpg,Angela_Lansbury,1,1.0,0.677321195602417,0.677321195602417,Angela_Lansbury,Jean_Brumley,Melanie_Griffith,Lynne_Cheney,Sheila_Copps,Gro_Harlem_Brundtland,Karin_Stoiber,Jeanne_Moreau,Joan_Claybrook,Lynn_Abraham
vggface2,full_image,probe/Angelo_Reyes/Angelo_Reyes_0002.jpg,Angelo_Reyes,1,1.0,0.8302149176597595,0.8302149176597595,Angelo_Reyes,Spencer_Abraham,Hun_Sen,Ali_Abbas,Miguel_Contreras,Dai_Bachtiar,GL_Peiris,Jong_Thae_Hwa,Sam_Bith,Jesse_Jackson
vggface2,full_image,probe/Anibal_Ibarra/Anibal_Ibarra_0002.jpg,Anibal_Ibarra,1,1.0,0.7586076259613037,0.7586076259613037,Anibal_Ibarra,Jackie_Chan,OJ_Simpson,Gabriel_Valdes,Dick_Clark,Eduardo_Duhalde,Larry_Lucchino,Joe_Mantello,Kim_Ryong-sung,Ilan_Ramon
vggface2,full_image,probe/Ann_Veneman/Ann_Veneman_0002.jpg,Ann_Veneman,1,1.0,0.821808934211731,0.821808934211731,Ann_Veneman,Biljana_Plavsic,Hitomi_Soga,Martha_Burk,Sharon_Frey,Jolanta_Kwasniewski,Eva_Dimas,Claire_Leger,Helen_Clark,Paul_McNulty
vggface2,full_image,probe/Anna_Kournikova/Anna_Kournikova_0002.jpg,Anna_Kournikova,1,1.0,0.6047444939613342,0.6047444939613342,Anna_Kournikova,Mariah_Carey,Katie_Harman,Lindsay_Benko,Ann_Veneman,Natalie_Coughlin,Melanie_Griffith,Lisa_Raymond,Martina_Hingis,Amanda_Coetzer
vggface2,full_image,probe/Anna_Nicole_Smith/Anna_Nicole_Smith_0002.jpg,Anna_Nicole_Smith,3,0.3333333333333333,0.536649227142334,0.48150455951690674,Elin_Nordegren,Reese_Witherspoon,Anna_Nicole_Smith,Angela_Lansbury,John_McCallum,Natalie_Maines,Liza_Minnelli,Elizabeth_Smart,Carolyn_Dawn_Johnson,Kristanna_Loken
vggface2,full_image,probe/Anneli_Jaatteenmaki/Anneli_Jaatteenmaki_0002.jpg,Anneli_Jaatteenmaki,1,1.0,0.6318503618240356,0.6318503618240356,Anneli_Jaatteenmaki,Nancy_Pelosi,Gloria_Allred,Jane_Kaczmarek,Nestor_Kirchner,Christine_Gregoire,Julie_Gerberding,Lynne_Cheney,Margaret_Thatcher,Jean_Carnahan
vggface2,full_image,probe/Annette_Bening/Annette_Bening_0002.jpg,Annette_Bening,1,1.0,0.7901546955108643,0.7901546955108643,Annette_Bening,Elizabeth_Smart,Tammy_Lynn_Michaels,Christine_Gregoire,Betsy_Smith,Natalie_Coughlin,Mary_Landrieu,Kate_Capshaw,Eva_Dimas,Drew_Barrymore
vggface2,full_image,probe/Annette_Lu/Annette_Lu_0002.jpg,Annette_Lu,1,1.0,0.7880991101264954,0.7880991101264954,Annette_Lu,Megawati_Sukarnoputri,Kim_Jong-Il,Gloria_Macapagal_Arroyo,Hitomi_Soga,Kim_Jin-sun,Edward_Lu,Flor_Montulo,Thaksin_Shinawatra,Li_Peng
vggface2,full_image,probe/Anthony_Fauci/Anthony_Fauci_0002.jpg,Anthony_Fauci,1,1.0,0.8459159135818481,0.8459159135818481,Anthony_Fauci,Jack_Straw,Vitali_Klitschko,Bill_Simon,John_Abizaid,Charles_Kartman,Gary_Williams,Jonathan_Edwards,Jean-David_Levitte,Zoran_Djindjic
vggface2,full_image,probe/Anthony_Hopkins/Anthony_Hopkins_0002.jpg,Anthony_Hopkins,1,1.0,0.65880286693573,0.65880286693573,Anthony_Hopkins,James_Ivory,Richard_Norton-Taylor,John_Snow,Bob_Hope,Goran_Persson,Billy_Graham,Dennis_Kozlowski,Robert_Bonner,John_Rigas
vggface2,full_image,probe/Anthony_LaPaglia/Anthony_LaPaglia_0002.jpg,Anthony_LaPaglia,1,1.0,0.8031295537948608,0.8031295537948608,Anthony_LaPaglia,Eduardo_Duhalde,Bernard_Lord,Alvaro_Uribe,Nestor_Kirchner,Chuck_Amato,Ben_Curtis,Jorge_Valdano,Jimmy_Kimmel,Abdullatif_Sener
vggface2,full_image,probe/Antonio_Banderas/Antonio_Banderas_0002.jpg,Antonio_Banderas,1,1.0,0.844151496887207,0.844151496887207,Antonio_Banderas,Gerry_Adams,Mario_Dumont,Anders_Fogh_Rasmussen,Luis_Figo,Vitali_Klitschko,John_F_Kennedy_Jr,Oscar_De_La_Hoya,Marco_Antonio_Barrera,Abdullah_Gul
vggface2,full_image,probe/Antony_Leung/Antony_Leung_0002.jpg,Antony_Leung,1,1.0,0.8139182329177856,0.8139182329177856,Antony_Leung,Hun_Sen,Jong_Thae_Hwa,Pedro_Malan,Hu_Jintao,Li_Peng,Annette_Lu,Chang_Dae-whan,Kim_Jong-Il,Chung_Mong-joon
vggface2,full_image,probe/Anwar_Ibrahim/Anwar_Ibrahim_0002.jpg,Anwar_Ibrahim,1,1.0,0.6553283333778381,0.6553283333778381,Anwar_Ibrahim,Dai_Bachtiar,Antony_Leung,Hu_Jintao,Hun_Sen,Christopher_Walken,Pedro_Malan,Brian_Wells,Jong_Thae_Hwa,James_Maguire
vggface2,full_image,probe/Arantxa_Sanchez-Vicario/Arantxa_Sanchez-Vicario_0002.jpg,Arantxa_Sanchez-Vicario,1,1.0,0.7394208908081055,0.7394208908081055,Arantxa_Sanchez-Vicario,Kurt_Busch,Marlene_Weingartner,Bode_Miller,Justin_Leonard,Paula_Radcliffe,Stacy_Dragila,Blythe_Hartley,Iban_Mayo,Silvia_Farina_Elia
vggface2,full_image,probe/Arianna_Huffington/Arianna_Huffington_0002.jpg,Arianna_Huffington,1,1.0,0.7127353549003601,0.7127353549003601,Arianna_Huffington,Nia_Vardalos,Nancy_Pelosi,Helen_Clark,Celine_Dion,Sheila_Copps,George_Robertson,John_Garamendi,Hillary_Clinton,Judy_Genshaft
vggface2,full_image,probe/Arlen_Specter/Arlen_Specter_0002.jpg,Arlen_Specter,1,1.0,0.6957479119300842,0.6957479119300842,Arlen_Specter,Eduardo_Duhalde,Bill_Frist,Nestor_Kirchner,Vaclav_Havel,Silvio_Berlusconi,Geoff_Hoon,Thomas_OBrien,Gerard_Depardieu,Jorge_Valdano
vggface2,full_image,probe/Arnaud_Clement/Arnaud_Clement_0002.jpg,Arnaud_Clement,1,1.0,0.5671988725662231,0.5671988725662231,Arnaud_Clement,Jason_Jennings,Adam_Scott,Mike_Weir,David_Bell,Juan_Pablo_Montoya,Dale_Earnhardt_Jr,Greg_Owen,Mikhail_Youzhny,Jon_Gruden
vggface2,full_image,probe/Arnold_Palmer/Arnold_Palmer_0002.jpg,Arnold_Palmer,1,1.0,0.7579432725906372,0.7579432725906372,Arnold_Palmer,Paul_ONeill,Goran_Persson,George_Karl,Gregg_Popovich,Roy_Williams,George_Voinovich,Rick_Romley,Robert_Bonner,James_Kelly
vggface2,full_image,probe/Aron_Ralston/Aron_Ralston_0002.jpg,Aron_Ralston,1,1.0,0.6666598320007324,0.6666598320007324,Aron_Ralston,Ron_Howard,Bill_Frist,David_Caraway,Jan_Ullrich,Prince_Harry,Boris_Becker,Roy_Moore,Yevgeny_Kafelnikov,Iban_Mayo
vggface2,full_image,probe/Arsinee_Khanjian/Arsinee_Khanjian_0002.jpg,Arsinee_Khanjian,1,1.0,0.6202125549316406,0.6202125549316406,Arsinee_Khanjian,Emily_Robison,Costas_Simitis,Valery_Giscard_dEstaing,Pascal_Lamy,Larry_Brown,Charlotte_Rampling,Carlos_Bianchi,Dick_Cheney,Marisa_Tomei
vggface2,full_image,probe/Art_Hoffmann/Art_Hoffmann_0002.jpg,Art_Hoffmann,1,1.0,0.9074022769927979,0.9074022769927979,Art_Hoffmann,Robert_De_Niro,Alec_Baldwin,Abdullah_Gul,Pedro_Solbes,Johnny_Depp,Mohammad_Khatami,Jimmy_Kimmel,Bashar_Assad,Gary_Carter
vggface2,full_image,probe/Art_Howe/Art_Howe_0002.jpg,Art_Howe,1,1.0,0.8446125984191895,0.8446125984191895,Art_Howe,Leslie_Moonves,Vladimir_Putin,Jack_Straw,Robert_Duvall,Mitchell_Daniels,William_Bratton,Frank_Cassell,Bill_Simon,Michael_Douglas
vggface2,full_image,probe/Arye_Mekel/Arye_Mekel_0002.jpg,Arye_Mekel,1,1.0,0.8426765203475952,0.8426765203475952,Arye_Mekel,Chok_Tong_Goh,Larry_Brown,Paul_ONeill,Abel_Pacheco,Patrick_Leahy,John_McCormack,Ferenc_Madl,George_Brumley,Nasser_al-Kidwa
vggface2,full_image,probe/Asa_Hutchinson/Asa_Hutchinson_0002.jpg,Asa_Hutchinson,10,0.1,0.7097359895706177,0.5300581455230713,Geoff_Hoon,Robert_Zoellick,David_Spade,Franz_Muentefering,Mitchell_Daniels,Valdas_Adamkus,Gary_Doer,Vaclav_Havel,Kevin_Spacey,Asa_Hutchinson
vggface2,full_image,probe/Ashanti/Ashanti_0002.jpg,Ashanti,1,1.0,0.804970920085907,0.804970920085907,Ashanti,Jada_Pinkett_Smith,Nora_Bendijo,Chanda_Rubin,Eunice_Barber,Vanessa_Williams,Serena_Williams,Venus_Williams,Laila_Ali,Lindsay_Davenport
vggface2,full_image,probe/Augustin_Calleri/Augustin_Calleri_0002.jpg,Augustin_Calleri,1,1.0,0.7049587965011597,0.7049587965011597,Augustin_Calleri,Jim_Carrey,Oscar_De_La_Hoya,Jean-Sebastien_Giguere,James_Blake,Pete_Sampras,Leander_Paes,Albert_Costa,Jude_Law,Greg_Rusedski
vggface2,full_image,probe/Augusto_Pinochet/Augusto_Pinochet_0002.jpg,Augusto_Pinochet,1,1.0,0.9116326570510864,0.9116326570510864,Augusto_Pinochet,Jimmy_Carter,Dennis_Kozlowski,Frank_Cassell,George_Ryan,Bob_Hope,Ishaq_Shahryar,Nelson_Mandela,Richard_Gephardt,George_Pataki
vggface2,full_image,probe/Augusto_Roa_Bastos/Augusto_Roa_Bastos_0002.jpg,Augusto_Roa_Bastos,2,0.5,0.6410955190658569,0.594468355178833,Ishaq_Shahryar,Augusto_Roa_Bastos,Rick_Romley,Max_Mayfield,Frank_Cassell,James_Ivory,Bobby_Robson,Carl_Reiner,Dino_de_Laurentis,Yasar_Yakis
vggface2,full_image,probe/Aung_San_Suu_Kyi/Aung_San_Suu_Kyi_0002.jpg,Aung_San_Suu_Kyi,1,1.0,0.8317427039146423,0.8317427039146423,Aung_San_Suu_Kyi,Kosuke_Kitajima,Hisao_Oguchi,Yukiko_Okudo,George_Lopez,Julio_Iglesias_Jr,Takashi_Sorimachi,Liu_Mingkang,Stanley_Tong,Heizo_Takenaka
vggface2,full_image,probe/Barbara_Brezigar/Barbara_Brezigar_0002.jpg,Barbara_Brezigar,2,0.5,0.616784393787384,0.6104950308799744,Kathleen_Kennedy_Townsend,Barbara_Brezigar,Dennis_Kucinich,Nancy_Pelosi,Sarah_Jessica_Parker,Alejandro_Toledo,Al_Davis,Mathias_Reichhold,Tim_Allen,Lauren_Killian
vggface2,full_image,probe/Barbara_Walters/Barbara_Walters_0002.jpg,Barbara_Walters,1,1.0,0.849753201007843,0.849753201007843,Barbara_Walters,Sally_Kirkland,Raquel_Welch,Hillary_Clinton,Jeanne_Moreau,Karin_Stoiber,Cristina_Saralegui,Nancy_Pelosi,Daryl_Hannah,Goldie_Hawn
vggface2,full_image,probe/Barbra_Streisand/Barbra_Streisand_0002.jpg,Barbra_Streisand,1,1.0,0.7504924535751343,0.7504924535751343,Barbra_Streisand,Paula_Radcliffe,Courtney_Love,Patricia_Clarkson,Olivia_Newton-John,Michelle_Pfeiffer,Pamela_Anderson,Sheila_Wellstone,Bridget_Fonda,Celine_Dion
vggface2,full_image,probe/Barrett_Jackman/Barrett_Jackman_0002.jpg,Barrett_Jackman,1,1.0,0.8970571756362915,0.8970571756362915,Barrett_Jackman,Luis_Horna,Daniel_Day-Lewis,Guillermo_Coria,Mike_Weir,Eric_Rosser,Matt_Doherty,Pascal_Quignard,Robert_Bonner,Greg_Rusedski
vggface2,full_image,probe/Barry_Alvarez/Barry_Alvarez_0002.jpg,Barry_Alvarez,1,1.0,0.7806558012962341,0.7806558012962341,Barry_Alvarez,John_Negroponte,Iain_Duncan_Smith,Frank_Lautenberg,Frank_Cassell,Valery_Giscard_dEstaing,Francis_George,Dick_Cheney,David_Dodge,Leszek_Miller
vggface2,full_image,probe/Barry_Zito/Barry_Zito_0002.jpg,Barry_Zito,134,0.007462686567164179,0.617571234703064,0.24079716205596924,Phil_Mickelson,Tom_Glavine,Bode_Miller,Justine_Henin,Roy_Moore,Padraig_Harrington,Gian_Marco,Mike_Weir,Kurt_Busch,Lou_Piniella
vggface2,full_image,probe/Bashar_Assad/Bashar_Assad_0002.jpg,Bashar_Assad,1,1.0,0.7223187685012817,0.7223187685012817,Bashar_Assad,Abdullah_Gul,Jamie_Villafane,Paul_Bremer,Emanuel_Ginobili,Vincent_Brooks,Rich_Gannon,Pete_Sampras,Zoran_Djindjic,Peter_Harrison
vggface2,full_image,probe/Begum_Khaleda_Zia/Begum_Khaleda_Zia_0002.jpg,Begum_Khaleda_Zia,3,0.3333333333333333,0.6429343819618225,0.6337142586708069,Intisar_Ajouri,Ann_Veneman,Begum_Khaleda_Zia,Annette_Lu,Gloria_Macapagal_Arroyo,Hannah_Stockbauer,Hitomi_Soga,Hanan_Ashrawi,Megawati_Sukarnoputri,Angelo_Reyes
vggface2,full_image,probe/Ben_Curtis/Ben_Curtis_0002.jpg,Ben_Curtis,1,1.0,0.6573277711868286,0.6573277711868286,Ben_Curtis,Jim_Furyk,Carlos_Quintanilla_Schmidt,Justin_Leonard,Mike_Weir,Kurt_Busch,Guillermo_Coria,Peter_Harrison,Howard_Dean,Phil_Mickelson
vggface2,full_image,probe/Ben_Glisan/Ben_Glisan_0002.jpg,Ben_Glisan,1,1.0,0.7503766417503357,0.7503766417503357,Ben_Glisan,Mario_Dumont,Padraig_Harrington,Jean-David_Levitte,Robert_DeFraites,Gerry_Adams,Joe_Gatti,Abdullah_Gul,Robert_Bonner,Thomas_Fargo
vggface2,full_image,probe/Benazir_Bhutto/Benazir_Bhutto_0002.jpg,Benazir_Bhutto,1,1.0,0.8173625469207764,0.8173625469207764,Benazir_Bhutto,Nancy_Pelosi,Elsa_Zylberstein,Marissa_Jaret_Winokur,Gianna_Angelopoulos-Daskalaki,Christine_Gregoire,Hanan_Ashrawi,Flavia_Delaroli,Jennifer_Aniston,Lauren_Killian
vggface2,full_image,probe/Benjamin_Netanyahu/Benjamin_Netanyahu_0002.jpg,Benjamin_Netanyahu,1,1.0,0.6878959536552429,0.6878959536552429,Benjamin_Netanyahu,Roy_Williams,Max_Mayfield,Iain_Duncan_Smith,Hector_Babenco,Rick_Romley,Slobodan_Milosevic,Zoran_Djindjic,Luis_Gonzalez_Macchi,Igor_Ivanov
vggface2,full_image,probe/Bernard_Landry/Bernard_Landry_0002.jpg,Bernard_Landry,1,1.0,0.7756627798080444,0.7756627798080444,Bernard_Landry,Dick_Cheney,Richie_Adubato,Max_Mayfield,Peter_Struck,Richard_Norton-Taylor,Joseph_Deiss,James_Smith,David_Dodge,George_Brumley
vggface2,full_image,probe/Bernard_Lord/Bernard_Lord_0002.jpg,Bernard_Lord,2,0.5,0.6469781398773193,0.5955625772476196,Alvaro_Uribe,Bernard_Lord,Emanuel_Ginobili,Inocencio_Arias,Fayssal_Mekdad,Paul_Bremer,Abdullatif_Sener,Bashar_Assad,Mark_Dacey,Chuck_Amato
vggface2,full_image,probe/Bernardo_Segura/Bernardo_Segura_0002.jpg,Bernardo_Segura,1,1.0,0.6953732967376709,0.6953732967376709,Bernardo_Segura,Vincent_Brooks,Albert_Costa,Oscar_De_La_Hoya,Pete_Sampras,Nicolas_Lapentti,Augustin_Calleri,Manuel_Poggiali,George_P_Bush,Guillermo_Coria
vggface2,full_image,probe/Bertrand_Bonello/Bertrand_Bonello_0002.jpg,Bertrand_Bonello,1,1.0,0.739996075630188,0.739996075630188,Bertrand_Bonello,Ian_Thorpe,Noah_Wyle,Brad_Johnson,Alejandro_Toledo,Prince_Harry,Brendan_Hansen,Tim_Allen,Tom_Glavine,Robbie_Fowler
vggface2,full_image,probe/Beth_Jones/Beth_Jones_0002.jpg,Beth_Jones,16,0.0625,0.7227038145065308,0.4725764989852905,Lindsay_Davenport,Mariah_Carey,Karen_Mok,Eve_Pelletier,Iva_Majoli,Mariangel_Ruiz_Torrealba,Taufik_Hidayat,Rob_Schneider,Corinne_Coman,Jamling_Norgay
vggface2,full_image,probe/Betsy_Smith/Betsy_Smith_0002.jpg,Betsy_Smith,1,1.0,0.7177441120147705,0.7177441120147705,Betsy_Smith,Mary_Landrieu,Michelle_Pfeiffer,Annette_Bening,Lynne_Cheney,Natalie_Maines,Sally_Kirkland,Paula_Zahn,Augustin_Calleri,Christine_Gregoire
vggface2,full_image,probe/Bijan_Namdar_Zangeneh/Bijan_Namdar_Zangeneh_0002.jpg,Bijan_Namdar_Zangeneh,1,1.0,0.8509963750839233,0.8509963750839233,Bijan_Namdar_Zangeneh,Jose_Serra,Henrique_Meirelles,Leszek_Miller,Peter_Arnett,John_Negroponte,Costas_Simitis,Nabil_Shaath,Yasar_Yakis,Joe_Torre
vggface2,full_image,probe/Biljana_Plavsic/Biljana_Plavsic_0002.jpg,Biljana_Plavsic,1,1.0,0.9274858832359314,0.9274858832359314,Biljana_Plavsic,Gro_Harlem_Brundtland,Jean_Brumley,Ann_Veneman,Martha_Burk,Sheila_Wellstone,Jean-David_Levitte,Herta_Daeubler-Gmelin,Judi_Dench,Donna_Shalala
vggface2,full_image,probe/Bill_Belichick/Bill_Belichick_0002.jpg,Bill_Belichick,1,1.0,0.5783362984657288,0.5783362984657288,Bill_Belichick,Gerard_Depardieu,Paul_Bremer,Alvaro_Uribe,Jorge_Valdano,Jorge_Rodolfo_Canicoba_Corral,Eduardo_Duhalde,Paul_McCartney,Joe_Torre,Bill_Graham
vggface2,full_image,probe/Bill_Callahan/Bill_Callahan_0002.jpg,Bill_Callahan,1,1.0,0.8100966215133667,0.8100966215133667,Bill_Callahan,Joseph_Ralston,Garry_Trudeau,Antonio_Banderas,Mike_Babcock,Simon_Cowell,Brad_Johnson,Ricky_Ponting,Saparmurat_Niyazov,Paul_McNulty
vggface2,full_image,probe/Bill_Frist/Bill_Frist_0002.jpg,Bill_Frist,1,1.0,0.6835793256759644,0.6835793256759644,Bill_Frist,Mikhail_Kasyanov,Arlen_Specter,Bill_Gates,John_Jumper,Kirk_Ferentz,Paul_McCartney,Tom_Daschle,Anders_Ebbeson,Jon_Gruden
vggface2,full_image,probe/Bill_Gates/Bill_Gates_0002.jpg,Bill_Gates,1,1.0,0.7865002155303955,0.7865002155303955,Bill_Gates,Brian_Cowen,Frank_Dunham_Jr,Charles_Kartman,Jean-Claude_Juncker,Fred_Eckhard,Jose_Manuel_Durao_Barroso,David_Trimble,Tom_Daschle,Adolfo_Aguilar_Zinser
vggface2,full_image,probe/Bill_Graham/Bill_Graham_0002.jpg,Bill_Graham,1,1.0,0.8285395503044128,0.8285395503044128,Bill_Graham,Franz_Beckenbauer,Stephen_Friedman,Larry_Coker,William_Martin,Klaus_Zwickel,Robert_Duvall,Bob_Beauprez,Mike_Price,Leszek_Miller
vggface2,full_image,probe/Bill_Nelson/Bill_Nelson_0002.jpg,Bill_Nelson,1,1.0,0.7485285997390747,0.7485285997390747,Bill_Nelson,James_Kelly,Nick_Nolte,Tom_Daschle,David_Kelley,Thomas_Fargo,John_Timoney,Lyle_Vanclief,Bruce_Van_De_Velde,Roy_Moore
vggface2,full_image,probe/Bill_Parcells/Bill_Parcells_0002.jpg,Bill_Parcells,1,1.0,0.645754873752594,0.645754873752594,Bill_Parcells,Gray_Davis,John_Manley,Yevgeny_Kafelnikov,James_Kelly,Aron_Ralston,Bill_Belichick,Scott_McNealy,Steve_Spurrier,Vaclav_Havel
vggface2,full_image,probe/Bill_Simon/Bill_Simon_0002.jpg,Bill_Simon,1,1.0,0.9191346168518066,0.9191346168518066,Bill_Simon,David_Heymann,Geno_Auriemma,Bill_Gates,Celso_Amorim,Paul_Bremer,Brian_Cowen,Paul_McNulty,Mario_Dumont,Marcelo_Salas
vggface2,full_image,probe/Bill_Sizemore/Bill_Sizemore_0002.jpg,Bill_Sizemore,1,1.0,0.7992780208587646,0.7992780208587646,Bill_Sizemore,Michael_Douglas,Alejandro_Toledo,Bill_Gates,Andy_Hebb,Brad_Johnson,Adolfo_Aguilar_Zinser,Jean-Claude_Juncker,Gerry_Parsky,Damon_van_Dam
vggface2,full_image,probe/Billy_Graham/Billy_Graham_0002.jpg,Billy_Graham,4,0.25,0.6891175508499146,0.6089600324630737,John_Rigas,Bill_Graham,Klaus_Zwickel,Billy_Graham,Michael_Chiklis,John_Snow,Bob_Hope,Slobodan_Milosevic,Dennis_Kozlowski,James_Ivory
vggface2,full_image,probe/Billy_Sollie/Billy_Sollie_0002.jpg,Billy_Sollie,1,1.0,0.8133184909820557,0.8133184909820557,Billy_Sollie,Richard_Sambrook,Al_Davis,James_Schultz,Robert_Zoellick,David_Trimble,Colin_Powell,Patrice_Chereau,Howard_Smith,Darren_Clarke
vggface2,full_image,probe/Blythe_Danner/Blythe_Danner_0002.jpg,Blythe_Danner,2,0.5,0.5905412435531616,0.5355089902877808,Debra_Brown,Blythe_Danner,Carolyn_Dawn_Johnson,Mary_Landrieu,Alicia_Silverstone,Rita_Wilson,Natalie_Maines,Cameron_Diaz,Jennifer_Aniston,Sally_Kirkland
vggface2,full_image,probe/Blythe_Hartley/Blythe_Hartley_0002.jpg,Blythe_Hartley,1,1.0,0.7490801811218262,0.7490801811218262,Blythe_Hartley,Marlene_Weingartner,Diana_Taurasi,Patty_Schnyder,Jennifer_Thompson,Lina_Krasnoroutskaya,Lindsay_Davenport,Lisa_Raymond,Mary_Carey,Venus_Williams
vggface2,full_image,probe/Bo_Pelini/Bo_Pelini_0002.jpg,Bo_Pelini,1,1.0,0.8064008951187134,0.8064008951187134,Bo_Pelini,Jim_Furyk,Jim_Harrick,John_Brady,Justin_Leonard,Tom_Crean,John_Kerry,Yevgeny_Kafelnikov,Greg_Rusedski,Roy_Moore
vggface2,full_image,probe/Bo_Ryan/Bo_Ryan_0002.jpg,Bo_Ryan,1,1.0,0.8486688137054443,0.8486688137054443,Bo_Ryan,Nick_Nolte,Frank_Solich,Johnny_Carson,Charlton_Heston,Gregg_Popovich,John_Spencer,Roy_Williams,John_Abizaid,Bob_Beauprez
vggface2,full_image,probe/Bob_Beauprez/Bob_Beauprez_0002.jpg,Bob_Beauprez,1,1.0,0.7778934240341187,0.7778934240341187,Bob_Beauprez,Donald_Evans,Costas_Simitis,Pascal_Lamy,Frank_Lautenberg,Pascal_Quignard,Jason_Alexander,Thomas_Fargo,Alejandro_Atchugarry,Robert_Zoellick
vggface2,full_image,probe/Bob_Colvin/Bob_Colvin_0002.jpg,Bob_Colvin,1,1.0,0.8333803415298462,0.8333803415298462,Bob_Colvin,James_McGreevey,Elijah_Wood,Juan_Pablo_Montoya,Christian_Fittipaldi,Justin_Leonard,Pete_Sampras,Federico_Trillo,Mark_Cuban,Iain_Duncan_Smith
vggface2,full_image,probe/Bob_Geldof/Bob_Geldof_0002.jpg,Bob_Geldof,1,1.0,0.5296522974967957,0.5296522974967957,Bob_Geldof,David_Spade,Alan_Mulally,William_Ford_Jr,Gray_Davis,Robbie_Fowler,Mark_Warner,Mikhail_Kasyanov,Christopher_Walken,James_McGreevey
vggface2,full_image,probe/Bob_Hope/Bob_Hope_0002.jpg,Bob_Hope,1,1.0,0.7622077465057373,0.7622077465057373,Bob_Hope,John_Snow,Joseph_Blatter,Costas_Simitis,Gary_Winnick,Doug_Duncan,Igor_Ivanov,Leszek_Miller,Bill_Frist,Dick_Clark
vggface2,full_image,probe/Bobby_Goldwater/Bobby_Goldwater_0002.jpg,Bobby_Goldwater,1,1.0,0.8794148564338684,0.8794148564338684,Bobby_Goldwater,Pedro_Malan,Antony_Leung,George_Robertson,Alvaro_Uribe,Jorge_Valdano,Tom_Crean,William_Hochul,Bill_Gates,Gerry_Parsky
vggface2,full_image,probe/Bobby_Robson/Bobby_Robson_0002.jpg,Bobby_Robson,1,1.0,0.8471105098724365,0.8471105098724365,Bobby_Robson,Boris_Yeltsin,Jay_Garner,Augusto_Roa_Bastos,Anthony_Hopkins,Lynn_Abraham,Billy_Graham,Chakib_Khelil,Paul_ONeill,Yasar_Yakis
vggface2,full_image,probe/Bode_Miller/Bode_Miller_0002.jpg,Bode_Miller,1,1.0,0.708265483379364,0.708265483379364,Bode_Miller,Tom_Glavine,Dale_Earnhardt_Jr,Jason_Lezak,Greg_Owen,Howard_Schultz,Kurt_Busch,Robbie_Fowler,David_Bell,Iban_Mayo
vggface2,full_image,probe/Boris_Becker/Boris_Becker_0002.jpg,Boris_Becker,1,1.0,0.85357266664505,0.85357266664505,Boris_Becker,David_Nalbandian,Fred_Funk,Scott_McNealy,Stanley_McChrystal,Tony_Bennett,Carlo_Ancelotti,Jean-Claude_Braquet,Roman_Polanski,Ron_Howard
vggface2,full_image,probe/Boris_Berezovsky/Boris_Berezovsky_0002.jpg,Boris_Berezovsky,1,1.0,0.7717517018318176,0.7717517018318176,Boris_Berezovsky,Mohammad_Khatami,Silvan_Shalom,Howard_Dean,Hector_Babenco,Silvio_Berlusconi,Igor_Ivanov,Joseph_Biden,Iain_Duncan_Smith,Kevin_Spacey
vggface2,full_image,probe/Boris_Yeltsin/Boris_Yeltsin_0002.jpg,Boris_Yeltsin,1,1.0,0.6942808628082275,0.6942808628082275,Boris_Yeltsin,Tony_Curtis,Jimmy_Carter,Bobby_Robson,Jay_Garner,Bob_Hope,Larry_Lindsey,James_Ivory,Eddie_Sutton,Lyle_Vanclief
vggface2,full_image,probe/Brad_Johnson/Brad_Johnson_0002.jpg,Brad_Johnson,1,1.0,0.681303858757019,0.681303858757019,Brad_Johnson,Darren_Clarke,Bernard_Lord,Jimmy_Kimmel,Peter_Harrison,Sean_Astin,Jeffrey_Scott_Postell,Kenneth_Evans,Bill_Gates,Mikhail_Kasyanov
vggface2,full_image,probe/Branko_Crvenkovski/Branko_Crvenkovski_0002.jpg,Branko_Crvenkovski,1,1.0,0.7883144021034241,0.7883144021034241,Branko_Crvenkovski,Robert_De_Niro,James_McGreevey,Abdullah_Gul,Mohammad_Khatami,Art_Hoffmann,Kim_Ryong-sung,Robert_Mueller,Francis_Ford_Coppola,Eduardo_Duhalde
vggface2,full_image,probe/Brendan_Hansen/Brendan_Hansen_0002.jpg,Brendan_Hansen,1,1.0,0.7157310843467712,0.7157310843467712,Brendan_Hansen,Richard_Krajicek,Greg_Rusedski,Ian_Thorpe,John_Brady,David_Bell,Prince_Harry,Gian_Marco,Martin_Verkerk,David_Nalbandian
vggface2,full_image,probe/Brian_Cowen/Brian_Cowen_0002.jpg,Brian_Cowen,1,1.0,0.8258906602859497,0.8258906602859497,Brian_Cowen,Oswaldo_Paya,Paul_Bremer,Tim_Floyd,Bill_Gates,Steve_Spurrier,Jean-Claude_Juncker,Todd_Haynes,Georgi_Parvanov,Lawrence_MacAulay
vggface2,full_image,probe/Brian_Griese/Brian_Griese_0002.jpg,Brian_Griese,1,1.0,0.8182983994483948,0.8182983994483948,Brian_Griese,Gian_Marco,Howard_Schultz,Padraig_Harrington,Jim_Carrey,William_Ford_Jr,Justin_Leonard,Bo_Pelini,Roy_Moore,Natalie_Coughlin
vggface2,full_image,probe/Brian_Heidik/Brian_Heidik_0002.jpg,Brian_Heidik,6,0.16666666666666666,0.5634459257125854,0.5188450813293457,Brendan_Hansen,Peter_Bacanovic,Prince_Harry,William_Ford_Jr,David_Bell,Brian_Heidik,Steve_Waugh,Monica_Seles,Gustavo_Kuerten,Martin_Brodeur
vggface2,full_image,probe/Brian_Mulroney/Brian_Mulroney_0002.jpg,Brian_Mulroney,1,1.0,0.7511250972747803,0.7511250972747803,Brian_Mulroney,Carl_Reiner,Peter_Harrison,Howard_Dean,James_Morris,Alexander_Losyukov,Max_Mayfield,Slobodan_Milosevic,Peter_Arnett,Rick_Romley
vggface2,full_image,probe/Brian_Wells/Brian_Wells_0002.jpg,Brian_Wells,17,0.058823529411764705,0.6192494630813599,0.5094371438026428,David_Trimble,William_Ford_Jr,Tom_Daschle,Scott_McNealy,James_Kopp,Bill_Gates,Lawrence_MacAulay,Robert_Zoellick,John_Blaney,George_Robertson
vggface2,full_image,probe/Bridget_Fonda/Bridget_Fonda_0002.jpg,Bridget_Fonda,1,1.0,0.7196323275566101,0.7196323275566101,Bridget_Fonda,Rita_Wilson,Jennifer_Aniston,Barbra_Streisand,Kathy_Winters,Maria_Luisa_Mendonca,Natalie_Maines,Emily_Robison,Annette_Bening,Emma_Thompson
vggface2,full_image,probe/Brigitte_Boisselier/Brigitte_Boisselier_0002.jpg,Brigitte_Boisselier,1,1.0,0.7601052522659302,0.7601052522659302,Brigitte_Boisselier,Fayssal_Mekdad,Meryl_Streep,Elizabeth_Dole,Len_Jenoff,Steven_Spielberg,Barbara_Walters,Madonna,Jessica_Lange,Jose_Viegas_Filho
vggface2,full_image,probe/Brooke_Shields/Brooke_Shields_0002.jpg,Brooke_Shields,1,1.0,0.653240442276001,0.653240442276001,Brooke_Shields,Jennifer_Connelly,Alexandra_Vodjanikova,Lauren_Killian,Bridget_Fonda,Juanes,Arsinee_Khanjian,John_Howard,Art_Hoffmann,Gray_Davis
vggface2,full_image,probe/Bruce_Van_De_Velde/Bruce_Van_De_Velde_0002.jpg,Bruce_Van_De_Velde,1,1.0,0.8214651346206665,0.8214651346206665,Bruce_Van_De_Velde,Gregg_Popovich,James_Schultz,Richard_Gephardt,David_Caraway,Boris_Becker,Ron_Howard,John_Jumper,Darren_Clarke,Jeffrey_Immelt
vggface2,full_image,probe/Bruce_Weber/Bruce_Weber_0002.jpg,Bruce_Weber,1,1.0,0.7043493986129761,0.7043493986129761,Bruce_Weber,Mikhail_Kasyanov,John_Abizaid,Rich_Gannon,Bill_Frist,John_Jumper,Howard_Dean,Prince_Willem-Alexander,John_McEnroe,Fred_Eckhard
vggface2,full_image,probe/Bud_Selig/Bud_Selig_0002.jpg,Bud_Selig,1,1.0,0.7195359468460083,0.7195359468460083,Bud_Selig,David_Leahy,David_Trimble,Bill_Gates,George_Voinovich,Roman_Polanski,Franz_Muentefering,Paul_McCartney,Jean-David_Levitte,Trent_Lott
vggface2,full_image,probe/Butch_Davis/Butch_Davis_0002.jpg,Butch_Davis,2,0.5,0.6908022165298462,0.6760843992233276,Geoff_Hoon,Butch_Davis,Francis_Mer,Gerry_Parsky,Eduardo_Duhalde,Michael_Douglas,Paul_McCartney,Jorge_Valdano,Jeffrey_Scott_Postell,Bernard_Lord
vggface2,full_image,probe/Byron_Scott/Byron_Scott_0002.jpg,Byron_Scott,1,1.0,0.6719934940338135,0.6719934940338135,Byron_Scott,John_Stallworth,Serena_Williams,James_Butts,Jason_Kidd,Emmit_Smith,Patrick_Ewing,Gunter_Pleuger,Harry_Belafonte,Evander_Holyfield
vggface2,full_image,probe/Cameron_Diaz/Cameron_Diaz_0002.jpg,Cameron_Diaz,1,1.0,0.695406436920166,0.695406436920166,Cameron_Diaz,Claire_Danes,Sarah_Jessica_Parker,Anna_Kournikova,Elizabeth_Smart,Jennifer_Aniston,Sandra_Bullock,Reese_Witherspoon,Hillary_Clinton,Julianne_Moore
vggface2,full_image,probe/Camilla_Parker_Bowles/Camilla_Parker_Bowles_0002.jpg,Camilla_Parker_Bowles,1,1.0,0.8204455375671387,0.8204455375671387,Camilla_Parker_Bowles,Sheila_Wellstone,Sally_Kirkland,Dick_Vermeil,Jane_Pauley,Gary_Carter,Carolyn_Dawn_Johnson,Meryl_Streep,Doris_Roberts,Celine_Dion
vggface2,full_image,probe/Candie_Kung/Candie_Kung_0002.jpg,Candie_Kung,1,1.0,0.8168960213661194,0.8168960213661194,Candie_Kung,Martina_Hingis,Zhang_Ziyi,Sachiko_Yamada,Jennifer_Rodriguez,Flor_Montulo,Chung_Mong-joon,Lisa_Ling,Tomoko_Hagiwara,Heizo_Takenaka
vggface2,full_image,probe/Carl_Reiner/Carl_Reiner_0002.jpg,Carl_Reiner,1,1.0,0.6749516725540161,0.6749516725540161,Carl_Reiner,Larry_Coker,Gunter_Pleuger,Dick_Cheney,Peter_Greenaway,Gregg_Popovich,James_Morris,Robert_Duvall,Ishaq_Shahryar,Thomas_OBrien
vggface2,full_image,probe/Carla_Myers/Carla_Myers_0002.jpg,Carla_Myers,1,1.0,0.6367922425270081,0.6367922425270081,Carla_Myers,Sharon_Frey,Christine_Gregoire,Gloria_Allred,Ann_Veneman,Bill_Simon,Geraldine_Chaplin,Judy_Genshaft,Rita_Wilson,Claire_Leger
vggface2,full_image,probe/Carlo_Ancelotti/Carlo_Ancelotti_0002.jpg,Carlo_Ancelotti,1,1.0,0.7627063989639282,0.7627063989639282,Carlo_Ancelotti,Nicanor_Duarte_Frutos,Brad_Johnson,Darren_Clarke,Jean-Claude_Braquet,Franco_Dragone,Eric_Clapton,Joseph_Ralston,Andy_Hebb,Zoran_Djindjic
vggface2,full_image,probe/Carlos_Bianchi/Carlos_Bianchi_0002.jpg,Carlos_Bianchi,1,1.0,0.6446530818939209,0.6446530818939209,Carlos_Bianchi,Nabil_Shaath,John_Howard,Vladimir_Putin,Dick_Cheney,Paul_ONeill,Mitchell_Daniels,Larry_Brown,Henrique_Meirelles,Paul_Patton
vggface2,full_image,probe/Carlos_Ghosn/Carlos_Ghosn_0002.jpg,Carlos_Ghosn,1,1.0,0.7799350023269653,0.7799350023269653,Carlos_Ghosn,Bob_Geldof,Silvan_Shalom,Robert_Kocharian,Alexander_Losyukov,Nestor_Kirchner,Fidel_Castro,Boris_Berezovsky,Li_Peng,Carlos_Quintanilla_Schmidt
vggface2,full_image,probe/Carlos_Manuel_Pruneda/Carlos_Manuel_Pruneda_0002.jpg,Carlos_Manuel_Pruneda,1,1.0,0.6932877898216248,0.6932877898216248,Carlos_Manuel_Pruneda,Ben_Curtis,James_Franco,Sean_Penn,Conchita_Martinez,Guillermo_Coria,Robert_De_Niro,Marat_Safin,Barry_Zito,Jose_Theodore
vggface2,full_image,probe/Carlos_Mesa/Carlos_Mesa_0002.jpg,Carlos_Mesa,1,1.0,0.7986094951629639,0.7986094951629639,Carlos_Mesa,Fidel_Castro,Vicente_Fernandez,Osama_bin_Laden,Amram_Mitzna,Robert_De_Niro,Xanana_Gusmao,Mohammad_Khatami,Abdullah,Sam_Torrance
vggface2,full_image,probe/Carlos_Quintanilla_Schmidt/Carlos_Quintanilla_Schmidt_0002.jpg,Carlos_Quintanilla_Schmidt,1,1.0,0.7985640168190002,0.7985640168190002,Carlos_Quintanilla_Schmidt,Carlos_Ghosn,Li_Peng,Anders_Fogh_Rasmussen,Hilmi_Ozkok,Bob_Geldof,Leander_Paes,Alejandro_Toledo,William_Bratton,Robert_Mugabe
vggface2,full_image,probe/Carmen_Electra/Carmen_Electra_0002.jpg,Carmen_Electra,1,1.0,0.6980953812599182,0.6980953812599182,Carmen_Electra,Claire_Danes,Daisy_Fuentes,Abdullah_Gul,LeAnn_Rimes,Nadine_Vinzens,Vanessa_Incontrada,Jennifer_Lopez,Joe_Dumars,Celine_Dion
vggface2,full_image,probe/Carol_Burnett/Carol_Burnett_0002.jpg,Carol_Burnett,1,1.0,0.8240807056427002,0.8240807056427002,Carol_Burnett,Frances_Fisher,Ann_Veneman,Jane_Kaczmarek,Geraldine_Chaplin,Mary_Tyler_Moore,Maggie_Smith,Martha_Burk,Judy_Genshaft,Nancy_Pelosi
vggface2,full_image,probe/Carol_Moseley_Braun/Carol_Moseley_Braun_0002.jpg,Carol_Moseley_Braun,1,1.0,0.7375086545944214,0.7375086545944214,Carol_Moseley_Braun,Alejandro_Toledo,Flor_Montulo,Lindsay_Davenport,Tracee_Ellis_Ross,Jamling_Norgay,Chung_Mong-joon,Edward_Lu,Rob_Schneider,Dolma_Tsering
vggface2,full_image,probe/Carolina_Moraes/Carolina_Moraes_0002.jpg,Carolina_Moraes,1,1.0,0.825424075126648,0.825424075126648,Carolina_Moraes,Natalie_Coughlin,Jennifer_Aniston,Diana_Taurasi,Silvia_Farina_Elia,Iva_Majoli,Mary_Carey,Martina_Hingis,Nadia_Petrova,Benazir_Bhutto
vggface2,full_image,probe/Carolyn_Dawn_Johnson/Carolyn_Dawn_Johnson_0002.jpg,Carolyn_Dawn_Johnson,1,1.0,0.8566442728042603,0.8566442728042603,Carolyn_Dawn_Johnson,Celine_Dion,Carmen_Electra,Jennifer_Aniston,Alicia_Silverstone,Julianne_Moore,LeAnn_Rimes,Tammy_Lynn_Michaels,Blythe_Danner,Elin_Nordegren
vggface2,full_image,probe/Carson_Daly/Carson_Daly_0002.jpg,Carson_Daly,1,1.0,0.6230558156967163,0.6230558156967163,Carson_Daly,James_McGreevey,Scott_McClellan,Mike_Weir,Alvaro_Uribe,Anthony_LaPaglia,Nicanor_Duarte_Frutos,Abdullatif_Sener,Li_Peng,John_Rowland
vggface2,full_image,probe/Cathy_Freeman/Cathy_Freeman_0002.jpg,Cathy_Freeman,1,1.0,0.7566303014755249,0.7566303014755249,Cathy_Freeman,Kelli_White,Patty_Schnyder,Lindsay_Davenport,Chanda_Rubin,Alexandra_Stevenson,Laila_Ali,Denise_Johnson,Taufik_Hidayat,John_Allen_Muhammad
vggface2,full_image,probe/Celine_Dion/Celine_Dion_0002.jpg,Celine_Dion,1,1.0,0.7486609816551208,0.7486609816551208,Celine_Dion,Rita_Wilson,Vanessa_Incontrada,Patricia_Heaton,Gianna_Angelopoulos-Daskalaki,Julianne_Moore,Nia_Vardalos,Emily_Robison,Hannah_Stockbauer,Nancy_Pelosi
vggface2,full_image,probe/Celso_Amorim/Celso_Amorim_0002.jpg,Celso_Amorim,3,0.3333333333333333,0.6295746564865112,0.5281134843826294,Ali_Khamenei,Gerry_Adams,Celso_Amorim,Steven_Spielberg,Charles_Kartman,Sean_Patrick_OMalley,Brian_Cowen,Inam-ul-Haq,Li_Peng,Diane_Green
vggface2,full_image,probe/Cesar_Maia/Cesar_Maia_0002.jpg,Cesar_Maia,15,0.06666666666666667,0.5520241260528564,0.4262797236442566,Costas_Simitis,Arlen_Specter,Boris_Berezovsky,Bill_Graham,Robert_Kocharian,Chakib_Khelil,Howard_Dean,Vladimir_Putin,Eddie_Sutton,William_Bratton
vggface2,full_image,probe/Chakib_Khelil/Chakib_Khelil_0002.jpg,Chakib_Khelil,1,1.0,0.6916624307632446,0.6916624307632446,Chakib_Khelil,Mitchell_Daniels,George_Roy_Hill,Wesley_Clark,Vladimir_Putin,Dick_Cheney,Larry_Coker,Jack_Straw,Richard_Crenna,Dennis_Erickson
vggface2,full_image,probe/Chanda_Rubin/Chanda_Rubin_0002.jpg,Chanda_Rubin,1,1.0,0.824089765548706,0.824089765548706,Chanda_Rubin,Eunice_Barber,Kelli_White,Laila_Ali,Tamara_Brooks,Cathy_Freeman,Denise_Johnson,Patty_Schnyder,Venus_Williams,Alexandra_Stevenson
vggface2,full_image,probe/Chang_Dae-whan/Chang_Dae-whan_0002.jpg,Chang_Dae-whan,1,1.0,0.8010127544403076,0.8010127544403076,Chang_Dae-whan,Antony_Leung,Jong_Thae_Hwa,Hu_Jintao,Hichiro_Naemura,Li_Peng,Lee_Tae-sik,Kim_Dae-jung,Prince_Naruhito,Chen_Liang_Yu
vggface2,full_image,probe/Charles_Grassley/Charles_Grassley_0002.jpg,Charles_Grassley,11,0.09090909090909091,0.5773947238922119,0.4913426637649536,Costas_Simitis,Bob_Hope,Gary_Carter,Howard_Dean,Anders_Ebbeson,Tim_Allen,Vaclav_Havel,Valery_Giscard_dEstaing,Gabriel_Valdes,Thomas_Fargo
vggface2,full_image,probe/Charles_Kartman/Charles_Kartman_0002.jpg,Charles_Kartman,32,0.03125,0.5588024854660034,0.3952462673187256,Li_Peng,Alvaro_Uribe,Liu_Mingkang,Fayssal_Mekdad,Alec_Baldwin,Bill_Gates,Hu_Jintao,Paul_Bremer,Oswaldo_Paya,Trent_Lott
vggface2,full_image,probe/Charles_Mathews/Charles_Mathews_0002.jpg,Charles_Mathews,1,1.0,0.7179021835327148,0.7179021835327148,Charles_Mathews,Boris_Yeltsin,Joseph_Blatter,Chakib_Khelil,Colin_Powell,Christopher_Patten,Valery_Giscard_dEstaing,Kemal_Dervis,Valdas_Adamkus,Ralph_Lauren
vggface2,full_image,probe/Charles_Schumer/Charles_Schumer_0002.jpg,Charles_Schumer,4,0.25,0.6328957080841064,0.5176569223403931,Cesar_Maia,Bob_Hope,Alexander_Losyukov,Charles_Schumer,Billy_Sollie,Hans_Eichel,Robert_Duvall,Silvio_Berlusconi,Anders_Ebbeson,Costas_Simitis
vggface2,full_image,probe/Charlie_Zaa/Charlie_Zaa_0002.jpg,Charlie_Zaa,2,0.5,0.5815051794052124,0.5140861868858337,Kalpana_Chawla,Charlie_Zaa,Lindsay_Davenport,Christina_Aguilera,Ashanti,Cathy_Freeman,Nicanor_Duarte_Frutos,Todd_Haynes,Alexandra_Stevenson,John_Allen_Muhammad
vggface2,full_image,probe/Charlotte_Rampling/Charlotte_Rampling_0002.jpg,Charlotte_Rampling,10,0.1,0.5422455668449402,0.42489171028137207,Anneli_Jaatteenmaki,Isabelle_Huppert,Alison_Lohman,Kathleen_Kennedy_Townsend,Yoko_Ono,Ellen_Engleman,Elizabeth_Dole,Eva_Dimas,Hillary_Clinton,Charlotte_Rampling
vggface2,full_image,probe/Charlton_Heston/Charlton_Heston_0002.jpg,Charlton_Heston,1,1.0,0.8296397924423218,0.8296397924423218,Charlton_Heston,Bill_Frist,Ralph_Lauren,Chuck_Yeager,Gil_de_Ferran,Nick_Nolte,Gray_Davis,Valery_Giscard_dEstaing,Franz_Beckenbauer,Charles_Grassley
vggface2,full_image,probe/Chen_Liang_Yu/Chen_Liang_Yu_0002.jpg,Chen_Liang_Yu,1,1.0,0.8628227710723877,0.8628227710723877,Chen_Liang_Yu,Prince_Naruhito,Chang_Dae-whan,Eduardo_Duhalde,Lee_Tae-sik,Lee_Jun,Hu_Jintao,Bobby_Goldwater,Antony_Leung,Hichiro_Naemura
vggface2,full_image,probe/Chita_Rivera/Chita_Rivera_0002.jpg,Chita_Rivera,1,1.0,0.6877890825271606,0.6877890825271606,Chita_Rivera,Nancy_Pelosi,Dolly_Parton,Gloria_Macapagal_Arroyo,Raquel_Welch,Zhang_Ziyi,Yoko_Ono,Jolanta_Kwasniewski,Madonna,Sally_Kirkland
vggface2,full_image,probe/Chok_Tong_Goh/Chok_Tong_Goh_0002.jpg,Chok_Tong_Goh,10,0.1,0.6292262077331543,0.5120856761932373,Ferenc_Madl,Dick_Cheney,James_Smith,Richie_Adubato,Bernard_Landry,Pedro_Malan,Gordon_Campbell,Hans_Eichel,Colin_Powell,Chok_Tong_Goh
vggface2,full_image,probe/Chris_Bell/Chris_Bell_0002.jpg,Chris_Bell,1,1.0,0.8638735413551331,0.8638735413551331,Chris_Bell,Gray_Davis,Bill_Parcells,Zoran_Djindjic,Jonathan_Edwards,Ian_Thorpe,Aleksander_Kwasniewski,Gregg_Popovich,Gordon_Campbell,Carlo_Ancelotti
vggface2,full_image,probe/Chris_Byrd/Chris_Byrd_0002.jpg,Chris_Byrd,1,1.0,0.581680178642273,0.581680178642273,Chris_Byrd,John_Allen_Muhammad,Kirk_Johnson,Mike_Tyson,Ruben_Studdard,Adrian_McPherson,Leonard_Hamilton,Kalpana_Chawla,Will_Smith,LeBron_James
vggface2,full_image,probe/Chris_Cooper/Chris_Cooper_0002.jpg,Chris_Cooper,1,1.0,0.6720101833343506,0.6720101833343506,Chris_Cooper,Thomas_OBrien,Pedro_Malan,John_Wolf,Frank_Solich,George_Pataki,Alvaro_Uribe,Marie-Reine_Le_Gougne,David_Myers,Jose_Dirceu
vggface2,full_image,probe/Chris_Rock/Chris_Rock_0002.jpg,Chris_Rock,1,1.0,0.7342876195907593,0.7342876195907593,Chris_Rock,LeBron_James,Leonard_Hamilton,Mikhail_Youzhny,Adrian_McPherson,Bill_Gates,Brad_Johnson,Vince_Carter,Allen_Iverson,Jean-David_Levitte
vggface2,full_image,probe/Chris_Tucker/Chris_Tucker_0002.jpg,Chris_Tucker,1,1.0,0.677506685256958,0.677506685256958,Chris_Tucker,Jesse_Jackson,John_Allen_Muhammad,Isaiah_Washington,Kirk_Johnson,LeBron_James,OJ_Simpson,Guillaume_Soro,Serena_Williams,Patrick_Ewing
vggface2,full_image,probe/Christian_Fittipaldi/Christian_Fittipaldi_0002.jpg,Christian_Fittipaldi,23,0.043478260869565216,0.632818341255188,0.45174047350883484,Justin_Leonard,Adam_Scott,Mike_Weir,Aitor_Gonzalez,Jim_Edmonds,Padraig_Harrington,Ricky_Ponting,Darrell_Porter,Greg_Owen,Jan_Ullrich
vggface2,full_image,probe/Christian_Wulff/Christian_Wulff_0002.jpg,Christian_Wulff,1,1.0,0.7071738243103027,0.7071738243103027,Christian_Wulff,James_Kelly,Bud_Selig,Jean-David_Levitte,Bill_Gates,Eric_Clapton,Tim_Floyd,Dennis_Kucinich,Scott_McNealy,Kiki_Vandeweghe
vggface2,full_image,probe/Christina_Aguilera/Christina_Aguilera_0002.jpg,Christina_Aguilera,1,1.0,0.6032646894454956,0.6032646894454956,Christina_Aguilera,Patti_Labelle,Dolma_Tsering,Tracee_Ellis_Ross,Miyako_Miyazaki,Zhang_Ziyi,Lisa_Ling,Michelle_Yeoh,Thaksin_Shinawatra,Celine_Dion
vggface2,full_image,probe/Christine_Ebersole/Christine_Ebersole_0002.jpg,Christine_Ebersole,2,0.5,0.5146124958992004,0.4934358596801758,Meryl_Streep,Christine_Ebersole,Sally_Kirkland,Barbara_Walters,Dolly_Parton,Karin_Stoiber,Jane_Pauley,Chita_Rivera,Angela_Lansbury,Jessica_Lange
vggface2,full_image,probe/Christine_Gregoire/Christine_Gregoire_0002.jpg,Christine_Gregoire,1,1.0,0.8163187503814697,0.8163187503814697,Christine_Gregoire,Jean_Carnahan,Gwendal_Peizerat,Dorthy_Moxley,Lindsey_Graham,Patricia_Clarkson,Alice_Fisher,Hillary_Clinton,Blythe_Danner,Ian_Thorpe
vggface2,full_image,probe/Christopher_Patten/Christopher_Patten_0002.jpg,Christopher_Patten,1,1.0,0.7482016086578369,0.7482016086578369,Christopher_Patten,Frank_Cassell,James_Ivory,Augusto_Pinochet,Larry_Brown,Benjamin_Netanyahu,Jimmy_Carter,Max_Mayfield,Paul_ONeill,Valdas_Adamkus
vggface2,full_image,probe/Christopher_Walken/Christopher_Walken_0002.jpg,Christopher_Walken,1,1.0,0.9086164236068726,0.9086164236068726,Christopher_Walken,Vladimir_Putin,Todd_Haynes,Robert_Zoellick,William_Ford_Jr,Michael_Douglas,Brian_Wells,Mikhail_Kasyanov,Dai_Bachtiar,Elijah_Wood
vggface2,full_image,probe/Chuck_Amato/Chuck_Amato_0002.jpg,Chuck_Amato,1,1.0,0.8661237359046936,0.8661237359046936,Chuck_Amato,Silvia_Farina_Elia,Eduardo_Duhalde,Hayley_Tullett,Patty_Schnyder,Kelli_White,Fidel_Castro,Sarah_Jessica_Parker,Chanda_Rubin,David_Heymann
vggface2,full_image,probe/Chuck_Yeager/Chuck_Yeager_0002.jpg,Chuck_Yeager,1,1.0,0.7833966016769409,0.7833966016769409,Chuck_Yeager,Ralph_Lauren,Charlton_Heston,Franz_Beckenbauer,Warren_Buffett,Dick_Vermeil,Bill_Nelson,Dennis_Erickson,Arnold_Palmer,Jimmy_Carter
vggface2,full_image,probe/Chung_Mong-hun/Chung_Mong-hun_0002.jpg,Chung_Mong-hun,10,0.1,0.8071396350860596,0.5696924924850464,Antony_Leung,David_Trimble,Jong_Thae_Hwa,Hu_Jintao,Pedro_Malan,Li_Peng,Alberto_Fujimori,Charles_Kartman,Annette_Lu,Chung_Mong-hun
vggface2,full_image,probe/Chung_Mong-joon/Chung_Mong-joon_0002.jpg,Chung_Mong-joon,1,1.0,0.7928366661071777,0.7928366661071777,Chung_Mong-joon,Lee_Hoi-chang,Prince_Naruhito,Jackie_Chan,Lee_Tae-sik,Chen_Liang_Yu,Kim_Dae-jung,Lee_Jun,Edward_Lu,Alejandro_Toledo
vggface2,full_image,probe/Cindy_Margolis/Cindy_Margolis_0002.jpg,Cindy_Margolis,1,1.0,0.5979927778244019,0.5979927778244019,Cindy_Margolis,Pamela_Anderson,Kristanna_Loken,Mariah_Carey,Katie_Harman,Sally_Kirkland,Jessica_Lange,Christina_Aguilera,Anna_Kournikova,Mary_Carey
vggface2,full_image,probe/Claire_Danes/Claire_Danes_0002.jpg,Claire_Danes,2,0.5,0.4430413544178009,0.42352932691574097,Natalie_Maines,Claire_Danes,Gillian_Anderson,Michelle_Pfeiffer,Julianne_Moore,Cristina_Fernandez,Annette_Bening,Tammy_Lynn_Michaels,Jennifer_Aniston,Gerry_Adams
vggface2,full_image,probe/Claire_Hentzen/Claire_Hentzen_0002.jpg,Claire_Hentzen,1,1.0,0.9273499250411987,0.9273499250411987,Claire_Hentzen,Hayley_Tullett,Nadia_Petrova,Martha_Bowen,Silvia_Farina_Elia,Jennifer_Thompson,David_Caraway,Diana_Taurasi,Paula_Radcliffe,Bill_Graham
vggface2,full_image,probe/Claire_Leger/Claire_Leger_0002.jpg,Claire_Leger,1,1.0,0.8192456960678101,0.8192456960678101,Claire_Leger,Helen_Clark,Diane_Green,Ann_Veneman,Biljana_Plavsic,Oswaldo_Paya,Sharon_Frey,Megawati_Sukarnoputri,Elinor_Caplan,Martha_Burk
vggface2,full_image,probe/Colin_Jackson/Colin_Jackson_0002.jpg,Colin_Jackson,1,1.0,0.8197611570358276,0.8197611570358276,Colin_Jackson,Dexter_Jackson,Kifah_Ajouri,Vincent_Brooks,Manuel_Poggiali,Dwayne_Johnson,Guillermo_Coria,John_Abizaid,Augustin_Calleri,Vladimir_Putin
vggface2,full_image,probe/Conchita_Martinez/Conchita_Martinez_0002.jpg,Conchita_Martinez,1,1.0,0.9207007884979248,0.9207007884979248,Conchita_Martinez,Kurt_Busch,Mike_Weir,Nadia_Petrova,Ben_Curtis,Sourav_Ganguly,Derek_Lowe,Carlos_Manuel_Pruneda,Harbhajan_Singh,Luis_Horna
vggface2,full_image,probe/Coretta_Scott_King/Coretta_Scott_King_0002.jpg,Coretta_Scott_King,1,1.0,0.8364486694335938,0.8364486694335938,Coretta_Scott_King,Rita_Moreno,Gloria_Macapagal_Arroyo,Edward_Lu,Nancy_Pelosi,Hichiro_Naemura,Begum_Khaleda_Zia,Megawati_Sukarnoputri,Hanan_Ashrawi,Hitomi_Soga
vggface2,full_image,probe/Corinne_Coman/Corinne_Coman_0002.jpg,Corinne_Coman,1,1.0,0.7915153503417969,0.7915153503417969,Corinne_Coman,Dolma_Tsering,Gloria_Macapagal_Arroyo,Jessica_Alba,Christina_Aguilera,Amelia_Vega,Mary-Kate_Olsen,Cyndi_Thompson,Carmen_Electra,Kristanna_Loken
vggface2,full_image,probe/Costas_Simitis/Costas_Simitis_0002.jpg,Costas_Simitis,1,1.0,0.7234464883804321,0.7234464883804321,Costas_Simitis,Robert_Duvall,Larry_Coker,David_Dodge,Gary_Carter,John_Snow,Silvio_Berlusconi,Joseph_Biden,Vladimir_Putin,Warren_Beatty
vggface2,full_image,probe/Courtney_Love/Courtney_Love_0002.jpg,Courtney_Love,86,0.011627906976744186,0.6427696347236633,0.23153206706047058,Michelle_Pfeiffer,Julianne_Moore,Kristanna_Loken,Melanie_Griffith,Cindy_Margolis,Reese_Witherspoon,Gunter_Pleuger,Patricia_Clarkson,Madonna,Lili_Taylor
vggface2,full_image,probe/Cristina_Fernandez/Cristina_Fernandez_0002.jpg,Cristina_Fernandez,88,0.011363636363636364,0.4427441656589508,0.26083505153656006,Justine_Henin,Chita_Rivera,Lisa_Ling,Hitomi_Soga,Aung_San_Suu_Kyi,Monica_Bellucci,George_Robertson,Kwon_Yang-sook,Miyako_Miyazaki,Gloria_Macapagal_Arroyo
vggface2,full_image,probe/Cristina_Saralegui/Cristina_Saralegui_0002.jpg,Cristina_Saralegui,1,1.0,0.7445919513702393,0.7445919513702393,Cristina_Saralegui,Doris_Roberts,Melanie_Griffith,Doris_Schroeder,Celine_Dion,Dolly_Parton,Barbra_Streisand,John_Howard,Johnny_Carson,Ann_Veneman
vggface2,full_image,probe/Cruz_Bustamante/Cruz_Bustamante_0002.jpg,Cruz_Bustamante,1,1.0,0.8537477850914001,0.8537477850914001,Cruz_Bustamante,Silvan_Shalom,Scott_McClellan,Pedro_Solbes,John_McEnroe,Mohammad_Khatami,Hector_Babenco,Job_Cohen,Ibrahim_Jaafari,Boris_Berezovsky
vggface2,full_image,probe/Cyndi_Thompson/Cyndi_Thompson_0002.jpg,Cyndi_Thompson,1,1.0,0.6442772150039673,0.6442772150039673,Cyndi_Thompson,Vanessa_Williams,Erika_Christensen,Christina_Aguilera,Jessica_Alba,Carmen_Electra,Mary_Carey,Julianne_Moore,Corinne_Coman,Kristanna_Loken
vggface2,full_image,probe/Dai_Bachtiar/Dai_Bachtiar_0002.jpg,Dai_Bachtiar,1,1.0,0.810937762260437,0.810937762260437,Dai_Bachtiar,Angelo_Reyes,Miguel_Contreras,Hun_Sen,Joseph_Estrada,Shaukat_Aziz,Spencer_Abraham,Lloyd_Ward,Alejandro_Toledo,Munir_Akram
vggface2,full_image,probe/Daisy_Fuentes/Daisy_Fuentes_0002.jpg,Daisy_Fuentes,1,1.0,0.6987677812576294,0.6987677812576294,Daisy_Fuentes,Vanessa_Incontrada,Sandra_Bullock,Marisa_Tomei,Jennifer_Connelly,Celine_Dion,Amelia_Vega,Carolina_Moraes,Jennifer_Aniston,Elsa_Zylberstein
vggface2,full_image,probe/Dalai_Lama/Dalai_Lama_0002.jpg,Dalai_Lama,1,1.0,0.8471167683601379,0.8471167683601379,Dalai_Lama,Paul_ONeill,George_Foreman,Chen_Liang_Yu,Henrique_Meirelles,Guillermo_Ortiz,S_Jayakumar,Pedro_Malan,Kim_Ryong-sung,OJ_Simpson
vggface2,full_image,probe/Dale_Earnhardt_Jr/Dale_Earnhardt_Jr_0002.jpg,Dale_Earnhardt_Jr,1,1.0,0.7361403703689575,0.7361403703689575,Dale_Earnhardt_Jr,Jan_Ullrich,Brad_Johnson,Steve_Waugh,Luke_Walton,Jeremy_Shockey,James_Parker,Ian_Thorpe,Jason_Jennings,Andrei_Mikhnevich
vggface2,full_image,probe/Damon_van_Dam/Damon_van_Dam_0002.jpg,Damon_van_Dam,1,1.0,0.7377318143844604,0.7377318143844604,Damon_van_Dam,Brad_Johnson,Paul_McCartney,Martin_Brodeur,Edward_Lu,Matthew_Perry,Jose_Manuel_Durao_Barroso,Steve_Waugh,Paul_Bremer,Marcus_Gronholm
vggface2,full_image,probe/Dan_Wheldon/Dan_Wheldon_0002.jpg,Dan_Wheldon,37,0.02702702702702703,0.6475679278373718,0.43286100029945374,Brendan_Hansen,Mike_Weir,Sean_Astin,Jason_Lezak,Guillermo_Coria,Gian_Marco,Justin_Leonard,Conchita_Martinez,Luke_Walton,Lindsay_Davenport
vggface2,full_image,probe/Daniel_Day-Lewis/Daniel_Day-Lewis_0002.jpg,Daniel_Day-Lewis,1,1.0,0.7590662837028503,0.7590662837028503,Daniel_Day-Lewis,Barrett_Jackman,Luis_Horna,Matt_Doherty,Robert_Kocharian,Padraig_Harrington,Kifah_Ajouri,John_Abizaid,Michael_Phelps,Hilmi_Ozkok
vggface2,full_image,probe/Daniela_Hantuchova/Daniela_Hantuchova_0002.jpg,Daniela_Hantuchova,1,1.0,0.873483419418335,0.873483419418335,Daniela_Hantuchova,Martina_Hingis,Magui_Serna,Conchita_Martinez,Mike_Weir,Nadia_Petrova,Anna_Kournikova,Arantxa_Sanchez-Vicario,Meghann_Shaughnessy,Kurt_Busch
vggface2,full_image,probe/Darrell_Issa/Darrell_Issa_0002.jpg,Darrell_Issa,1,1.0,0.6973497271537781,0.6973497271537781,Darrell_Issa,Carlos_Quintanilla_Schmidt,Alvaro_Uribe,Andrew_Cuomo,Fidel_Castro,Ernesto_Zedillo,Jose_Mourinho,Garry_Kasparov,James_McGreevey,Li_Peng
vggface2,full_image,probe/Darrell_Porter/Darrell_Porter_0002.jpg,Darrell_Porter,3,0.3333333333333333,0.48641103506088257,0.47039496898651123,John_F_Kennedy_Jr,Hideki_Matsui,Darrell_Porter,Marc-Andre_Fleury,Barry_Zito,Oscar_De_La_Hoya,Theo_Epstein,Antonio_Banderas,Anders_Fogh_Rasmussen,Jorge_Arce
vggface2,full_image,probe/Darren_Clarke/Darren_Clarke_0002.jpg,Darren_Clarke,11,0.09090909090909091,0.6638025045394897,0.4944913983345032,Derek_Lowe,Gil_de_Ferran,Ricky_Ponting,Lou_Piniella,Conchita_Martinez,Mike_Weir,Justin_Leonard,Phil_Mickelson,Aitor_Gonzalez,Jason_Jennings
vggface2,full_image,probe/Daryl_Hannah/Daryl_Hannah_0002.jpg,Daryl_Hannah,5,0.2,0.6238565444946289,0.5221972465515137,Doris_Schroeder,Olivia_Newton-John,Goldie_Hawn,Lana_Clarkson,Daryl_Hannah,Kate_Capshaw,Michelle_Pfeiffer,Donatella_Versace,Reese_Witherspoon,Natalie_Maines
vggface2,full_image,probe/Dave_Campo/Dave_Campo_0002.jpg,Dave_Campo,1,1.0,0.7303299903869629,0.7303299903869629,Dave_Campo,Aleksander_Kwasniewski,Roy_Williams,Colin_Powell,Bruce_Van_De_Velde,Bo_Ryan,Johnny_Carson,Goran_Persson,Gregg_Popovich,John_Spencer
vggface2,full_image,probe/David_Bell/David_Bell_0002.jpg,David_Bell,1,1.0,0.7670283913612366,0.7670283913612366,David_Bell,Brendan_Hansen,John_Cusack,Robbie_Fowler,Gil_de_Ferran,Iban_Mayo,Matthew_Perry,Scott_McClellan,Ricky_Ponting,Guy_Ritchie
vggface2,full_image,probe/David_Caraway/David_Caraway_0002.jpg,David_Caraway,1,1.0,0.8007389307022095,0.8007389307022095,David_Caraway,Jeffrey_Immelt,John_Snow,Jay_Garner,Goran_Persson,Peter_Arnett,Jon_Gruden,Bill_Graham,James_Schultz,Gregg_Popovich
vggface2,full_image,probe/David_Coulthard/David_Coulthard_0002.jpg,David_Coulthard,1,1.0,0.6572273969650269,0.6572273969650269,David_Coulthard,Guillermo_Coria,Jim_Furyk,Yevgeny_Kafelnikov,Christian_Wulff,Jan_Ullrich,Laurent_Jalabert,Dale_Earnhardt_Jr,Stanley_McChrystal,Thierry_Falise
vggface2,full_image,probe/David_Dodge/David_Dodge_0002.jpg,David_Dodge,1,1.0,0.7116832137107849,0.7116832137107849,David_Dodge,David_Myers,Mike_Holmgren,Robert_Zoellick,James_Cunningham,Asa_Hutchinson,Richard_Norton-Taylor,Johnny_Carson,Kieran_Prendergast,Bernard_Landry
vggface2,full_image,probe/David_Heyman/David_Heyman_0002.jpg,David_Heyman,1,1.0,0.8530431985855103,0.8530431985855103,David_Heyman,Jude_Law,Jean-David_Levitte,Orlando_Bloom,Alvaro_Uribe,Marco_Antonio_Barrera,Patrice_Chereau,Alastair_Campbell,Abdullatif_Sener,Mike_Weir
vggface2,full_image,probe/David_Heymann/David_Heymann_0002.jpg,David_Heymann,1,1.0,0.7613917589187622,0.7613917589187622,David_Heymann,Paul_McCartney,Bill_Callahan,Dennis_Kucinich,Bill_Frist,Celso_Amorim,Gerry_Parsky,Jorge_Valdano,Roman_Polanski,Gil_de_Ferran
vggface2,full_image,probe/David_Kelley/David_Kelley_0002.jpg,David_Kelley,1,1.0,0.8433529734611511,0.8433529734611511,David_Kelley,Dennis_Kucinich,Eric_Clapton,Lily_Tomlin,Kiki_Vandeweghe,Jackie_Chan,Joseph_Ralston,Paul_McNulty,Gary_Doer,Tim_Allen
vggface2,full_image,probe/David_Leahy/David_Leahy_0002.jpg,David_Leahy,4,0.25,0.6780869960784912,0.6318594217300415,Ron_Dittemore,Vaclav_Havel,Fred_Eckhard,David_Leahy,David_Trimble,Tom_Daschle,Robert_Zoellick,Guido_Westerwelle,Brian_Wells,Bill_Gates
vggface2,full_image,probe/David_Myers/David_Myers_0002.jpg,David_Myers,1,1.0,0.7634284496307373,0.7634284496307373,David_Myers,Kevin_Spacey,Mitchell_Daniels,Adolfo_Rodriguez_Saa,Igor_Ivanov,Costas_Simitis,Robbie_Fowler,Vladimir_Putin,Charles_Schumer,William_Bratton
vggface2,full_image,probe/David_Nalbandian/David_Nalbandian_0002.jpg,David_Nalbandian,1,1.0,0.7418347001075745,0.7418347001075745,David_Nalbandian,Yevgeny_Kafelnikov,Ian_Thorpe,Monica_Seles,Prince_Harry,Christian_Wulff,Ricky_Barnes,Jan_Ullrich,Ron_Dittemore,Boris_Becker
vggface2,full_image,probe/David_Spade/David_Spade_0002.jpg,David_Spade,1,1.0,0.5944041013717651,0.5944041013717651,David_Spade,Duane_Lee_Chapman,Robert_Zoellick,Don_Nickles,David_Myers,Alejandro_Atchugarry,Steve_Waugh,Guy_Hemmings,Roman_Polanski,Vaclav_Havel
vggface2,full_image,probe/David_Trimble/David_Trimble_0002.jpg,David_Trimble,1,1.0,0.8747930526733398,0.8747930526733398,David_Trimble,Fred_Eckhard,Bill_Gates,George_Robertson,Jay_Garner,Antony_Leung,Ron_Dittemore,David_Leahy,Tom_Daschle,Joseph_Deiss
vggface2,full_image,probe/David_Wolf/David_Wolf_0002.jpg,David_Wolf,9,0.1111111111111111,0.40007317066192627,0.33329033851623535,Gary_Bergeron,Carlos_Manuel_Pruneda,Li_Peng,Saeb_Erekat,James_McGreevey,Daniel_Day-Lewis,Elin_Nordegren,Iain_Duncan_Smith,David_Wolf,Gil_de_Ferran
vggface2,full_image,probe/Debra_Brown/Debra_Brown_0002.jpg,Debra_Brown,1,1.0,0.6456600427627563,0.6456600427627563,Debra_Brown,David_Caraway,Michelle_Pfeiffer,Mary_Carey,Natalie_Maines,Courtney_Love,Iva_Majoli,George_Robertson,James_Kelly,Richard_Gephardt
vggface2,full_image,probe/Demetrius_Ferraciu/Demetrius_Ferraciu_0002.jpg,Demetrius_Ferraciu,1,1.0,0.5453805923461914,0.5453805923461914,Demetrius_Ferraciu,Marc-Andre_Fleury,Emanuel_Ginobili,Albert_Costa,Jim_Carrey,Ian_Thorpe,Pete_Sampras,James_Blake,Augustin_Calleri,Mikhail_Youzhny
vggface2,full_image,probe/Denise_Johnson/Denise_Johnson_0002.jpg,Denise_Johnson,10,0.1,0.5809364914894104,0.4432293772697449,Michael_Chang,Rob_Schneider,Carol_Moseley_Braun,Flor_Montulo,Patti_Labelle,Corinne_Coman,Chanda_Rubin,Gloria_Macapagal_Arroyo,Angelo_Reyes,Denise_Johnson
vggface2,full_image,probe/Dennis_Erickson/Dennis_Erickson_0002.jpg,Dennis_Erickson,1,1.0,0.8451045751571655,0.8451045751571655,Dennis_Erickson,John_Manley,Charlton_Heston,Ralph_Lauren,Lyle_Vanclief,Franz_Beckenbauer,Nick_Nolte,Abdullah_Gul,Lord_Hutton,Gray_Davis
vggface2,full_image,probe/Dennis_Kozlowski/Dennis_Kozlowski_0002.jpg,Dennis_Kozlowski,1,1.0,0.7509896755218506,0.7509896755218506,Dennis_Kozlowski,Frank_Cassell,Peter_Struck,George_Pataki,Ishaq_Shahryar,Larry_Coker,John_Snow,Robert_Duvall,John_Negroponte,Bill_Graham
vggface2,full_image,probe/Dennis_Kucinich/Dennis_Kucinich_0002.jpg,Dennis_Kucinich,1,1.0,0.8563805818557739,0.8563805818557739,Dennis_Kucinich,Roy_Moore,Doug_Collins,Gerry_Parsky,Alejandro_Toledo,Francis_Mer,John_Allen_Muhammad,Emile_Lahoud,Lawrence_MacAulay,Pedro_Malan
vggface2,full_image,probe/Dennis_Powell/Dennis_Powell_0002.jpg,Dennis_Powell,1,1.0,0.6920051574707031,0.6920051574707031,Dennis_Powell,Ron_Howard,George_Pataki,William_Ford_Jr,Bill_Frist,Vaclav_Havel,James_Kelly,Richard_Gephardt,Thomas_OBrien,Don_Nickles
vggface2,full_image,probe/Derek_Lowe/Derek_Lowe_0002.jpg,Derek_Lowe,1,1.0,0.7288594245910645,0.7288594245910645,Derek_Lowe,Phil_Mickelson,Mike_Weir,Ben_Curtis,Conchita_Martinez,Sourav_Ganguly,Justin_Leonard,Kurt_Busch,Juan_Pablo_Montoya,Pete_Rose
vggface2,full_image,probe/Desiree_Lemosi/Desiree_Lemosi_0002.jpg,Desiree_Lemosi,2,0.5,0.616004467010498,0.5184981822967529,Benazir_Bhutto,Desiree_Lemosi,Elsa_Zylberstein,Sarah_Jessica_Parker,Flavia_Delaroli,Hanan_Ashrawi,Jennifer_Aniston,Karen_Mok,Sachiko_Yamada,Marina_Anissina
vggface2,full_image,probe/Dexter_Jackson/Dexter_Jackson_0002.jpg,Dexter_Jackson,1,1.0,0.727729320526123,0.727729320526123,Dexter_Jackson,Chris_Rock,Isaiah_Washington,Vince_Carter,Will_Smith,Emmit_Smith,Allen_Iverson,Juan_Pablo_Montoya,Luciano_Pavarotti,Jesse_Jackson
vggface2,full_image,probe/Diana_Taurasi/Diana_Taurasi_0002.jpg,Diana_Taurasi,1,1.0,0.8816795349121094,0.8816795349121094,Diana_Taurasi,Lina_Krasnoroutskaya,Mary_Carey,Paula_Radcliffe,Marlene_Weingartner,Meghann_Shaughnessy,Iva_Majoli,Eunice_Barber,Anna_Kournikova,Silvia_Farina_Elia
vggface2,full_image,probe/Diane_Green/Diane_Green_0002.jpg,Diane_Green,1,1.0,0.7860190272331238,0.7860190272331238,Diane_Green,Frank_Dunham_Jr,Biljana_Plavsic,Dorthy_Moxley,Ann_Veneman,Paul_McCartney,Dave_Campo,Martha_Burk,Gro_Harlem_Brundtland,Elinor_Caplan
vggface2,full_image,probe/Dick_Cheney/Dick_Cheney_0002.jpg,Dick_Cheney,2,0.5,0.7850621938705444,0.784902811050415,David_Dodge,Dick_Cheney,Peter_Struck,Paul_ONeill,John_Negroponte,Frank_Cassell,George_Brumley,William_Martin,Costas_Simitis,Mike_Price
vggface2,full_image,probe/Dick_Clark/Dick_Clark_0002.jpg,Dick_Clark,1,1.0,0.7262901067733765,0.7262901067733765,Dick_Clark,Bob_Hope,Robert_Mugabe,Adolfo_Rodriguez_Saa,Kim_Dae-jung,Nicanor_Duarte_Frutos,Kim_Ryong-sung,Li_Peng,Jackie_Chan,Gary_Winnick
vggface2,full_image,probe/Dick_Latessa/Dick_Latessa_0002.jpg,Dick_Latessa,1,1.0,0.6400463581085205,0.6400463581085205,Dick_Latessa,Warren_Buffett,Art_Howe,Charlton_Heston,Billy_Graham,Yasar_Yakis,Omar_Sharif,Leszek_Miller,Nick_Nolte,John_Howard
vggface2,full_image,probe/Dick_Vermeil/Dick_Vermeil_0002.jpg,Dick_Vermeil,98,0.01020408163265306,0.5671749711036682,0.34152674674987793,James_Kelly,Darren_Clarke,James_Traficant,Larry_Lindsey,Peter_Greenaway,Dennis_Erickson,Jeffrey_Immelt,John_Manley,Doug_Duncan,Gordon_Campbell
vggface2,full_image,probe/Dino_de_Laurentis/Dino_de_Laurentis_0002.jpg,Dino_de_Laurentis,1,1.0,0.7854640483856201,0.7854640483856201,Dino_de_Laurentis,Sean_Patrick_OMalley,Ali_Khamenei,George_Foreman,Yasar_Yakis,Jackie_Chan,Kieran_Prendergast,Inam-ul-Haq,Saeb_Erekat,Thabo_Mbeki
vggface2,full_image,probe/Dolly_Parton/Dolly_Parton_0002.jpg,Dolly_Parton,1,1.0,0.8429040312767029,0.8429040312767029,Dolly_Parton,Raquel_Welch,Melanie_Griffith,Pamela_Anderson,Jessica_Lange,Doris_Roberts,Donatella_Versace,Madonna,Jane_Pauley,Goldie_Hawn
vggface2,full_image,probe/Dolma_Tsering/Dolma_Tsering_0002.jpg,Dolma_Tsering,1,1.0,0.8463120460510254,0.8463120460510254,Dolma_Tsering,Patti_Labelle,Corinne_Coman,Vanessa_Williams,Gloria_Macapagal_Arroyo,Megawati_Sukarnoputri,Tracee_Ellis_Ross,Annette_Lu,Carol_Moseley_Braun,Karen_Mok
vggface2,full_image,probe/Dominik_Garcia-Lorido/Dominik_Garcia-Lorido_0002.jpg,Dominik_Garcia-Lorido,1,1.0,0.6269330382347107,0.6269330382347107,Dominik_Garcia-Lorido,Olesya_Bonabarenko,Carmen_Electra,Arianna_Huffington,Stanley_McChrystal,Benazir_Bhutto,John_Abizaid,Boris_Becker,John_Manley,Fidel_Castro
vggface2,full_image,probe/Don_Nickles/Don_Nickles_0002.jpg,Don_Nickles,1,1.0,0.76784348487854,0.76784348487854,Don_Nickles,Roy_Moore,Ron_Howard,Peter_Hillary,Franz_Beckenbauer,George_Pataki,Robert_Bonner,Klaus_Zwickel,Nick_Nolte,Donald_Evans
vggface2,full_image,probe/Donald_Evans/Donald_Evans_0002.jpg,Donald_Evans,1,1.0,0.746947169303894,0.746947169303894,Donald_Evans,Eddie_Sutton,George_Pataki,Jose_Dirceu,Joseph_Deiss,Franz_Muentefering,Roy_Moore,James_Kelly,Vaclav_Havel,Kurt_Russell
vggface2,full_image,probe/Donatella_Versace/Donatella_Versace_0002.jpg,Donatella_Versace,1,1.0,0.8051984310150146,0.8051984310150146,Donatella_Versace,Christina_Aguilera,Yasser_Arafat,Mariah_Carey,Marilyn_Monroe,Courtney_Love,Sophia_Loren,Patti_Labelle,Harbhajan_Singh,Intisar_Ajouri
vggface2,full_image,probe/Donna_Shalala/Donna_Shalala_0002.jpg,Donna_Shalala,1,1.0,0.8571283221244812,0.8571283221244812,Donna_Shalala,Lynne_Cheney,Kathleen_Kennedy_Townsend,Biljana_Plavsic,Christine_Gregoire,Paul_McCartney,Ann_Veneman,Anneli_Jaatteenmaki,Chanda_Rubin,Jean_Carnahan
vggface2,full_image,probe/Doris_Roberts/Doris_Roberts_0002.jpg,Doris_Roberts,1,1.0,0.8204349279403687,0.8204349279403687,Doris_Roberts,Sheila_Wellstone,Karin_Stoiber,Dolly_Parton,Raquel_Welch,Judi_Dench,Jeanne_Moreau,Melanie_Griffith,Cristina_Saralegui,Jean_Brumley
vggface2,full_image,probe/Doris_Schroeder/Doris_Schroeder_0002.jpg,Doris_Schroeder,1,1.0,0.8265836238861084,0.8265836238861084,Doris_Schroeder,Olivia_Newton-John,Raquel_Welch,Goldie_Hawn,Barbra_Streisand,Daisy_Fuentes,Melanie_Griffith,Lana_Clarkson,Jeanne_Moreau,Natalie_Maines
vggface2,full_image,probe/Dorthy_Moxley/Dorthy_Moxley_0002.jpg,Dorthy_Moxley,3,0.3333333333333333,0.6316674947738647,0.5641019940376282,Nancy_Pelosi,Christine_Gregoire,Dorthy_Moxley,Jean_Brumley,Ann_Veneman,Hillary_Clinton,Gro_Harlem_Brundtland,Biljana_Plavsic,Nancy_Reagan,Margaret_Thatcher
vggface2,full_image,probe/Doug_Collins/Doug_Collins_0002.jpg,Doug_Collins,10,0.1,0.5872547626495361,0.47381889820098877,Jay_Garner,Stellan_Skarsgard,Jeffrey_Immelt,Peter_Arnett,Emile_Lahoud,Roy_Williams,Larry_Coker,Roy_Moore,Bill_Graham,Doug_Collins
vggface2,full_image,probe/Doug_Duncan/Doug_Duncan_0002.jpg,Doug_Duncan,1,1.0,0.7634680867195129,0.7634680867195129,Doug_Duncan,Mikhail_Kasyanov,George_Robertson,Bill_Frist,Bill_Gates,Prince_Willem-Alexander,Alastair_Campbell,James_Kelly,Paul_McCartney,Mike_Babcock
vggface2,full_image,probe/Drew_Barrymore/Drew_Barrymore_0002.jpg,Drew_Barrymore,15,0.06666666666666667,0.5651047229766846,0.42818212509155273,Paula_Radcliffe,Julianne_Moore,Katie_Harman,Mary_Carey,Alice_Fisher,Madonna,Elizabeth_Shue,Penelope_Ann_Miller,Jennifer_Aniston,Michelle_Pfeiffer
vggface2,full_image,probe/Duane_Lee_Chapman/Duane_Lee_Chapman_0002.jpg,Duane_Lee_Chapman,1,1.0,0.7103581428527832,0.7103581428527832,Duane_Lee_Chapman,Phil_Vassar,Eric_Clapton,John_Wolf,Robert_Zoellick,Tim_Allen,Richard_Branson,Steve_Waugh,David_Kelley,Steven_Spielberg
vggface2,full_image,probe/Dwayne_Johnson/Dwayne_Johnson_0002.jpg,Dwayne_Johnson,1,1.0,0.9123560786247253,0.9123560786247253,Dwayne_Johnson,John_Allen_Muhammad,James_Butts,Jesse_James_Leija,Colin_Jackson,Lino_Oviedo,Freddy_Garcia,Manuel_Poggiali,Edward_Lu,Lionel_Richie
vggface2,full_image,probe/Eddie_Sutton/Eddie_Sutton_0002.jpg,Eddie_Sutton,3,0.3333333333333333,0.5619890689849854,0.5419812798500061,Dennis_Kucinich,Kirk_Ferentz,Eddie_Sutton,Pedro_Malan,John_Kerry,Desiree_Lemosi,Carlo_Ancelotti,Alejandro_Toledo,Bill_Belichick,Roman_Polanski
vggface2,full_image,probe/Eddy_Merckx/Eddy_Merckx_0002.jpg,Eddy_Merckx,1,1.0,0.6704295873641968,0.6704295873641968,Eddy_Merckx,Guillermo_Coria,Nicolas_Lapentti,Paul-Henri_Mathieu,Yao_Ming,Hashim_Thaci,David_Coulthard,Hisao_Oguchi,Marco_Antonio_Barrera,Bernardo_Segura
vggface2,full_image,probe/Edie_Falco/Edie_Falco_0002.jpg,Edie_Falco,1,1.0,0.5963801741600037,0.5963801741600037,Edie_Falco,Martha_Bowen,Jennifer_Aniston,Paula_Radcliffe,Hillary_Clinton,Jean_Carnahan,Celine_Dion,Mariah_Carey,Nancy_Pelosi,Kathleen_Glynn
vggface2,full_image,probe/Eduardo_Duhalde/Eduardo_Duhalde_0002.jpg,Eduardo_Duhalde,1,1.0,0.7680131196975708,0.7680131196975708,Eduardo_Duhalde,Alejandro_Toledo,Jamling_Norgay,Stacy_Dragila,Martha_Bowen,Lindsay_Davenport,Michael_Douglas,Monica_Seles,Patty_Schnyder,Kim_Ryong-sung
vggface2,full_image,probe/Edward_James_Olmos/Edward_James_Olmos_0002.jpg,Edward_James_Olmos,1,1.0,0.6523419618606567,0.6523419618606567,Edward_James_Olmos,Abdullatif_Sener,Gregory_Hines,Branko_Crvenkovski,Mitoji_Yabunaka,Li_Peng,Igor_Ivanov,Joseph_Estrada,Robert_De_Niro,Xanana_Gusmao
vggface2,full_image,probe/Edward_Lu/Edward_Lu_0002.jpg,Edward_Lu,1,1.0,0.8427317142486572,0.8427317142486572,Edward_Lu,Prince_Naruhito,Michael_Chang,Chung_Mong-joon,Kim_Jin-sun,Goh_Kun,Hu_Jintao,Thaksin_Shinawatra,Kim_Ryong-sung,Lee_Jun
vggface2,full_image,probe/Edward_Norton/Edward_Norton_0002.jpg,Edward_Norton,1,1.0,0.6037610769271851,0.6037610769271851,Edward_Norton,Matthew_Perry,Joerg_Haider,Brian_Griese,Robbie_Fowler,Jude_Law,William_Ford_Jr,Peter_Harrison,Li_Peng,Martin_Brodeur
vggface2,full_image,probe/Edward_Said/Edward_Said_0002.jpg,Edward_Said,8,0.125,0.6584815382957458,0.4826677143573761,Carlos_Mesa,Gerry_Adams,Hootie_Johnson,Fidel_Castro,Edward_James_Olmos,Steven_Spielberg,John_Banko,Edward_Said,Omar_Sharif,Robert_De_Niro
vggface2,full_image,probe/Elijah_Wood/Elijah_Wood_0002.jpg,Elijah_Wood,1,1.0,0.7728687524795532,0.7728687524795532,Elijah_Wood,Orlando_Bloom,Prince_Harry,Elvis_Presley,Bill_Frist,David_Coulthard,Bob_Colvin,Juan_Pablo_Montoya,Tim_Allen,Sally_Kirkland
vggface2,full_image,probe/Elin_Nordegren/Elin_Nordegren_0002.jpg,Elin_Nordegren,1,1.0,0.6845399737358093,0.6845399737358093,Elin_Nordegren,Julie_Gerberding,Natalie_Maines,Mary_Carey,Mariangel_Ruiz_Torrealba,Anna_Kournikova,Richard_Gephardt,Jennifer_Aniston,Carolyn_Dawn_Johnson,Kristanna_Loken
vggface2,full_image,probe/Elinor_Caplan/Elinor_Caplan_0002.jpg,Elinor_Caplan,1,1.0,0.7694122791290283,0.7694122791290283,Elinor_Caplan,Claire_Leger,Helen_Clark,Biljana_Plavsic,Gro_Harlem_Brundtland,Chanda_Rubin,Diane_Green,Herta_Daeubler-Gmelin,Sheila_Copps,Jolanta_Kwasniewski
vggface2,full_image,probe/Elisabeth_Schumacher/Elisabeth_Schumacher_0002.jpg,Elisabeth_Schumacher,170,0.0058823529411764705,0.6106712818145752,0.24564772844314575,Martha_Burk,Biljana_Plavsic,Hillary_Clinton,Ann_Veneman,Helen_Clark,Diane_Green,Elinor_Caplan,Jolanta_Kwasniewski,Gro_Harlem_Brundtland,Aron_Ralston
vggface2,full_image,probe/Elizabeth_Dole/Elizabeth_Dole_0002.jpg,Elizabeth_Dole,1,1.0,0.8087502121925354,0.8087502121925354,Elizabeth_Dole,Jean_Carnahan,Edie_Falco,Margaret_Thatcher,Martha_Burk,Sally_Kirkland,Hillary_Clinton,Susan_Collins,Ellen_DeGeneres,Biljana_Plavsic
vggface2,full_image,probe/Elizabeth_Shue/Elizabeth_Shue_0002.jpg,Elizabeth_Shue,1,1.0,0.8137678503990173,0.8137678503990173,Elizabeth_Shue,Mariah_Carey,Drew_Barrymore,Jennifer_Lopez,Alicia_Silverstone,Jodie_Foster,Natalie_Coughlin,Rita_Wilson,Julianne_Moore,Anna_Nicole_Smith
vggface2,full_image,probe/Elizabeth_Smart/Elizabeth_Smart_0002.jpg,Elizabeth_Smart,1,1.0,0.8765429258346558,0.8765429258346558,Elizabeth_Smart,Patty_Schnyder,Anna_Kournikova,Lindsay_Davenport,Monica_Seles,Amanda_Coetzer,Stacy_Dragila,Lisa_Raymond,Daniela_Hantuchova,Martina_Hingis
vggface2,full_image,probe/Elizabeth_Taylor/Elizabeth_Taylor_0002.jpg,Elizabeth_Taylor,4,0.25,0.60117506980896,0.48724833130836487,Doris_Roberts,Dolly_Parton,Cristina_Saralegui,Elizabeth_Taylor,Raquel_Welch,Nick_Nolte,John_Manley,Jeanne_Moreau,Sheila_Wellstone,Judi_Dench
vggface2,full_image,probe/Ellen_DeGeneres/Ellen_DeGeneres_0002.jpg,Ellen_DeGeneres,1,1.0,0.7498243451118469,0.7498243451118469,Ellen_DeGeneres,Sheila_Wellstone,Kathleen_Kennedy_Townsend,Eva_Dimas,Anneli_Jaatteenmaki,Edie_Falco,Lynne_Cheney,Christine_Gregoire,Paula_Radcliffe,Biljana_Plavsic
vggface2,full_image,probe/Ellen_Engleman/Ellen_Engleman_0002.jpg,Ellen_Engleman,1,1.0,0.6440461874008179,0.6440461874008179,Ellen_Engleman,Edie_Falco,Hanan_Ashrawi,Ann_Veneman,Elsa_Zylberstein,Judy_Genshaft,Julianne_Moore,Nancy_Pelosi,David_Nalbandian,Jane_Kaczmarek
vggface2,full_image,probe/Elsa_Zylberstein/Elsa_Zylberstein_0002.jpg,Elsa_Zylberstein,1,1.0,0.6383892297744751,0.6383892297744751,Elsa_Zylberstein,Sarah_Jessica_Parker,Jennifer_Connelly,Lauren_Killian,Patricia_Heaton,Martha_Bowen,Nancy_Pelosi,Hillary_Clinton,Jennifer_Aniston,Geoff_Hoon
vggface2,full_image,probe/Elvis_Presley/Elvis_Presley_0002.jpg,Elvis_Presley,1,1.0,0.540796160697937,0.540796160697937,Elvis_Presley,Barry_Zito,James_McGreevey,James_Blake,Kalpana_Chawla,Michael_Ballack,Theo_Epstein,Elijah_Wood,Ian_Thorpe,Matthew_Perry
vggface2,full_image,probe/Emanuel_Ginobili/Emanuel_Ginobili_0002.jpg,Emanuel_Ginobili,1,1.0,0.8215453624725342,0.8215453624725342,Emanuel_Ginobili,Albert_Costa,Vitali_Klitschko,Nicolas_Lapentti,Inocencio_Arias,Luis_Horna,Ian_Thorpe,Joe_Calzaghe,Marina_Anissina,Laurent_Jalabert
vggface2,full_image,probe/Emile_Lahoud/Emile_Lahoud_0002.jpg,Emile_Lahoud,1,1.0,0.7399502992630005,0.7399502992630005,Emile_Lahoud,Donald_Evans,Roy_Moore,Silvio_Berlusconi,Johnny_Carson,Jose_Dirceu,Thomas_OBrien,Costas_Simitis,Alejandro_Toledo,Mike_Holmgren
vggface2,full_image,probe/Emily_Robison/Emily_Robison_0002.jpg,Emily_Robison,1,1.0,0.6776543259620667,0.6776543259620667,Emily_Robison,Lauren_Killian,Celine_Dion,Monica_Seles,Bill_Simon,Sarah_Jessica_Parker,Beth_Jones,Brooke_Shields,Art_Howe,Jennifer_Aniston
vggface2,full_image,probe/Emma_Thompson/Emma_Thompson_0002.jpg,Emma_Thompson,11,0.09090909090909091,0.638355016708374,0.4400010406970978,Benazir_Bhutto,Beth_Jones,Elizabeth_Dole,Edward_Lu,Nia_Vardalos,Jolanta_Kwasniewski,Kristin_Davis,Kim_Dae-jung,Karen_Mok,Monica_Bellucci
vggface2,full_image,probe/Emmanuelle_Beart/Emmanuelle_Beart_0002.jpg,Emmanuelle_Beart,1,1.0,0.9017586708068848,0.9017586708068848,Emmanuelle_Beart,Madonna,Alison_Lohman,Cameron_Diaz,Vladimir_Putin,Hillary_Clinton,Vince_Carter,Heidi_Fleiss,Lauren_Hutton,Amanda_Coetzer
vggface2,full_image,probe/Emmit_Smith/Emmit_Smith_0002.jpg,Emmit_Smith,1,1.0,0.8492288589477539,0.8492288589477539,Emmit_Smith,Jesse_Jackson,Scott_Rudin,Kirk_Johnson,John_Blaney,Thabo_Mbeki,Evander_Holyfield,George_Foreman,Leonard_Hamilton,John_Allen_Muhammad
vggface2,full_image,probe/Eric_Clapton/Eric_Clapton_0002.jpg,Eric_Clapton,1,1.0,0.742508590221405,0.742508590221405,Eric_Clapton,Bill_Gates,Jean-David_Levitte,Paul_McCartney,John_Blaney,Steve_Spurrier,Gary_Doer,Scott_McNealy,Vaclav_Havel,David_Leahy
vggface2,full_image,probe/Eric_Hinske/Eric_Hinske_0002.jpg,Eric_Hinske,8,0.125,0.5446107983589172,0.4280325174331665,Christine_Gregoire,Silvia_Farina_Elia,Jorge_Arce,Ian_Thorpe,Monica_Seles,Nestor_Kirchner,Gwendal_Peizerat,Eric_Hinske,Paul_Pierce,Jim_Carrey
vggface2,full_image,probe/Eric_Rosser/Eric_Rosser_0002.jpg,Eric_Rosser,1,1.0,0.8341562151908875,0.8341562151908875,Eric_Rosser,Cruz_Bustamante,Fidel_Castro,Mohammad_Khatami,Scott_McClellan,Vicente_Fernandez,Saddam_Hussein,Robert_Bonner,Barrett_Jackman,Gunter_Pleuger
vggface2,full_image,probe/Erika_Christensen/Erika_Christensen_0002.jpg,Erika_Christensen,2,0.5,0.6343798637390137,0.6299958825111389,Natalie_Coughlin,Erika_Christensen,Meryl_Streep,Jodie_Foster,Eve_Pelletier,Arianna_Huffington,Paula_Zahn,Elizabeth_Shue,Jennifer_Lopez,David_Nalbandian
vggface2,full_image,probe/Ernesto_Zedillo/Ernesto_Zedillo_0002.jpg,Ernesto_Zedillo,1,1.0,0.6672132015228271,0.6672132015228271,Ernesto_Zedillo,Jose_Mourinho,Jonathan_Edwards,Gary_Williams,Carlos_Quintanilla_Schmidt,William_Bratton,John_Abizaid,Michel_Temer,Mikhail_Youzhny,Greg_Gilbert
vggface2,full_image,probe/Ernie_Eves/Ernie_Eves_0002.jpg,Ernie_Eves,1,1.0,0.6505632400512695,0.6505632400512695,Ernie_Eves,Thomas_OBrien,Geoff_Hoon,Bill_Graham,Jay_Garner,David_Trimble,George_Pataki,Gregg_Popovich,Mel_Brooks,Edward_Lu
vggface2,full_image,probe/Ernie_Fletcher/Ernie_Fletcher_0002.jpg,Ernie_Fletcher,1,1.0,0.6497402191162109,0.6497402191162109,Ernie_Fletcher,Jean-David_Levitte,Jonathan_Mostow,Masum_Turker,Li_Peng,Zoran_Djindjic,Fred_Eckhard,Aleksander_Kwasniewski,Nicanor_Duarte_Frutos,Paul_Bremer
vggface2,full_image,probe/Eunice_Barber/Eunice_Barber_0002.jpg,Eunice_Barber,1,1.0,0.7551711797714233,0.7551711797714233,Eunice_Barber,Chanda_Rubin,Serena_Williams,Kelli_White,Venus_Williams,Tamara_Brooks,Guillaume_Soro,Jada_Pinkett_Smith,Paul_McCartney,Marlene_Weingartner
vggface2,full_image,probe/Eva_Dimas/Eva_Dimas_0002.jpg,Eva_Dimas,2,0.5,0.638426661491394,0.635173499584198,Elinor_Caplan,Eva_Dimas,Ann_Veneman,Venus_Williams,Guillermo_Coria,Cathy_Freeman,Fabiola_Zuluaga,Chanda_Rubin,Sachiko_Yamada,Lindsay_Davenport
vggface2,full_image,probe/Evan_Rachel_Wood/Evan_Rachel_Wood_0002.jpg,Evan_Rachel_Wood,1,1.0,0.6355106830596924,0.6355106830596924,Evan_Rachel_Wood,Penelope_Ann_Miller,Anna_Nicole_Smith,Alicia_Silverstone,Christine_Ebersole,Bridget_Fonda,Kathleen_Glynn,Mary_Landrieu,Maria_Luisa_Mendonca,Elizabeth_Shue
vggface2,full_image,probe/Evander_Holyfield/Evander_Holyfield_0002.jpg,Evander_Holyfield,1,1.0,0.6715060472488403,0.6715060472488403,Evander_Holyfield,Mike_Tyson,Leszek_Miller,LeBron_James,John_Stallworth,Harry_Belafonte,George_Foreman,OJ_Simpson,Thabo_Mbeki,James_Butts
vggface2,full_image,probe/Eve_Pelletier/Eve_Pelletier_0002.jpg,Eve_Pelletier,1,1.0,0.7024052143096924,0.7024052143096924,Eve_Pelletier,Monica_Seles,Amanda_Coetzer,Lina_Krasnoroutskaya,Anna_Kournikova,Hannah_Stockbauer,Patty_Schnyder,Martha_Bowen,Meghann_Shaughnessy,Mary_Carey
vggface2,full_image,probe/Fabiola_Zuluaga/Fabiola_Zuluaga_0002.jpg,Fabiola_Zuluaga,1,1.0,0.6418893933296204,0.6418893933296204,Fabiola_Zuluaga,Monica_Seles,Conchita_Martinez,Carolina_Moraes,Silvia_Farina_Elia,Lindsay_Davenport,Patty_Schnyder,Sue_Wicks,Arsinee_Khanjian,Jennifer_Aniston
vggface2,full_image,probe/Fayssal_Mekdad/Fayssal_Mekdad_0002.jpg,Fayssal_Mekdad,1,1.0,0.880154550075531,0.880154550075531,Fayssal_Mekdad,William_Hochul,Bobby_Goldwater,Alvaro_Uribe,Nasser_al-Kidwa,Silvan_Shalom,Nabil_Shaath,Li_Peng,Jean-Claude_Juncker,Carlos_Quintanilla_Schmidt
vggface2,full_image,probe/Federico_Trillo/Federico_Trillo_0002.jpg,Federico_Trillo,1,1.0,0.7068907022476196,0.7068907022476196,Federico_Trillo,Munir_Akram,Georgi_Parvanov,James_Kelly,Angelo_Reyes,Jennifer_Lopez,Leslie_Moonves,Spencer_Abraham,Bill_Simon,Andy_Hebb
vggface2,full_image,probe/Felix_Mantilla/Felix_Mantilla_0002.jpg,Felix_Mantilla,1,1.0,0.5524089336395264,0.5524089336395264,Felix_Mantilla,Demetrius_Ferraciu,Jean-Sebastien_Giguere,Jim_Carrey,Steven_Spielberg,Tom_Cruise,Jude_Law,Sean_Penn,Rich_Gannon,Nanni_Moretti
vggface2,full_image,probe/Ferenc_Madl/Ferenc_Madl_0002.jpg,Ferenc_Madl,8,0.125,0.7200092673301697,0.5805538296699524,James_Ivory,Jimmy_Carter,George_Brumley,Augusto_Pinochet,Dick_Cheney,Valery_Giscard_dEstaing,Dennis_Kozlowski,Ferenc_Madl,Frank_Cassell,Benjamin_Netanyahu
vggface2,full_image,probe/Fidel_Castro/Fidel_Castro_0002.jpg,Fidel_Castro,1,1.0,0.7328050136566162,0.7328050136566162,Fidel_Castro,Mohammad_Khatami,Vladimir_Putin,Igor_Ivanov,Cruz_Bustamante,Joseph_Biden,Jose_Serra,Robert_Kocharian,Gunter_Pleuger,Lino_Oviedo
vggface2,full_image,probe/Flavia_Delaroli/Flavia_Delaroli_0002.jpg,Flavia_Delaroli,3,0.3333333333333333,0.6894270181655884,0.5974573493003845,Meghann_Shaughnessy,Diana_Taurasi,Flavia_Delaroli,Nadia_Petrova,Mary_Carey,Patty_Schnyder,Anna_Kournikova,Natalie_Coughlin,Intisar_Ajouri,Alexandra_Stevenson
vggface2,full_image,probe/Flor_Montulo/Flor_Montulo_0002.jpg,Flor_Montulo,5,0.2,0.562323272228241,0.5182502865791321,Cathy_Freeman,Denise_Johnson,Michael_Chang,Alexandra_Stevenson,Flor_Montulo,Begum_Khaleda_Zia,Aung_San_Suu_Kyi,Chanda_Rubin,Ashanti,Nora_Bendijo
vggface2,full_image,probe/Fran_Drescher/Fran_Drescher_0002.jpg,Fran_Drescher,1,1.0,0.5927907228469849,0.5927907228469849,Fran_Drescher,Martina_McBride,Kathryn_Bigelow,Monica_Bellucci,Kristin_Davis,Jacqueline_Obradors,Lisa_Gottsegen,David_Trimble,Gianna_Angelopoulos-Daskalaki,Benazir_Bhutto
vggface2,full_image,probe/Frances_Fisher/Frances_Fisher_0002.jpg,Frances_Fisher,2,0.5,0.6250345706939697,0.5952528715133667,Goldie_Hawn,Frances_Fisher,Geraldine_Chaplin,Carol_Burnett,Maria_Luisa_Mendonca,Sophia_Loren,Jane_Kaczmarek,Chita_Rivera,Maggie_Smith,Zhang_Ziyi
vggface2,full_image,probe/Francis_Ford_Coppola/Francis_Ford_Coppola_0002.jpg,Francis_Ford_Coppola,1,1.0,0.5902224183082581,0.5902224183082581,Francis_Ford_Coppola,Xanana_Gusmao,Dalai_Lama,Mohammad_Khatami,Inam-ul-Haq,Saeb_Erekat,Abdullah_Gul,Ali_Khamenei,Masum_Turker,Carlos_Mesa
vggface2,full_image,probe/Francis_George/Francis_George_0002.jpg,Francis_George,1,1.0,0.6878280639648438,0.6878280639648438,Francis_George,Larry_Brown,Jorge_Batlle,James_Ivory,John_Negroponte,Paul_ONeill,Dick_Cheney,Jose_Serra,Max_Mayfield,Ferenc_Madl
vggface2,full_image,probe/Francis_Mer/Francis_Mer_0002.jpg,Francis_Mer,2,0.5,0.6098676323890686,0.5920246243476868,Geoff_Hoon,Francis_Mer,Michael_Douglas,Jorge_Rodolfo_Canicoba_Corral,Vladimir_Putin,Asa_Hutchinson,Luiz_Felipe_Scolari,Jerry_Falwell,Bill_Graham,Owen_Wilson
vggface2,full_image,probe/Franco_Dragone/Franco_Dragone_0002.jpg,Franco_Dragone,1,1.0,0.7287945747375488,0.7287945747375488,Franco_Dragone,David_Heymann,Ronald_Reagan,Lionel_Richie,Jean-David_Levitte,Kevin_Spacey,Gary_Doer,John_Garamendi,Bill_Frist,Robbie_Fowler
vggface2,full_image,probe/Frank_Cassell/Frank_Cassell_0002.jpg,Frank_Cassell,1,1.0,0.7785176038742065,0.7785176038742065,Frank_Cassell,Vladimir_Putin,Larry_Coker,Dick_Cheney,John_Negroponte,Inocencio_Arias,Mitchell_Daniels,Barry_Alvarez,Bill_Graham,William_Bratton
vggface2,full_image,probe/Frank_Dunham_Jr/Frank_Dunham_Jr_0002.jpg,Frank_Dunham_Jr,1,1.0,0.6854109764099121,0.6854109764099121,Frank_Dunham_Jr,Bobby_Goldwater,Mohamed_Benaissa,Pedro_Malan,Jean-Claude_Juncker,Bill_Gates,Greg_Ostertag,Li_Peng,Jean-Marc_de_La_Sabliere,John_Blaney
vggface2,full_image,probe/Frank_Griswold/Frank_Griswold_0002.jpg,Frank_Griswold,1,1.0,0.6559046506881714,0.6559046506881714,Frank_Griswold,Jean-David_Levitte,James_Kopp,James_Kelly,Tom_Daschle,John_Taylor,Ernie_Fletcher,Bud_Selig,Jack_Straw,Nick_Nolte
vggface2,full_image,probe/Frank_Lautenberg/Frank_Lautenberg_0002.jpg,Frank_Lautenberg,1,1.0,0.7366904020309448,0.7366904020309448,Frank_Lautenberg,John_Howard,Jorge_Batlle,Costas_Simitis,Charles_Mathews,Michael_J_Sheehan,Mike_Price,David_Dodge,John_Negroponte,Hans_Eichel
vggface2,full_image,probe/Frank_Solich/Frank_Solich_0002.jpg,Frank_Solich,1,1.0,0.8531774282455444,0.8531774282455444,Frank_Solich,Prince_Edward,Herb_Sendek,John_Brady,Peter_Hillary,Yevgeny_Kafelnikov,Gregg_Popovich,Martin_Verkerk,Roy_Moore,John_Spencer
vggface2,full_image,probe/Frank_Stallone/Frank_Stallone_0002.jpg,Frank_Stallone,1,1.0,0.794180691242218,0.794180691242218,Frank_Stallone,Charles_Schumer,Todd_Haynes,Jorge_Valdano,Silvan_Shalom,Benjamin_Netanyahu,Eduardo_Duhalde,Howard_Schultz,Bijan_Namdar_Zangeneh,Anthony_LaPaglia
vggface2,full_image,probe/Franko_Simatovic/Franko_Simatovic_0002.jpg,Franko_Simatovic,2,0.5,0.5940978527069092,0.5698450803756714,Pedro_Malan,Franko_Simatovic,David_Trimble,Alec_Baldwin,Antony_Leung,Alvaro_Uribe,Prince_Naruhito,Chen_Liang_Yu,Bill_Gates,Jong_Thae_Hwa
vggface2,full_image,probe/Franz_Beckenbauer/Franz_Beckenbauer_0002.jpg,Franz_Beckenbauer,1,1.0,0.726234495639801,0.726234495639801,Franz_Beckenbauer,John_Snow,Pascal_Lamy,Lord_Hutton,Frank_Lautenberg,Pascal_Quignard,Costas_Simitis,Leon_LaPorte,William_Martin,Larry_Brown
vggface2,full_image,probe/Franz_Muentefering/Franz_Muentefering_0002.jpg,Franz_Muentefering,1,1.0,0.6001694202423096,0.6001694202423096,Franz_Muentefering,Pedro_Malan,Li_Peng,Trent_Lott,Alberto_Fujimori,Jose_Dirceu,Guido_Westerwelle,Alvaro_Uribe,Lim_Dong-won,Frank_Griswold
vggface2,full_image,probe/Fred_Eckhard/Fred_Eckhard_0002.jpg,Fred_Eckhard,1,1.0,0.9164931178092957,0.9164931178092957,Fred_Eckhard,David_Trimble,Tom_Daschle,George_Robertson,Marc_Grossman,Jay_Garner,Franko_Simatovic,Ernie_Eves,Alastair_Campbell,Bill_Gates
vggface2,full_image,probe/Fred_Funk/Fred_Funk_0002.jpg,Fred_Funk,254,0.003937007874015748,0.7947534322738647,0.18089160323143005,Anna_Kournikova,Nadia_Petrova,Juan_Pablo_Montoya,Justine_Henin,Mike_Weir,Padraig_Harrington,Augustin_Calleri,Paul-Henri_Mathieu,Adam_Scott,Justin_Leonard
vggface2,full_image,probe/Freddy_Garcia/Freddy_Garcia_0002.jpg,Freddy_Garcia,24,0.041666666666666664,0.6662307977676392,0.42385169863700867,Sourav_Ganguly,Conchita_Martinez,Ben_Curtis,Justine_Henin,Phil_Mickelson,Nadia_Petrova,Harbhajan_Singh,Mike_Weir,Marco_Antonio_Barrera,Jim_Furyk
vggface2,full_image,probe/GL_Peiris/GL_Peiris_0002.jpg,GL_Peiris,1,1.0,0.8705626726150513,0.8705626726150513,GL_Peiris,Pascal_Lamy,John_Negroponte,Harry_Belafonte,Angelo_Reyes,Paul_ONeill,Jorge_Batlle,Peter_Struck,Yasar_Yakis,Abdullah_al-Attiyah
vggface2,full_image,probe/Gabriel_Batistuta/Gabriel_Batistuta_0002.jpg,Gabriel_Batistuta,1,1.0,0.583868682384491,0.583868682384491,Gabriel_Batistuta,Luis_Horna,Mike_Weir,Gustavo_Kuerten,Tom_Cruise,Demetrius_Ferraciu,James_Blake,Augustin_Calleri,Greg_Owen,Justin_Leonard
vggface2,full_image,probe/Gabriel_Valdes/Gabriel_Valdes_0002.jpg,Gabriel_Valdes,2,0.5,0.6912172436714172,0.5802952647209167,Li_Peng,Gabriel_Valdes,Albrecht_Mentz,Hu_Jintao,Lim_Dong-won,Pedro_Malan,Hipolito_Mejia,Gregory_Geoffroy,Hilmi_Ozkok,Mohammad_Khatami
vggface2,full_image,probe/Gao_Qiang/Gao_Qiang_0002.jpg,Gao_Qiang,1,1.0,0.7527011632919312,0.7527011632919312,Gao_Qiang,Kim_Ryong-sung,Dalai_Lama,Goh_Kun,Thaksin_Shinawatra,John_Howard,Hu_Jintao,Chen_Liang_Yu,Prince_Naruhito,Li_Peng
vggface2,full_image,probe/Garry_Kasparov/Garry_Kasparov_0002.jpg,Garry_Kasparov,1,1.0,0.6851621866226196,0.6851621866226196,Garry_Kasparov,Silvan_Shalom,Li_Peng,Cruz_Bustamante,Scott_McClellan,Pete_Sampras,Carlos_Quintanilla_Schmidt,Bob_Geldof,Juan_Pablo_Montoya,Job_Cohen
vggface2,full_image,probe/Garry_Trudeau/Garry_Trudeau_0002.jpg,Garry_Trudeau,1,1.0,0.7373768091201782,0.7373768091201782,Garry_Trudeau,Steven_Spielberg,Howard_Dean,Robert_Mueller,Thomas_Fargo,Pedro_Solbes,John_McEnroe,Aitor_Gonzalez,Alvaro_Uribe,John_Walsh
vggface2,full_image,probe/Gary_Bergeron/Gary_Bergeron_0002.jpg,Gary_Bergeron,2,0.5,0.5172349214553833,0.5146353840827942,Mike_Weir,Gary_Bergeron,James_McGreevey,Dick_Clark,Pete_Sampras,Adolfo_Rodriguez_Saa,Eduardo_Duhalde,Abdullatif_Sener,Xanana_Gusmao,Mohammad_Khatami
vggface2,full_image,probe/Gary_Carter/Gary_Carter_0002.jpg,Gary_Carter,1,1.0,0.7916676998138428,0.7916676998138428,Gary_Carter,Costas_Simitis,Bill_Graham,Robert_Duvall,Warren_Beatty,Sarah_Jessica_Parker,Geoff_Hoon,Mohammad_Khatami,James_Gandolfini,Joseph_Blatter
vggface2,full_image,probe/Gary_Doer/Gary_Doer_0002.jpg,Gary_Doer,1,1.0,0.7565767765045166,0.7565767765045166,Gary_Doer,Geoff_Hoon,Trent_Lott,Jean-David_Levitte,Vaclav_Havel,Gary_Locke,Paul_Bremer,Andy_Hebb,Eric_Clapton,Rolf_Eckrodt
vggface2,full_image,probe/Gary_Forsee/Gary_Forsee_0002.jpg,Gary_Forsee,1,1.0,0.6216329336166382,0.6216329336166382,Gary_Forsee,Trent_Lott,Ian_McKellen,Silvio_Berlusconi,Jack_Grubman,Vaclav_Havel,Robert_Mueller,Spencer_Abraham,Howard_Dean,Jean-David_Levitte
vggface2,full_image,probe/Gary_Locke/Gary_Locke_0002.jpg,Gary_Locke,1,1.0,0.8226625919342041,0.8226625919342041,Gary_Locke,Heizo_Takenaka,Nicanor_Duarte_Frutos,Hu_Jintao,Jia_Qinglin,Jackie_Chan,Yoko_Ono,Lim_Dong-won,Prince_Naruhito,Kim_Ryong-sung
vggface2,full_image,probe/Gary_Williams/Gary_Williams_0002.jpg,Gary_Williams,1,1.0,0.6561996936798096,0.6561996936798096,Gary_Williams,Mark_Warner,Jack_Straw,Howard_Dean,Yevgeny_Kafelnikov,John_Jumper,Stanley_McChrystal,Bo_Ryan,Jonathan_Edwards,Thomas_Fargo
vggface2,full_image,probe/Gary_Winnick/Gary_Winnick_0002.jpg,Gary_Winnick,1,1.0,0.7956201434135437,0.7956201434135437,Gary_Winnick,Vaclav_Havel,Jerry_Falwell,Joseph_Blatter,Peter_Harrison,Geoff_Hoon,Alexander_Losyukov,Mike_Holmgren,Lech_Walesa,Nestor_Kirchner
vggface2,full_image,probe/Geno_Auriemma/Geno_Auriemma_0002.jpg,Geno_Auriemma,2,0.5,0.5650850534439087,0.5291483998298645,Mark_Dacey,Geno_Auriemma,Bill_Simon,Paul_Bremer,Todd_Haynes,Jamie_Villafane,Oswaldo_Paya,Kevin_Stallings,Jean-David_Levitte,Brian_Cowen
vggface2,full_image,probe/Geoff_Hoon/Geoff_Hoon_0002.jpg,Geoff_Hoon,2,0.5,0.6772811412811279,0.6573551297187805,Eduardo_Duhalde,Geoff_Hoon,Bill_Frist,Alvaro_Uribe,Lindsey_Graham,Nestor_Kirchner,Vaclav_Havel,Arlen_Specter,Thomas_OBrien,Silvio_Berlusconi
vggface2,full_image,probe/George_Brumley/George_Brumley_0002.jpg,George_Brumley,1,1.0,0.6734341382980347,0.6734341382980347,George_Brumley,Paul_ONeill,Larry_Brown,Dick_Cheney,Max_Mayfield,Richie_Adubato,Joseph_Deiss,Tom_Craddick,Nabil_Shaath,Ferenc_Madl
vggface2,full_image,probe/George_Foreman/George_Foreman_0002.jpg,George_Foreman,2,0.5,0.7440074682235718,0.6467211246490479,Sam_Bith,George_Foreman,Nelson_Mandela,Bob_Hope,Igor_Ivanov,Edward_Lu,Ray_Nagin,Ali_Abbas,Colin_Powell,Hun_Sen
vggface2,full_image,probe/George_Karl/George_Karl_0002.jpg,George_Karl,1,1.0,0.7193777561187744,0.7193777561187744,George_Karl,Bill_Graham,Goran_Persson,Kieran_Prendergast,Slobodan_Milosevic,Robert_Bonner,Rick_Romley,James_Morris,Richard_Norton-Taylor,Gregg_Popovich
vggface2,full_image,probe/George_Lopez/George_Lopez_0002.jpg,George_Lopez,1,1.0,0.7279045581817627,0.7279045581817627,George_Lopez,Nicanor_Duarte_Frutos,Johnson_Panjaitan,Saparmurat_Niyazov,Mario_Kreutzberger,Heizo_Takenaka,Gary_Doer,Bernardo_Segura,Hisao_Oguchi,Gary_Locke
vggface2,full_image,probe/George_P_Bush/George_P_Bush_0002.jpg,George_P_Bush,1,1.0,0.6787140965461731,0.6787140965461731,George_P_Bush,Pete_Sampras,Vincent_Brooks,Greg_Rusedski,Kifah_Ajouri,Jonathan_Edwards,Alex_Penelas,Albert_Costa,Mike_Weir,Spencer_Abraham
vggface2,full_image,probe/George_Pataki/George_Pataki_0002.jpg,George_Pataki,1,1.0,0.7790160179138184,0.7790160179138184,George_Pataki,Ron_Howard,Asa_Hutchinson,John_Timoney,Johnny_Carson,Roy_Williams,Richard_Gephardt,Jimmy_Carter,Lisa_Raymond,Bill_Nelson
vggface2,full_image,probe/George_Robertson/George_Robertson_0002.jpg,George_Robertson,1,1.0,0.9126119613647461,0.9126119613647461,George_Robertson,James_Kelly,Dennis_Kucinich,Steve_Spurrier,Goran_Persson,George_Pataki,Harry_Kalas,John_Timoney,Jose_Manuel_Durao_Barroso,Mike_Babcock
vggface2,full_image,probe/George_Roy_Hill/George_Roy_Hill_0002.jpg,George_Roy_Hill,1,1.0,0.8039882183074951,0.8039882183074951,George_Roy_Hill,Igor_Ivanov,Dennis_Kucinich,Doug_Collins,Emile_Lahoud,Matthew_Perry,Roy_Moore,Lloyd_Ward,Gerry_Parsky,Alastair_Campbell
vggface2,full_image,probe/George_Ryan/George_Ryan_0002.jpg,George_Ryan,1,1.0,0.8665680289268494,0.8665680289268494,George_Ryan,James_Smith,George_Brumley,Patrick_Leahy,John_Snow,Dick_Cheney,Peter_Struck,Bernard_Landry,Jimmy_Carter,Larry_Brown
vggface2,full_image,probe/George_Tenet/George_Tenet_0002.jpg,George_Tenet,1,1.0,0.6703479290008545,0.6703479290008545,George_Tenet,Nestor_Kirchner,Charles_Schumer,William_Bratton,Chuck_Amato,Jose_Mourinho,Robert_Mueller,Alvaro_Uribe,Inocencio_Arias,Silvan_Shalom
vggface2,full_image,probe/George_Voinovich/George_Voinovich_0002.jpg,George_Voinovich,2,0.5,0.7239947319030762,0.6324580907821655,Vaclav_Havel,George_Voinovich,Richard_Gephardt,Donald_Evans,Asa_Hutchinson,Robert_Zoellick,George_Pataki,David_Leahy,James_Kelly,Franz_Muentefering
vggface2,full_image,probe/Georgi_Parvanov/Georgi_Parvanov_0002.jpg,Georgi_Parvanov,1,1.0,0.7711642980575562,0.7711642980575562,Georgi_Parvanov,Andy_Hebb,Oswaldo_Paya,John_Kerry,Abdullah_Gul,Hashim_Thaci,Mark_Cuban,Paul_Bremer,Celso_Amorim,David_Heymann
vggface2,full_image,probe/Geraldine_Chaplin/Geraldine_Chaplin_0002.jpg,Geraldine_Chaplin,1,1.0,0.846107006072998,0.846107006072998,Geraldine_Chaplin,Chita_Rivera,Frances_Fisher,Carol_Burnett,Elisabeth_Schumacher,Rita_Moreno,Nancy_Pelosi,Jane_Kaczmarek,Valery_Giscard_dEstaing,Sophia_Loren
vggface2,full_image,probe/Gerard_Depardieu/Gerard_Depardieu_0002.jpg,Gerard_Depardieu,1,1.0,0.8970667123794556,0.8970667123794556,Gerard_Depardieu,Bill_Belichick,Geoff_Hoon,Robert_Duvall,Kurt_Russell,Robin_McLaurin_Williams,Kent_Rominger,John_Kerry,Arlen_Specter,Michael_Douglas
vggface2,full_image,probe/Gerardo_Gambala/Gerardo_Gambala_0002.jpg,Gerardo_Gambala,4,0.25,0.5656667947769165,0.4528721570968628,Mike_Miller,Vincent_Brooks,James_Blake,Gerardo_Gambala,JJ_Redick,Taufik_Hidayat,Mark_Dacey,Emanuel_Ginobili,Yao_Ming,Michael_Chang
vggface2,full_image,probe/Gerry_Adams/Gerry_Adams_0002.jpg,Gerry_Adams,1,1.0,0.8576418161392212,0.8576418161392212,Gerry_Adams,Robert_De_Niro,Amram_Mitzna,Steven_Spielberg,Antonio_Banderas,Carlos_Mesa,Mohammad_Khatami,Pedro_Solbes,Nanni_Moretti,Kent_Rominger
vggface2,full_image,probe/Gerry_Parsky/Gerry_Parsky_0002.jpg,Gerry_Parsky,1,1.0,0.7955588102340698,0.7955588102340698,Gerry_Parsky,Dennis_Kucinich,Jorge_Valdano,Bill_Frist,Francis_Mer,Bobby_Goldwater,John_Rosa,Fred_Eckhard,Christopher_Walken,Roy_Moore
vggface2,full_image,probe/Gian_Marco/Gian_Marco_0002.jpg,Gian_Marco,1,1.0,0.6129207611083984,0.6129207611083984,Gian_Marco,Jason_Alexander,Scott_McClellan,Mike_Weir,Brendan_Hansen,Robert_Bonner,Richard_Shelby,James_Cunningham,David_Spade,Warren_Beatty
vggface2,full_image,probe/Gianna_Angelopoulos-Daskalaki/Gianna_Angelopoulos-Daskalaki_0002.jpg,Gianna_Angelopoulos-Daskalaki,1,1.0,0.6135965585708618,0.6135965585708618,Gianna_Angelopoulos-Daskalaki,Fran_Drescher,Jo_Dee_Messina,Ernie_Eves,Thaksin_Shinawatra,Kathryn_Bigelow,Vanessa_Incontrada,Martina_McBride,Julianne_Moore,Michelle_Yeoh
vggface2,full_image,probe/Gil_de_Ferran/Gil_de_Ferran_0002.jpg,Gil_de_Ferran,2,0.5,0.6843248009681702,0.6549218893051147,Mike_Babcock,Gil_de_Ferran,Ricky_Ponting,Justin_Leonard,Brian_Griese,Steve_Park,Gary_Forsee,David_Heymann,Padraig_Harrington,Michael_Phelps
vggface2,full_image,probe/Gillian_Anderson/Gillian_Anderson_0002.jpg,Gillian_Anderson,2,0.5,0.6445585489273071,0.5262845754623413,Edie_Falco,Gillian_Anderson,Marissa_Jaret_Winokur,Gwendal_Peizerat,Monica_Seles,Kathleen_Glynn,Bridget_Fonda,Ellen_DeGeneres,Sarah_Jessica_Parker,Robert_De_Niro
vggface2,full_image,probe/Gisele_Bundchen/Gisele_Bundchen_0002.jpg,Gisele_Bundchen,1,1.0,0.5762730240821838,0.5762730240821838,Gisele_Bundchen,Benazir_Bhutto,Lea_Fastow,Jodie_Foster,Kathy_Winters,Beth_Jones,Antony_Leung,Lisa_Raymond,Prince_Harry,Daisy_Fuentes
vggface2,full_image,probe/Gloria_Allred/Gloria_Allred_0002.jpg,Gloria_Allred,1,1.0,0.7251771092414856,0.7251771092414856,Gloria_Allred,Sophia_Loren,Nia_Vardalos,Nancy_Pelosi,Michelle_Pfeiffer,Patricia_Clarkson,Nancy_Reagan,Bud_Selig,Christine_Gregoire,Priscilla_Owen
vggface2,full_image,probe/Gloria_Macapagal_Arroyo/Gloria_Macapagal_Arroyo_0002.jpg,Gloria_Macapagal_Arroyo,1,1.0,0.8462239503860474,0.8462239503860474,Gloria_Macapagal_Arroyo,Hitomi_Soga,Intisar_Ajouri,Ali_Abbas,Megawati_Sukarnoputri,Coretta_Scott_King,Flor_Montulo,Edward_Lu,Kwon_Yang-sook,Carol_Moseley_Braun
vggface2,full_image,probe/Goh_Kun/Goh_Kun_0002.jpg,Goh_Kun,1,1.0,0.8720371723175049,0.8720371723175049,Goh_Kun,Kim_Ryong-sung,Jia_Qinglin,Kim_Jin-sun,Hu_Jintao,Thaksin_Shinawatra,Prince_Naruhito,Lee_Hoi-chang,Li_Peng,Kim_Dae-jung
vggface2,full_image,probe/Goldie_Hawn/Goldie_Hawn_0002.jpg,Goldie_Hawn,1,1.0,0.7501270771026611,0.7501270771026611,Goldie_Hawn,Olivia_Newton-John,Doris_Schroeder,Maggie_Smith,Jeanne_Moreau,Barbara_Walters,Christine_Ebersole,Carmen_Electra,Courtney_Love,Cameron_Diaz
vggface2,full_image,probe/Goran_Persson/Goran_Persson_0002.jpg,Goran_Persson,5,0.2,0.64536052942276,0.5889312624931335,Joseph_Deiss,John_Timoney,Bernard_Landry,Dick_Cheney,Goran_Persson,Jay_Garner,Hans_Eichel,George_Ryan,Robin_McLaurin_Williams,Gordon_Campbell
vggface2,full_image,probe/Gordon_Campbell/Gordon_Campbell_0002.jpg,Gordon_Campbell,1,1.0,0.8189009428024292,0.8189009428024292,Gordon_Campbell,Rick_Romley,Dave_Campo,Richie_Adubato,Max_Mayfield,Slobodan_Milosevic,Roy_Williams,Franz_Beckenbauer,David_Dodge,Jay_Rasulo
vggface2,full_image,probe/Grady_Irvin_Jr/Grady_Irvin_Jr_0002.jpg,Grady_Irvin_Jr,1,1.0,0.800899863243103,0.800899863243103,Grady_Irvin_Jr,James_Butts,John_Allen_Muhammad,John_Stallworth,Gregory_Hines,Saddam_Hussein,Thabo_Mbeki,Adolfo_Rodriguez_Saa,John_Banko,Fidel_Castro
vggface2,full_image,probe/Gray_Davis/Gray_Davis_0002.jpg,Gray_Davis,1,1.0,0.7915177941322327,0.7915177941322327,Gray_Davis,Scott_McNealy,Bill_Parcells,James_Kelly,John_Manley,Gregg_Popovich,Jon_Gruden,Joseph_Biden,Jean-Claude_Braquet,Boris_Becker
vggface2,full_image,probe/Greg_Gilbert/Greg_Gilbert_0002.jpg,Greg_Gilbert,1,1.0,0.6370396614074707,0.6370396614074707,Greg_Gilbert,Kenneth_Branagh,Dale_Earnhardt_Jr,Bill_Belichick,Matthew_Perry,Brendan_Hansen,Jason_Lezak,Jon_Gruden,Gian_Marco,Jason_Jennings
vggface2,full_image,probe/Greg_Ostertag/Greg_Ostertag_0002.jpg,Greg_Ostertag,32,0.03125,0.5119215846061707,0.3461465537548065,Ian_Thorpe,Jamie_Villafane,Noah_Wyle,Marissa_Jaret_Winokur,Zoran_Djindjic,Gregg_Popovich,Edward_Lu,Nanni_Moretti,Edie_Falco,Jimmy_Kimmel
vggface2,full_image,probe/Greg_Owen/Greg_Owen_0002.jpg,Greg_Owen,1,1.0,0.8276058435440063,0.8276058435440063,Greg_Owen,Jim_Furyk,Phil_Mickelson,Iban_Mayo,Justin_Leonard,Peter_Harrison,Jason_Jennings,David_Nalbandian,Steve_Spurrier,Christian_Wulff
vggface2,full_image,probe/Greg_Rusedski/Greg_Rusedski_0002.jpg,Greg_Rusedski,1,1.0,0.817044198513031,0.817044198513031,Greg_Rusedski,Martin_Verkerk,Luis_Horna,Dennis_Powell,John_Brady,Herb_Sendek,Prince_Edward,Mark_Warner,Felix_Mantilla,Ron_Howard
vggface2,full_image,probe/Gregg_Popovich/Gregg_Popovich_0002.jpg,Gregg_Popovich,1,1.0,0.5583661794662476,0.5583661794662476,Gregg_Popovich,Stanley_McChrystal,Zoran_Djindjic,Tom_Brady,Justine_Henin,Padraig_Harrington,Diana_Taurasi,Matt_Doherty,Silvia_Farina_Elia,Chris_Bell
vggface2,full_image,probe/Gregory_Geoffroy/Gregory_Geoffroy_0002.jpg,Gregory_Geoffroy,1,1.0,0.7797269225120544,0.7797269225120544,Gregory_Geoffroy,William_Bratton,Wang_Yingfan,Jonathan_Edwards,Carlos_Quintanilla_Schmidt,John_Howard,Jean-Marc_de_La_Sabliere,Charles_Schumer,Gao_Qiang,Mohammad_Khatami
vggface2,full_image,probe/Gregory_Hines/Gregory_Hines_0002.jpg,Gregory_Hines,1,1.0,0.7013719081878662,0.7013719081878662,Gregory_Hines,Bob_Geldof,Alejandro_Avila,Abdel_Nasser_Assidi,Carlos_Quintanilla_Schmidt,Bill_Gates,Jesse_Jackson,Munir_Akram,Nestor_Kirchner,Pedro_Malan
vggface2,full_image,probe/Gro_Harlem_Brundtland/Gro_Harlem_Brundtland_0002.jpg,Gro_Harlem_Brundtland,1,1.0,0.7629066705703735,0.7629066705703735,Gro_Harlem_Brundtland,Ann_Veneman,Lynne_Cheney,Eva_Dimas,Herta_Daeubler-Gmelin,Sharon_Frey,Martha_Burk,Elinor_Caplan,Elizabeth_Smart,Diane_Green
vggface2,full_image,probe/Guido_Westerwelle/Guido_Westerwelle_0002.jpg,Guido_Westerwelle,1,1.0,0.6583333015441895,0.6583333015441895,Guido_Westerwelle,Roy_Moore,Tom_Crean,Ron_Dittemore,Hermann_Maier,Angelo_Reyes,Alan_Mulally,Frank_Solich,James_Maguire,Richard_Crenna
vggface2,full_image,probe/Guillaume_Soro/Guillaume_Soro_0002.jpg,Guillaume_Soro,1,1.0,0.7664142847061157,0.7664142847061157,Guillaume_Soro,Isaiah_Washington,Will_Smith,Laurent_Gbagbo,LeBron_James,Jesse_Jackson,Kirk_Johnson,Patrick_Ewing,George_Robertson,David_Nalbandian
vggface2,full_image,probe/Guillermo_Coria/Guillermo_Coria_0002.jpg,Guillermo_Coria,1,1.0,0.794924259185791,0.794924259185791,Guillermo_Coria,Ben_Curtis,Mike_Weir,Nicolas_Lapentti,Anna_Kournikova,Steve_Park,Candie_Kung,Aitor_Gonzalez,Daniela_Hantuchova,Juan_Pablo_Montoya
vggface2,full_image,probe/Guillermo_Ortiz/Guillermo_Ortiz_0002.jpg,Guillermo_Ortiz,1,1.0,0.855863094329834,0.855863094329834,Guillermo_Ortiz,Larry_Brown,Nestor_Kirchner,Gabriel_Valdes,Silvan_Shalom,Charles_Schumer,Len_Jenoff,Antony_Leung,Bob_Hope,Chen_Liang_Yu
vggface2,full_image,probe/Gunter_Pleuger/Gunter_Pleuger_0002.jpg,Gunter_Pleuger,1,1.0,0.8662838339805603,0.8662838339805603,Gunter_Pleuger,Juergen_Peters,Luis_Gonzalez_Macchi,Pedro_Solbes,Kieran_Prendergast,Bill_Graham,Luiz_Felipe_Scolari,Bernard_Landry,Steven_Spielberg,Dick_Cheney
vggface2,full_image,probe/Gustavo_Kuerten/Gustavo_Kuerten_0002.jpg,Gustavo_Kuerten,1,1.0,0.8548550605773926,0.8548550605773926,Gustavo_Kuerten,Felix_Mantilla,Matt_Doherty,Guillermo_Coria,Mikhail_Youzhny,Demetrius_Ferraciu,Luis_Horna,Greg_Rusedski,Marat_Safin,Greg_Gilbert
vggface2,full_image,probe/Guy_Hemmings/Guy_Hemmings_0002.jpg,Guy_Hemmings,2,0.5,0.5949358344078064,0.5696201324462891,Sean_Astin,Guy_Hemmings,Mike_Miller,Dorthy_Moxley,Paul_McCartney,Edward_Lu,Paula_Radcliffe,Ann_Veneman,Luke_Walton,Jennifer_Reilly
vggface2,full_image,probe/Guy_Ritchie/Guy_Ritchie_0002.jpg,Guy_Ritchie,1,1.0,0.7031791806221008,0.7031791806221008,Guy_Ritchie,Thomas_Fargo,David_Bell,Scott_McClellan,Daniel_Day-Lewis,Gregg_Popovich,Bruce_Weber,Stanley_McChrystal,Dennis_Powell,Jason_Kidd
vggface2,full_image,probe/Gwendal_Peizerat/Gwendal_Peizerat_0002.jpg,Gwendal_Peizerat,1,1.0,0.8493539690971375,0.8493539690971375,Gwendal_Peizerat,Prince_Harry,Monica_Seles,Stacy_Dragila,Lindsay_Benko,Sandra_Bullock,Jennifer_Thompson,Patty_Schnyder,Arantxa_Sanchez-Vicario,Jennifer_Aniston
vggface2,full_image,probe/Hal_Sutton/Hal_Sutton_0002.jpg,Hal_Sutton,3,0.3333333333333333,0.5777623653411865,0.5367727279663086,Harry_Schmidt,Mike_Weir,Hal_Sutton,Guillermo_Coria,Gian_Marco,David_Bell,Jon_Gruden,James_Parker,Dale_Earnhardt_Jr,Darrell_Porter
vggface2,full_image,probe/Hamzah_Haz/Hamzah_Haz_0002.jpg,Hamzah_Haz,1,1.0,0.7905288934707642,0.7905288934707642,Hamzah_Haz,Angelo_Reyes,Anwar_Ibrahim,Hun_Sen,Edward_Lu,Miguel_Contreras,Alejandro_Toledo,Joseph_Estrada,Shaukat_Aziz,Flor_Montulo
vggface2,full_image,probe/Hanan_Ashrawi/Hanan_Ashrawi_0002.jpg,Hanan_Ashrawi,1,1.0,0.7899603843688965,0.7899603843688965,Hanan_Ashrawi,Intisar_Ajouri,Benazir_Bhutto,Heidi_Fleiss,Gianna_Angelopoulos-Daskalaki,Ann_Veneman,Hitomi_Soga,Raghad_Saddam_Hussein,Nancy_Pelosi,Fabiola_Zuluaga
vggface2,full_image,probe/Hannah_Stockbauer/Hannah_Stockbauer_0002.jpg,Hannah_Stockbauer,1,1.0,0.7820768356323242,0.7820768356323242,Hannah_Stockbauer,Sharon_Frey,Hayley_Tullett,Ann_Veneman,Serena_Williams,Julianne_Moore,Marina_Anissina,Nadia_Petrova,Meryl_Streep,Diana_Taurasi
vggface2,full_image,probe/Hans_Eichel/Hans_Eichel_0002.jpg,Hans_Eichel,1,1.0,0.6861543655395508,0.6861543655395508,Hans_Eichel,Len_Jenoff,John_Blaney,Larry_Brown,Peter_Arnett,Dick_Cheney,Pedro_Solbes,Bobby_Goldwater,Max_Mayfield,Nabil_Shaath
vggface2,full_image,probe/Harbhajan_Singh/Harbhajan_Singh_0002.jpg,Harbhajan_Singh,1,1.0,0.8373661637306213,0.8373661637306213,Harbhajan_Singh,Osama_bin_Laden,Augustin_Calleri,Anna_Kournikova,Sourav_Ganguly,Hassan_Nasrallah,Larry_Johnson,Meghann_Shaughnessy,Mike_Weir,Allen_Iverson
vggface2,full_image,probe/Harry_Belafonte/Harry_Belafonte_0002.jpg,Harry_Belafonte,1,1.0,0.8080129623413086,0.8080129623413086,Harry_Belafonte,S_Jayakumar,John_Spencer,Yasar_Yakis,Bo_Ryan,Dalai_Lama,GL_Peiris,OJ_Simpson,James_Gandolfini,Donald_Evans
vggface2,full_image,probe/Harry_Kalas/Harry_Kalas_0002.jpg,Harry_Kalas,6,0.16666666666666666,0.5991867780685425,0.5038923025131226,Colin_Powell,Thomas_OBrien,Alvaro_Noboa,Jay_Garner,Ernie_Eves,Harry_Kalas,James_Kelly,Larry_Lindsey,George_Pataki,Jimmy_Carter
vggface2,full_image,probe/Harry_Schmidt/Harry_Schmidt_0002.jpg,Harry_Schmidt,1,1.0,0.7891417741775513,0.7891417741775513,Harry_Schmidt,Greg_Gilbert,John_Abizaid,Bill_Graham,Marcelo_Salas,Howard_Dean,Leszek_Miller,Charlton_Heston,Stephen_Friedman,Klaus_Zwickel
vggface2,full_image,probe/Harvey_Weinstein/Harvey_Weinstein_0002.jpg,Harvey_Weinstein,1,1.0,0.6526786088943481,0.6526786088943481,Harvey_Weinstein,Roy_Moore,Jose_Dirceu,Howard_Smith,Chris_Cooper,Tom_Crean,Larry_Lucchino,Frank_Solich,Dai_Bachtiar,John_Brady
vggface2,full_image,probe/Hashim_Thaci/Hashim_Thaci_0002.jpg,Hashim_Thaci,2,0.5,0.6227226257324219,0.6101523041725159,Georgi_Parvanov,Hashim_Thaci,Todd_Haynes,Jimmy_Kimmel,Sharon_Frey,John_Negroponte,Alejandro_Avila,Darren_Clarke,Mark_Cuban,Brian_Cowen
vggface2,full_image,probe/Hassan_Nasrallah/Hassan_Nasrallah_0002.jpg,Hassan_Nasrallah,1,1.0,0.8777111172676086,0.8777111172676086,Hassan_Nasrallah,Luciano_Pavarotti,Osama_bin_Laden,Ali_Khamenei,Anna_Kournikova,Cruz_Bustamante,Abdullah,Li_Peng,Mohammad_Khatami,Pupi_Avati
vggface2,full_image,probe/Hassan_Wirajuda/Hassan_Wirajuda_0002.jpg,Hassan_Wirajuda,1,1.0,0.7529544830322266,0.7529544830322266,Hassan_Wirajuda,Hun_Sen,John_Allen_Muhammad,Hitomi_Soga,Antony_Leung,Joseph_Estrada,Shaukat_Aziz,Mitoji_Yabunaka,Begum_Khaleda_Zia,Alejandro_Toledo
vggface2,full_image,probe/Hayley_Tullett/Hayley_Tullett_0002.jpg,Hayley_Tullett,2,0.5,0.7528792023658752,0.7220187187194824,Silvia_Farina_Elia,Hayley_Tullett,Diana_Taurasi,Nadia_Petrova,Anna_Kournikova,Paula_Radcliffe,Monica_Seles,Bill_Graham,Elinor_Caplan,Stacy_Dragila
vggface2,full_image,probe/Hector_Babenco/Hector_Babenco_0002.jpg,Hector_Babenco,1,1.0,0.7765064835548401,0.7765064835548401,Hector_Babenco,Robert_Kocharian,Silvan_Shalom,Iain_Duncan_Smith,Vladimir_Putin,Fidel_Castro,Kifah_Ajouri,Benjamin_Netanyahu,Daniel_Day-Lewis,Imad_Moustapha
vggface2,full_image,probe/Heidi_Fleiss/Heidi_Fleiss_0002.jpg,Heidi_Fleiss,2,0.5,0.5692238211631775,0.5407615303993225,Elsa_Zylberstein,Heidi_Fleiss,Amanda_Beard,Martha_Bowen,Intisar_Ajouri,Ann_Veneman,Igor_Ivanov,Keira_Knightley,Madonna,Benazir_Bhutto
vggface2,full_image,probe/Heizo_Takenaka/Heizo_Takenaka_0002.jpg,Heizo_Takenaka,1,1.0,0.9284178018569946,0.9284178018569946,Heizo_Takenaka,Nicanor_Duarte_Frutos,Yukiko_Okudo,Jackie_Chan,Prince_Naruhito,Hisao_Oguchi,Candie_Kung,Jia_Qinglin,Michael_Chang,Hu_Jintao
vggface2,full_image,probe/Helen_Clark/Helen_Clark_0002.jpg,Helen_Clark,1,1.0,0.7789613008499146,0.7789613008499146,Helen_Clark,Bill_Sizemore,Ann_Veneman,Sharon_Frey,Claire_Leger,Celso_Amorim,Andy_Hebb,Paul_McCartney,Bill_Gates,Begum_Khaleda_Zia
vggface2,full_image,probe/Henrique_Meirelles/Henrique_Meirelles_0002.jpg,Henrique_Meirelles,1,1.0,0.619563102722168,0.619563102722168,Henrique_Meirelles,Vladimir_Putin,Leszek_Miller,Iain_Duncan_Smith,Benjamin_Netanyahu,John_Howard,Igor_Ivanov,Bijan_Namdar_Zangeneh,John_Negroponte,Hector_Babenco
vggface2,full_image,probe/Herb_Sendek/Herb_Sendek_0002.jpg,Herb_Sendek,1,1.0,0.8353233337402344,0.8353233337402344,Herb_Sendek,Hector_Babenco,Prince_Edward,Luis_Horna,Blythe_Hartley,Martin_Verkerk,Justin_Leonard,Kevin_Stallings,Greg_Rusedski,Gian_Marco
vggface2,full_image,probe/Hermann_Maier/Hermann_Maier_0002.jpg,Hermann_Maier,1,1.0,0.6259313225746155,0.6259313225746155,Hermann_Maier,Dale_Earnhardt_Jr,Tom_Glavine,Jan_Ullrich,Christian_Wulff,Adam_Scott,Roy_Moore,Ron_Howard,John_Brady,Yevgeny_Kafelnikov
vggface2,full_image,probe/Herta_Daeubler-Gmelin/Herta_Daeubler-Gmelin_0002.jpg,Herta_Daeubler-Gmelin,1,1.0,0.8675469756126404,0.8675469756126404,Herta_Daeubler-Gmelin,Gro_Harlem_Brundtland,Elinor_Caplan,Diane_Green,Joan_Claybrook,Angela_Lansbury,Elizabeth_Dole,Lynn_Abraham,Biljana_Plavsic,Margaret_Thatcher
vggface2,full_image,probe/Hichiro_Naemura/Hichiro_Naemura_0002.jpg,Hichiro_Naemura,12,0.08333333333333333,0.6738098859786987,0.49789488315582275,Yoko_Ono,Edward_Lu,Annette_Lu,Chen_Liang_Yu,Alberto_Fujimori,Megawati_Sukarnoputri,Li_Peng,Kim_Jong-Il,Thaksin_Shinawatra,Kwon_Yang-sook
vggface2,full_image,probe/Hideki_Matsui/Hideki_Matsui_0002.jpg,Hideki_Matsui,11,0.09090909090909091,0.702033519744873,0.5608245134353638,Jackie_Chan,Lee_Jun,Michael_Chang,Chung_Mong-joon,Kim_Dae-jung,Lee_Hoi-chang,Edward_Lu,Alejandro_Toledo,John_Cusack,Lee_Tae-sik
vggface2,full_image,probe/Hillary_Clinton/Hillary_Clinton_0002.jpg,Hillary_Clinton,1,1.0,0.8194202184677124,0.8194202184677124,Hillary_Clinton,Shannon_OBrien,Jean_Carnahan,Jennifer_Aniston,Jo_Dee_Messina,Nancy_Pelosi,Claire_Danes,Frank_Dunham_Jr,Cameron_Diaz,Barbara_Brezigar
vggface2,full_image,probe/Hilmi_Ozkok/Hilmi_Ozkok_0002.jpg,Hilmi_Ozkok,1,1.0,0.8099282383918762,0.8099282383918762,Hilmi_Ozkok,Robert_Kocharian,Lim_Dong-won,Saparmurat_Niyazov,Dick_Clark,Boris_Berezovsky,Gary_Forsee,Robert_Mueller,Martin_Scorsese,Silvio_Berlusconi
vggface2,full_image,probe/Hipolito_Mejia/Hipolito_Mejia_0002.jpg,Hipolito_Mejia,1,1.0,0.8146849274635315,0.8146849274635315,Hipolito_Mejia,Patrick_Leahy,William_Martin,John_Howard,Robert_Bonner,Hans_Eichel,Mike_Price,Paul_Patton,Larry_Brown,John_Negroponte
vggface2,full_image,probe/Hisao_Oguchi/Hisao_Oguchi_0002.jpg,Hisao_Oguchi,1,1.0,0.7992931008338928,0.7992931008338928,Hisao_Oguchi,Stanley_Tong,Paul_William_Hurley,Candie_Kung,Heizo_Takenaka,Kim_Ryong-sung,Marco_Antonio_Barrera,Hideki_Matsui,Kosuke_Kitajima,Bob_Colvin
vggface2,full_image,probe/Hitomi_Soga/Hitomi_Soga_0002.jpg,Hitomi_Soga,1,1.0,0.8013989925384521,0.8013989925384521,Hitomi_Soga,Annette_Lu,Megawati_Sukarnoputri,Gloria_Macapagal_Arroyo,Edward_Lu,Intisar_Ajouri,Yoko_Ono,Zarai_Toledo,Flor_Montulo,Jamling_Norgay
vggface2,full_image,probe/Hootie_Johnson/Hootie_Johnson_0002.jpg,Hootie_Johnson,221,0.004524886877828055,0.7223149538040161,0.20532894134521484,James_Kelly,Trent_Lott,Jean-David_Levitte,Frank_Griswold,Vaclav_Havel,Wesley_Clark,Alastair_Campbell,Bud_Selig,David_Trimble,Nicanor_Duarte_Frutos
vggface2,full_image,probe/Howard_Dean/Howard_Dean_0002.jpg,Howard_Dean,1,1.0,0.85390305519104,0.85390305519104,Howard_Dean,Peter_Harrison,John_Walsh,John_Abizaid,Leszek_Miller,Bruce_Weber,James_McGreevey,Alexander_Losyukov,Iain_Duncan_Smith,Benjamin_Netanyahu
vggface2,full_image,probe/Howard_Schultz/Howard_Schultz_0002.jpg,Howard_Schultz,1,1.0,0.7683611512184143,0.7683611512184143,Howard_Schultz,Matthew_Perry,Bill_Belichick,Jorge_Valdano,Al_Davis,Ian_Thorpe,Brian_Griese,Alejandro_Toledo,Dennis_Kucinich,Kevin_Spacey
vggface2,full_image,probe/Howard_Smith/Howard_Smith_0002.jpg,Howard_Smith,604,0.0016556291390728477,0.6216727495193481,0.0023696385324001312,Lou_Piniella,Padraig_Harrington,Justine_Henin,Anna_Kournikova,Nadia_Petrova,Yasser_Arafat,Kurt_Busch,Jennifer_Rodriguez,Tom_Brady,Adam_Scott
vggface2,full_image,probe/Hu_Jintao/Hu_Jintao_0002.jpg,Hu_Jintao,1,1.0,0.8720583915710449,0.8720583915710449,Hu_Jintao,Jia_Qinglin,Kim_Dae-jung,Yoko_Ono,Li_Peng,Thaksin_Shinawatra,Lee_Tae-sik,Chang_Dae-whan,Kim_Ryong-sung,Alberto_Fujimori
vggface2,full_image,probe/Hun_Sen/Hun_Sen_0002.jpg,Hun_Sen,1,1.0,0.6684808135032654,0.6684808135032654,Hun_Sen,John_Allen_Muhammad,Jesse_James_Leija,Lee_Hoi-chang,Kim_Dae-jung,Mike_Tyson,Spencer_Abraham,Lino_Oviedo,Bob_Hope,Anwar_Ibrahim
vggface2,full_image,probe/Iain_Duncan_Smith/Iain_Duncan_Smith_0002.jpg,Iain_Duncan_Smith,1,1.0,0.8885961174964905,0.8885961174964905,Iain_Duncan_Smith,Hector_Babenco,Robert_Bonner,Pascal_Lamy,Charles_Mathews,Kemal_Dervis,Jose_Serra,Slobodan_Milosevic,Jason_Alexander,Leon_LaPorte
vggface2,full_image,probe/Ian_McKellen/Ian_McKellen_0002.jpg,Ian_McKellen,4,0.25,0.5550776720046997,0.5166942477226257,Gary_Doer,Nicanor_Duarte_Frutos,Jackie_Chan,Ian_McKellen,Tony_Bennett,Ronald_Reagan,Lee_Jun,Trent_Lott,Kim_Dae-jung,Franz_Muentefering
vggface2,full_image,probe/Ian_Thorpe/Ian_Thorpe_0002.jpg,Ian_Thorpe,1,1.0,0.7866475582122803,0.7866475582122803,Ian_Thorpe,Richard_Krajicek,Mark_Dacey,Noah_Wyle,Johnny_Unitas,Jamie_Villafane,Jim_Carrey,Jude_Law,Oscar_De_La_Hoya,Michael_Phelps
vggface2,full_image,probe/Iban_Mayo/Iban_Mayo_0002.jpg,Iban_Mayo,1,1.0,0.7669645547866821,0.7669645547866821,Iban_Mayo,Adam_Scott,Justin_Leonard,Mike_Weir,Greg_Owen,Bode_Miller,Padraig_Harrington,Jason_Lezak,Mathias_Reichhold,Paula_Radcliffe
vggface2,full_image,probe/Ibrahim_Jaafari/Ibrahim_Jaafari_0002.jpg,Ibrahim_Jaafari,1,1.0,0.8365504741668701,0.8365504741668701,Ibrahim_Jaafari,Fidel_Castro,Luis_Gonzalez_Macchi,Jason_Kidd,Mohammad_Khatami,Eric_Rosser,Kevin_Stallings,Howard_Dean,Michael_Chiklis,Saddam_Hussein
vggface2,full_image,probe/Igor_Ivanov/Igor_Ivanov_0002.jpg,Igor_Ivanov,1,1.0,0.8176143169403076,0.8176143169403076,Igor_Ivanov,Vladimir_Putin,Costas_Simitis,George_Pataki,Dick_Cheney,Mitchell_Daniels,Frank_Cassell,Silvio_Berlusconi,Valery_Giscard_dEstaing,Benjamin_Netanyahu
vggface2,full_image,probe/Ilan_Ramon/Ilan_Ramon_0002.jpg,Ilan_Ramon,1,1.0,0.7547081708908081,0.7547081708908081,Ilan_Ramon,David_Heymann,Roman_Polanski,Celso_Amorim,Paul_McCartney,Michael_Douglas,Tim_Floyd,Jon_Gruden,Robert_Zoellick,Gerard_Depardieu
vggface2,full_image,probe/Imad_Moustapha/Imad_Moustapha_0002.jpg,Imad_Moustapha,1,1.0,0.8933535814285278,0.8933535814285278,Imad_Moustapha,Robert_Kocharian,Job_Cohen,Hector_Babenco,Silvan_Shalom,Carlos_Ghosn,Silvio_Berlusconi,Boris_Berezovsky,John_Negroponte,Cesar_Maia
vggface2,full_image,probe/Inam-ul-Haq/Inam-ul-Haq_0002.jpg,Inam-ul-Haq,1,1.0,0.8288275003433228,0.8288275003433228,Inam-ul-Haq,Ali_Khamenei,Sean_Patrick_OMalley,Paul_ONeill,Omar_Sharif,GL_Peiris,Jorge_Batlle,Carlos_Mesa,Saeb_Erekat,Francis_Ford_Coppola
vggface2,full_image,probe/Inocencio_Arias/Inocencio_Arias_0002.jpg,Inocencio_Arias,2,0.5,0.672561526298523,0.5869878530502319,Lino_Oviedo,Inocencio_Arias,Nestor_Kirchner,Martin_Scorsese,Ahmet_Necdet_Sezer,Silvio_Berlusconi,Ismail_Merchant,Li_Peng,Boris_Berezovsky,Michel_Temer
vggface2,full_image,probe/Intisar_Ajouri/Intisar_Ajouri_0002.jpg,Intisar_Ajouri,1,1.0,0.9032325148582458,0.9032325148582458,Intisar_Ajouri,Megawati_Sukarnoputri,Hitomi_Soga,Gloria_Macapagal_Arroyo,Hanan_Ashrawi,Annette_Lu,Kwon_Yang-sook,Ann_Veneman,Dolma_Tsering,Brigitte_Boisselier
vggface2,full_image,probe/Isabelle_Huppert/Isabelle_Huppert_0002.jpg,Isabelle_Huppert,1,1.0,0.7172611951828003,0.7172611951828003,Isabelle_Huppert,Daryl_Hannah,Lauren_Hutton,Raquel_Welch,Melanie_Griffith,Michelle_Pfeiffer,Maria_Luisa_Mendonca,Anneli_Jaatteenmaki,Elisabeth_Schumacher,Cyndi_Thompson
vggface2,full_image,probe/Isaiah_Washington/Isaiah_Washington_0002.jpg,Isaiah_Washington,1,1.0,0.5665867328643799,0.5665867328643799,Isaiah_Washington,William_Ford_Jr,Grady_Irvin_Jr,Will_Smith,Emmit_Smith,Leonard_Hamilton,John_Stallworth,Patrick_Ewing,Gerry_Adams,John_Allen_Muhammad
vggface2,full_image,probe/Ishaq_Shahryar/Ishaq_Shahryar_0002.jpg,Ishaq_Shahryar,1,1.0,0.6704832315444946,0.6704832315444946,Ishaq_Shahryar,Alvaro_Noboa,Thomas_OBrien,Nasser_al-Kidwa,Augusto_Roa_Bastos,Luiz_Felipe_Scolari,Igor_Ivanov,Dick_Cheney,Boris_Berezovsky,Peter_Arnett
vggface2,full_image,probe/Ismail_Merchant/Ismail_Merchant_0002.jpg,Ismail_Merchant,1,1.0,0.7229698896408081,0.7229698896408081,Ismail_Merchant,Li_Peng,Mario_Kreutzberger,Alexander_Losyukov,Martin_Scorsese,Nicanor_Duarte_Frutos,Carlos_Quintanilla_Schmidt,Hilmi_Ozkok,Hu_Jintao,Carlos_Ghosn
vggface2,full_image,probe/Iva_Majoli/Iva_Majoli_0002.jpg,Iva_Majoli,3,0.3333333333333333,0.7247536182403564,0.6954206228256226,Monica_Seles,Sue_Wicks,Iva_Majoli,Carolina_Moraes,Hayley_Tullett,Nadia_Petrova,Silvia_Farina_Elia,Stacy_Dragila,Anna_Kournikova,Meghann_Shaughnessy
vggface2,full_image,probe/JJ_Redick/JJ_Redick_0002.jpg,JJ_Redick,5,0.2,0.5805153250694275,0.5163226127624512,Ian_Thorpe,Brendan_Hansen,Richard_Krajicek,Justin_Leonard,JJ_Redick,Iban_Mayo,Paul_Bremer,Anna_Kournikova,Mark_Heller,Michael_Phelps
vggface2,full_image,probe/Jack_Grubman/Jack_Grubman_0002.jpg,Jack_Grubman,1,1.0,0.873097836971283,0.873097836971283,Jack_Grubman,Spencer_Abraham,Oswaldo_Paya,Paul_Bremer,Jim_Harrick,Masum_Turker,Georgi_Parvanov,Alvaro_Uribe,Andy_Hebb,Bill_Belichick
vggface2,full_image,probe/Jack_Straw/Jack_Straw_0002.jpg,Jack_Straw,1,1.0,0.8211568593978882,0.8211568593978882,Jack_Straw,John_Abizaid,Albrecht_Mentz,Tom_Craddick,Mohamed_Benaissa,Tony_Bennett,Jean-Claude_Juncker,Pat_Cox,Bud_Selig,Howard_Dean
vggface2,full_image,probe/Jackie_Chan/Jackie_Chan_0002.jpg,Jackie_Chan,1,1.0,0.8782099485397339,0.8782099485397339,Jackie_Chan,Takashi_Sorimachi,Heizo_Takenaka,Kim_Ryong-sung,Stanley_Tong,Kosuke_Kitajima,Lee_Hoi-chang,Chung_Mong-joon,Lee_Jun,Liu_Mingkang
vggface2,full_image,probe/Jacqueline_Obradors/Jacqueline_Obradors_0002.jpg,Jacqueline_Obradors,1,1.0,0.8255106806755066,0.8255106806755066,Jacqueline_Obradors,Patricia_Heaton,Amelia_Vega,Vanessa_Williams,Monica_Bellucci,Heidi_Fleiss,Amber_Tamblyn,Michael_Ballack,Chita_Rivera,Jennifer_Lopez
vggface2,full_image,probe/Jada_Pinkett_Smith/Jada_Pinkett_Smith_0002.jpg,Jada_Pinkett_Smith,1,1.0,0.6258217096328735,0.6258217096328735,Jada_Pinkett_Smith,Denise_Johnson,Chanda_Rubin,Ashanti,Laila_Ali,Lindsay_Davenport,Serena_Williams,Eunice_Barber,Cathy_Freeman,Christina_Aguilera
vggface2,full_image,probe/James_Blake/James_Blake_0002.jpg,James_Blake,1,1.0,0.7367952466011047,0.7367952466011047,James_Blake,Oscar_De_La_Hoya,James_Franco,Pete_Sampras,Juan_Pablo_Montoya,Thomas_Rupprath,Jean-Sebastien_Giguere,Robby_Ginepri,Tom_Cruise,Luis_Horna
vggface2,full_image,probe/James_Butts/James_Butts_0002.jpg,James_Butts,1,1.0,0.7756244540214539,0.7756244540214539,James_Butts,John_Allen_Muhammad,Leonard_Hamilton,Lloyd_Ward,Vladimir_Putin,Pedro_Malan,Gerry_Parsky,John_Stallworth,Laurent_Gbagbo,Bobby_Goldwater
vggface2,full_image,probe/James_Cunningham/James_Cunningham_0002.jpg,James_Cunningham,1,1.0,0.7919509410858154,0.7919509410858154,James_Cunningham,Robert_Bonner,Mike_Weir,Jonathan_Mostow,Jason_Alexander,Igor_Ivanov,Jose_Serra,Scott_McClellan,Hector_Babenco,Luis_Gonzalez_Macchi
vggface2,full_image,probe/James_Franco/James_Franco_0002.jpg,James_Franco,1,1.0,0.641818642616272,0.641818642616272,James_Franco,James_Blake,Gerardo_Gambala,Carlos_Manuel_Pruneda,Barry_Zito,Jefferson_Perez,Marco_Antonio_Barrera,Jim_Carrey,Paul_ONeill,Jorge_Arce
vggface2,full_image,probe/James_Gandolfini/James_Gandolfini_0002.jpg,James_Gandolfini,7,0.14285714285714285,0.7155379056930542,0.5741128325462341,John_Wolf,Kevin_Stallings,Asa_Hutchinson,Igor_Ivanov,Larry_Lucchino,Mitchell_Daniels,James_Gandolfini,Vladimir_Putin,Costas_Simitis,Luiz_Felipe_Scolari
vggface2,full_image,probe/James_Ivory/James_Ivory_0002.jpg,James_Ivory,1,1.0,0.8481885194778442,0.8481885194778442,James_Ivory,Dick_Cheney,Valery_Giscard_dEstaing,Charles_Mathews,John_Rigas,Luis_Gonzalez_Macchi,Ralph_Lauren,Kemal_Dervis,John_Snow,Dick_Vermeil
vggface2,full_image,probe/James_Jones/James_Jones_0002.jpg,James_Jones,1,1.0,0.6414127349853516,0.6414127349853516,James_Jones,John_McEnroe,Geoff_Hoon,John_Rowland,John_Abizaid,Joe_Torre,Vladimir_Putin,Arlen_Specter,Guillermo_Ortiz,John_Jumper
vggface2,full_image,probe/James_Kelly/James_Kelly_0002.jpg,James_Kelly,1,1.0,0.8164318799972534,0.8164318799972534,James_Kelly,Tom_Daschle,Bud_Selig,Paul_McCartney,Tim_Floyd,Jean-David_Levitte,Paul_McNulty,Trent_Lott,Dennis_Kucinich,Scott_McNealy
vggface2,full_image,probe/James_Kopp/James_Kopp_0002.jpg,James_Kopp,2,0.5,0.6744332313537598,0.6708817481994629,Tom_Daschle,James_Kopp,Bill_Gates,Lawrence_MacAulay,Bud_Selig,Marc_Grossman,Ron_Dittemore,Robert_Zoellick,Guido_Westerwelle,Antony_Leung
vggface2,full_image,probe/James_Maguire/James_Maguire_0002.jpg,James_Maguire,1,1.0,0.7880804538726807,0.7880804538726807,James_Maguire,Paula_Radcliffe,Joseph_Deiss,William_Hochul,Bob_Beauprez,Alvaro_Uribe,Mike_Price,Fayssal_Mekdad,Nick_Nolte,Vidar_Helgesen
vggface2,full_image,probe/James_McGreevey/James_McGreevey_0002.jpg,James_McGreevey,1,1.0,0.6139320135116577,0.6139320135116577,James_McGreevey,Alvaro_Uribe,Marco_Antonio_Barrera,Jason_Lezak,David_Bell,Carson_Daly,Jean-David_Levitte,John_Rosa,Dwayne_Johnson,Vladimir_Putin
vggface2,full_image,probe/James_Morris/James_Morris_0002.jpg,James_Morris,1,1.0,0.8645618557929993,0.8645618557929993,James_Morris,Rick_Romley,Richie_Adubato,Richard_Norton-Taylor,Slobodan_Milosevic,Dick_Cheney,James_Smith,Bernard_Landry,Gregg_Popovich,Dennis_Kozlowski
vggface2,full_image,probe/James_Parker/James_Parker_0002.jpg,James_Parker,1,1.0,0.7788201570510864,0.7788201570510864,James_Parker,Andrei_Mikhnevich,Brad_Johnson,Jan_Ullrich,Lou_Piniella,Dale_Earnhardt_Jr,Mike_Babcock,Ricky_Ponting,Jon_Gruden,Tom_Daschle
vggface2,full_image,probe/James_Schultz/James_Schultz_0002.jpg,James_Schultz,1,1.0,0.7802146673202515,0.7802146673202515,James_Schultz,Mike_Holmgren,James_Cunningham,Jon_Gruden,George_Karl,Gregg_Popovich,Goran_Persson,Slobodan_Milosevic,Richard_Sambrook,Kieran_Prendergast
vggface2,full_image,probe/James_Smith/James_Smith_0002.jpg,James_Smith,1,1.0,0.8131357431411743,0.8131357431411743,James_Smith,Dick_Cheney,George_Ryan,George_Brumley,Richie_Adubato,Ferenc_Madl,Patrick_Leahy,Jimmy_Carter,Max_Mayfield,Peter_Struck
vggface2,full_image,probe/James_Traficant/James_Traficant_0002.jpg,James_Traficant,29,0.034482758620689655,0.5388844609260559,0.3699824810028076,Inocencio_Arias,John_Abizaid,Gray_Davis,Jonathan_Edwards,Chris_Bell,Howard_Dean,Jack_Straw,Zoran_Djindjic,Charlton_Heston,Pat_Cox
vggface2,full_image,probe/Jamie_Villafane/Jamie_Villafane_0002.jpg,Jamie_Villafane,1,1.0,0.6680439114570618,0.6680439114570618,Jamie_Villafane,Emanuel_Ginobili,Darrell_Issa,Mike_Miller,Carlos_Manuel_Pruneda,Jonathan_Edwards,Mark_Dacey,Mark_Cuban,Cristina_Saralegui,Vitali_Klitschko
vggface2,full_image,probe/Jamling_Norgay/Jamling_Norgay_0002.jpg,Jamling_Norgay,1,1.0,0.7885320782661438,0.7885320782661438,Jamling_Norgay,Edward_Lu,Dai_Bachtiar,Jackie_Chan,Alejandro_Toledo,Prince_Naruhito,Alimzhan_Tokhtakhounov,Hu_Jintao,Hamzah_Haz,Michael_Chang
vggface2,full_image,probe/Jan_Ullrich/Jan_Ullrich_0002.jpg,Jan_Ullrich,1,1.0,0.7674505710601807,0.7674505710601807,Jan_Ullrich,Mike_Babcock,Bill_Simon,Sean_Astin,Jean-David_Levitte,Paul_Bremer,Paul_McNulty,Aron_Ralston,Michael_Phelps,Mark_Cuban
vggface2,full_image,probe/Jane_Fonda/Jane_Fonda_0002.jpg,Jane_Fonda,325,0.003076923076923077,0.5753762722015381,0.07610496133565903,Paula_Radcliffe,Johnny_Depp,David_Kelley,Nick_Nolte,Barbra_Streisand,Jo_Dee_Messina,Vicente_Fernandez,Jon_Gruden,Celine_Dion,Gerard_Depardieu
vggface2,full_image,probe/Jane_Kaczmarek/Jane_Kaczmarek_0002.jpg,Jane_Kaczmarek,1,1.0,0.8741899728775024,0.8741899728775024,Jane_Kaczmarek,Kathryn_Bigelow,Allison_Janney,Maria_Luisa_Mendonca,Jennifer_Aniston,Emanuel_Ginobili,Nancy_Pelosi,Kathleen_Glynn,Carol_Burnett,Rita_Wilson
vggface2,full_image,probe/Jane_Pauley/Jane_Pauley_0002.jpg,Jane_Pauley,1,1.0,0.674405574798584,0.674405574798584,Jane_Pauley,Barbara_Walters,Hillary_Clinton,Bridget_Fonda,Emma_Thompson,Paula_Zahn,Mary_Landrieu,Sally_Kirkland,Carmen_Electra,Elizabeth_Dole
vggface2,full_image,probe/Janet_Thorpe/Janet_Thorpe_0002.jpg,Janet_Thorpe,1,1.0,0.7776203751564026,0.7776203751564026,Janet_Thorpe,Elinor_Caplan,Karin_Stoiber,Gordon_Campbell,Rick_Romley,Lynn_Abraham,Monica_Seles,Ann_Veneman,Larry_Lindsey,Julie_Gerberding
vggface2,full_image,probe/Janica_Kostelic/Janica_Kostelic_0002.jpg,Janica_Kostelic,5,0.2,0.6444417238235474,0.6182405948638916,Nadia_Petrova,Arantxa_Sanchez-Vicario,Martha_Bowen,Claire_Hentzen,Janica_Kostelic,Alicia_Silverstone,Lina_Krasnoroutskaya,Bode_Miller,Hannah_Stockbauer,Jennifer_Rodriguez
vggface2,full_image,probe/Jason_Alexander/Jason_Alexander_0002.jpg,Jason_Alexander,2,0.5,0.6576747894287109,0.5861425399780273,Martin_Brodeur,Jason_Alexander,Michael_Chiklis,John_Reilly,Derek_Lowe,Jose_Manuel_Durao_Barroso,Rick_Romley,William_Ford_Jr,Alec_Baldwin,Igor_Ivanov
vggface2,full_image,probe/Jason_Jennings/Jason_Jennings_0002.jpg,Jason_Jennings,1,1.0,0.8539097309112549,0.8539097309112549,Jason_Jennings,Dale_Earnhardt_Jr,Gary_Carter,Aitor_Gonzalez,Guillermo_Coria,Gian_Marco,Luke_Walton,David_Bell,Jon_Gruden,Michael_Phelps
vggface2,full_image,probe/Jason_Kidd/Jason_Kidd_0002.jpg,Jason_Kidd,1,1.0,0.8215770721435547,0.8215770721435547,Jason_Kidd,Leland_Chapman,John_Malkovich,Juergen_Peters,Cruz_Bustamante,Gian_Marco,Vince_Carter,Bo_Pelini,Mike_Tyson,Paul_Byrd
vggface2,full_image,probe/Jason_Lezak/Jason_Lezak_0002.jpg,Jason_Lezak,1,1.0,0.9156811237335205,0.9156811237335205,Jason_Lezak,Brendan_Hansen,Roy_Moore,Jim_Carrey,Tom_Glavine,Howard_Schultz,Brian_Griese,Anthony_LaPaglia,Justin_Leonard,Sean_Astin
vggface2,full_image,probe/Jay_Garner/Jay_Garner_0002.jpg,Jay_Garner,1,1.0,0.6895730495452881,0.6895730495452881,Jay_Garner,George_Ryan,Dick_Cheney,James_Smith,Richie_Adubato,Paul_ONeill,Valdas_Adamkus,Max_Mayfield,George_Brumley,Joseph_Biden
vggface2,full_image,probe/Jay_Rasulo/Jay_Rasulo_0002.jpg,Jay_Rasulo,1,1.0,0.6837599277496338,0.6837599277496338,Jay_Rasulo,John_Negroponte,Hector_Babenco,Silvan_Shalom,Hipolito_Mejia,Cruz_Bustamante,Iain_Duncan_Smith,Jason_Alexander,Richard_Shelby,Sean_Patrick_OMalley
vggface2,full_image,probe/Jean-Claude_Braquet/Jean-Claude_Braquet_0002.jpg,Jean-Claude_Braquet,1,1.0,0.6396108865737915,0.6396108865737915,Jean-Claude_Braquet,Ian_McKellen,Gray_Davis,Jack_Straw,Jose_Sarney,Pascal_Quignard,Jean-David_Levitte,James_Kelly,Charlton_Heston,Yasser_Arafat
vggface2,full_image,probe/Jean-Claude_Juncker/Jean-Claude_Juncker_0002.jpg,Jean-Claude_Juncker,1,1.0,0.7169380784034729,0.7169380784034729,Jean-Claude_Juncker,Bill_Gates,Oswaldo_Paya,Nicanor_Duarte_Frutos,Frank_Dunham_Jr,Fred_Eckhard,Marc_Grossman,Adolfo_Aguilar_Zinser,David_Trimble,Paul_Bremer
vggface2,full_image,probe/Jean-Claude_Trichet/Jean-Claude_Trichet_0002.jpg,Jean-Claude_Trichet,1,1.0,0.7032785415649414,0.7032785415649414,Jean-Claude_Trichet,John_Manley,Anthony_Hopkins,Zoran_Djindjic,Aleksander_Kwasniewski,Jack_Straw,Paul_McCartney,Robert_Mueller,Lynn_Abraham,John_Kerry
vggface2,full_image,probe/Jean-David_Levitte/Jean-David_Levitte_0002.jpg,Jean-David_Levitte,1,1.0,0.8654835820198059,0.8654835820198059,Jean-David_Levitte,Paul_Bremer,James_Kelly,Aron_Ralston,Ron_Dittemore,Kiki_Vandeweghe,Mike_Babcock,Bill_Simon,Eric_Clapton,Bill_Frist
vggface2,full_image,probe/Jean-Marc_de_La_Sabliere/Jean-Marc_de_La_Sabliere_0002.jpg,Jean-Marc_de_La_Sabliere,1,1.0,0.7175100445747375,0.7175100445747375,Jean-Marc_de_La_Sabliere,Albrecht_Mentz,Gregory_Geoffroy,Warren_Buffett,John_Negroponte,Lim_Dong-won,Mohamed_Benaissa,Silvan_Shalom,Larry_Brown,Mohammad_Khatami
vggface2,full_image,probe/Jean-Sebastien_Giguere/Jean-Sebastien_Giguere_0002.jpg,Jean-Sebastien_Giguere,1,1.0,0.5712140798568726,0.5712140798568726,Jean-Sebastien_Giguere,Mike_Weir,Thomas_Rupprath,Robby_Ginepri,Oscar_De_La_Hoya,James_Blake,Ian_Thorpe,Eric_Hinske,Pete_Sampras,Anna_Kournikova
vggface2,full_image,probe/Jean_Brumley/Jean_Brumley_0002.jpg,Jean_Brumley,1,1.0,0.9013794660568237,0.9013794660568237,Jean_Brumley,Jennifer_Reilly,Martha_Burk,Elizabeth_Dole,Doris_Roberts,Biljana_Plavsic,Herta_Daeubler-Gmelin,Angela_Lansbury,Donna_Shalala,Ann_Veneman
vggface2,full_image,probe/Jean_Carnahan/Jean_Carnahan_0002.jpg,Jean_Carnahan,1,1.0,0.7082241773605347,0.7082241773605347,Jean_Carnahan,Hillary_Clinton,Christine_Gregoire,Elizabeth_Dole,Martha_Burk,Mary_Landrieu,Jim_Carrey,Lynne_Cheney,Alice_Fisher,Nancy_Pelosi
vggface2,full_image,probe/Jeanne_Moreau/Jeanne_Moreau_0002.jpg,Jeanne_Moreau,1,1.0,0.7086601257324219,0.7086601257324219,Jeanne_Moreau,Doris_Schroeder,Melanie_Griffith,Nancy_Reagan,Yasser_Arafat,Annette_Bening,Cameron_Diaz,Doris_Roberts,Hillary_Clinton,Daryl_Hannah
vggface2,full_image,probe/Jefferson_Perez/Jefferson_Perez_0002.jpg,Jefferson_Perez,36,0.027777777777777776,0.6389168500900269,0.3559136986732483,James_Blake,David_Heymann,Jennifer_Lopez,Aaron_Sorkin,Marco_Antonio_Barrera,Emanuel_Ginobili,Anthony_Fauci,Michael_Chang,Bernardo_Segura,Ian_Thorpe
vggface2,full_image,probe/Jeffrey_Archer/Jeffrey_Archer_0002.jpg,Jeffrey_Archer,1,1.0,0.7252140045166016,0.7252140045166016,Jeffrey_Archer,Robert_Zoellick,Vaclav_Havel,William_Martin,Bill_Nelson,Joseph_Deiss,Geoff_Hoon,Donald_Evans,James_Cunningham,Lawrence_MacAulay
vggface2,full_image,probe/Jeffrey_Immelt/Jeffrey_Immelt_0002.jpg,Jeffrey_Immelt,1,1.0,0.731268584728241,0.731268584728241,Jeffrey_Immelt,Bruce_Van_De_Velde,Gray_Davis,Aron_Ralston,John_Manley,Dave_Campo,James_Kelly,Bill_Belichick,Valdas_Adamkus,Alan_Mulally
vggface2,full_image,probe/Jeffrey_Jones/Jeffrey_Jones_0002.jpg,Jeffrey_Jones,1,1.0,0.7974943518638611,0.7974943518638611,Jeffrey_Jones,Fred_Funk,Stellan_Skarsgard,Prince_Willem-Alexander,Alastair_Campbell,Lawrence_MacAulay,Joseph_Deiss,George_Robertson,Peter_Greenaway,George_Pataki
vggface2,full_image,probe/Jeffrey_Scott_Postell/Jeffrey_Scott_Postell_0002.jpg,Jeffrey_Scott_Postell,1,1.0,0.8126464486122131,0.8126464486122131,Jeffrey_Scott_Postell,Conchita_Martinez,Kurt_Busch,Ian_Thorpe,Marc-Andre_Fleury,David_Caraway,Elijah_Wood,Larry_Coker,Jamie_Villafane,Bernard_Lord
vggface2,full_image,probe/Jennifer_Aniston/Jennifer_Aniston_0002.jpg,Jennifer_Aniston,1,1.0,0.851601243019104,0.851601243019104,Jennifer_Aniston,Rita_Wilson,Emily_Robison,Celine_Dion,Vanessa_Incontrada,Jennifer_Lopez,Beth_Jones,Carolina_Moraes,Elsa_Zylberstein,Silvia_Farina_Elia
vggface2,full_image,probe/Jennifer_Connelly/Jennifer_Connelly_0002.jpg,Jennifer_Connelly,1,1.0,0.8203019499778748,0.8203019499778748,Jennifer_Connelly,Lisa_Gottsegen,Julie_Taymor,Robert_Duvall,Elsa_Zylberstein,Kristin_Davis,Amelia_Vega,Charlotte_Rampling,John_Howard,Monica_Bellucci
vggface2,full_image,probe/Jennifer_Lopez/Jennifer_Lopez_0002.jpg,Jennifer_Lopez,2,0.5,0.6265268921852112,0.6207622289657593,Jessica_Alba,Jennifer_Lopez,Nadine_Vinzens,Corinne_Coman,Vanessa_Williams,Dolma_Tsering,Michelle_Yeoh,Amelia_Vega,Lisa_Ling,Christina_Aguilera
vggface2,full_image,probe/Jennifer_Reilly/Jennifer_Reilly_0002.jpg,Jennifer_Reilly,1,1.0,0.874164342880249,0.874164342880249,Jennifer_Reilly,Natalie_Coughlin,Julianne_Moore,Kate_Capshaw,Arianna_Huffington,Pedro_Solbes,Kieran_Prendergast,Elizabeth_Smart,Jean_Brumley,Flavia_Delaroli
vggface2,full_image,probe/Jennifer_Rodriguez/Jennifer_Rodriguez_0002.jpg,Jennifer_Rodriguez,1,1.0,0.7471519112586975,0.7471519112586975,Jennifer_Rodriguez,Bode_Miller,Kurt_Busch,Arantxa_Sanchez-Vicario,Janica_Kostelic,Paula_Radcliffe,Gil_de_Ferran,Martina_Hingis,Martha_Bowen,Adam_Scott
vggface2,full_image,probe/Jennifer_Thompson/Jennifer_Thompson_0002.jpg,Jennifer_Thompson,1,1.0,0.7721035480499268,0.7721035480499268,Jennifer_Thompson,Stacy_Dragila,Lindsay_Benko,Gwendal_Peizerat,Janica_Kostelic,Monica_Seles,Arantxa_Sanchez-Vicario,Alicia_Silverstone,Beth_Jones,Sue_Wicks
vggface2,full_image,probe/Jeremy_Shockey/Jeremy_Shockey_0002.jpg,Jeremy_Shockey,1,1.0,0.8673957586288452,0.8673957586288452,Jeremy_Shockey,Brad_Johnson,Bill_Frist,Peter_Harrison,Geoff_Hoon,Eduardo_Duhalde,Gary_Winnick,Owen_Wilson,Vaclav_Havel,Kurt_Russell
vggface2,full_image,probe/Jerry_Falwell/Jerry_Falwell_0002.jpg,Jerry_Falwell,16,0.0625,0.5742124319076538,0.4673689603805542,Jay_Garner,Thomas_Fargo,Larry_Lindsey,Pedro_Solbes,Joseph_Blatter,James_Traficant,George_Robertson,John_McCormack,Geoff_Hoon,Nicanor_Duarte_Frutos
vggface2,full_image,probe/Jesse_Jackson/Jesse_Jackson_0002.jpg,Jesse_Jackson,1,1.0,0.8010804653167725,0.8010804653167725,Jesse_Jackson,John_Blaney,Michael_Chang,Sam_Bith,Harvey_Weinstein,George_Foreman,Angelo_Reyes,Ken_Watanabe,GL_Peiris,Joe_Dumars
vggface2,full_image,probe/Jesse_James_Leija/Jesse_James_Leija_0002.jpg,Jesse_James_Leija,1,1.0,0.7593187093734741,0.7593187093734741,Jesse_James_Leija,Dwayne_Johnson,George_Foreman,Evander_Holyfield,Mike_Tyson,Yao_Ming,Vince_Carter,Ray_Nagin,Leszek_Miller,James_Butts
vggface2,full_image,probe/Jessica_Alba/Jessica_Alba_0002.jpg,Jessica_Alba,1,1.0,0.6186730861663818,0.6186730861663818,Jessica_Alba,Daisy_Fuentes,Reese_Witherspoon,Jennifer_Lopez,Mary_Carey,Alexandra_Vodjanikova,Olivia_Newton-John,Ricky_Ponting,Natalie_Maines,Annette_Bening
vggface2,full_image,probe/Jessica_Lange/Jessica_Lange_0002.jpg,Jessica_Lange,76,0.013157894736842105,0.4861862361431122,0.2710922956466675,Flavia_Delaroli,Kristanna_Loken,Claire_Danes,Jennifer_Reilly,Alicia_Silverstone,Hillary_Clinton,Priscilla_Presley,Michelle_Pfeiffer,Elizabeth_Smart,Elizabeth_Dole
vggface2,full_image,probe/Jessica_Lynch/Jessica_Lynch_0002.jpg,Jessica_Lynch,1,1.0,0.6313605308532715,0.6313605308532715,Jessica_Lynch,Paula_Radcliffe,Intisar_Ajouri,Liza_Minnelli,Amber_Tamblyn,Anna_Kournikova,Ali_Abbas,Diana_Taurasi,Igor_Ivanov,Katie_Harman
vggface2,full_image,probe/Jia_Qinglin/Jia_Qinglin_0002.jpg,Jia_Qinglin,2,0.5,0.8907465934753418,0.8769040703773499,Kim_Dae-jung,Jia_Qinglin,Hu_Jintao,Lee_Tae-sik,Lee_Hoi-chang,Thaksin_Shinawatra,Lee_Jun,Kim_Jin-sun,Chang_Dae-whan,Hichiro_Naemura
vggface2,full_image,probe/Jim_Carrey/Jim_Carrey_0002.jpg,Jim_Carrey,209,0.004784688995215311,0.5447670221328735,0.21106189489364624,Dennis_Kucinich,Bill_Frist,Sachiko_Yamada,David_Kelley,Guillermo_Coria,Marcus_Gronholm,Augustin_Calleri,Michael_Chang,Aaron_Sorkin,James_Parker
vggface2,full_image,probe/Jim_Edmonds/Jim_Edmonds_0002.jpg,Jim_Edmonds,30,0.03333333333333333,0.5816765427589417,0.3522149324417114,Robby_Ginepri,Leland_Chapman,Jean-Sebastien_Giguere,Augustin_Calleri,Mikhail_Youzhny,Demetrius_Ferraciu,Pete_Sampras,Tom_Cruise,Marcelo_Salas,John_Ruiz
vggface2,full_image,probe/Jim_Furyk/Jim_Furyk_0002.jpg,Jim_Furyk,1,1.0,0.8293966054916382,0.8293966054916382,Jim_Furyk,Phil_Mickelson,Yevgeny_Kafelnikov,Mike_Weir,Nadia_Petrova,Laurent_Jalabert,Justin_Leonard,Conchita_Martinez,Justine_Henin,David_Nalbandian
vggface2,full_image,probe/Jim_Harrick/Jim_Harrick_0002.jpg,Jim_Harrick,1,1.0,0.714692234992981,0.714692234992981,Jim_Harrick,John_Kerry,Bashar_Assad,Paul_Bremer,Bill_Frist,Jack_Grubman,Larry_Bowa,Chuck_Amato,Bill_Belichick,Oswaldo_Paya
vggface2,full_image,probe/Jimmy_Carter/Jimmy_Carter_0002.jpg,Jimmy_Carter,1,1.0,0.8000490665435791,0.8000490665435791,Jimmy_Carter,Chok_Tong_Goh,Nelson_Mandela,George_Ryan,Sam_Bith,John_Snow,Bernard_Landry,Patrick_Leahy,Jay_Garner,GL_Peiris
vggface2,full_image,probe/Jimmy_Kimmel/Jimmy_Kimmel_0002.jpg,Jimmy_Kimmel,1,1.0,0.7697863578796387,0.7697863578796387,Jimmy_Kimmel,JJ_Redick,Carlos_Manuel_Pruneda,Dai_Bachtiar,Anthony_LaPaglia,Jane_Pauley,Benjamin_Netanyahu,Igor_Ivanov,Matthew_Perry,Sean_Astin
vggface2,full_image,probe/Jo_Dee_Messina/Jo_Dee_Messina_0002.jpg,Jo_Dee_Messina,2,0.5,0.5918329954147339,0.5672189593315125,Celine_Dion,Jo_Dee_Messina,Vanessa_Williams,Madonna,Jennifer_Lopez,Kathryn_Bigelow,Fran_Drescher,Amelia_Vega,Julianne_Moore,Dale_Earnhardt_Jr
vggface2,full_image,probe/Joan_Claybrook/Joan_Claybrook_0002.jpg,Joan_Claybrook,1,1.0,0.7587330937385559,0.7587330937385559,Joan_Claybrook,David_Trimble,Biljana_Plavsic,Prince_Willem-Alexander,Aron_Ralston,Adolfo_Aguilar_Zinser,John_Kerry,George_Robertson,Scott_McNealy,Jean-David_Levitte
vggface2,full_image,probe/Job_Cohen/Job_Cohen_0002.jpg,Job_Cohen,1,1.0,0.8662052154541016,0.8662052154541016,Job_Cohen,Hector_Babenco,Ibrahim_Jaafari,Imad_Moustapha,Boris_Berezovsky,Jason_Alexander,Robert_Kocharian,Kemal_Dervis,Eddie_Sutton,James_Cunningham
vggface2,full_image,probe/Jodie_Foster/Jodie_Foster_0002.jpg,Jodie_Foster,1,1.0,0.7580047845840454,0.7580047845840454,Jodie_Foster,Martina_McBride,Elizabeth_Shue,Gillian_Anderson,Ellen_Engleman,Goldie_Hawn,Bill_Sizemore,Jessica_Lange,Vicki_Zhao_Wei,Brigitte_Boisselier
vggface2,full_image,probe/Joe_Calzaghe/Joe_Calzaghe_0002.jpg,Joe_Calzaghe,1,1.0,0.7471604347229004,0.7471604347229004,Joe_Calzaghe,Vitali_Klitschko,John_Abizaid,Rich_Gannon,Bernard_Lord,Emanuel_Ginobili,Luis_Figo,David_Coulthard,Brad_Johnson,Dick_Cheney
vggface2,full_image,probe/Joe_Dumars/Joe_Dumars_0002.jpg,Joe_Dumars,1,1.0,0.7365925312042236,0.7365925312042236,Joe_Dumars,Dexter_Jackson,Justin_Gatlin,Mike_Tyson,Byron_Scott,Leonard_Hamilton,Emmit_Smith,George_Foreman,Jason_Kidd,Dwayne_Johnson
vggface2,full_image,probe/Joe_Gatti/Joe_Gatti_0002.jpg,Joe_Gatti,1,1.0,0.5112093091011047,0.5112093091011047,Joe_Gatti,Richard_Krajicek,Mark_Warner,Andrew_Niccol,David_Nalbandian,Ron_Dittemore,Jonathan_Edwards,Alan_Mulally,Jorge_Arce,Guillermo_Coria
vggface2,full_image,probe/Joe_Mantello/Joe_Mantello_0002.jpg,Joe_Mantello,1,1.0,0.7846660614013672,0.7846660614013672,Joe_Mantello,Abdullatif_Sener,Anibal_Ibarra,Ilan_Ramon,Xanana_Gusmao,Mike_Weir,Abdullah_al-Attiyah,Imad_Moustapha,Alejandro_Atchugarry,Vladimir_Putin
vggface2,full_image,probe/Joe_Nichols/Joe_Nichols_0002.jpg,Joe_Nichols,1,1.0,0.6348521709442139,0.6348521709442139,Joe_Nichols,Marco_Antonio_Barrera,Conchita_Martinez,Ben_Curtis,Pete_Rose,Oscar_De_La_Hoya,Jose_Theodore,Justin_Guarini,Bob_Hope,James_Blake
vggface2,full_image,probe/Joe_Torre/Joe_Torre_0002.jpg,Joe_Torre,1,1.0,0.8120269775390625,0.8120269775390625,Joe_Torre,Bashar_Assad,Marcus_Gronholm,Larry_Bowa,Brian_Mulroney,John_Kerry,Chuck_Amato,Alastair_Campbell,Larry_Coker,Peter_Arnett
vggface2,full_image,probe/Joerg_Haider/Joerg_Haider_0002.jpg,Joerg_Haider,1,1.0,0.691740870475769,0.691740870475769,Joerg_Haider,James_McGreevey,Li_Peng,Adolfo_Rodriguez_Saa,Carlos_Quintanilla_Schmidt,Vanessa_Incontrada,Alejandro_Toledo,Kevin_Spacey,Matthew_Perry,Robbie_Fowler
vggface2,full_image,probe/John_Abizaid/John_Abizaid_0002.jpg,John_Abizaid,1,1.0,0.8545145988464355,0.8545145988464355,John_Abizaid,Howard_Dean,James_McGreevey,Martin_Scorsese,Jonathan_Edwards,John_Walsh,Bruce_Weber,Inocencio_Arias,Matt_Doherty,Pat_Cox
vggface2,full_image,probe/John_Allen_Muhammad/John_Allen_Muhammad_0002.jpg,John_Allen_Muhammad,1,1.0,0.8237481117248535,0.8237481117248535,John_Allen_Muhammad,Chris_Byrd,Patrick_Ewing,LeBron_James,Vincent_Brooks,James_Butts,John_Stallworth,Kirk_Johnson,David_Myers,Kristin_Davis
vggface2,full_image,probe/John_Banko/John_Banko_0002.jpg,John_Banko,1,1.0,0.6626448631286621,0.6626448631286621,John_Banko,Tom_Daschle,David_Trimble,Marc_Grossman,Jose_Sarney,Luis_Gonzalez_Macchi,Tom_Craddick,Kent_Rominger,Fred_Eckhard,Gregory_Geoffroy
vggface2,full_image,probe/John_Blaney/John_Blaney_0002.jpg,John_Blaney,1,1.0,0.7690591812133789,0.7690591812133789,John_Blaney,John_Negroponte,Scott_Rudin,David_Myers,Steven_Spielberg,Gunter_Pleuger,Luis_Gonzalez_Macchi,Len_Jenoff,Sean_Patrick_OMalley,Jose_Viegas_Filho
vggface2,full_image,probe/John_Brady/John_Brady_0002.jpg,John_Brady,1,1.0,0.7409604787826538,0.7409604787826538,John_Brady,Frank_Solich,Jose_Dirceu,Roy_Moore,Richard_Sambrook,Howard_Smith,Dennis_Powell,Herb_Sendek,John_Negroponte,Kevin_Stallings
vggface2,full_image,probe/John_Cusack/John_Cusack_0002.jpg,John_Cusack,1,1.0,0.6543020009994507,0.6543020009994507,John_Cusack,Mohammad_Khatami,Chang_Dae-whan,Jackie_Chan,Stanley_Tong,Nestor_Kirchner,Kevin_Spacey,Bob_Hope,Bob_Geldof,Heizo_Takenaka
vggface2,full_image,probe/John_F_Kennedy_Jr/John_F_Kennedy_Jr_0002.jpg,John_F_Kennedy_Jr,1,1.0,0.657866358757019,0.657866358757019,John_F_Kennedy_Jr,Johnny_Unitas,Alex_Penelas,Marco_Antonio_Barrera,Noah_Wyle,Michael_Phelps,Jean-David_Levitte,Antonio_Banderas,Brian_Griese,Jude_Law
vggface2,full_image,probe/John_Garamendi/John_Garamendi_0002.jpg,John_Garamendi,2,0.5,0.656700849533081,0.593155026435852,Oswaldo_Paya,John_Garamendi,George_Robertson,Bill_Frist,Paul_Bremer,Steve_Spurrier,Peter_Harrison,Andy_Hebb,Kent_Rominger,Eduardo_Duhalde
vggface2,full_image,probe/John_Howard/John_Howard_0002.jpg,John_Howard,1,1.0,0.9325069189071655,0.9325069189071655,John_Howard,Warren_Buffett,Manfred_Stolpe,Charles_Mathews,Patrick_Leahy,Joseph_Blatter,Hipolito_Mejia,Paul_Patton,Johnny_Carson,John_Snow
vggface2,full_image,probe/John_Jumper/John_Jumper_0002.jpg,John_Jumper,1,1.0,0.6636413335800171,0.6636413335800171,John_Jumper,Richard_Gephardt,Christopher_Walken,Vaclav_Havel,Brian_Wells,Michael_Douglas,James_Schultz,Mikhail_Kasyanov,Kirk_Ferentz,Thomas_OBrien
vggface2,full_image,probe/John_Kerry/John_Kerry_0002.jpg,John_Kerry,1,1.0,0.9481587409973145,0.9481587409973145,John_Kerry,Bill_Simon,Bill_Callahan,Dennis_Kucinich,Celso_Amorim,Marc_Grossman,James_Kelly,Hootie_Johnson,Mike_Babcock,Bill_Gates
vggface2,full_image,probe/John_Malkovich/John_Malkovich_0002.jpg,John_Malkovich,1,1.0,0.7611510753631592,0.7611510753631592,John_Malkovich,Peter_Hillary,Larry_Coker,Bill_Frist,Roy_Moore,Ron_Howard,Joe_Torre,Daniel_Day-Lewis,Don_Nickles,Emile_Lahoud
vggface2,full_image,probe/John_Manley/John_Manley_0002.jpg,John_Manley,1,1.0,0.8097890019416809,0.8097890019416809,John_Manley,Jon_Gruden,Gray_Davis,Adrian_Nastase,Anders_Ebbeson,Prince_Willem-Alexander,Pat_Cox,Anthony_Hopkins,Bill_Gates,James_Traficant
vggface2,full_image,probe/John_McCallum/John_McCallum_0002.jpg,John_McCallum,4,0.25,0.6667603254318237,0.5154632329940796,Charlton_Heston,Ralph_Lauren,Paul_Patton,John_McCallum,Yasar_Yakis,John_Spencer,Pascal_Quignard,Paul_ONeill,Valery_Giscard_dEstaing,Bob_Hope
vggface2,full_image,probe/John_McCormack/John_McCormack_0002.jpg,John_McCormack,1,1.0,0.9248840808868408,0.9248840808868408,John_McCormack,Charlton_Heston,Gray_Davis,Richie_Adubato,Tom_Craddick,Larry_Brown,Mohamed_Benaissa,Dick_Cheney,Prince_Willem-Alexander,John_Manley
vggface2,full_image,probe/John_McEnroe/John_McEnroe_0002.jpg,John_McEnroe,68,0.014705882352941176,0.6121748685836792,0.3464466333389282,Bill_Graham,Joseph_Biden,Fidel_Castro,Howard_Dean,Kevin_Stallings,Geoff_Hoon,Vladimir_Putin,Roy_Williams,David_Bell,Matt_Doherty
vggface2,full_image,probe/John_Negroponte/John_Negroponte_0002.jpg,John_Negroponte,1,1.0,0.8983211517333984,0.8983211517333984,John_Negroponte,Francis_George,Barry_Alvarez,David_Dodge,Larry_Coker,Silvio_Berlusconi,Frank_Cassell,Michael_Chiklis,Herb_Sendek,Max_Mayfield
vggface2,full_image,probe/John_Reilly/John_Reilly_0002.jpg,John_Reilly,1,1.0,0.8820639848709106,0.8820639848709106,John_Reilly,James_Parker,Rick_Romley,Michael_Chang,Ben_Glisan,Darren_Clarke,Richard_Sambrook,Carolyn_Dawn_Johnson,Tom_Daschle,Mohammad_Khatami
vggface2,full_image,probe/John_Rigas/John_Rigas_0002.jpg,John_Rigas,1,1.0,0.8133880496025085,0.8133880496025085,John_Rigas,Bob_Hope,Billy_Graham,Slobodan_Milosevic,Anthony_Hopkins,Jimmy_Carter,Robin_Cook,Bobby_Robson,James_Ivory,Jean-Claude_Trichet
vggface2,full_image,probe/John_Rosa/John_Rosa_0002.jpg,John_Rosa,1,1.0,0.6169145107269287,0.6169145107269287,John_Rosa,John_Kerry,Leslie_Moonves,Jose_Mourinho,Aleksander_Kwasniewski,Frank_Stallone,Andrew_Cuomo,Eddy_Merckx,Gil_de_Ferran,Mark_Cuban
vggface2,full_image,probe/John_Rowland/John_Rowland_0002.jpg,John_Rowland,1,1.0,0.6927341818809509,0.6927341818809509,John_Rowland,Anthony_LaPaglia,John_Walsh,Gary_Winnick,Jerry_Falwell,Saddam_Hussein,Alimzhan_Tokhtakhounov,Geoff_Hoon,Alexander_Losyukov,Eduardo_Duhalde
vggface2,full_image,probe/John_Ruiz/John_Ruiz_0002.jpg,John_Ruiz,1,1.0,0.747706413269043,0.747706413269043,John_Ruiz,Manuel_Poggiali,Jason_Kidd,Yao_Ming,George_P_Bush,Barrett_Jackman,Luis_Horna,Leland_Chapman,Vincent_Brooks,Kifah_Ajouri
vggface2,full_image,probe/John_Snow/John_Snow_0002.jpg,John_Snow,1,1.0,0.9046602845191956,0.9046602845191956,John_Snow,Robert_Bonner,Peter_Struck,Michael_Chiklis,Klaus_Zwickel,Dennis_Kozlowski,James_Cunningham,Billy_Graham,Manfred_Stolpe,Robert_Duvall
vggface2,full_image,probe/John_Spencer/John_Spencer_0002.jpg,John_Spencer,1,1.0,0.8682078123092651,0.8682078123092651,John_Spencer,Costas_Simitis,Johnny_Carson,Rick_Romley,Bijan_Namdar_Zangeneh,Jorge_Batlle,Klaus_Zwickel,Robert_Bonner,Bo_Ryan,Ralph_Lauren
vggface2,full_image,probe/John_Stallworth/John_Stallworth_0002.jpg,John_Stallworth,2,0.5,0.5350110530853271,0.5323201417922974,Thabo_Mbeki,John_Stallworth,Isaiah_Washington,Mike_Price,Laurent_Gbagbo,S_Jayakumar,Lana_Clarkson,Guillaume_Soro,Mitchell_Daniels,Chuck_Yeager
vggface2,full_image,probe/John_Taylor/John_Taylor_0002.jpg,John_Taylor,1,1.0,0.6688591241836548,0.6688591241836548,John_Taylor,Gray_Davis,Paulo_Cesar_Pinheiro,Paul_William_Hurley,Dennis_Erickson,Charlton_Heston,Jack_Straw,Howard_Dean,Aleksander_Kwasniewski,Albrecht_Mentz
vggface2,full_image,probe/John_Timoney/John_Timoney_0002.jpg,John_Timoney,1,1.0,0.8901281952857971,0.8901281952857971,John_Timoney,George_Pataki,Al_Davis,Bob_Hope,Goran_Persson,Paul_ONeill,George_Karl,Robert_Duvall,Gordon_Campbell,Tom_Daschle
vggface2,full_image,probe/John_Walsh/John_Walsh_0002.jpg,John_Walsh,1,1.0,0.7289886474609375,0.7289886474609375,John_Walsh,Peter_Harrison,Howard_Dean,Paul_William_Hurley,Bruce_Van_De_Velde,John_Abizaid,Saparmurat_Niyazov,Carlo_Ancelotti,Alexander_Losyukov,Ben_Curtis
vggface2,full_image,probe/John_Wolf/John_Wolf_0002.jpg,John_Wolf,1,1.0,0.857296347618103,0.857296347618103,John_Wolf,Prince_Edward,Costas_Simitis,Don_Nickles,Herb_Sendek,John_Negroponte,Jason_Alexander,Kevin_Stallings,Emile_Lahoud,Igor_Ivanov
vggface2,full_image,probe/Johnny_Carson/Johnny_Carson_0002.jpg,Johnny_Carson,1,1.0,0.7269577980041504,0.7269577980041504,Johnny_Carson,Manfred_Stolpe,Benjamin_Netanyahu,John_Howard,Warren_Buffett,Robert_Bonner,Charlton_Heston,Howard_Dean,Chuck_Yeager,Thomas_OBrien
vggface2,full_image,probe/Johnny_Depp/Johnny_Depp_0002.jpg,Johnny_Depp,1,1.0,0.5115558505058289,0.5115558505058289,Johnny_Depp,Hassan_Nasrallah,Luciano_Pavarotti,Alec_Baldwin,Cruz_Bustamante,Luis_Gonzalez_Macchi,Duane_Lee_Chapman,Thomas_Birmingham,Charles_Kartman,Anwar_Ibrahim
vggface2,full_image,probe/Johnny_Unitas/Johnny_Unitas_0002.jpg,Johnny_Unitas,1,1.0,0.800432562828064,0.800432562828064,Johnny_Unitas,Ian_Thorpe,Alec_Baldwin,Noah_Wyle,Manuel_Poggiali,Michael_Ballack,Gray_Davis,Simon_Cowell,Jude_Law,John_F_Kennedy_Jr
vggface2,full_image,probe/Johnson_Panjaitan/Johnson_Panjaitan_0002.jpg,Johnson_Panjaitan,1,1.0,0.9206915497779846,0.9206915497779846,Johnson_Panjaitan,Saddam_Hussein,Jackie_Chan,Yao_Ming,Hu_Jintao,Kim_Ryong-sung,George_Lopez,Joseph_Estrada,Hideki_Matsui,Nicanor_Duarte_Frutos
vggface2,full_image,probe/Jolanta_Kwasniewski/Jolanta_Kwasniewski_0002.jpg,Jolanta_Kwasniewski,1,1.0,0.5034799575805664,0.5034799575805664,Jolanta_Kwasniewski,Michelle_Pfeiffer,Queen_Beatrix,Liza_Minnelli,Kate_Capshaw,Heizo_Takenaka,Lindsay_Davenport,Kristanna_Loken,Chita_Rivera,Bernard_Landry
vggface2,full_image,probe/Jon_Gruden/Jon_Gruden_0002.jpg,Jon_Gruden,1,1.0,0.6745034456253052,0.6745034456253052,Jon_Gruden,Hermann_Maier,Martin_Verkerk,Yevgeny_Kafelnikov,Jan_Ullrich,Ron_Howard,Robert_Zoellick,Mike_Weir,David_Caraway,Mathias_Reichhold
vggface2,full_image,probe/Jonathan_Edwards/Jonathan_Edwards_0002.jpg,Jonathan_Edwards,1,1.0,0.7453174591064453,0.7453174591064453,Jonathan_Edwards,Vitali_Klitschko,Anthony_Fauci,Zoran_Djindjic,Carlo_Ancelotti,Jose_Mourinho,Marat_Safin,Mikhail_Youzhny,John_Abizaid,Guillermo_Coria
vggface2,full_image,probe/Jonathan_Mostow/Jonathan_Mostow_0002.jpg,Jonathan_Mostow,1,1.0,0.8541126251220703,0.8541126251220703,Jonathan_Mostow,James_Cunningham,Carson_Daly,John_Blaney,John_Banko,Geoff_Hoon,Gerry_Adams,Steven_Spielberg,Vidar_Helgesen,Cruz_Bustamante
vggface2,full_image,probe/Jong_Thae_Hwa/Jong_Thae_Hwa_0002.jpg,Jong_Thae_Hwa,2,0.5,0.7210018634796143,0.7091695070266724,Angelo_Reyes,Jong_Thae_Hwa,Li_Peng,Lee_Hoi-chang,Pedro_Malan,Antony_Leung,Dai_Bachtiar,Hu_Jintao,Yoko_Ono,Hun_Sen
vggface2,full_image,probe/Jorge_Arce/Jorge_Arce_0002.jpg,Jorge_Arce,1,1.0,0.8414279818534851,0.8414279818534851,Jorge_Arce,Justine_Henin,Anna_Kournikova,Guillermo_Coria,Nadia_Petrova,Padraig_Harrington,Paul-Henri_Mathieu,Laurent_Jalabert,Jim_Furyk,Silvia_Farina_Elia
vggface2,full_image,probe/Jorge_Batlle/Jorge_Batlle_0002.jpg,Jorge_Batlle,1,1.0,0.6826701760292053,0.6826701760292053,Jorge_Batlle,GL_Peiris,Harry_Belafonte,Abdullah_al-Attiyah,Paul_ONeill,S_Jayakumar,Jose_Serra,Dalai_Lama,Hipolito_Mejia,Ralph_Lauren
vggface2,full_image,probe/Jorge_Castaneda/Jorge_Castaneda_0002.jpg,Jorge_Castaneda,1,1.0,0.65281081199646,0.65281081199646,Jorge_Castaneda,Jon_Gruden,Jose_Manuel_Durao_Barroso,James_Parker,John_Blaney,James_Schultz,Phil_Vassar,Nanni_Moretti,Paul_McCartney,Alan_Ball
vggface2,full_image,probe/Jorge_Rodolfo_Canicoba_Corral/Jorge_Rodolfo_Canicoba_Corral_0002.jpg,Jorge_Rodolfo_Canicoba_Corral,1,1.0,0.6788796186447144,0.6788796186447144,Jorge_Rodolfo_Canicoba_Corral,Eduardo_Duhalde,Bobby_Goldwater,Thomas_OBrien,Nestor_Kirchner,Bill_Gates,Igor_Ivanov,Michael_Douglas,Alvaro_Uribe,Pedro_Malan
vggface2,full_image,probe/Jorge_Valdano/Jorge_Valdano_0002.jpg,Jorge_Valdano,1,1.0,0.767106294631958,0.767106294631958,Jorge_Valdano,John_Rosa,Bashar_Assad,Gerry_Parsky,Leslie_Moonves,Doug_Collins,Vladimir_Putin,Jean-David_Levitte,Mark_Hamister,Paul_Bremer
vggface2,full_image,probe/Jose_Dirceu/Jose_Dirceu_0002.jpg,Jose_Dirceu,1,1.0,0.7338941097259521,0.7338941097259521,Jose_Dirceu,Spencer_Abraham,Larry_Brown,Bernard_Landry,Gabriel_Valdes,Pedro_Malan,Tom_Crean,Abel_Pacheco,Alvaro_Uribe,Guido_Westerwelle
vggface2,full_image,probe/Jose_Manuel_Durao_Barroso/Jose_Manuel_Durao_Barroso_0002.jpg,Jose_Manuel_Durao_Barroso,1,1.0,0.8070188164710999,0.8070188164710999,Jose_Manuel_Durao_Barroso,Todd_Haynes,Bill_Gates,David_Trimble,George_Voinovich,Hassan_Wirajuda,Marc_Grossman,David_Leahy,Tom_Crean,Alastair_Campbell
vggface2,full_image,probe/Jose_Mourinho/Jose_Mourinho_0002.jpg,Jose_Mourinho,1,1.0,0.6376663446426392,0.6376663446426392,Jose_Mourinho,Colin_Jackson,Jonathan_Edwards,James_McGreevey,John_Rosa,Marco_Antonio_Barrera,Garry_Kasparov,David_Wolf,Carlos_Ghosn,Shaukat_Aziz
vggface2,full_image,probe/Jose_Sarney/Jose_Sarney_0002.jpg,Jose_Sarney,1,1.0,0.7566492557525635,0.7566492557525635,Jose_Sarney,Jean-David_Levitte,Saddam_Hussein,Trent_Lott,Gregory_Geoffroy,Patrice_Chereau,Tom_Craddick,Alvaro_Uribe,Ernie_Fletcher,Frank_Griswold
vggface2,full_image,probe/Jose_Serra/Jose_Serra_0002.jpg,Jose_Serra,1,1.0,0.8731553554534912,0.8731553554534912,Jose_Serra,Leon_LaPorte,Paul_Patton,Cruz_Bustamante,Ibrahim_Jaafari,Iain_Duncan_Smith,Hipolito_Mejia,Jorge_Batlle,Robert_Bonner,Silvan_Shalom
vggface2,full_image,probe/Jose_Theodore/Jose_Theodore_0002.jpg,Jose_Theodore,3,0.3333333333333333,0.5292068719863892,0.49081385135650635,Luis_Horna,Augustin_Calleri,Jose_Theodore,Janet_Thorpe,Gary_Bergeron,David_Heymann,Julio_Iglesias_Jr,Oscar_De_La_Hoya,George_Lopez,Tom_Cruise
vggface2,full_image,probe/Jose_Viegas_Filho/Jose_Viegas_Filho_0002.jpg,Jose_Viegas_Filho,1,1.0,0.6171619296073914,0.6171619296073914,Jose_Viegas_Filho,Grady_Irvin_Jr,Nestor_Kirchner,Munir_Akram,Bob_Geldof,Robert_De_Niro,Igor_Ivanov,Jesse_Jackson,Adolfo_Rodriguez_Saa,Lino_Oviedo
vggface2,full_image,probe/Joseph_Biden/Joseph_Biden_0002.jpg,Joseph_Biden,1,1.0,0.6372067928314209,0.6372067928314209,Joseph_Biden,Carlos_Bianchi,Mel_Brooks,Bill_Graham,Stephen_Friedman,Frank_Lautenberg,Dick_Latessa,Bijan_Namdar_Zangeneh,Robert_Duvall,Silvio_Berlusconi
vggface2,full_image,probe/Joseph_Blatter/Joseph_Blatter_0002.jpg,Joseph_Blatter,1,1.0,0.7173236608505249,0.7173236608505249,Joseph_Blatter,Valery_Giscard_dEstaing,Robert_Duvall,Silvio_Berlusconi,Bob_Hope,Mitchell_Daniels,Vladimir_Putin,Igor_Ivanov,Gary_Carter,Carl_Reiner
vggface2,full_image,probe/Joseph_Deiss/Joseph_Deiss_0002.jpg,Joseph_Deiss,1,1.0,0.9054965972900391,0.9054965972900391,Joseph_Deiss,James_Maguire,Tom_Craddick,Larry_Brown,Alvaro_Uribe,Jose_Dirceu,George_Roy_Hill,Jorge_Rodolfo_Canicoba_Corral,Jeffrey_Jones,Lawrence_MacAulay
vggface2,full_image,probe/Joseph_Estrada/Joseph_Estrada_0002.jpg,Joseph_Estrada,1,1.0,0.8020591735839844,0.8020591735839844,Joseph_Estrada,Jesse_Jackson,Anwar_Ibrahim,Dai_Bachtiar,Thaksin_Shinawatra,Ken_Watanabe,Hun_Sen,Hamzah_Haz,Kim_Jong-Il,Lee_Hoi-chang
vggface2,full_image,probe/Joseph_Ralston/Joseph_Ralston_0002.jpg,Joseph_Ralston,2,0.5,0.6462534666061401,0.6310024261474609,Paul_Bremer,Joseph_Ralston,Bill_Gates,John_Manley,Jack_Straw,Nicanor_Duarte_Frutos,Jean-David_Levitte,Carlo_Ancelotti,Ronald_Reagan,Pat_Cox
vggface2,full_image,probe/Juan_Manuel_Marquez/Juan_Manuel_Marquez_0002.jpg,Juan_Manuel_Marquez,1,1.0,0.8959523439407349,0.8959523439407349,Juan_Manuel_Marquez,John_Rowland,Daniel_Day-Lewis,Thomas_Fargo,Scott_McClellan,Bruce_Weber,Yasar_Yakis,Bob_Hope,Marco_Antonio_Barrera,Jason_Kidd
vggface2,full_image,probe/Juan_Pablo_Montoya/Juan_Pablo_Montoya_0002.jpg,Juan_Pablo_Montoya,1,1.0,0.7914985418319702,0.7914985418319702,Juan_Pablo_Montoya,Sourav_Ganguly,Nicolas_Lapentti,Mike_Weir,Ben_Curtis,Marco_Antonio_Barrera,Arnaud_Clement,Kurt_Busch,Harbhajan_Singh,Conchita_Martinez
vggface2,full_image,probe/Juan_Valencia_Osorio/Juan_Valencia_Osorio_0002.jpg,Juan_Valencia_Osorio,2,0.5,0.6499666571617126,0.6082007884979248,Hassan_Wirajuda,Juan_Valencia_Osorio,Marc_Grossman,Bill_Simon,Charles_Kartman,Bill_Gates,Hun_Sen,Trent_Lott,Geno_Auriemma,Adolfo_Aguilar_Zinser
vggface2,full_image,probe/Juanes/Juanes_0002.jpg,Juanes,1,1.0,0.8051391839981079,0.8051391839981079,Juanes,Barry_Zito,Arnaud_Clement,Jose_Theodore,Robert_Mueller,Marcus_Gronholm,Omar_Sharif,Christian_Fittipaldi,Alex_Penelas,Nick_Nolte
vggface2,full_image,probe/Jude_Law/Jude_Law_0002.jpg,Jude_Law,14,0.07142857142857142,0.5731094479560852,0.45125892758369446,Freddy_Garcia,Michael_Phelps,JJ_Redick,Johnny_Unitas,Mike_Miller,Paul-Henri_Mathieu,Elijah_Wood,Ian_Thorpe,David_Coulthard,Elvis_Presley
vggface2,full_image,probe/Judi_Dench/Judi_Dench_0002.jpg,Judi_Dench,10,0.1,0.6432074308395386,0.4045601487159729,Angela_Lansbury,Queen_Beatrix,Barbara_Walters,Frances_Fisher,Cristina_Saralegui,Karin_Stoiber,Camilla_Parker_Bowles,Yoko_Ono,Gro_Harlem_Brundtland,Judi_Dench
vggface2,full_image,probe/Judy_Genshaft/Judy_Genshaft_0002.jpg,Judy_Genshaft,1,1.0,0.7555553913116455,0.7555553913116455,Judy_Genshaft,Ann_Veneman,Sharon_Frey,Hanan_Ashrawi,Jean_Brumley,Christine_Gregoire,Helen_Clark,Martha_Burk,Carla_Myers,Claire_Leger
vggface2,full_image,probe/Juergen_Peters/Juergen_Peters_0002.jpg,Juergen_Peters,1,1.0,0.8517920970916748,0.8517920970916748,Juergen_Peters,Mohammad_Khatami,Marwan_Barghouthi,Luis_Gonzalez_Macchi,Hector_Babenco,Iain_Duncan_Smith,Pedro_Solbes,Gunter_Pleuger,Ibrahim_Jaafari,Cruz_Bustamante
vggface2,full_image,probe/Julianna_Margulies/Julianna_Margulies_0002.jpg,Julianna_Margulies,1,1.0,0.7907357215881348,0.7907357215881348,Julianna_Margulies,Nia_Vardalos,Marisa_Tomei,Gianna_Angelopoulos-Daskalaki,Tom_Daschle,Cristina_Fernandez,Mariangel_Ruiz_Torrealba,Jorge_Castaneda,Jessica_Lynch,Abel_Pacheco
vggface2,full_image,probe/Julianne_Moore/Julianne_Moore_0002.jpg,Julianne_Moore,1,1.0,0.9424277544021606,0.9424277544021606,Julianne_Moore,Queen_Beatrix,Martina_McBride,Arianna_Huffington,Jennifer_Lopez,Liza_Minnelli,Vanessa_Williams,Sophia_Loren,Michelle_Pfeiffer,Madonna
vggface2,full_image,probe/Julie_Gerberding/Julie_Gerberding_0002.jpg,Julie_Gerberding,1,1.0,0.9368156790733337,0.9368156790733337,Julie_Gerberding,Judi_Dench,Silvia_Farina_Elia,Lina_Krasnoroutskaya,Elizabeth_Smart,Jennifer_Thompson,Serena_Williams,Anna_Kournikova,Sue_Wicks,Colin_Powell
vggface2,full_image,probe/Julie_Taymor/Julie_Taymor_0002.jpg,Julie_Taymor,1,1.0,0.7995968461036682,0.7995968461036682,Julie_Taymor,Coretta_Scott_King,Nancy_Pelosi,Jennifer_Connelly,Bill_Frist,Annette_Bening,Eve_Pelletier,Rita_Moreno,Cyndi_Thompson,Amelia_Vega
vggface2,full_image,probe/Julio_Iglesias_Jr/Julio_Iglesias_Jr_0002.jpg,Julio_Iglesias_Jr,1,1.0,0.7996690273284912,0.7996690273284912,Julio_Iglesias_Jr,Candie_Kung,Jackie_Chan,Marco_Antonio_Barrera,Chung_Mong-hun,George_Lopez,Dick_Clark,Hisao_Oguchi,Bob_Hope,Kosuke_Kitajima
vggface2,full_image,probe/Justin_Gatlin/Justin_Gatlin_0002.jpg,Justin_Gatlin,1,1.0,0.7471311688423157,0.7471311688423157,Justin_Gatlin,Joe_Dumars,Adrian_McPherson,Latrell_Sprewell,LeBron_James,Ruben_Studdard,Venus_Williams,Jesse_Jackson,Jason_Kidd,Gil_de_Ferran
vggface2,full_image,probe/Justin_Guarini/Justin_Guarini_0002.jpg,Justin_Guarini,124,0.008064516129032258,0.5241918563842773,0.19316767156124115,Herta_Daeubler-Gmelin,Megawati_Sukarnoputri,Sophia_Loren,Tracee_Ellis_Ross,Gro_Harlem_Brundtland,Nora_Bendijo,Coretta_Scott_King,Kalpana_Chawla,Carol_Moseley_Braun,Yoko_Ono
vggface2,full_image,probe/Justin_Leonard/Justin_Leonard_0002.jpg,Justin_Leonard,1,1.0,0.8360134363174438,0.8360134363174438,Justin_Leonard,Mike_Weir,Jan_Ullrich,Iban_Mayo,Padraig_Harrington,Jim_Furyk,Bill_Simon,Jim_Carrey,Mark_Cuban,Rich_Gannon
vggface2,full_image,probe/Justine_Henin/Justine_Henin_0002.jpg,Justine_Henin,1,1.0,0.838197648525238,0.838197648525238,Justine_Henin,Martina_Hingis,Candie_Kung,Daniela_Hantuchova,Lisa_Raymond,Sachiko_Yamada,Padraig_Harrington,Jennifer_Rodriguez,Anna_Kournikova,Bode_Miller
vggface2,full_image,probe/Kalpana_Chawla/Kalpana_Chawla_0002.jpg,Kalpana_Chawla,1,1.0,0.7850550413131714,0.7850550413131714,Kalpana_Chawla,George_Lopez,OJ_Simpson,Aung_San_Suu_Kyi,Nicanor_Duarte_Frutos,Alejandro_Toledo,Julio_Iglesias_Jr,Mitoji_Yabunaka,Leander_Paes,Shaukat_Aziz
vggface2,full_image,probe/Karen_Mok/Karen_Mok_0002.jpg,Karen_Mok,1,1.0,0.7354636192321777,0.7354636192321777,Karen_Mok,Michelle_Yeoh,Sachiko_Yamada,Benazir_Bhutto,Lisa_Ling,Zhang_Ziyi,Gloria_Macapagal_Arroyo,Zarai_Toledo,Justine_Henin,Megawati_Sukarnoputri
vggface2,full_image,probe/Karin_Stoiber/Karin_Stoiber_0002.jpg,Karin_Stoiber,1,1.0,0.733242392539978,0.733242392539978,Karin_Stoiber,Gro_Harlem_Brundtland,Biljana_Plavsic,Cristina_Saralegui,Barbara_Walters,Lynne_Cheney,Meryl_Streep,Alicia_Silverstone,Martha_Beatriz_Roque,Doris_Roberts
vggface2,full_image,probe/Kate_Capshaw/Kate_Capshaw_0002.jpg,Kate_Capshaw,17,0.058823529411764705,0.69061678647995,0.40582945942878723,Melanie_Griffith,Karin_Stoiber,Cristina_Saralegui,Barbara_Walters,Gro_Harlem_Brundtland,Jane_Pauley,Lynne_Cheney,Ann_Veneman,Doris_Roberts,Jeanne_Moreau
vggface2,full_image,probe/Kathleen_Glynn/Kathleen_Glynn_0002.jpg,Kathleen_Glynn,1,1.0,0.7730482816696167,0.7730482816696167,Kathleen_Glynn,Gillian_Anderson,Edie_Falco,Elizabeth_Shue,Ellen_Engleman,Meryl_Streep,Alicia_Silverstone,Anna_Nicole_Smith,Ellen_DeGeneres,Christine_Ebersole
vggface2,full_image,probe/Kathleen_Kennedy_Townsend/Kathleen_Kennedy_Townsend_0002.jpg,Kathleen_Kennedy_Townsend,1,1.0,0.7318000197410583,0.7318000197410583,Kathleen_Kennedy_Townsend,Arantxa_Sanchez-Vicario,Isabelle_Huppert,Jennifer_Reilly,Conchita_Martinez,Arianna_Huffington,Alison_Lohman,Magui_Serna,Daniela_Hantuchova,Nancy_Pelosi
vggface2,full_image,probe/Kathryn_Bigelow/Kathryn_Bigelow_0002.jpg,Kathryn_Bigelow,1,1.0,0.562422513961792,0.562422513961792,Kathryn_Bigelow,Benazir_Bhutto,Gianna_Angelopoulos-Daskalaki,Lauren_Killian,Elsa_Zylberstein,Lisa_Gottsegen,Vanessa_Incontrada,Lisa_Ling,Susan_Collins,Jo_Dee_Messina
vggface2,full_image,probe/Kathy_Winters/Kathy_Winters_0002.jpg,Kathy_Winters,1,1.0,0.878536581993103,0.878536581993103,Kathy_Winters,Gisele_Bundchen,Benazir_Bhutto,Jodie_Foster,Bill_Sizemore,Jennifer_Aniston,Bode_Miller,Lea_Fastow,Beth_Jones,Elsa_Zylberstein
vggface2,full_image,probe/Katie_Harman/Katie_Harman_0002.jpg,Katie_Harman,1,1.0,0.7412841320037842,0.7412841320037842,Katie_Harman,Michelle_Pfeiffer,Julianne_Moore,Kristanna_Loken,Mary_Carey,Mariah_Carey,Patricia_Clarkson,Natalie_Coughlin,Olivia_Newton-John,Pamela_Anderson
vggface2,full_image,probe/Keira_Knightley/Keira_Knightley_0002.jpg,Keira_Knightley,1,1.0,0.5248786211013794,0.5248786211013794,Keira_Knightley,Jennifer_Lopez,Elsa_Zylberstein,Carmen_Electra,Jacqueline_Obradors,Monica_Bellucci,Denise_Johnson,Jennifer_Connelly,Scott_McClellan,Kristin_Davis
vggface2,full_image,probe/Kelli_White/Kelli_White_0002.jpg,Kelli_White,1,1.0,0.8532121181488037,0.8532121181488037,Kelli_White,Venus_Williams,Eunice_Barber,Jada_Pinkett_Smith,Chanda_Rubin,Paul_Pierce,Patty_Schnyder,Serena_Williams,Alexandra_Stevenson,Diana_Taurasi
vggface2,full_image,probe/Kemal_Dervis/Kemal_Dervis_0002.jpg,Kemal_Dervis,1,1.0,0.9246351718902588,0.9246351718902588,Kemal_Dervis,Robert_Bonner,Howard_Dean,Hipolito_Mejia,Yasar_Yakis,Manfred_Stolpe,Cesar_Maia,James_Ivory,Dick_Cheney,Charles_Mathews
vggface2,full_image,probe/Ken_Watanabe/Ken_Watanabe_0002.jpg,Ken_Watanabe,1,1.0,0.7825024127960205,0.7825024127960205,Ken_Watanabe,Anwar_Ibrahim,Kevin_Spacey,Jesse_Jackson,Billy_Sollie,Freddy_Garcia,Jackie_Chan,Bob_Hope,Prince_Naruhito,Igor_Ivanov
vggface2,full_image,probe/Kenneth_Branagh/Kenneth_Branagh_0002.jpg,Kenneth_Branagh,1,1.0,0.7247315645217896,0.7247315645217896,Kenneth_Branagh,Alan_Mulally,Guido_Westerwelle,James_Kelly,Tim_Allen,George_Pataki,Kirk_Ferentz,Jean-David_Levitte,Andrew_Bunner,Andrew_Niccol
vggface2,full_image,probe/Kenneth_Evans/Kenneth_Evans_0002.jpg,Kenneth_Evans,1,1.0,0.8887476921081543,0.8887476921081543,Kenneth_Evans,Jesse_Jackson,Leonard_Hamilton,Guillaume_Soro,Laurent_Gbagbo,Spencer_Abraham,Thabo_Mbeki,Nicanor_Duarte_Frutos,Pedro_Malan,Thaksin_Shinawatra
vggface2,full_image,probe/Kent_Rominger/Kent_Rominger_0002.jpg,Kent_Rominger,1,1.0,0.8707091808319092,0.8707091808319092,Kent_Rominger,Brad_Johnson,Bill_Callahan,Gil_de_Ferran,Alastair_Campbell,Jean-David_Levitte,Mike_Babcock,Sean_Penn,John_Kerry,James_Kelly
vggface2,full_image,probe/Kevin_Spacey/Kevin_Spacey_0002.jpg,Kevin_Spacey,1,1.0,0.8108011484146118,0.8108011484146118,Kevin_Spacey,Adolfo_Rodriguez_Saa,Mitchell_Daniels,Igor_Ivanov,Cesar_Maia,Scott_McClellan,Geoff_Hoon,Joseph_Biden,Fidel_Castro,Silvio_Berlusconi
vggface2,full_image,probe/Kevin_Stallings/Kevin_Stallings_0002.jpg,Kevin_Stallings,1,1.0,0.7194182872772217,0.7194182872772217,Kevin_Stallings,Howard_Dean,Robert_Bonner,Gian_Marco,Roy_Moore,Slobodan_Milosevic,Larry_Lucchino,Richard_Norton-Taylor,Bill_Graham,John_Snow
vggface2,full_image,probe/Kieran_Prendergast/Kieran_Prendergast_0002.jpg,Kieran_Prendergast,1,1.0,0.9150160551071167,0.9150160551071167,Kieran_Prendergast,Sean_Patrick_OMalley,Dino_de_Laurentis,James_Cunningham,Len_Jenoff,Mitchell_Daniels,Richard_Norton-Taylor,Bill_Graham,Jay_Rasulo,Gunter_Pleuger
vggface2,full_image,probe/Kifah_Ajouri/Kifah_Ajouri_0002.jpg,Kifah_Ajouri,1,1.0,0.8201886415481567,0.8201886415481567,Kifah_Ajouri,Abdel_Nasser_Assidi,Luis_Horna,John_Abizaid,Carlos_Ghosn,Vincent_Brooks,Jonathan_Edwards,Emanuel_Ginobili,Luciano_Pavarotti,Pete_Sampras
vggface2,full_image,probe/Kiki_Vandeweghe/Kiki_Vandeweghe_0002.jpg,Kiki_Vandeweghe,1,1.0,0.8690528273582458,0.8690528273582458,Kiki_Vandeweghe,Vaclav_Havel,Jean-David_Levitte,Jan_Ullrich,Paul_Bremer,John_Walsh,Ronald_Reagan,Tim_Floyd,Bill_Simon,Paul_McNulty
vggface2,full_image,probe/Kim_Dae-jung/Kim_Dae-jung_0002.jpg,Kim_Dae-jung,1,1.0,0.9071109294891357,0.9071109294891357,Kim_Dae-jung,Lee_Tae-sik,Lee_Hoi-chang,Lee_Jun,Jia_Qinglin,Hichiro_Naemura,Hu_Jintao,Thaksin_Shinawatra,Edward_Lu,Eduardo_Duhalde
vggface2,full_image,probe/Kim_Jin-sun/Kim_Jin-sun_0002.jpg,Kim_Jin-sun,1,1.0,0.7856728434562683,0.7856728434562683,Kim_Jin-sun,Hu_Jintao,Li_Peng,Thaksin_Shinawatra,Alberto_Fujimori,Yoko_Ono,Jia_Qinglin,Kim_Dae-jung,Hun_Sen,Kim_Ryong-sung
vggface2,full_image,probe/Kim_Jong-Il/Kim_Jong-Il_0002.jpg,Kim_Jong-Il,1,1.0,0.8983719348907471,0.8983719348907471,Kim_Jong-Il,Wang_Yingfan,Thaksin_Shinawatra,Li_Peng,Antony_Leung,Hu_Jintao,Chok_Tong_Goh,Annette_Lu,Jong_Thae_Hwa,Kim_Jin-sun
vggface2,full_image,probe/Kim_Ryong-sung/Kim_Ryong-sung_0002.jpg,Kim_Ryong-sung,1,1.0,0.8825410604476929,0.8825410604476929,Kim_Ryong-sung,Jackie_Chan,Lee_Hoi-chang,Goh_Kun,Hu_Jintao,Chang_Dae-whan,Prince_Naruhito,Thaksin_Shinawatra,Jia_Qinglin,Heizo_Takenaka
vggface2,full_image,probe/Kirk_Ferentz/Kirk_Ferentz_0002.jpg,Kirk_Ferentz,1,1.0,0.45596206188201904,0.45596206188201904,Kirk_Ferentz,Mohammad_Khatami,Todd_Haynes,Michael_J_Sheehan,Mikhail_Kasyanov,Kim_Ryong-sung,Ilan_Ramon,Jesse_Jackson,John_Reilly,Colin_Powell
vggface2,full_image,probe/Kirk_Johnson/Kirk_Johnson_0002.jpg,Kirk_Johnson,1,1.0,0.7891176342964172,0.7891176342964172,Kirk_Johnson,Ruben_Studdard,Thabo_Mbeki,Guillaume_Soro,Latrell_Sprewell,George_Foreman,Jeremy_Shockey,Chris_Byrd,LeBron_James,Venus_Williams
vggface2,full_image,probe/Klaus_Zwickel/Klaus_Zwickel_0002.jpg,Klaus_Zwickel,1,1.0,0.7908278107643127,0.7908278107643127,Klaus_Zwickel,Robert_Bonner,Bill_Graham,Robert_Duvall,Stephen_Friedman,Costas_Simitis,David_Dodge,Frank_Cassell,Dennis_Kozlowski,Barry_Alvarez
vggface2,full_image,probe/Kosuke_Kitajima/Kosuke_Kitajima_0002.jpg,Kosuke_Kitajima,2,0.5,0.6729522943496704,0.6696146726608276,Taufik_Hidayat,Kosuke_Kitajima,John_Cusack,Michael_Chang,Lindsay_Davenport,Juan_Pablo_Montoya,Stanley_Tong,Marco_Antonio_Barrera,Edward_Lu,Kim_Dae-jung
vggface2,full_image,probe/Kristanna_Loken/Kristanna_Loken_0002.jpg,Kristanna_Loken,2,0.5,0.7159494757652283,0.664525032043457,Carmen_Electra,Kristanna_Loken,Elizabeth_Shue,Mary-Kate_Olsen,Jane_Pauley,Reese_Witherspoon,Pamela_Anderson,Anna_Kournikova,Hillary_Clinton,Katie_Harman
vggface2,full_image,probe/Kristin_Davis/Kristin_Davis_0002.jpg,Kristin_Davis,1,1.0,0.8786128163337708,0.8786128163337708,Kristin_Davis,Lisa_Gottsegen,Jodie_Foster,Elsa_Zylberstein,Benazir_Bhutto,Fred_Eckhard,Stockard_Channing,Jennifer_Connelly,George_Robertson,John_Allen_Muhammad
vggface2,full_image,probe/Kurt_Busch/Kurt_Busch_0002.jpg,Kurt_Busch,28,0.03571428571428571,0.5712646245956421,0.41927042603492737,Bernard_Lord,Alvaro_Uribe,Anthony_LaPaglia,Jorge_Valdano,Bashar_Assad,Edward_Norton,Fayssal_Mekdad,Richard_Krajicek,Conchita_Martinez,Rich_Gannon
vggface2,full_image,probe/Kurt_Russell/Kurt_Russell_0002.jpg,Kurt_Russell,1,1.0,0.7313871383666992,0.7313871383666992,Kurt_Russell,Matthew_Perry,Ronald_Reagan,Gary_Doer,Michael_Douglas,Bill_Simon,Paul_Bremer,Aleksander_Kwasniewski,Bill_Callahan,Kenneth_Branagh
vggface2,full_image,probe/Kwon_Yang-sook/Kwon_Yang-sook_0002.jpg,Kwon_Yang-sook,1,1.0,0.8039604425430298,0.8039604425430298,Kwon_Yang-sook,Lisa_Ling,Michelle_Yeoh,Sachiko_Yamada,Edward_Lu,Yoko_Ono,Thaksin_Shinawatra,Vicki_Zhao_Wei,Megawati_Sukarnoputri,Annette_Lu
vggface2,full_image,probe/Laila_Ali/Laila_Ali_0002.jpg,Laila_Ali,1,1.0,0.6766136288642883,0.6766136288642883,Laila_Ali,Tracee_Ellis_Ross,Cathy_Freeman,Jennifer_Lopez,Justin_Guarini,Corinne_Coman,Kalpana_Chawla,Serena_Williams,John_Allen_Muhammad,Carol_Moseley_Braun
vggface2,full_image,probe/Lana_Clarkson/Lana_Clarkson_0002.jpg,Lana_Clarkson,1,1.0,0.5615229606628418,0.5615229606628418,Lana_Clarkson,Isabelle_Huppert,Tom_Daschle,Sheila_Copps,Helen_Clark,Doris_Schroeder,Martina_McBride,James_Kelly,Melanie_Griffith,Michelle_Pfeiffer
vggface2,full_image,probe/Larry_Bowa/Larry_Bowa_0002.jpg,Larry_Bowa,2,0.5,0.6270155906677246,0.5961358547210693,Tom_Daschle,Larry_Bowa,Christian_Wulff,James_Kelly,Ron_Dittemore,Alan_Mulally,Dennis_Kucinich,Stanley_McChrystal,Bill_Frist,Boris_Becker
vggface2,full_image,probe/Larry_Brown/Larry_Brown_0002.jpg,Larry_Brown,1,1.0,0.7484139204025269,0.7484139204025269,Larry_Brown,Guillermo_Ortiz,Nestor_Kirchner,Paul_Patton,Valery_Giscard_dEstaing,Paul_ONeill,Pedro_Malan,Silvio_Berlusconi,Joseph_Deiss,Warren_Buffett
vggface2,full_image,probe/Larry_Coker/Larry_Coker_0002.jpg,Larry_Coker,1,1.0,0.757810115814209,0.757810115814209,Larry_Coker,Larry_Brown,Art_Howe,Robert_Duvall,Dick_Cheney,Costas_Simitis,Francis_George,George_Brumley,John_Negroponte,Frank_Lautenberg
vggface2,full_image,probe/Larry_Ellison/Larry_Ellison_0002.jpg,Larry_Ellison,1,1.0,0.7741494178771973,0.7741494178771973,Larry_Ellison,Pedro_Malan,Brian_Wells,Tom_Crean,Tom_Cruise,Jorge_Valdano,Guy_Hemmings,Bo_Pelini,Art_Hoffmann,Luis_Gonzalez_Macchi
vggface2,full_image,probe/Larry_Johnson/Larry_Johnson_0002.jpg,Larry_Johnson,1,1.0,0.7721534967422485,0.7721534967422485,Larry_Johnson,John_Allen_Muhammad,Allen_Iverson,Juan_Pablo_Montoya,George_P_Bush,Vincent_Brooks,Augustin_Calleri,Gregory_Hines,Anwar_Ibrahim,Carlos_Quintanilla_Schmidt
vggface2,full_image,probe/Larry_Lindsey/Larry_Lindsey_0002.jpg,Larry_Lindsey,1,1.0,0.6315599679946899,0.6315599679946899,Larry_Lindsey,Howard_Smith,Richard_Gephardt,Billy_Graham,Jeffrey_Immelt,Goran_Persson,James_Morris,John_Reilly,Jay_Garner,Anthony_Hopkins
vggface2,full_image,probe/Larry_Lucchino/Larry_Lucchino_0002.jpg,Larry_Lucchino,1,1.0,0.7293493747711182,0.7293493747711182,Larry_Lucchino,Ilan_Ramon,Silvan_Shalom,Emile_Lahoud,Hipolito_Mejia,Silvio_Berlusconi,William_Hochul,James_Cunningham,Igor_Ivanov,Herb_Sendek
vggface2,full_image,probe/Latrell_Sprewell/Latrell_Sprewell_0002.jpg,Latrell_Sprewell,2,0.5,0.5033673048019409,0.49867260456085205,Paul_Pierce,Latrell_Sprewell,John_Allen_Muhammad,LeBron_James,Taufik_Hidayat,Serena_Williams,Bill_Simon,Chris_Tucker,Chris_Byrd,Lionel_Richie
vggface2,full_image,probe/Laura_Hernandez/Laura_Hernandez_0002.jpg,Laura_Hernandez,1,1.0,0.5760447978973389,0.5760447978973389,Laura_Hernandez,Megawati_Sukarnoputri,Nancy_Pelosi,Hanan_Ashrawi,Michelle_Yeoh,Raghad_Saddam_Hussein,Jada_Pinkett_Smith,Intisar_Ajouri,Begum_Khaleda_Zia,Heidi_Fleiss
vggface2,full_image,probe/Lauren_Hutton/Lauren_Hutton_0002.jpg,Lauren_Hutton,1,1.0,0.763055682182312,0.763055682182312,Lauren_Hutton,Isabelle_Huppert,Meryl_Streep,Leslie_Ann_Woodward,James_Blake,Anneli_Jaatteenmaki,Christopher_Walken,Jessica_Lange,Paul_ONeill,Jay_Rasulo
vggface2,full_image,probe/Lauren_Killian/Lauren_Killian_0002.jpg,Lauren_Killian,1,1.0,0.7027368545532227,0.7027368545532227,Lauren_Killian,Sarah_Jessica_Parker,Kathy_Winters,Jennifer_Aniston,Hayley_Tullett,Brooke_Shields,Robert_Duvall,Gary_Carter,Bode_Miller,Arantxa_Sanchez-Vicario
vggface2,full_image,probe/Laurent_Gbagbo/Laurent_Gbagbo_0002.jpg,Laurent_Gbagbo,1,1.0,0.8174118995666504,0.8174118995666504,Laurent_Gbagbo,Thabo_Mbeki,Guillaume_Soro,Morgan_Freeman,James_Butts,Kenneth_Evans,John_Abizaid,Leonard_Hamilton,Fidel_Castro,Christina_Aguilera
vggface2,full_image,probe/Laurent_Jalabert/Laurent_Jalabert_0002.jpg,Laurent_Jalabert,3,0.3333333333333333,0.6308811902999878,0.543016254901886,Albert_Costa,Robert_Kocharian,Laurent_Jalabert,Hilmi_Ozkok,Patti_Labelle,Vicente_Fernandez,Pete_Sampras,Martin_Scorsese,Justin_Leonard,Padraig_Harrington
vggface2,full_image,probe/Lawrence_MacAulay/Lawrence_MacAulay_0002.jpg,Lawrence_MacAulay,1,1.0,0.6718587875366211,0.6718587875366211,Lawrence_MacAulay,Dave_Campo,Trent_Lott,Frank_Griswold,Jean-David_Levitte,Alastair_Campbell,Masum_Turker,Jose_Sarney,Franz_Muentefering,James_Kelly
vggface2,full_image,probe/LeAnn_Rimes/LeAnn_Rimes_0002.jpg,LeAnn_Rimes,1,1.0,0.7613680958747864,0.7613680958747864,LeAnn_Rimes,Mariangel_Ruiz_Torrealba,Carmen_Electra,Celine_Dion,Raghad_Saddam_Hussein,Lili_Taylor,Tammy_Lynn_Michaels,Anna_Kournikova,Saddam_Hussein,Dolma_Tsering
vggface2,full_image,probe/LeBron_James/LeBron_James_0002.jpg,LeBron_James,1,1.0,0.7729886770248413,0.7729886770248413,LeBron_James,John_Allen_Muhammad,Chris_Byrd,Jason_Kidd,Latrell_Sprewell,Kirk_Johnson,John_Stallworth,Allen_Iverson,Adrian_McPherson,Mike_Tyson
vggface2,full_image,probe/Lea_Fastow/Lea_Fastow_0002.jpg,Lea_Fastow,1,1.0,0.842894434928894,0.842894434928894,Lea_Fastow,Flavia_Delaroli,Julie_Taymor,Martha_Bowen,Lisa_Gottsegen,Jodie_Foster,Stockard_Channing,Julianne_Moore,Lindsay_Benko,Marie-Reine_Le_Gougne
vggface2,full_image,probe/Leander_Paes/Leander_Paes_0002.jpg,Leander_Paes,1,1.0,0.6740872859954834,0.6740872859954834,Leander_Paes,Abdel_Nasser_Assidi,Abdullah,Luciano_Pavarotti,Oscar_De_La_Hoya,James_Blake,George_P_Bush,George_Lopez,Kosuke_Kitajima,Mohammad_Khatami
vggface2,full_image,probe/Lech_Walesa/Lech_Walesa_0002.jpg,Lech_Walesa,1,1.0,0.7895609140396118,0.7895609140396118,Lech_Walesa,Larry_Lindsey,Gray_Davis,Howard_Dean,Peter_Harrison,Valdas_Adamkus,John_Timoney,Thomas_Fargo,Ernie_Eves,Gregg_Popovich
vggface2,full_image,probe/Lee_Hoi-chang/Lee_Hoi-chang_0002.jpg,Lee_Hoi-chang,1,1.0,0.9097983241081238,0.9097983241081238,Lee_Hoi-chang,Li_Peng,Kim_Dae-jung,Lee_Tae-sik,Hu_Jintao,Yoko_Ono,Jia_Qinglin,Thaksin_Shinawatra,Kim_Ryong-sung,Lee_Jun
vggface2,full_image,probe/Lee_Jun/Lee_Jun_0002.jpg,Lee_Jun,1,1.0,0.787738561630249,0.787738561630249,Lee_Jun,Jia_Qinglin,Hu_Jintao,Heizo_Takenaka,Kim_Dae-jung,Prince_Naruhito,Edward_Lu,Kim_Ryong-sung,Jackie_Chan,Kim_Jin-sun
vggface2,full_image,probe/Lee_Tae-sik/Lee_Tae-sik_0002.jpg,Lee_Tae-sik,1,1.0,0.8715764284133911,0.8715764284133911,Lee_Tae-sik,Kim_Jin-sun,Kim_Dae-jung,Jia_Qinglin,Lee_Jun,Thaksin_Shinawatra,Lee_Hoi-chang,Chang_Dae-whan,Hu_Jintao,Candie_Kung
vggface2,full_image,probe/Leland_Chapman/Leland_Chapman_0002.jpg,Leland_Chapman,1,1.0,0.6445671916007996,0.6445671916007996,Leland_Chapman,Lionel_Richie,Larry_Johnson,Gary_Bergeron,Paul_Byrd,Colin_Powell,Jose_Theodore,Oscar_De_La_Hoya,Robert_De_Niro,Venus_Williams
vggface2,full_image,probe/Len_Jenoff/Len_Jenoff_0002.jpg,Len_Jenoff,1,1.0,0.8660154342651367,0.8660154342651367,Len_Jenoff,Jose_Viegas_Filho,Fayssal_Mekdad,Bill_Graham,Nasser_al-Kidwa,Jorge_Rodolfo_Canicoba_Corral,Steven_Spielberg,Igor_Ivanov,Pedro_Solbes,Silvan_Shalom
vggface2,full_image,probe/Leon_LaPorte/Leon_LaPorte_0002.jpg,Leon_LaPorte,1,1.0,0.8352457880973816,0.8352457880973816,Leon_LaPorte,Jose_Serra,Joseph_Biden,John_Snow,Manfred_Stolpe,Howard_Dean,Iain_Duncan_Smith,Stephen_Friedman,Valery_Giscard_dEstaing,Kemal_Dervis
vggface2,full_image,probe/Leonard_Hamilton/Leonard_Hamilton_0002.jpg,Leonard_Hamilton,1,1.0,0.740381121635437,0.740381121635437,Leonard_Hamilton,Kenneth_Evans,Joe_Dumars,Laurent_Gbagbo,Michael_Chiklis,Spencer_Abraham,Jesse_Jackson,Colin_Powell,Guillaume_Soro,Darren_Clarke
vggface2,full_image,probe/Leslie_Ann_Woodward/Leslie_Ann_Woodward_0002.jpg,Leslie_Ann_Woodward,1,1.0,0.9870432615280151,0.9870432615280151,Leslie_Ann_Woodward,Brooke_Shields,Lauren_Hutton,Daryl_Hannah,Jessica_Lange,Sophia_Loren,Nadia_Petrova,Bill_Graham,Michael_Douglas,Matthew_Perry
vggface2,full_image,probe/Leslie_Moonves/Leslie_Moonves_0002.jpg,Leslie_Moonves,1,1.0,0.7223451137542725,0.7223451137542725,Leslie_Moonves,Bill_Simon,Larry_Bowa,John_Kerry,Jim_Harrick,Darrell_Issa,Ron_Dittemore,Marc_Grossman,Tom_Daschle,Hermann_Maier
vggface2,full_image,probe/Leszek_Miller/Leszek_Miller_0002.jpg,Leszek_Miller,1,1.0,0.7017662525177002,0.7017662525177002,Leszek_Miller,Yasar_Yakis,Howard_Dean,Lord_Hutton,Charles_Mathews,Valdas_Adamkus,Joseph_Biden,Costas_Simitis,Carlos_Bianchi,Robert_Duvall
vggface2,full_image,probe/Li_Peng/Li_Peng_0002.jpg,Li_Peng,1,1.0,0.830902636051178,0.830902636051178,Li_Peng,Hu_Jintao,Gao_Qiang,Jong_Thae_Hwa,Thaksin_Shinawatra,Mohammad_Khatami,Nicanor_Duarte_Frutos,Kim_Ryong-sung,Kim_Jong-Il,Pedro_Malan
vggface2,full_image,probe/Lili_Taylor/Lili_Taylor_0002.jpg,Lili_Taylor,3,0.3333333333333333,0.6161587238311768,0.5093717575073242,Jane_Kaczmarek,Julianne_Moore,Lili_Taylor,Hannah_Stockbauer,Meryl_Streep,Nastassia_Kinski,Melanie_Griffith,Martina_McBride,Tom_Crean,Carol_Burnett
vggface2,full_image,probe/Lily_Tomlin/Lily_Tomlin_0002.jpg,Lily_Tomlin,1,1.0,0.5932613015174866,0.5932613015174866,Lily_Tomlin,Zhang_Ziyi,Dennis_Kucinich,Julianna_Margulies,Stockard_Channing,Charlotte_Rampling,Arsinee_Khanjian,George_Pataki,David_Kelley,Jimmy_Carter
vggface2,full_image,probe/Lim_Dong-won/Lim_Dong-won_0002.jpg,Lim_Dong-won,1,1.0,0.8106784820556641,0.8106784820556641,Lim_Dong-won,Li_Peng,Kim_Ryong-sung,Gary_Locke,Liu_Mingkang,Nasser_al-Kidwa,Alberto_Fujimori,Gao_Qiang,Hu_Jintao,Kim_Dae-jung
vggface2,full_image,probe/Lina_Krasnoroutskaya/Lina_Krasnoroutskaya_0002.jpg,Lina_Krasnoroutskaya,1,1.0,0.7492597699165344,0.7492597699165344,Lina_Krasnoroutskaya,Amanda_Beard,Marina_Anissina,Lindsay_Davenport,Tomoko_Hagiwara,Diana_Taurasi,Natalie_Coughlin,Silvia_Farina_Elia,Hayley_Tullett,Marlene_Weingartner
vggface2,full_image,probe/Lindsay_Benko/Lindsay_Benko_0002.jpg,Lindsay_Benko,1,1.0,0.7750431895256042,0.7750431895256042,Lindsay_Benko,Martha_Bowen,Claire_Hentzen,Flavia_Delaroli,Blythe_Hartley,Arantxa_Sanchez-Vicario,Lina_Krasnoroutskaya,Janica_Kostelic,Nadia_Petrova,Jennifer_Reilly
vggface2,full_image,probe/Lindsay_Davenport/Lindsay_Davenport_0002.jpg,Lindsay_Davenport,1,1.0,0.8115071058273315,0.8115071058273315,Lindsay_Davenport,Elizabeth_Smart,Christina_Aguilera,Patty_Schnyder,Marlene_Weingartner,Venus_Williams,Dolma_Tsering,Anna_Kournikova,Hannah_Stockbauer,Hayley_Tullett
vggface2,full_image,probe/Lindsey_Graham/Lindsey_Graham_0002.jpg,Lindsey_Graham,1,1.0,0.7166857719421387,0.7166857719421387,Lindsey_Graham,Steve_Spurrier,Bill_Gates,Peter_Harrison,Vaclav_Havel,Eric_Clapton,Mack_Brown,William_Ford_Jr,Tim_Floyd,Paul_McCartney
vggface2,full_image,probe/Lino_Oviedo/Lino_Oviedo_0002.jpg,Lino_Oviedo,1,1.0,0.9220421314239502,0.9220421314239502,Lino_Oviedo,Adolfo_Rodriguez_Saa,Silvio_Berlusconi,Alejandro_Toledo,Charles_Schumer,Kevin_Spacey,Eduardo_Duhalde,Igor_Ivanov,Edward_Lu,Nestor_Kirchner
vggface2,full_image,probe/Lionel_Richie/Lionel_Richie_0002.jpg,Lionel_Richie,1,1.0,0.623773992061615,0.623773992061615,Lionel_Richie,John_Allen_Muhammad,Kenneth_Evans,Hun_Sen,Jesse_Jackson,Joseph_Estrada,Hassan_Wirajuda,George_Robertson,Alejandro_Toledo,Gregory_Hines
vggface2,full_image,probe/Lisa_Gottsegen/Lisa_Gottsegen_0002.jpg,Lisa_Gottsegen,1,1.0,0.8935734033584595,0.8935734033584595,Lisa_Gottsegen,Kristin_Davis,Benazir_Bhutto,Marie-Reine_Le_Gougne,Ozzy_Osbourne,Lea_Fastow,Meryl_Streep,Amelia_Vega,Alejandro_Toledo,Yoko_Ono
vggface2,full_image,probe/Lisa_Ling/Lisa_Ling_0002.jpg,Lisa_Ling,1,1.0,0.6798819303512573,0.6798819303512573,Lisa_Ling,Michelle_Yeoh,Karen_Mok,Benazir_Bhutto,Amelia_Vega,Kwon_Yang-sook,Miyako_Miyazaki,Jackie_Chan,Elsa_Zylberstein,Gianna_Angelopoulos-Daskalaki
vggface2,full_image,probe/Lisa_Raymond/Lisa_Raymond_0002.jpg,Lisa_Raymond,1,1.0,0.7619595527648926,0.7619595527648926,Lisa_Raymond,Monica_Seles,Anna_Kournikova,Stacy_Dragila,Martina_Hingis,Paula_Radcliffe,Meghann_Shaughnessy,Justine_Henin,Iva_Majoli,Justin_Leonard
vggface2,full_image,probe/Liu_Mingkang/Liu_Mingkang_0002.jpg,Liu_Mingkang,1,1.0,0.8337142467498779,0.8337142467498779,Liu_Mingkang,Antony_Leung,Jong_Thae_Hwa,Kim_Dae-jung,Alejandro_Toledo,Gary_Locke,Hu_Jintao,Chen_Liang_Yu,Jackie_Chan,Dai_Bachtiar
vggface2,full_image,probe/Liza_Minnelli/Liza_Minnelli_0002.jpg,Liza_Minnelli,1,1.0,0.8082016706466675,0.8082016706466675,Liza_Minnelli,Nia_Vardalos,Queen_Beatrix,Christine_Ebersole,Julianne_Moore,Monica_Bellucci,Arianna_Huffington,Martina_McBride,Klaus_Zwickel,Amber_Tamblyn
vggface2,full_image,probe/Lloyd_Ward/Lloyd_Ward_0002.jpg,Lloyd_Ward,1,1.0,0.8121066093444824,0.8121066093444824,Lloyd_Ward,Pedro_Malan,Larry_Brown,Rob_Schneider,Chok_Tong_Goh,Mikhail_Kasyanov,Jong_Thae_Hwa,Hamzah_Haz,Alejandro_Toledo,Doug_Collins
vggface2,full_image,probe/Lon_Kruger/Lon_Kruger_0002.jpg,Lon_Kruger,1,1.0,0.5685806274414062,0.5685806274414062,Lon_Kruger,Francis_Mer,Lawrence_MacAulay,Dennis_Kucinich,Peter_Arnett,Bill_Belichick,George_Robertson,Richard_Shelby,Bobby_Goldwater,John_McEnroe
vggface2,full_image,probe/Lord_Hutton/Lord_Hutton_0002.jpg,Lord_Hutton,1,1.0,0.707976222038269,0.707976222038269,Lord_Hutton,Charles_Mathews,Franz_Beckenbauer,Joseph_Biden,Valdas_Adamkus,Leszek_Miller,Larry_Coker,John_Howard,Charlton_Heston,Roy_Williams
vggface2,full_image,probe/Lou_Piniella/Lou_Piniella_0002.jpg,Lou_Piniella,17,0.058823529411764705,0.6288071870803833,0.43678122758865356,Alexander_Losyukov,Nestor_Kirchner,Alexander_Rumyantsev,Jimmy_Kimmel,Wang_Yingfan,Cruz_Bustamante,Carlos_Ghosn,Christopher_Patten,Howard_Dean,Spencer_Abraham
vggface2,full_image,probe/Luciano_Pavarotti/Luciano_Pavarotti_0002.jpg,Luciano_Pavarotti,1,1.0,0.847967267036438,0.847967267036438,Luciano_Pavarotti,Fidel_Castro,Abdullah,Hassan_Nasrallah,Edward_Norton,Mohammad_Khatami,Osama_bin_Laden,Albert_Costa,Vicente_Fernandez,Kifah_Ajouri
vggface2,full_image,probe/Luis_Figo/Luis_Figo_0002.jpg,Luis_Figo,1,1.0,0.7571860551834106,0.7571860551834106,Luis_Figo,Thierry_Falise,Kiki_Vandeweghe,Marcelo_Salas,Vitali_Klitschko,John_Kerry,Joe_Calzaghe,Albert_Costa,Peter_Bacanovic,Mario_Dumont
vggface2,full_image,probe/Luis_Gonzalez_Macchi/Luis_Gonzalez_Macchi_0002.jpg,Luis_Gonzalez_Macchi,1,1.0,0.7121068835258484,0.7121068835258484,Luis_Gonzalez_Macchi,Michael_Chiklis,Igor_Ivanov,Benjamin_Netanyahu,Hector_Babenco,Gunter_Pleuger,Costas_Simitis,Vladimir_Putin,Iain_Duncan_Smith,Kevin_Stallings
vggface2,full_image,probe/Luis_Horna/Luis_Horna_0002.jpg,Luis_Horna,1,1.0,0.779504656791687,0.779504656791687,Luis_Horna,Demetrius_Ferraciu,Mike_Weir,Greg_Rusedski,Mark_Warner,Paul-Henri_Mathieu,Martin_Verkerk,Jim_Carrey,Guillermo_Coria,Pete_Sampras
vggface2,full_image,probe/Luiz_Felipe_Scolari/Luiz_Felipe_Scolari_0002.jpg,Luiz_Felipe_Scolari,1,1.0,0.714540421962738,0.714540421962738,Luiz_Felipe_Scolari,Frank_Cassell,Vladimir_Putin,Mitchell_Daniels,Boris_Berezovsky,Dick_Cheney,John_Negroponte,Art_Howe,Bill_Graham,Bill_Gates
vggface2,full_image,probe/Luke_Walton/Luke_Walton_0002.jpg,Luke_Walton,1,1.0,0.7630269527435303,0.7630269527435303,Luke_Walton,Justin_Leonard,Michael_Ballack,Jan_Ullrich,Andrei_Mikhnevich,Aron_Ralston,Mike_Miller,Ricky_Ponting,Michael_Phelps,James_Kelly
vggface2,full_image,probe/Lyle_Vanclief/Lyle_Vanclief_0002.jpg,Lyle_Vanclief,1,1.0,0.7474784851074219,0.7474784851074219,Lyle_Vanclief,Bill_Nelson,James_Kelly,Mike_Holmgren,Larry_Lindsey,Roy_Williams,Tony_Curtis,Dave_Campo,Howard_Smith,Gray_Davis
vggface2,full_image,probe/Lynn_Abraham/Lynn_Abraham_0002.jpg,Lynn_Abraham,1,1.0,0.8776551485061646,0.8776551485061646,Lynn_Abraham,Adrian_Nastase,John_Manley,Dennis_Erickson,Zoran_Djindjic,Bobby_Robson,Ricardo_Maduro,Roy_Williams,Nelson_Mandela,Biljana_Plavsic
vggface2,full_image,probe/Lynne_Cheney/Lynne_Cheney_0002.jpg,Lynne_Cheney,1,1.0,0.6989452242851257,0.6989452242851257,Lynne_Cheney,Barbara_Walters,Cristina_Saralegui,Maggie_Smith,Ann_Veneman,Mary_Landrieu,Frances_Fisher,Jane_Pauley,Queen_Beatrix,Doris_Schroeder
vggface2,full_image,probe/Mack_Brown/Mack_Brown_0002.jpg,Mack_Brown,2,0.5,0.7783114314079285,0.718827486038208,James_Kelly,Mack_Brown,Prince_Willem-Alexander,Christian_Wulff,Dennis_Kucinich,Gary_Carter,Tom_Daschle,Joseph_Ralston,Jean-David_Levitte,Padraig_Harrington
vggface2,full_image,probe/Madonna/Madonna_0002.jpg,Madonna,1,1.0,0.7415624856948853,0.7415624856948853,Madonna,Emmanuelle_Beart,Erika_Christensen,Heidi_Fleiss,Jennifer_Lopez,Marissa_Jaret_Winokur,Lea_Fastow,Celine_Dion,Patricia_Heaton,Amelia_Vega
vggface2,full_image,probe/Maggie_Smith/Maggie_Smith_0002.jpg,Maggie_Smith,50,0.02,0.5953843593597412,0.3359600305557251,Claire_Hentzen,Paula_Radcliffe,Mary_Carey,Lina_Krasnoroutskaya,Martha_Beatriz_Roque,Diana_Taurasi,Lynne_Cheney,Alicia_Silverstone,Ann_Veneman,Christine_Gregoire
vggface2,full_image,probe/Magui_Serna/Magui_Serna_0002.jpg,Magui_Serna,1,1.0,0.8303443193435669,0.8303443193435669,Magui_Serna,Arantxa_Sanchez-Vicario,Monica_Seles,Stacy_Dragila,Martina_Hingis,Silvia_Farina_Elia,Blythe_Hartley,Marat_Safin,Aitor_Gonzalez,Patty_Schnyder
vggface2,full_image,probe/Manfred_Stolpe/Manfred_Stolpe_0002.jpg,Manfred_Stolpe,1,1.0,0.8834022879600525,0.8834022879600525,Manfred_Stolpe,Leszek_Miller,Bill_Graham,Robert_Bonner,Howard_Dean,Slobodan_Milosevic,Chuck_Yeager,James_Morris,Arnold_Palmer,John_Snow
vggface2,full_image,probe/Manuel_Poggiali/Manuel_Poggiali_0002.jpg,Manuel_Poggiali,11,0.09090909090909091,0.5613613128662109,0.5003325939178467,Nadia_Petrova,Anna_Kournikova,Kurt_Busch,Bode_Miller,Guillermo_Coria,Ian_Thorpe,Yao_Ming,Ben_Curtis,Nicolas_Lapentti,Jennifer_Rodriguez
vggface2,full_image,probe/Marat_Safin/Marat_Safin_0002.jpg,Marat_Safin,5,0.2,0.7065107226371765,0.5478811860084534,Guillermo_Coria,Jonathan_Edwards,Greg_Owen,Mikhail_Youzhny,Marat_Safin,Anna_Kournikova,Conchita_Martinez,Mike_Weir,Justine_Henin,Robby_Ginepri
vggface2,full_image,probe/Marc-Andre_Fleury/Marc-Andre_Fleury_0002.jpg,Marc-Andre_Fleury,1,1.0,0.9058172702789307,0.9058172702789307,Marc-Andre_Fleury,Rich_Gannon,David_Trimble,Anders_Fogh_Rasmussen,Mike_Weir,Christian_Fittipaldi,Vincent_Brooks,Oscar_De_La_Hoya,Justin_Leonard,Emanuel_Ginobili
vggface2,full_image,probe/Marc_Grossman/Marc_Grossman_0002.jpg,Marc_Grossman,1,1.0,0.7205652594566345,0.7205652594566345,Marc_Grossman,Bill_Simon,Trent_Lott,Bill_Gates,Tom_Crean,Bud_Selig,Oswaldo_Paya,Geno_Auriemma,Charles_Kartman,David_Trimble
vggface2,full_image,probe/Marcelo_Salas/Marcelo_Salas_0002.jpg,Marcelo_Salas,1,1.0,0.7222194671630859,0.7222194671630859,Marcelo_Salas,Antonio_Banderas,Pete_Sampras,Hashim_Thaci,Oscar_De_La_Hoya,Christian_Fittipaldi,Marco_Antonio_Barrera,John_F_Kennedy_Jr,Michael_Phelps,Albert_Costa
vggface2,full_image,probe/Marco_Antonio_Barrera/Marco_Antonio_Barrera_0002.jpg,Marco_Antonio_Barrera,1,1.0,0.7556476593017578,0.7556476593017578,Marco_Antonio_Barrera,George_Lopez,Yao_Ming,John_F_Kennedy_Jr,Johnson_Panjaitan,Ben_Curtis,Oscar_De_La_Hoya,Christian_Fittipaldi,Michael_Ballack,Freddy_Garcia
vggface2,full_image,probe/Marcus_Gronholm/Marcus_Gronholm_0002.jpg,Marcus_Gronholm,85,0.011764705882352941,0.6353198289871216,0.2891755700111389,Mike_Weir,Jason_Jennings,Jan_Ullrich,Bertrand_Bonello,Robby_Ginepri,Jim_Furyk,Justine_Henin,Jonathan_Edwards,Dale_Earnhardt_Jr,Ron_Dittemore
vggface2,full_image,probe/Margaret_Thatcher/Margaret_Thatcher_0002.jpg,Margaret_Thatcher,1,1.0,0.8277095556259155,0.8277095556259155,Margaret_Thatcher,Jean_Brumley,Biljana_Plavsic,Gro_Harlem_Brundtland,Martha_Burk,Doris_Roberts,Elizabeth_Dole,Gillian_Anderson,Joan_Claybrook,Herta_Daeubler-Gmelin
vggface2,full_image,probe/Maria_Luisa_Mendonca/Maria_Luisa_Mendonca_0002.jpg,Maria_Luisa_Mendonca,1,1.0,0.76705002784729,0.76705002784729,Maria_Luisa_Mendonca,Jane_Kaczmarek,Sharon_Frey,John_Negroponte,Gillian_Anderson,Julie_Gerberding,Trent_Lott,Jodie_Foster,Amber_Tamblyn,Isabelle_Huppert
vggface2,full_image,probe/Mariah_Carey/Mariah_Carey_0002.jpg,Mariah_Carey,2,0.5,0.6444910764694214,0.6363528370857239,Dolma_Tsering,Mariah_Carey,Vanessa_Williams,Christina_Aguilera,Erika_Christensen,Mary_Carey,Katie_Harman,Natalie_Coughlin,Lindsay_Davenport,Natalie_Maines
vggface2,full_image,probe/Mariangel_Ruiz_Torrealba/Mariangel_Ruiz_Torrealba_0002.jpg,Mariangel_Ruiz_Torrealba,1,1.0,0.8794398307800293,0.8794398307800293,Mariangel_Ruiz_Torrealba,Sandra_Bullock,Julianna_Margulies,Julie_Gerberding,Marisa_Tomei,Gianna_Angelopoulos-Daskalaki,Spencer_Abraham,Charlie_Zaa,Howard_Smith,Hun_Sen
vggface2,full_image,probe/Marie-Reine_Le_Gougne/Marie-Reine_Le_Gougne_0002.jpg,Marie-Reine_Le_Gougne,2,0.5,0.5256169438362122,0.5030948519706726,Julianne_Moore,Marie-Reine_Le_Gougne,Beth_Jones,Lea_Fastow,Sandra_Bullock,Nancy_Pelosi,Amber_Tamblyn,Elizabeth_Shue,Jean_Brumley,Gillian_Anderson
vggface2,full_image,probe/Marilyn_Monroe/Marilyn_Monroe_0002.jpg,Marilyn_Monroe,16,0.0625,0.5931540131568909,0.349018394947052,Pamela_Anderson,Mary_Carey,Dolly_Parton,Paula_Radcliffe,Melanie_Griffith,Jessica_Lange,Meryl_Streep,Penelope_Ann_Miller,Donatella_Versace,Doris_Schroeder
vggface2,full_image,probe/Marina_Anissina/Marina_Anissina_0002.jpg,Marina_Anissina,1,1.0,0.8994826078414917,0.8994826078414917,Marina_Anissina,Jennifer_Reilly,Julianne_Moore,Paula_Radcliffe,Tomoko_Hagiwara,Diana_Taurasi,Natalie_Coughlin,Lina_Krasnoroutskaya,Ann_Veneman,Raghad_Saddam_Hussein
vggface2,full_image,probe/Mario_Cipollini/Mario_Cipollini_0002.jpg,Mario_Cipollini,1,1.0,0.7317943572998047,0.7317943572998047,Mario_Cipollini,Yevgeny_Kafelnikov,Barrett_Jackman,Mike_Weir,Jan_Ullrich,Dale_Earnhardt_Jr,Kiki_Vandeweghe,Luis_Figo,Ben_Glisan,Brian_Griese
vggface2,full_image,probe/Mario_Dumont/Mario_Dumont_0002.jpg,Mario_Dumont,1,1.0,0.7389438152313232,0.7389438152313232,Mario_Dumont,Sean_Astin,Robert_DeFraites,Joseph_Ralston,Paul_McNulty,Simon_Cowell,Antonio_Banderas,Hisao_Oguchi,David_Heymann,Gary_Doer
vggface2,full_image,probe/Mario_Kreutzberger/Mario_Kreutzberger_0002.jpg,Mario_Kreutzberger,1,1.0,0.631959080696106,0.631959080696106,Mario_Kreutzberger,Spencer_Abraham,Dick_Clark,Howard_Dean,John_Abizaid,Saddam_Hussein,Alexander_Losyukov,Saparmurat_Niyazov,Paul_Bremer,Hu_Jintao
vggface2,full_image,probe/Marisa_Tomei/Marisa_Tomei_0002.jpg,Marisa_Tomei,1,1.0,0.6546211838722229,0.6546211838722229,Marisa_Tomei,LeAnn_Rimes,Gianna_Angelopoulos-Daskalaki,Monica_Bellucci,Sandra_Bullock,Jennifer_Aniston,Celine_Dion,Martina_McBride,Mariangel_Ruiz_Torrealba,Nia_Vardalos
vggface2,full_image,probe/Marissa_Jaret_Winokur/Marissa_Jaret_Winokur_0002.jpg,Marissa_Jaret_Winokur,1,1.0,0.6945964097976685,0.6945964097976685,Marissa_Jaret_Winokur,Intisar_Ajouri,Megawati_Sukarnoputri,Fabiola_Zuluaga,Gianna_Angelopoulos-Daskalaki,Benazir_Bhutto,Elsa_Zylberstein,Carmen_Electra,Hanan_Ashrawi,Nia_Vardalos
vggface2,full_image,probe/Mark_Cuban/Mark_Cuban_0002.jpg,Mark_Cuban,1,1.0,0.6988780498504639,0.6988780498504639,Mark_Cuban,Andy_Hebb,Georgi_Parvanov,Alejandro_Avila,John_Kerry,Mike_Babcock,Gil_de_Ferran,Bill_Callahan,Robert_Mueller,Celso_Amorim
vggface2,full_image,probe/Mark_Dacey/Mark_Dacey_0002.jpg,Mark_Dacey,1,1.0,0.8063730001449585,0.8063730001449585,Mark_Dacey,Michael_Phelps,Richard_Krajicek,Emanuel_Ginobili,Stanley_McChrystal,Andrei_Mikhnevich,Jamie_Villafane,Ian_Thorpe,Mike_Miller,Johnny_Unitas
vggface2,full_image,probe/Mark_Geragos/Mark_Geragos_0002.jpg,Mark_Geragos,1,1.0,0.7081809043884277,0.7081809043884277,Mark_Geragos,Edward_James_Olmos,Eduardo_Duhalde,Saddam_Hussein,Jose_Viegas_Filho,Jorge_Rodolfo_Canicoba_Corral,Luiz_Felipe_Scolari,Grady_Irvin_Jr,Kevin_Spacey,Pedro_Solbes
vggface2,full_image,probe/Mark_Hamister/Mark_Hamister_0002.jpg,Mark_Hamister,1,1.0,0.7515164017677307,0.7515164017677307,Mark_Hamister,Nestor_Kirchner,Mikulas_Dzurinda,Inocencio_Arias,Vladimir_Putin,George_Tenet,Larry_Brown,Brian_Mulroney,Jose_Mourinho,William_Bratton
vggface2,full_image,probe/Mark_Heller/Mark_Heller_0002.jpg,Mark_Heller,1,1.0,0.6203403472900391,0.6203403472900391,Mark_Heller,Federico_Trillo,Andrew_Cuomo,Alejandro_Toledo,Andy_Hebb,Ernesto_Zedillo,Munir_Akram,Jack_Grubman,Bill_Simon,Darrell_Issa
vggface2,full_image,probe/Mark_Schweiker/Mark_Schweiker_0002.jpg,Mark_Schweiker,1,1.0,0.6604311466217041,0.6604311466217041,Mark_Schweiker,John_McEnroe,Hector_Babenco,Jose_Serra,Job_Cohen,Jim_Furyk,Mike_Weir,Eddy_Merckx,Silvan_Shalom,Stephen_Friedman
vggface2,full_image,probe/Mark_Warner/Mark_Warner_0002.jpg,Mark_Warner,1,1.0,0.648351788520813,0.648351788520813,Mark_Warner,Howard_Dean,Mathias_Reichhold,David_Spade,Vaclav_Havel,Jim_Carrey,William_Ford_Jr,Thomas_Fargo,Anders_Ebbeson,John_Walsh
vggface2,full_image,probe/Marlene_Weingartner/Marlene_Weingartner_0002.jpg,Marlene_Weingartner,309,0.003236245954692557,0.8229957818984985,0.12264291942119598,Padraig_Harrington,Anna_Kournikova,Justine_Henin,Tom_Brady,Nadia_Petrova,Jorge_Arce,Jefferson_Perez,Vitali_Klitschko,Jonathan_Edwards,Luis_Horna
vggface2,full_image,probe/Martha_Beatriz_Roque/Martha_Beatriz_Roque_0002.jpg,Martha_Beatriz_Roque,1,1.0,0.7640784382820129,0.7640784382820129,Martha_Beatriz_Roque,Hitomi_Soga,Edward_Lu,Hanan_Ashrawi,Begum_Khaleda_Zia,Megawati_Sukarnoputri,Christine_Gregoire,Gloria_Macapagal_Arroyo,Margaret_Thatcher,Julie_Gerberding
vggface2,full_image,probe/Martha_Bowen/Martha_Bowen_0002.jpg,Martha_Bowen,1,1.0,0.7087202072143555,0.7087202072143555,Martha_Bowen,Silvia_Farina_Elia,Amanda_Beard,Jennifer_Aniston,Natalie_Coughlin,Allison_Janney,Jamling_Norgay,Claire_Hentzen,Kathryn_Bigelow,Alejandro_Toledo
vggface2,full_image,probe/Martha_Burk/Martha_Burk_0002.jpg,Martha_Burk,1,1.0,0.7927096486091614,0.7927096486091614,Martha_Burk,Ann_Veneman,Jean_Brumley,Hitomi_Soga,Queen_Beatrix,Sheila_Copps,Hanan_Ashrawi,Jolanta_Kwasniewski,Lily_Tomlin,Gloria_Macapagal_Arroyo
vggface2,full_image,probe/Martin_Brodeur/Martin_Brodeur_0002.jpg,Martin_Brodeur,1,1.0,0.6471026539802551,0.6471026539802551,Martin_Brodeur,Jamie_Villafane,Jean-Sebastien_Giguere,Jim_Edmonds,Paul_McNulty,Harry_Schmidt,Gregg_Popovich,Tim_Floyd,Rich_Gannon,Paula_Radcliffe
vggface2,full_image,probe/Martin_Scorsese/Martin_Scorsese_0002.jpg,Martin_Scorsese,1,1.0,0.8378043174743652,0.8378043174743652,Martin_Scorsese,Vicente_Fernandez,Li_Peng,Robert_Mueller,Hilmi_Ozkok,John_Abizaid,Fidel_Castro,Dick_Clark,William_Bratton,Mohammad_Khatami
vggface2,full_image,probe/Martin_Verkerk/Martin_Verkerk_0002.jpg,Martin_Verkerk,1,1.0,0.8692337870597839,0.8692337870597839,Martin_Verkerk,Jon_Gruden,Prince_Edward,Frank_Solich,James_Schultz,Mark_Warner,John_Brady,William_Ford_Jr,Ron_Howard,Herb_Sendek
vggface2,full_image,probe/Martina_Hingis/Martina_Hingis_0002.jpg,Martina_Hingis,26,0.038461538461538464,0.6416409015655518,0.41611403226852417,Marlene_Weingartner,Lindsay_Davenport,Hayley_Tullett,Patricia_Heaton,Patty_Schnyder,Emmanuelle_Beart,Silvia_Farina_Elia,John_McEnroe,Iva_Majoli,Arantxa_Sanchez-Vicario
vggface2,full_image,probe/Martina_McBride/Martina_McBride_0002.jpg,Martina_McBride,1,1.0,0.5892618298530579,0.5892618298530579,Martina_McBride,Julianne_Moore,Heidi_Fleiss,Queen_Beatrix,Vanessa_Incontrada,Lili_Taylor,Kristin_Davis,Patrick_Ewing,Daisy_Fuentes,Roy_Moore
vggface2,full_image,probe/Marwan_Barghouthi/Marwan_Barghouthi_0002.jpg,Marwan_Barghouthi,1,1.0,0.8316092491149902,0.8316092491149902,Marwan_Barghouthi,Osama_bin_Laden,Luciano_Pavarotti,Juergen_Peters,Jesse_Jackson,Mohammad_Khatami,Branko_Crvenkovski,Igor_Ivanov,Abdel_Nasser_Assidi,Gregory_Hines
vggface2,full_image,probe/Mary-Kate_Olsen/Mary-Kate_Olsen_0002.jpg,Mary-Kate_Olsen,1,1.0,0.7874428033828735,0.7874428033828735,Mary-Kate_Olsen,Evan_Rachel_Wood,Sarah_Jessica_Parker,Mary_Landrieu,Mariah_Carey,Blythe_Danner,Carmen_Electra,Reese_Witherspoon,Cameron_Diaz,Jennifer_Aniston
vggface2,full_image,probe/Mary_Carey/Mary_Carey_0002.jpg,Mary_Carey,1,1.0,0.7496928572654724,0.7496928572654724,Mary_Carey,Katie_Harman,Erika_Christensen,Mariah_Carey,Anna_Kournikova,Courtney_Love,Kristanna_Loken,Diana_Taurasi,Doris_Schroeder,Gary_Carter
vggface2,full_image,probe/Mary_Landrieu/Mary_Landrieu_0002.jpg,Mary_Landrieu,1,1.0,0.7337824106216431,0.7337824106216431,Mary_Landrieu,Natalie_Coughlin,Julie_Taymor,Sally_Kirkland,Blythe_Danner,Mary-Kate_Olsen,Hillary_Clinton,Evan_Rachel_Wood,Jane_Pauley,Jennifer_Aniston
vggface2,full_image,probe/Mary_Tyler_Moore/Mary_Tyler_Moore_0002.jpg,Mary_Tyler_Moore,1,1.0,0.7121995687484741,0.7121995687484741,Mary_Tyler_Moore,Carol_Burnett,Nancy_Pelosi,Melanie_Griffith,Doris_Schroeder,Martina_McBride,Judy_Genshaft,Ann_Veneman,Cyndi_Thompson,Hillary_Clinton
vggface2,full_image,probe/Masum_Turker/Masum_Turker_0002.jpg,Masum_Turker,1,1.0,0.9115731716156006,0.9115731716156006,Masum_Turker,Jean-David_Levitte,Oswaldo_Paya,Bill_Gates,Ernie_Fletcher,Trent_Lott,Li_Peng,Franko_Simatovic,Paul_Bremer,Fred_Eckhard
vggface2,full_image,probe/Mathias_Reichhold/Mathias_Reichhold_0002.jpg,Mathias_Reichhold,1,1.0,0.751497745513916,0.751497745513916,Mathias_Reichhold,Thomas_Rupprath,Anders_Fogh_Rasmussen,Robert_DeFraites,Greg_Rusedski,Geraldine_Chaplin,Darrell_Porter,Tom_Daschle,Iban_Mayo,Mark_Warner
vggface2,full_image,probe/Matt_Doherty/Matt_Doherty_0002.jpg,Matt_Doherty,1,1.0,0.706885576248169,0.706885576248169,Matt_Doherty,Martin_Scorsese,Vicente_Fernandez,John_Abizaid,Howard_Dean,Robert_Mueller,Gary_Williams,John_Walsh,Charlton_Heston,Robert_Kocharian
vggface2,full_image,probe/Matthew_Perry/Matthew_Perry_0002.jpg,Matthew_Perry,1,1.0,0.7311506271362305,0.7311506271362305,Matthew_Perry,Gerry_Parsky,Lloyd_Ward,Kurt_Russell,Steve_Waugh,Alejandro_Toledo,Christopher_Walken,Francis_Mer,Brendan_Hansen,Roy_Moore
vggface2,full_image,probe/Max_Mayfield/Max_Mayfield_0002.jpg,Max_Mayfield,2,0.5,0.7700147032737732,0.7287968397140503,Dick_Cheney,Max_Mayfield,Warren_Buffett,James_Smith,George_Ryan,George_Brumley,John_Howard,Ferenc_Madl,Richie_Adubato,Bernard_Landry
vggface2,full_image,probe/Megawati_Sukarnoputri/Megawati_Sukarnoputri_0002.jpg,Megawati_Sukarnoputri,1,1.0,0.8113585710525513,0.8113585710525513,Megawati_Sukarnoputri,Li_Peng,Hitomi_Soga,Mitoji_Yabunaka,Annette_Lu,Edward_Lu,Intisar_Ajouri,Alejandro_Toledo,Begum_Khaleda_Zia,Diane_Green
vggface2,full_image,probe/Meghann_Shaughnessy/Meghann_Shaughnessy_0002.jpg,Meghann_Shaughnessy,7,0.14285714285714285,0.6743316650390625,0.5931951403617859,Iva_Majoli,Silvia_Farina_Elia,Stacy_Dragila,Hayley_Tullett,Natalie_Coughlin,Carolina_Moraes,Meghann_Shaughnessy,Claire_Hentzen,Lindsay_Benko,Amanda_Beard
vggface2,full_image,probe/Mel_Brooks/Mel_Brooks_0002.jpg,Mel_Brooks,5,0.2,0.7016150951385498,0.6325616836547852,Geoff_Hoon,Gary_Carter,Vladimir_Putin,Bill_Graham,Mel_Brooks,Silvio_Berlusconi,Robert_Duvall,Sarah_Jessica_Parker,Costas_Simitis,Thomas_OBrien
vggface2,full_image,probe/Melanie_Griffith/Melanie_Griffith_0002.jpg,Melanie_Griffith,7,0.14285714285714285,0.5859450101852417,0.39450228214263916,Meryl_Streep,Mary-Kate_Olsen,Monica_Seles,Courtney_Love,Cameron_Diaz,Daryl_Hannah,Melanie_Griffith,Claire_Danes,Janet_Thorpe,Olivia_Newton-John
vggface2,full_image,probe/Meryl_Streep/Meryl_Streep_0002.jpg,Meryl_Streep,1,1.0,0.6653019189834595,0.6653019189834595,Meryl_Streep,Nancy_Reagan,Julianne_Moore,Sarah_Jessica_Parker,Benazir_Bhutto,Elizabeth_Dole,Nancy_Pelosi,Steven_Spielberg,Celine_Dion,Lauren_Hutton
vggface2,full_image,probe/Michael_Ballack/Michael_Ballack_0002.jpg,Michael_Ballack,1,1.0,0.6499521136283875,0.6499521136283875,Michael_Ballack,Oscar_De_La_Hoya,John_Allen_Muhammad,Anders_Fogh_Rasmussen,Paul_Byrd,Sourav_Ganguly,Padraig_Harrington,John_Kerry,Matthew_Perry,John_Ruiz
vggface2,full_image,probe/Michael_Chang/Michael_Chang_0002.jpg,Michael_Chang,1,1.0,0.8053068518638611,0.8053068518638611,Michael_Chang,Edward_Lu,Chung_Mong-joon,Jackie_Chan,Prince_Naruhito,Goh_Kun,Kim_Ryong-sung,Thaksin_Shinawatra,Alejandro_Toledo,Chen_Liang_Yu
vggface2,full_image,probe/Michael_Chiklis/Michael_Chiklis_0002.jpg,Michael_Chiklis,1,1.0,0.8764188289642334,0.8764188289642334,Michael_Chiklis,Peter_Struck,John_Negroponte,Pascal_Quignard,Francis_George,Dennis_Kozlowski,John_Snow,Doug_Collins,Luis_Gonzalez_Macchi,Lloyd_Ward
vggface2,full_image,probe/Michael_Douglas/Michael_Douglas_0002.jpg,Michael_Douglas,1,1.0,0.8439764976501465,0.8439764976501465,Michael_Douglas,Christopher_Walken,Andrew_Niccol,Art_Howe,Jon_Gruden,Jeffrey_Scott_Postell,Prince_Harry,Gwendal_Peizerat,Mikhail_Kasyanov,Richard_Crenna
vggface2,full_image,probe/Michael_J_Sheehan/Michael_J_Sheehan_0002.jpg,Michael_J_Sheehan,1,1.0,0.793466329574585,0.793466329574585,Michael_J_Sheehan,Hans_Eichel,John_Snow,Robert_Bonner,Klaus_Zwickel,Larry_Coker,Jose_Serra,Larry_Brown,Stephen_Friedman,Mike_Price
vggface2,full_image,probe/Michael_Kostelnik/Michael_Kostelnik_0002.jpg,Michael_Kostelnik,1,1.0,0.7001839280128479,0.7001839280128479,Michael_Kostelnik,Mohamed_Benaissa,Bill_Gates,Joerg_Haider,Gray_Davis,Paul_McCartney,Jean-David_Levitte,Frank_Dunham_Jr,Charlton_Heston,John_Manley
vggface2,full_image,probe/Michael_Phelps/Michael_Phelps_0002.jpg,Michael_Phelps,1,1.0,0.9108394384384155,0.9108394384384155,Michael_Phelps,Mark_Dacey,Johnny_Unitas,Mike_Miller,Luke_Walton,Bill_Simon,Marco_Antonio_Barrera,Venus_Williams,Jan_Ullrich,Andrei_Mikhnevich
vggface2,full_image,probe/Michel_Temer/Michel_Temer_0002.jpg,Michel_Temer,2,0.5,0.7004463076591492,0.6815252900123596,Howard_Dean,Michel_Temer,Boris_Berezovsky,Silvan_Shalom,Saddam_Hussein,Jack_Grubman,Alexander_Losyukov,Robert_Kocharian,Silvio_Berlusconi,Pedro_Solbes
vggface2,full_image,probe/Michelle_Pfeiffer/Michelle_Pfeiffer_0002.jpg,Michelle_Pfeiffer,4,0.25,0.5679388046264648,0.5187983512878418,Julianne_Moore,Pamela_Anderson,Kristanna_Loken,Michelle_Pfeiffer,Madonna,Cindy_Margolis,Vanessa_Williams,Katie_Harman,Jennifer_Lopez,Melanie_Griffith
vggface2,full_image,probe/Michelle_Yeoh/Michelle_Yeoh_0002.jpg,Michelle_Yeoh,1,1.0,0.7700861096382141,0.7700861096382141,Michelle_Yeoh,Lisa_Ling,Kwon_Yang-sook,Zhang_Ziyi,Gloria_Macapagal_Arroyo,Miyako_Miyazaki,Kim_Dae-jung,Benazir_Bhutto,Karen_Mok,Megawati_Sukarnoputri
vggface2,full_image,probe/Miguel_Contreras/Miguel_Contreras_0002.jpg,Miguel_Contreras,4,0.25,0.5437287092208862,0.5247992277145386,Christopher_Walken,Tim_Allen,Ron_Dittemore,Miguel_Contreras,Franz_Muentefering,Alvaro_Uribe,Bill_Frist,Guido_Westerwelle,George_Robertson,Bill_Gates
vggface2,full_image,probe/Mike_Babcock/Mike_Babcock_0002.jpg,Mike_Babcock,1,1.0,0.840693473815918,0.840693473815918,Mike_Babcock,Bill_Callahan,Bill_Simon,Aron_Ralston,Bill_Frist,John_Kerry,Paul_McNulty,Justin_Leonard,Jan_Ullrich,Damon_van_Dam
vggface2,full_image,probe/Mike_Holmgren/Mike_Holmgren_0002.jpg,Mike_Holmgren,1,1.0,0.847836971282959,0.847836971282959,Mike_Holmgren,George_Pataki,Rick_Romley,Colin_Powell,John_Timoney,Bernard_Landry,James_Schultz,Harvey_Weinstein,Robert_Zoellick,Howard_Smith
vggface2,full_image,probe/Mike_Miller/Mike_Miller_0002.jpg,Mike_Miller,1,1.0,0.5226563215255737,0.5226563215255737,Mike_Miller,Mike_Weir,Michael_J_Sheehan,Barry_Zito,Justin_Leonard,Martin_Brodeur,Jamie_Villafane,Bruce_Van_De_Velde,Jim_Edmonds,Chris_Bell
vggface2,full_image,probe/Mike_Price/Mike_Price_0002.jpg,Mike_Price,11,0.09090909090909091,0.751018226146698,0.6154735088348389,Dick_Cheney,Patrick_Leahy,Warren_Buffett,Peter_Struck,Charles_Mathews,George_Brumley,Bernard_Landry,James_Morris,Ferenc_Madl,John_Howard
vggface2,full_image,probe/Mike_Tyson/Mike_Tyson_0002.jpg,Mike_Tyson,1,1.0,0.7847081422805786,0.7847081422805786,Mike_Tyson,John_Allen_Muhammad,George_Foreman,LeBron_James,Vitali_Klitschko,Anna_Kournikova,Adrian_McPherson,Jesse_James_Leija,Thabo_Mbeki,John_Stallworth
vggface2,full_image,probe/Mike_Weir/Mike_Weir_0002.jpg,Mike_Weir,1,1.0,0.8847771883010864,0.8847771883010864,Mike_Weir,Justin_Leonard,Padraig_Harrington,Jim_Furyk,Aitor_Gonzalez,Nicolas_Lapentti,Ben_Curtis,Daniela_Hantuchova,Jan_Ullrich,Augustin_Calleri
vggface2,full_image,probe/Mikhail_Kasyanov/Mikhail_Kasyanov_0002.jpg,Mikhail_Kasyanov,1,1.0,0.7807471752166748,0.7807471752166748,Mikhail_Kasyanov,Todd_Haynes,Michael_Douglas,Andrew_Niccol,Jon_Gruden,Federico_Trillo,Adolfo_Aguilar_Zinser,George_Roy_Hill,Ilan_Ramon,Jeffrey_Scott_Postell
vggface2,full_image,probe/Mikhail_Youzhny/Mikhail_Youzhny_0002.jpg,Mikhail_Youzhny,1,1.0,0.7242013216018677,0.7242013216018677,Mikhail_Youzhny,Jonathan_Edwards,Jose_Mourinho,Ernesto_Zedillo,Alec_Baldwin,Pete_Sampras,Zoran_Djindjic,Colin_Jackson,Carlo_Ancelotti,Mark_Dacey
vggface2,full_image,probe/Mikulas_Dzurinda/Mikulas_Dzurinda_0002.jpg,Mikulas_Dzurinda,1,1.0,0.8477047085762024,0.8477047085762024,Mikulas_Dzurinda,Marwan_Barghouthi,Mark_Geragos,Mark_Hamister,Branko_Crvenkovski,Nanni_Moretti,Xanana_Gusmao,Juergen_Peters,Abdullah_Gul,Celso_Amorim
vggface2,full_image,probe/Miroljub/Miroljub_0002.jpg,Miroljub,1,1.0,0.8638644218444824,0.8638644218444824,Miroljub,Pupi_Avati,Carlos_Mesa,Amram_Mitzna,Mohammad_Khatami,Ali_Khamenei,Martin_Scorsese,Robert_De_Niro,Fidel_Castro,Sean_Patrick_OMalley
vggface2,full_image,probe/Mitchell_Daniels/Mitchell_Daniels_0002.jpg,Mitchell_Daniels,1,1.0,0.8144176006317139,0.8144176006317139,Mitchell_Daniels,Vladimir_Putin,Joseph_Biden,David_Myers,Frank_Cassell,Igor_Ivanov,George_Pataki,Ishaq_Shahryar,Geoff_Hoon,Robert_Duvall
vggface2,full_image,probe/Mitoji_Yabunaka/Mitoji_Yabunaka_0002.jpg,Mitoji_Yabunaka,11,0.09090909090909091,0.7187259793281555,0.59454345703125,Alejandro_Toledo,Jong_Thae_Hwa,Goh_Kun,Antony_Leung,Lee_Hoi-chang,Jackie_Chan,Thaksin_Shinawatra,Lee_Jun,Kim_Dae-jung,Li_Peng
vggface2,full_image,probe/Miyako_Miyazaki/Miyako_Miyazaki_0002.jpg,Miyako_Miyazaki,4,0.25,0.685551106929779,0.6481034159660339,Kwon_Yang-sook,Michelle_Yeoh,Karen_Mok,Miyako_Miyazaki,Lisa_Ling,Benazir_Bhutto,Gloria_Macapagal_Arroyo,Monica_Bellucci,Edward_Lu,Sachiko_Yamada
vggface2,full_image,probe/Mohamed_Benaissa/Mohamed_Benaissa_0002.jpg,Mohamed_Benaissa,1,1.0,0.7377046942710876,0.7377046942710876,Mohamed_Benaissa,Gregory_Geoffroy,Tom_Craddick,Albrecht_Mentz,Jack_Straw,Alexander_Rumyantsev,Nicanor_Duarte_Frutos,James_Traficant,Jean-Claude_Juncker,Frank_Dunham_Jr
vggface2,full_image,probe/Mohammad_Khatami/Mohammad_Khatami_0002.jpg,Mohammad_Khatami,1,1.0,0.8604602813720703,0.8604602813720703,Mohammad_Khatami,Cruz_Bustamante,Fidel_Castro,Steven_Spielberg,Carlos_Mesa,Ali_Khamenei,Fayssal_Mekdad,Robert_De_Niro,Pupi_Avati,Amram_Mitzna
vggface2,full_image,probe/Monica_Bellucci/Monica_Bellucci_0002.jpg,Monica_Bellucci,1,1.0,0.6690452098846436,0.6690452098846436,Monica_Bellucci,Martina_Hingis,Benazir_Bhutto,Pedro_Solbes,Elsa_Zylberstein,Kieran_Prendergast,Kwon_Yang-sook,Dolma_Tsering,Jennifer_Lopez,Costas_Simitis
vggface2,full_image,probe/Monica_Seles/Monica_Seles_0002.jpg,Monica_Seles,18,0.05555555555555555,0.7202078104019165,0.536116898059845,Daniela_Hantuchova,Lisa_Raymond,Candie_Kung,Padraig_Harrington,Martina_Hingis,Mike_Weir,Anna_Kournikova,Conchita_Martinez,Natalie_Coughlin,Nadia_Petrova
vggface2,full_image,probe/Morgan_Freeman/Morgan_Freeman_0002.jpg,Morgan_Freeman,1,1.0,0.790168285369873,0.790168285369873,Morgan_Freeman,Thabo_Mbeki,Laurent_Gbagbo,Nelson_Mandela,Xanana_Gusmao,Sam_Bith,Yasser_Arafat,Nora_Bendijo,Lana_Clarkson,Gerry_Adams
vggface2,full_image,probe/Munir_Akram/Munir_Akram_0002.jpg,Munir_Akram,1,1.0,0.8853079676628113,0.8853079676628113,Munir_Akram,Alejandro_Toledo,Shaukat_Aziz,Federico_Trillo,Spencer_Abraham,Hu_Jintao,Eduardo_Duhalde,Miguel_Contreras,Dai_Bachtiar,Kim_Dae-jung
vggface2,full_image,probe/Nabil_Shaath/Nabil_Shaath_0002.jpg,Nabil_Shaath,1,1.0,0.8119547367095947,0.8119547367095947,Nabil_Shaath,George_Ryan,Max_Mayfield,Carl_Reiner,Dick_Cheney,Carlos_Bianchi,George_Brumley,Paul_ONeill,Kemal_Dervis,John_Negroponte
vggface2,full_image,probe/Nadia_Petrova/Nadia_Petrova_0002.jpg,Nadia_Petrova,1,1.0,0.8510608673095703,0.8510608673095703,Nadia_Petrova,Martina_Hingis,Diana_Taurasi,Meghann_Shaughnessy,Anna_Kournikova,Daniela_Hantuchova,Monica_Seles,Hayley_Tullett,Carolina_Moraes,Kurt_Busch
vggface2,full_image,probe/Nadine_Vinzens/Nadine_Vinzens_0002.jpg,Nadine_Vinzens,1,1.0,0.5906641483306885,0.5906641483306885,Nadine_Vinzens,Jessica_Alba,Jennifer_Lopez,Carmen_Electra,Jean-David_Levitte,Cyndi_Thompson,Alison_Lohman,Mario_Cipollini,Padraig_Harrington,Amelia_Vega
vggface2,full_image,probe/Nancy_Pelosi/Nancy_Pelosi_0002.jpg,Nancy_Pelosi,1,1.0,0.7602165341377258,0.7602165341377258,Nancy_Pelosi,Judy_Genshaft,Gianna_Angelopoulos-Daskalaki,Yoko_Ono,Annette_Lu,Michelle_Yeoh,Hanan_Ashrawi,Hillary_Clinton,Patricia_Clarkson,Arianna_Huffington
vggface2,full_image,probe/Nancy_Reagan/Nancy_Reagan_0002.jpg,Nancy_Reagan,1,1.0,0.6204715967178345,0.6204715967178345,Nancy_Reagan,Mary_Tyler_Moore,Nancy_Pelosi,Raquel_Welch,Doris_Schroeder,Marie-Reine_Le_Gougne,Meryl_Streep,Gloria_Allred,Julianne_Moore,Patricia_Clarkson
vggface2,full_image,probe/Nanni_Moretti/Nanni_Moretti_0002.jpg,Nanni_Moretti,6,0.16666666666666666,0.6732563972473145,0.4850730001926422,Alejandro_Avila,Celso_Amorim,Mikulas_Dzurinda,Branko_Crvenkovski,Bashar_Assad,Nanni_Moretti,Edward_Said,Mohammad_Khatami,David_Heymann,Noah_Wyle
vggface2,full_image,probe/Nasser_al-Kidwa/Nasser_al-Kidwa_0002.jpg,Nasser_al-Kidwa,8,0.125,0.700075626373291,0.5890728831291199,Kim_Ryong-sung,Hu_Jintao,Prince_Naruhito,Thaksin_Shinawatra,Bob_Hope,Gao_Qiang,Kim_Dae-jung,Nasser_al-Kidwa,Edward_Lu,Stanley_Tong
vggface2,full_image,probe/Nastassia_Kinski/Nastassia_Kinski_0002.jpg,Nastassia_Kinski,1,1.0,0.7456579208374023,0.7456579208374023,Nastassia_Kinski,Michelle_Pfeiffer,Doris_Schroeder,Julianne_Moore,Natalie_Maines,Goldie_Hawn,Maria_Luisa_Mendonca,Nancy_Reagan,Liza_Minnelli,Allison_Janney
vggface2,full_image,probe/Natalie_Coughlin/Natalie_Coughlin_0002.jpg,Natalie_Coughlin,1,1.0,0.6672880053520203,0.6672880053520203,Natalie_Coughlin,Mariah_Carey,Lina_Krasnoroutskaya,Jennifer_Thompson,Lindsay_Davenport,Iva_Majoli,Eve_Pelletier,Patty_Schnyder,Silvia_Farina_Elia,Carolina_Moraes
vggface2,full_image,probe/Natalie_Maines/Natalie_Maines_0002.jpg,Natalie_Maines,1,1.0,0.5957660675048828,0.5957660675048828,Natalie_Maines,Michelle_Pfeiffer,Elin_Nordegren,Julie_Gerberding,Barbra_Streisand,Goldie_Hawn,Courtney_Love,Nastassia_Kinski,Martina_McBride,Claire_Danes
vggface2,full_image,probe/Nelson_Mandela/Nelson_Mandela_0002.jpg,Nelson_Mandela,1,1.0,0.8597749471664429,0.8597749471664429,Nelson_Mandela,Jimmy_Carter,Sam_Bith,Thabo_Mbeki,GL_Peiris,Peter_Struck,Martha_Beatriz_Roque,Laurent_Gbagbo,Donatella_Versace,Chok_Tong_Goh
vggface2,full_image,probe/Nestor_Kirchner/Nestor_Kirchner_0002.jpg,Nestor_Kirchner,1,1.0,0.8389363288879395,0.8389363288879395,Nestor_Kirchner,Inocencio_Arias,Tony_Bennett,Gregory_Geoffroy,Jean-Claude_Trichet,Peter_Harrison,Bill_Gates,Alexander_Losyukov,Robert_Mueller,Alvaro_Noboa
vggface2,full_image,probe/Nia_Vardalos/Nia_Vardalos_0002.jpg,Nia_Vardalos,1,1.0,0.8104454874992371,0.8104454874992371,Nia_Vardalos,Priscilla_Owen,Nancy_Reagan,Emily_Robison,Biljana_Plavsic,Oswaldo_Paya,Gillian_Anderson,Gloria_Allred,Arianna_Huffington,Carolina_Moraes
vggface2,full_image,probe/Nicanor_Duarte_Frutos/Nicanor_Duarte_Frutos_0002.jpg,Nicanor_Duarte_Frutos,1,1.0,0.827305793762207,0.827305793762207,Nicanor_Duarte_Frutos,Alexander_Losyukov,Heizo_Takenaka,Li_Peng,Pupi_Avati,Peter_Harrison,Alejandro_Toledo,Gary_Doer,Paul_William_Hurley,Saparmurat_Niyazov
vggface2,full_image,probe/Nick_Nolte/Nick_Nolte_0002.jpg,Nick_Nolte,1,1.0,0.6862908601760864,0.6862908601760864,Nick_Nolte,Bill_Graham,Roy_Moore,Bill_Nelson,Ron_Howard,Donald_Evans,Dennis_Powell,Herb_Sendek,Peter_Hillary,Steven_Spielberg
vggface2,full_image,probe/Nicolas_Lapentti/Nicolas_Lapentti_0002.jpg,Nicolas_Lapentti,1,1.0,0.8061374425888062,0.8061374425888062,Nicolas_Lapentti,Marco_Antonio_Barrera,Ben_Curtis,Albert_Costa,Paul-Henri_Mathieu,Kurt_Busch,Laurent_Jalabert,Eddy_Merckx,Yao_Ming,Hisao_Oguchi
vggface2,full_image,probe/Noah_Wyle/Noah_Wyle_0002.jpg,Noah_Wyle,1,1.0,0.8500418663024902,0.8500418663024902,Noah_Wyle,Ian_Thorpe,Gary_Doer,Robbie_Fowler,Bill_Callahan,Darrell_Issa,Alec_Baldwin,Brendan_Hansen,Gray_Davis,Kurt_Russell
vggface2,full_image,probe/Nora_Bendijo/Nora_Bendijo_0002.jpg,Nora_Bendijo,48,0.020833333333333332,0.6292480230331421,0.3662658929824829,Hitomi_Soga,Coretta_Scott_King,Begum_Khaleda_Zia,Megawati_Sukarnoputri,Kalpana_Chawla,Ahmad_Masood,Intisar_Ajouri,Mitoji_Yabunaka,Alejandro_Toledo,Aung_San_Suu_Kyi
vggface2,full_image,probe/OJ_Simpson/OJ_Simpson_0002.jpg,OJ_Simpson,1,1.0,0.7770388722419739,0.7770388722419739,OJ_Simpson,John_Stallworth,George_Foreman,Larry_Lucchino,Donald_Evans,Mike_Tyson,Harry_Belafonte,John_Allen_Muhammad,James_Butts,Lloyd_Ward
vggface2,full_image,probe/Olesya_Bonabarenko/Olesya_Bonabarenko_0002.jpg,Olesya_Bonabarenko,3,0.3333333333333333,0.598199725151062,0.563232421875,Marisa_Tomei,Monica_Bellucci,Olesya_Bonabarenko,Lisa_Ling,Ricky_Ponting,Elsa_Zylberstein,Christina_Aguilera,Carmen_Electra,Marissa_Jaret_Winokur,Intisar_Ajouri
vggface2,full_image,probe/Olivia_Newton-John/Olivia_Newton-John_0002.jpg,Olivia_Newton-John,1,1.0,0.7643479108810425,0.7643479108810425,Olivia_Newton-John,Barbra_Streisand,Doris_Schroeder,Celine_Dion,Kate_Capshaw,Bridget_Fonda,Jo_Dee_Messina,Michelle_Pfeiffer,Gary_Carter,Reese_Witherspoon
vggface2,full_image,probe/Omar_Sharif/Omar_Sharif_0002.jpg,Omar_Sharif,1,1.0,0.952573835849762,0.952573835849762,Omar_Sharif,Inam-ul-Haq,Vicente_Fernandez,Matt_Doherty,Sean_Patrick_OMalley,Charlton_Heston,Dick_Latessa,Steven_Spielberg,Martin_Scorsese,Yasar_Yakis
vggface2,full_image,probe/Orlando_Bloom/Orlando_Bloom_0002.jpg,Orlando_Bloom,1,1.0,0.7052159309387207,0.7052159309387207,Orlando_Bloom,Elvis_Presley,John_Cusack,Christian_Fittipaldi,Augustin_Calleri,Antonio_Banderas,Oscar_De_La_Hoya,Alvaro_Uribe,Yao_Ming,Joe_Nichols
vggface2,full_image,probe/Osama_bin_Laden/Osama_bin_Laden_0002.jpg,Osama_bin_Laden,1,1.0,0.9339326620101929,0.9339326620101929,Osama_bin_Laden,Luciano_Pavarotti,Ali_Khamenei,Grady_Irvin_Jr,Marwan_Barghouthi,Abdel_Nasser_Assidi,Hassan_Nasrallah,Gregory_Hines,Augustin_Calleri,Bob_Geldof
vggface2,full_image,probe/Oscar_De_La_Hoya/Oscar_De_La_Hoya_0002.jpg,Oscar_De_La_Hoya,1,1.0,0.8022054433822632,0.8022054433822632,Oscar_De_La_Hoya,Jean-Sebastien_Giguere,Mark_Cuban,Pete_Sampras,John_F_Kennedy_Jr,Antonio_Banderas,Albert_Costa,John_Abizaid,Rich_Gannon,Jonathan_Edwards
vggface2,full_image,probe/Oswaldo_Paya/Oswaldo_Paya_0002.jpg,Oswaldo_Paya,1,1.0,0.9294027090072632,0.9294027090072632,Oswaldo_Paya,Paul_Bremer,Steve_Spurrier,Jean-David_Levitte,Thierry_Falise,Bill_Simon,Jack_Grubman,Ronald_Reagan,Jorge_Rodolfo_Canicoba_Corral,Tim_Floyd
vggface2,full_image,probe/Owen_Wilson/Owen_Wilson_0002.jpg,Owen_Wilson,1,1.0,0.8340436816215515,0.8340436816215515,Owen_Wilson,Kathleen_Kennedy_Townsend,Sheila_Wellstone,Jon_Gruden,Bill_Belichick,Greg_Owen,Ian_Thorpe,Gerard_Depardieu,Gary_Carter,Roy_Williams
vggface2,full_image,probe/Ozzy_Osbourne/Ozzy_Osbourne_0002.jpg,Ozzy_Osbourne,1,1.0,0.6491838693618774,0.6491838693618774,Ozzy_Osbourne,Carla_Myers,Barbra_Streisand,Geraldine_Chaplin,Julie_Taymor,Herb_Sendek,Brooke_Shields,Cristina_Saralegui,Robert_Duvall,Rita_Wilson
vggface2,full_image,probe/Padraig_Harrington/Padraig_Harrington_0002.jpg,Padraig_Harrington,1,1.0,0.6680042743682861,0.6680042743682861,Padraig_Harrington,Andrei_Mikhnevich,Michael_Phelps,Mike_Weir,Mike_Miller,Gary_Carter,Conchita_Martinez,Brad_Johnson,Luke_Walton,Ricky_Ponting
vggface2,full_image,probe/Pamela_Anderson/Pamela_Anderson_0002.jpg,Pamela_Anderson,1,1.0,0.7434724569320679,0.7434724569320679,Pamela_Anderson,Dolly_Parton,Donatella_Versace,Mary_Carey,Melanie_Griffith,Jessica_Lange,Cindy_Margolis,Katie_Harman,Jennifer_Lopez,Madonna
vggface2,full_image,probe/Pascal_Lamy/Pascal_Lamy_0002.jpg,Pascal_Lamy,1,1.0,0.7441695928573608,0.7441695928573608,Pascal_Lamy,Igor_Ivanov,Gunter_Pleuger,James_Cunningham,Robert_Bonner,Benjamin_Netanyahu,Iain_Duncan_Smith,Kevin_Stallings,Luis_Gonzalez_Macchi,Hector_Babenco
vggface2,full_image,probe/Pascal_Quignard/Pascal_Quignard_0002.jpg,Pascal_Quignard,1,1.0,0.7640240788459778,0.7640240788459778,Pascal_Quignard,Pascal_Lamy,John_Snow,Silvio_Berlusconi,Leon_LaPorte,Robert_Bonner,Michael_Chiklis,Jose_Serra,Robert_Duvall,Yasar_Yakis
vggface2,full_image,probe/Pat_Cox/Pat_Cox_0002.jpg,Pat_Cox,1,1.0,0.7661786079406738,0.7661786079406738,Pat_Cox,Anders_Ebbeson,Howard_Dean,Peter_Harrison,Jeffrey_Scott_Postell,Brian_Mulroney,John_Jumper,Bruce_Van_De_Velde,Jack_Straw,Augusto_Pinochet
vggface2,full_image,probe/Patrice_Chereau/Patrice_Chereau_0002.jpg,Patrice_Chereau,1,1.0,0.7491987943649292,0.7491987943649292,Patrice_Chereau,Alastair_Campbell,Fred_Funk,Paul_McCartney,Tim_Floyd,Andy_Hebb,George_Roy_Hill,Jean-David_Levitte,Lawrence_MacAulay,Trent_Lott
vggface2,full_image,probe/Patricia_Clarkson/Patricia_Clarkson_0002.jpg,Patricia_Clarkson,1,1.0,0.7496474385261536,0.7496474385261536,Patricia_Clarkson,Jane_Pauley,Meryl_Streep,Bridget_Fonda,Penelope_Ann_Miller,Kathleen_Glynn,Jane_Kaczmarek,Carolyn_Dawn_Johnson,Alicia_Silverstone,Christine_Ebersole
vggface2,full_image,probe/Patricia_Heaton/Patricia_Heaton_0002.jpg,Patricia_Heaton,1,1.0,0.6548491716384888,0.6548491716384888,Patricia_Heaton,Rita_Wilson,Hillary_Clinton,Julianne_Moore,Nancy_Pelosi,Elsa_Zylberstein,Elizabeth_Shue,Meryl_Streep,Emily_Robison,Kathryn_Bigelow
vggface2,full_image,probe/Patrick_Ewing/Patrick_Ewing_0002.jpg,Patrick_Ewing,1,1.0,0.7059565782546997,0.7059565782546997,Patrick_Ewing,Chris_Rock,Chris_Tucker,LeBron_James,Chris_Byrd,Kirk_Johnson,Trent_Lott,Bill_Simon,Allen_Iverson,George_Robertson
vggface2,full_image,probe/Patrick_Leahy/Patrick_Leahy_0002.jpg,Patrick_Leahy,1,1.0,0.7418103218078613,0.7418103218078613,Patrick_Leahy,Warren_Buffett,Peter_Struck,Jorge_Batlle,Roy_Williams,Johnny_Carson,Chuck_Yeager,John_Howard,William_Martin,Mike_Price
vggface2,full_image,probe/Patti_Labelle/Patti_Labelle_0002.jpg,Patti_Labelle,1,1.0,0.8923068046569824,0.8923068046569824,Patti_Labelle,Annette_Lu,Tracee_Ellis_Ross,Corinne_Coman,Jamling_Norgay,Christina_Aguilera,Dolma_Tsering,Yoko_Ono,Megawati_Sukarnoputri,Rob_Schneider
vggface2,full_image,probe/Patty_Schnyder/Patty_Schnyder_0002.jpg,Patty_Schnyder,1,1.0,0.7427223324775696,0.7427223324775696,Patty_Schnyder,Lindsay_Davenport,Anna_Kournikova,Monica_Seles,Elizabeth_Smart,Diana_Taurasi,Sally_Kirkland,Eve_Pelletier,Mary_Carey,Marlene_Weingartner
vggface2,full_image,probe/Paul-Henri_Mathieu/Paul-Henri_Mathieu_0002.jpg,Paul-Henri_Mathieu,1,1.0,0.6861064434051514,0.6861064434051514,Paul-Henri_Mathieu,Andrei_Mikhnevich,Justine_Henin,Luke_Walton,Mike_Weir,Jan_Ullrich,Steve_Park,Guillermo_Coria,Anna_Kournikova,Yevgeny_Kafelnikov
vggface2,full_image,probe/Paul_Bremer/Paul_Bremer_0002.jpg,Paul_Bremer,1,1.0,0.8419795036315918,0.8419795036315918,Paul_Bremer,Tim_Floyd,Steve_Spurrier,Paul_McNulty,Oswaldo_Paya,Bill_Simon,Jean-David_Levitte,Paul_McCartney,Thomas_Fargo,Bill_Frist
vggface2,full_image,probe/Paul_Byrd/Paul_Byrd_0002.jpg,Paul_Byrd,4,0.25,0.5529317259788513,0.5395776033401489,Steven_Spielberg,Jon_Gruden,Fidel_Castro,Paul_Byrd,Scott_McClellan,Phil_Vassar,Richard_Branson,Bob_Hope,James_Schultz,Duane_Lee_Chapman
vggface2,full_image,probe/Paul_McCartney/Paul_McCartney_0002.jpg,Paul_McCartney,1,1.0,0.8297526836395264,0.8297526836395264,Paul_McCartney,George_Robertson,Steve_Spurrier,Tim_Floyd,Dennis_Kucinich,Bill_Gates,Costas_Simitis,Lindsey_Graham,Bill_Frist,Prince_Willem-Alexander
vggface2,full_image,probe/Paul_McNulty/Paul_McNulty_0002.jpg,Paul_McNulty,1,1.0,0.7940880060195923,0.7940880060195923,Paul_McNulty,Sean_Astin,Mike_Babcock,Bill_Frist,Ann_Veneman,Paul_Bremer,Todd_Haynes,Kenneth_Branagh,Brad_Johnson,Brian_Cowen
vggface2,full_image,probe/Paul_ONeill/Paul_ONeill_0002.jpg,Paul_ONeill,1,1.0,0.8582308888435364,0.8582308888435364,Paul_ONeill,Roy_Williams,William_Martin,Dick_Cheney,Larry_Brown,Peter_Struck,Chok_Tong_Goh,George_Brumley,Joseph_Deiss,Ferenc_Madl
vggface2,full_image,probe/Paul_Patton/Paul_Patton_0002.jpg,Paul_Patton,5,0.2,0.6803520917892456,0.5537590384483337,John_Howard,Warren_Buffett,Colin_Powell,Hipolito_Mejia,Paul_Patton,Larry_Brown,William_Martin,Albrecht_Mentz,Hans_Eichel,Vaclav_Havel
vggface2,full_image,probe/Paul_Pierce/Paul_Pierce_0002.jpg,Paul_Pierce,5,0.2,0.6564719676971436,0.5404883027076721,Patrick_Ewing,Chris_Tucker,Isaiah_Washington,Chris_Rock,Paul_Pierce,Jesse_Jackson,Allen_Iverson,Bill_Gates,Tom_Crean,Todd_Haynes
vggface2,full_image,probe/Paul_William_Hurley/Paul_William_Hurley_0002.jpg,Paul_William_Hurley,1,1.0,0.8238375186920166,0.8238375186920166,Paul_William_Hurley,John_Howard,Howard_Dean,Alexander_Losyukov,Elizabeth_Taylor,John_Abizaid,Kemal_Dervis,Martin_Scorsese,Charles_Mathews,Albrecht_Mentz
vggface2,full_image,probe/Paula_Radcliffe/Paula_Radcliffe_0002.jpg,Paula_Radcliffe,1,1.0,0.808922290802002,0.808922290802002,Paula_Radcliffe,Mary_Carey,Shannon_OBrien,Claire_Hentzen,Hayley_Tullett,Rob_Schneider,Chung_Mong-joon,Amanda_Coetzer,Meryl_Streep,Katie_Harman
vggface2,full_image,probe/Paula_Zahn/Paula_Zahn_0002.jpg,Paula_Zahn,1,1.0,0.8091470003128052,0.8091470003128052,Paula_Zahn,Jane_Pauley,Mary_Landrieu,Ellen_DeGeneres,Lana_Clarkson,Kathleen_Kennedy_Townsend,Carolyn_Dawn_Johnson,Lynne_Cheney,Reese_Witherspoon,Oscar_De_La_Hoya
vggface2,full_image,probe/Paulo_Cesar_Pinheiro/Paulo_Cesar_Pinheiro_0002.jpg,Paulo_Cesar_Pinheiro,1,1.0,0.9541746377944946,0.9541746377944946,Paulo_Cesar_Pinheiro,Abdullah_Gul,Celso_Amorim,Zoran_Djindjic,Carlo_Ancelotti,Adrian_Nastase,Joseph_Ralston,Gerry_Adams,Lyle_Vanclief,Omar_Sharif
vggface2,full_image,probe/Pedro_Malan/Pedro_Malan_0002.jpg,Pedro_Malan,3,0.3333333333333333,0.6292777061462402,0.6151419878005981,Alan_Mulally,George_Pataki,Pedro_Malan,Spencer_Abraham,Munir_Akram,Kirk_Ferentz,William_Ford_Jr,Alejandro_Toledo,Billy_Sollie,Richard_Gephardt
vggface2,full_image,probe/Pedro_Solbes/Pedro_Solbes_0002.jpg,Pedro_Solbes,1,1.0,0.8675755262374878,0.8675755262374878,Pedro_Solbes,Len_Jenoff,Steven_Spielberg,Mohammad_Khatami,Jennifer_Reilly,Cruz_Bustamante,Pupi_Avati,Juergen_Peters,Gregory_Geoffroy,Hipolito_Mejia
vggface2,full_image,probe/Penelope_Ann_Miller/Penelope_Ann_Miller_0002.jpg,Penelope_Ann_Miller,1,1.0,0.7379297018051147,0.7379297018051147,Penelope_Ann_Miller,Natalie_Coughlin,Meryl_Streep,Julianne_Moore,Evan_Rachel_Wood,Tammy_Lynn_Michaels,Mary_Landrieu,Alicia_Silverstone,Elizabeth_Smart,Carolyn_Dawn_Johnson
vggface2,full_image,probe/Pete_Rose/Pete_Rose_0002.jpg,Pete_Rose,11,0.09090909090909091,0.5419884920120239,0.4677545726299286,Gian_Marco,Garry_Trudeau,Manfred_Stolpe,Bill_Graham,John_Rowland,Robert_Bonner,Howard_Dean,Gary_Carter,Bill_Nelson,Thomas_Fargo
vggface2,full_image,probe/Pete_Sampras/Pete_Sampras_0002.jpg,Pete_Sampras,1,1.0,0.8456015586853027,0.8456015586853027,Pete_Sampras,Juan_Pablo_Montoya,Greg_Rusedski,Jim_Edmonds,Brian_Griese,Albert_Costa,Aitor_Gonzalez,Kiki_Vandeweghe,Alex_Penelas,Justin_Leonard
vggface2,full_image,probe/Peter_Arnett/Peter_Arnett_0002.jpg,Peter_Arnett,1,1.0,0.766823410987854,0.766823410987854,Peter_Arnett,Jose_Serra,Benjamin_Netanyahu,Igor_Ivanov,Bijan_Namdar_Zangeneh,John_Negroponte,Silvio_Berlusconi,Emile_Lahoud,Henrique_Meirelles,Herb_Sendek
vggface2,full_image,probe/Peter_Bacanovic/Peter_Bacanovic_0002.jpg,Peter_Bacanovic,1,1.0,0.6742781400680542,0.6742781400680542,Peter_Bacanovic,Tom_Cruise,Ashanti,Brian_Heidik,William_Ford_Jr,Guy_Hemmings,Robert_Zoellick,Iban_Mayo,Alec_Baldwin,Aitor_Gonzalez
vggface2,full_image,probe/Peter_Greenaway/Peter_Greenaway_0002.jpg,Peter_Greenaway,1,1.0,0.7415139675140381,0.7415139675140381,Peter_Greenaway,Larry_Coker,Richard_Gephardt,John_Negroponte,Doug_Collins,Dick_Cheney,Art_Howe,Frank_Cassell,Larry_Brown,Robert_Duvall
vggface2,full_image,probe/Peter_Harrison/Peter_Harrison_0002.jpg,Peter_Harrison,1,1.0,0.7094135284423828,0.7094135284423828,Peter_Harrison,Paul_Bremer,John_Manley,Zoran_Djindjic,Tim_Floyd,Steve_Spurrier,Nicanor_Duarte_Frutos,Vaclav_Havel,Gerard_Depardieu,Carlo_Ancelotti
vggface2,full_image,probe/Peter_Hillary/Peter_Hillary_0002.jpg,Peter_Hillary,1,1.0,0.7481862306594849,0.7481862306594849,Peter_Hillary,Ron_Howard,David_Caraway,Stanley_McChrystal,Gregg_Popovich,Hermann_Maier,Barrett_Jackman,Dennis_Powell,Jan_Ullrich,Don_Nickles
vggface2,full_image,probe/Peter_Struck/Peter_Struck_0002.jpg,Peter_Struck,1,1.0,0.7765878438949585,0.7765878438949585,Peter_Struck,John_Snow,Michael_J_Sheehan,Dick_Cheney,Jorge_Batlle,William_Martin,Ferenc_Madl,Paul_ONeill,Bill_Graham,Robert_Bonner
vggface2,full_image,probe/Phil_Mickelson/Phil_Mickelson_0002.jpg,Phil_Mickelson,1,1.0,0.76640385389328,0.76640385389328,Phil_Mickelson,Yevgeny_Kafelnikov,Jim_Furyk,Fred_Funk,Larry_Coker,Amanda_Beard,John_Negroponte,David_Nalbandian,Bill_Belichick,Justin_Leonard
vggface2,full_image,probe/Phil_Vassar/Phil_Vassar_0002.jpg,Phil_Vassar,1,1.0,0.6619678735733032,0.6619678735733032,Phil_Vassar,William_Ford_Jr,Gian_Marco,John_Brady,Frank_Solich,Richard_Sambrook,Jason_Kidd,Guy_Hemmings,John_Rowland,Robert_Zoellick
vggface2,full_image,probe/Prince_Edward/Prince_Edward_0002.jpg,Prince_Edward,1,1.0,0.6223180294036865,0.6223180294036865,Prince_Edward,Herb_Sendek,James_Cunningham,Scott_Rudin,Jason_Alexander,William_Ford_Jr,John_Wolf,Kevin_Stallings,Scott_McClellan,John_Malkovich
vggface2,full_image,probe/Prince_Harry/Prince_Harry_0002.jpg,Prince_Harry,1,1.0,0.8525487184524536,0.8525487184524536,Prince_Harry,Ron_Dittemore,Ron_Howard,David_Nalbandian,Gwendal_Peizerat,Beth_Jones,Aron_Ralston,Lindsay_Benko,Prince_Edward,Ian_Thorpe
vggface2,full_image,probe/Prince_Naruhito/Prince_Naruhito_0002.jpg,Prince_Naruhito,1,1.0,0.7931911945343018,0.7931911945343018,Prince_Naruhito,Heizo_Takenaka,Jackie_Chan,Candie_Kung,Alimzhan_Tokhtakhounov,Edward_Lu,Chang_Dae-whan,Thaksin_Shinawatra,Stanley_Tong,Hu_Jintao
vggface2,full_image,probe/Prince_Willem-Alexander/Prince_Willem-Alexander_0002.jpg,Prince_Willem-Alexander,1,1.0,0.7522395849227905,0.7522395849227905,Prince_Willem-Alexander,Tim_Floyd,David_Trimble,James_Kelly,Mack_Brown,Steve_Spurrier,Jean-David_Levitte,Lyle_Vanclief,Vaclav_Havel,John_Manley
vggface2,full_image,probe/Princess_Aiko/Princess_Aiko_0002.jpg,Princess_Aiko,1,1.0,0.7241641879081726,0.7241641879081726,Princess_Aiko,Thomas_Birmingham,Hitomi_Soga,Zhang_Ziyi,Yukiko_Okudo,Gloria_Macapagal_Arroyo,Tom_Brady,Heizo_Takenaka,Robert_Bonner,Saddam_Hussein
vggface2,full_image,probe/Priscilla_Owen/Priscilla_Owen_0002.jpg,Priscilla_Owen,1,1.0,0.810082197189331,0.810082197189331,Priscilla_Owen,Helen_Clark,Rita_Wilson,Nia_Vardalos,Jennifer_Aniston,Bode_Miller,Biljana_Plavsic,John_Garamendi,Julie_Gerberding,Barbra_Streisand
vggface2,full_image,probe/Priscilla_Presley/Priscilla_Presley_0002.jpg,Priscilla_Presley,1,1.0,0.5554803609848022,0.5554803609848022,Priscilla_Presley,Michelle_Pfeiffer,Kristanna_Loken,Doris_Schroeder,Natalie_Maines,Julianne_Moore,Erika_Christensen,Liza_Minnelli,Elizabeth_Shue,Raquel_Welch
vggface2,full_image,probe/Pupi_Avati/Pupi_Avati_0002.jpg,Pupi_Avati,1,1.0,0.9014730453491211,0.9014730453491211,Pupi_Avati,Ali_Khamenei,Mohammad_Khatami,Abdullah,Pedro_Solbes,Sean_Patrick_OMalley,Francis_Ford_Coppola,Amram_Mitzna,Abdullah_Gul,Nestor_Kirchner
vggface2,full_image,probe/Queen_Beatrix/Queen_Beatrix_0002.jpg,Queen_Beatrix,1,1.0,0.8295547366142273,0.8295547366142273,Queen_Beatrix,Debra_Brown,Jean_Brumley,Nora_Bendijo,Cristina_Saralegui,Natalie_Maines,Sheila_Wellstone,James_Kelly,Martha_Burk,Julie_Gerberding
vggface2,full_image,probe/Raghad_Saddam_Hussein/Raghad_Saddam_Hussein_0002.jpg,Raghad_Saddam_Hussein,1,1.0,0.8713223338127136,0.8713223338127136,Raghad_Saddam_Hussein,Amanda_Coetzer,Natalie_Coughlin,Anna_Kournikova,Elizabeth_Smart,LeAnn_Rimes,Carmen_Electra,Marina_Anissina,Tomoko_Hagiwara,Fabiola_Zuluaga
vggface2,full_image,probe/Ralph_Lauren/Ralph_Lauren_0002.jpg,Ralph_Lauren,1,1.0,0.8348601460456848,0.8348601460456848,Ralph_Lauren,Charlton_Heston,Johnny_Carson,Jose_Serra,Donald_Evans,Pascal_Quignard,Kemal_Dervis,Leszek_Miller,John_Howard,John_Spencer
vggface2,full_image,probe/Raquel_Welch/Raquel_Welch_0002.jpg,Raquel_Welch,1,1.0,0.932712972164154,0.932712972164154,Raquel_Welch,Priscilla_Presley,Jessica_Lange,Doris_Schroeder,Barbara_Walters,Nancy_Pelosi,Dolly_Parton,Jo_Dee_Messina,Pamela_Anderson,Karin_Stoiber
vggface2,full_image,probe/Ray_Nagin/Ray_Nagin_0002.jpg,Ray_Nagin,1,1.0,0.853484034538269,0.853484034538269,Ray_Nagin,Jason_Kidd,Alejandro_Atchugarry,Frank_Cassell,Colin_Powell,Vladimir_Putin,Alejandro_Toledo,Mike_Tyson,Harry_Schmidt,Art_Howe
vggface2,full_image,probe/Reese_Witherspoon/Reese_Witherspoon_0002.jpg,Reese_Witherspoon,1,1.0,0.6179665327072144,0.6179665327072144,Reese_Witherspoon,Mary_Landrieu,Mary-Kate_Olsen,Cameron_Diaz,Tammy_Lynn_Michaels,Drew_Barrymore,Evan_Rachel_Wood,Natalie_Coughlin,Carmen_Electra,Elin_Nordegren
vggface2,full_image,probe/Ricardo_Maduro/Ricardo_Maduro_0002.jpg,Ricardo_Maduro,1,1.0,0.6888450384140015,0.6888450384140015,Ricardo_Maduro,Geoff_Hoon,Nestor_Kirchner,Bill_Frist,Shaukat_Aziz,Eduardo_Duhalde,Jean-Claude_Juncker,Michel_Temer,Jerry_Falwell,Gary_Doer
vggface2,full_image,probe/Rich_Gannon/Rich_Gannon_0002.jpg,Rich_Gannon,1,1.0,0.7500768899917603,0.7500768899917603,Rich_Gannon,Guillermo_Coria,Bernard_Lord,Stacy_Dragila,Sean_Astin,Jan_Ullrich,Joe_Calzaghe,Kurt_Busch,David_Coulthard,Justin_Leonard
vggface2,full_image,probe/Richard_Branson/Richard_Branson_0002.jpg,Richard_Branson,1,1.0,0.6637954711914062,0.6637954711914062,Richard_Branson,Richard_Gephardt,Duane_Lee_Chapman,Gray_Davis,Lindsey_Graham,Robert_Zoellick,Vaclav_Havel,David_Spade,James_Schultz,Billy_Sollie
vggface2,full_image,probe/Richard_Crenna/Richard_Crenna_0002.jpg,Richard_Crenna,8,0.125,0.6480066776275635,0.5522531867027283,Thomas_OBrien,Joseph_Blatter,Jerry_Falwell,Robert_Duvall,Silvio_Berlusconi,Carl_Reiner,Julie_Taymor,Richard_Crenna,Howard_Dean,Warren_Buffett
vggface2,full_image,probe/Richard_Gephardt/Richard_Gephardt_0002.jpg,Richard_Gephardt,1,1.0,0.8790608644485474,0.8790608644485474,Richard_Gephardt,George_Pataki,Stellan_Skarsgard,George_Voinovich,Anders_Ebbeson,Peter_Greenaway,Jimmy_Carter,Thomas_OBrien,James_Kelly,James_Schultz
vggface2,full_image,probe/Richard_Krajicek/Richard_Krajicek_0002.jpg,Richard_Krajicek,1,1.0,0.5580809116363525,0.5580809116363525,Richard_Krajicek,Christian_Wulff,David_Coulthard,Kiki_Vandeweghe,Larry_Bowa,Orlando_Bloom,Brad_Johnson,Ron_Dittemore,Simon_Cowell,Yevgeny_Kafelnikov
vggface2,full_image,probe/Richard_Norton-Taylor/Richard_Norton-Taylor_0002.jpg,Richard_Norton-Taylor,1,1.0,0.8549172878265381,0.8549172878265381,Richard_Norton-Taylor,James_Morris,Slobodan_Milosevic,Mike_Holmgren,George_Karl,Jay_Rasulo,Dennis_Kozlowski,Kieran_Prendergast,John_Negroponte,Goran_Persson
vggface2,full_image,probe/Richard_Sambrook/Richard_Sambrook_0002.jpg,Richard_Sambrook,1,1.0,0.9099830389022827,0.9099830389022827,Richard_Sambrook,Billy_Sollie,Jay_Rasulo,James_Schultz,James_Cunningham,Richard_Norton-Taylor,William_Ford_Jr,Frank_Solich,Scott_McClellan,Franko_Simatovic
vggface2,full_image,probe/Richard_Shelby/Richard_Shelby_0002.jpg,Richard_Shelby,1,1.0,0.6962226629257202,0.6962226629257202,Richard_Shelby,Robert_Bonner,Costas_Simitis,Kemal_Dervis,Klaus_Zwickel,Jason_Alexander,Max_Mayfield,John_Negroponte,James_Ivory,Jay_Rasulo
vggface2,full_image,probe/Richie_Adubato/Richie_Adubato_0002.jpg,Richie_Adubato,2,0.5,0.7573119401931763,0.7122896909713745,James_Smith,Richie_Adubato,Jay_Garner,Dick_Cheney,Max_Mayfield,Bernard_Landry,George_Ryan,James_Morris,John_McCormack,Roy_Williams
vggface2,full_image,probe/Rick_Romley/Rick_Romley_0002.jpg,Rick_Romley,1,1.0,0.8084328770637512,0.8084328770637512,Rick_Romley,Mike_Holmgren,Johnny_Carson,James_Morris,George_Karl,Dave_Campo,Slobodan_Milosevic,Bo_Ryan,Gregg_Popovich,John_Spencer
vggface2,full_image,probe/Ricky_Barnes/Ricky_Barnes_0002.jpg,Ricky_Barnes,4,0.25,0.6213131546974182,0.5755478143692017,Yevgeny_Kafelnikov,Ian_Thorpe,Stanley_McChrystal,Ricky_Barnes,David_Nalbandian,Boris_Becker,Prince_Harry,Jan_Ullrich,Christian_Wulff,Aron_Ralston
vggface2,full_image,probe/Ricky_Ponting/Ricky_Ponting_0002.jpg,Ricky_Ponting,1,1.0,0.7215753793716431,0.7215753793716431,Ricky_Ponting,Mike_Weir,Guillermo_Coria,Aitor_Gonzalez,Padraig_Harrington,Ben_Curtis,Steve_Park,Jim_Furyk,Conchita_Martinez,Gil_de_Ferran
vggface2,full_image,probe/Rita_Moreno/Rita_Moreno_0002.jpg,Rita_Moreno,1,1.0,0.848430871963501,0.848430871963501,Rita_Moreno,Geraldine_Chaplin,Barbara_Walters,Chita_Rivera,Jacqueline_Obradors,Julie_Taymor,Valery_Giscard_dEstaing,Donna_Shalala,Nancy_Pelosi,Mathias_Reichhold
vggface2,full_image,probe/Rita_Wilson/Rita_Wilson_0002.jpg,Rita_Wilson,1,1.0,0.8666167855262756,0.8666167855262756,Rita_Wilson,Jennifer_Aniston,Vanessa_Incontrada,Emily_Robison,Jane_Kaczmarek,Gloria_Allred,Barbra_Streisand,Kathryn_Bigelow,Celine_Dion,Sandra_Bullock
vggface2,full_image,probe/Rob_Schneider/Rob_Schneider_0002.jpg,Rob_Schneider,1,1.0,0.7883421182632446,0.7883421182632446,Rob_Schneider,Matthew_Perry,George_Pataki,Harvey_Weinstein,Roy_Moore,Alejandro_Toledo,Howard_Schultz,George_Roy_Hill,Gerry_Parsky,Tom_Glavine
vggface2,full_image,probe/Robbie_Fowler/Robbie_Fowler_0002.jpg,Robbie_Fowler,1,1.0,0.9269046187400818,0.9269046187400818,Robbie_Fowler,Justin_Leonard,Howard_Schultz,Jorge_Valdano,Iban_Mayo,Jim_Carrey,Kevin_Spacey,Bill_Callahan,Brian_Griese,Jason_Lezak
vggface2,full_image,probe/Robby_Ginepri/Robby_Ginepri_0002.jpg,Robby_Ginepri,1,1.0,0.6448736190795898,0.6448736190795898,Robby_Ginepri,Jean-Sebastien_Giguere,Mike_Weir,Paul-Henri_Mathieu,James_Blake,Luis_Horna,Demetrius_Ferraciu,Thomas_Rupprath,Augustin_Calleri,Eric_Hinske
vggface2,full_image,probe/Robert_Bonner/Robert_Bonner_0002.jpg,Robert_Bonner,1,1.0,0.8214150667190552,0.8214150667190552,Robert_Bonner,Kemal_Dervis,Howard_Dean,James_Cunningham,Klaus_Zwickel,Richard_Shelby,Thomas_Fargo,Richard_Norton-Taylor,John_Snow,Slobodan_Milosevic
vggface2,full_image,probe/Robert_DeFraites/Robert_DeFraites_0002.jpg,Robert_DeFraites,1,1.0,0.9333840608596802,0.9333840608596802,Robert_DeFraites,Tom_Daschle,Mario_Dumont,Jose_Sarney,Thomas_Fargo,Mike_Miller,Bill_Simon,Joseph_Ralston,Mack_Brown,Bud_Selig
vggface2,full_image,probe/Robert_De_Niro/Robert_De_Niro_0002.jpg,Robert_De_Niro,1,1.0,0.7264825701713562,0.7264825701713562,Robert_De_Niro,Mohammad_Khatami,Amram_Mitzna,Gerry_Adams,Nestor_Kirchner,Branko_Crvenkovski,Hillary_Clinton,Bob_Geldof,Steven_Spielberg,Robbie_Fowler
vggface2,full_image,probe/Robert_Duvall/Robert_Duvall_0002.jpg,Robert_Duvall,1,1.0,0.8236229419708252,0.8236229419708252,Robert_Duvall,Larry_Coker,Charles_Schumer,Costas_Simitis,Vladimir_Putin,Carl_Reiner,Peter_Arnett,Al_Davis,Klaus_Zwickel,Frank_Stallone
vggface2,full_image,probe/Robert_Kocharian/Robert_Kocharian_0002.jpg,Robert_Kocharian,1,1.0,0.7924568057060242,0.7924568057060242,Robert_Kocharian,Hector_Babenco,Silvan_Shalom,William_Hochul,Vladimir_Putin,Imad_Moustapha,Fidel_Castro,Herb_Sendek,Daniel_Day-Lewis,Bob_Geldof
vggface2,full_image,probe/Robert_Mueller/Robert_Mueller_0002.jpg,Robert_Mueller,1,1.0,0.7787697911262512,0.7787697911262512,Robert_Mueller,Gary_Forsee,Alvaro_Uribe,Bill_Frist,Eduardo_Duhalde,Fayssal_Mekdad,Arlen_Specter,John_Kerry,Jonathan_Edwards,Joe_Torre
vggface2,full_image,probe/Robert_Mugabe/Robert_Mugabe_0002.jpg,Robert_Mugabe,1,1.0,0.894741415977478,0.894741415977478,Robert_Mugabe,Thabo_Mbeki,Pedro_Malan,Hilmi_Ozkok,Dalai_Lama,Lim_Dong-won,Silvio_Berlusconi,Sam_Bith,Guillermo_Ortiz,Li_Peng
vggface2,full_image,probe/Robert_Stack/Robert_Stack_0002.jpg,Robert_Stack,1,1.0,0.7873280048370361,0.7873280048370361,Robert_Stack,Robert_Duvall,Hermann_Maier,Gerard_Depardieu,Michael_Douglas,Al_Davis,Aleksander_Kwasniewski,Bill_Graham,John_Spencer,Richard_Crenna
vggface2,full_image,probe/Robert_Zoellick/Robert_Zoellick_0002.jpg,Robert_Zoellick,4,0.25,0.6543518304824829,0.5880004167556763,Jeffrey_Jones,Stellan_Skarsgard,Richard_Gephardt,Robert_Zoellick,George_Voinovich,Lawrence_MacAulay,Jeffrey_Archer,Franz_Muentefering,George_Pataki,David_Leahy
vggface2,full_image,probe/Robin_Cook/Robin_Cook_0002.jpg,Robin_Cook,1,1.0,0.7801779508590698,0.7801779508590698,Robin_Cook,Slobodan_Milosevic,Howard_Smith,Anthony_Hopkins,Dick_Clark,Geoff_Hoon,Jay_Garner,Ian_McKellen,Bob_Hope,Jimmy_Carter
vggface2,full_image,probe/Robin_McLaurin_Williams/Robin_McLaurin_Williams_0002.jpg,Robin_McLaurin_Williams,5,0.2,0.6322754621505737,0.4794014096260071,George_Pataki,Ernie_Eves,Franz_Muentefering,Bill_Graham,Robin_McLaurin_Williams,Geoff_Hoon,George_Robertson,Eduardo_Duhalde,Thomas_OBrien,James_Kelly
vggface2,full_image,probe/Rolf_Eckrodt/Rolf_Eckrodt_0002.jpg,Rolf_Eckrodt,1,1.0,0.8442182540893555,0.8442182540893555,Rolf_Eckrodt,Bill_Callahan,Eddy_Merckx,Celso_Amorim,Tom_Daschle,Kent_Rominger,Bill_Gates,John_Kerry,Ronald_Reagan,Joseph_Ralston
vggface2,full_image,probe/Roman_Polanski/Roman_Polanski_0002.jpg,Roman_Polanski,1,1.0,0.7093393206596375,0.7093393206596375,Roman_Polanski,David_Heymann,Pedro_Malan,Damon_van_Dam,Ilan_Ramon,Jennifer_Lopez,Gerry_Parsky,Alejandro_Toledo,Mitoji_Yabunaka,Jean-David_Levitte
vggface2,full_image,probe/Ron_Dittemore/Ron_Dittemore_0002.jpg,Ron_Dittemore,1,1.0,0.7996771931648254,0.7996771931648254,Ron_Dittemore,Andrew_Niccol,Prince_Harry,Bill_Simon,Stanley_McChrystal,Paul_Bremer,Geno_Auriemma,Alan_Mulally,Jean-David_Levitte,Guido_Westerwelle
vggface2,full_image,probe/Ron_Howard/Ron_Howard_0002.jpg,Ron_Howard,1,1.0,0.8846902847290039,0.8846902847290039,Ron_Howard,Peter_Hillary,George_Pataki,Peter_Struck,Pascal_Quignard,Don_Nickles,John_Malkovich,Larry_Coker,Frank_Cassell,James_Maguire
vggface2,full_image,probe/Ronald_Reagan/Ronald_Reagan_0002.jpg,Ronald_Reagan,1,1.0,0.7179234027862549,0.7179234027862549,Ronald_Reagan,Jean-David_Levitte,Zoran_Djindjic,Gray_Davis,Michael_Kostelnik,Carlo_Ancelotti,James_Kelly,Jack_Straw,Charlton_Heston,Gary_Williams
vggface2,full_image,probe/Roy_Moore/Roy_Moore_0002.jpg,Roy_Moore,1,1.0,0.8874602317810059,0.8874602317810059,Roy_Moore,Emile_Lahoud,Tom_Daschle,Guido_Westerwelle,Jose_Dirceu,Gerry_Parsky,John_Malkovich,Tom_Crean,Doug_Collins,John_Brady
vggface2,full_image,probe/Roy_Williams/Roy_Williams_0002.jpg,Roy_Williams,1,1.0,0.6562036275863647,0.6562036275863647,Roy_Williams,Frank_Solich,Hipolito_Mejia,Vaclav_Havel,Thomas_OBrien,Hans_Eichel,Christopher_Patten,William_Martin,Jose_Dirceu,Prince_Edward
vggface2,full_image,probe/Ruben_Studdard/Ruben_Studdard_0002.jpg,Ruben_Studdard,1,1.0,0.725628137588501,0.725628137588501,Ruben_Studdard,Byron_Scott,Leonard_Hamilton,Guillaume_Soro,Evander_Holyfield,Vince_Carter,Joe_Dumars,Chris_Rock,Celine_Dion,Will_Smith
vggface2,full_image,probe/Rupert_Grint/Rupert_Grint_0002.jpg,Rupert_Grint,1,1.0,0.8883726000785828,0.8883726000785828,Rupert_Grint,Andrew_Niccol,Tammy_Lynn_Michaels,Boris_Becker,Christopher_Walken,Aron_Ralston,Alan_Mulally,Todd_Haynes,Mary_Tyler_Moore,Sean_Astin
vggface2,full_image,probe/S_Jayakumar/S_Jayakumar_0002.jpg,S_Jayakumar,1,1.0,0.705710232257843,0.705710232257843,S_Jayakumar,Abdullah_al-Attiyah,Harry_Belafonte,Bijan_Namdar_Zangeneh,Yasar_Yakis,Kelli_White,Jason_Kidd,GL_Peiris,John_Spencer,Anibal_Ibarra
vggface2,full_image,probe/Sachiko_Yamada/Sachiko_Yamada_0002.jpg,Sachiko_Yamada,1,1.0,0.9002968072891235,0.9002968072891235,Sachiko_Yamada,Tomoko_Hagiwara,Megawati_Sukarnoputri,Annette_Lu,Gloria_Macapagal_Arroyo,Flor_Montulo,Edward_Lu,Michelle_Yeoh,Jennifer_Rodriguez,Candie_Kung
vggface2,full_image,probe/Saddam_Hussein/Saddam_Hussein_0002.jpg,Saddam_Hussein,1,1.0,0.837631344795227,0.837631344795227,Saddam_Hussein,Sam_Torrance,Robert_De_Niro,Vicente_Fernandez,Carson_Daly,Dick_Clark,Alvaro_Uribe,Fidel_Castro,Pedro_Solbes,Robert_Kocharian
vggface2,full_image,probe/Saeb_Erekat/Saeb_Erekat_0002.jpg,Saeb_Erekat,17,0.058823529411764705,0.6368873119354248,0.46700531244277954,John_Negroponte,Benjamin_Netanyahu,Michael_Chiklis,Iain_Duncan_Smith,Klaus_Zwickel,Slobodan_Milosevic,Bill_Graham,Jay_Rasulo,GL_Peiris,Dennis_Kozlowski
vggface2,full_image,probe/Sally_Kirkland/Sally_Kirkland_0002.jpg,Sally_Kirkland,1,1.0,0.775750994682312,0.775750994682312,Sally_Kirkland,Barbara_Walters,Mary_Landrieu,Mary-Kate_Olsen,Dick_Vermeil,Mary_Carey,Jimmy_Carter,Emma_Thompson,Kristanna_Loken,Joseph_Biden
vggface2,full_image,probe/Sam_Bith/Sam_Bith_0002.jpg,Sam_Bith,1,1.0,0.7869853973388672,0.7869853973388672,Sam_Bith,George_Foreman,Thabo_Mbeki,Nelson_Mandela,Angelo_Reyes,Ali_Abbas,Kirk_Johnson,Flor_Montulo,Colin_Powell,Jesse_Jackson
vggface2,full_image,probe/Sam_Torrance/Sam_Torrance_0002.jpg,Sam_Torrance,1,1.0,0.9506787061691284,0.9506787061691284,Sam_Torrance,Saddam_Hussein,Vicente_Fernandez,Robert_De_Niro,Carson_Daly,Alvaro_Uribe,Robert_Kocharian,John_Walsh,Xanana_Gusmao,Edward_James_Olmos
vggface2,full_image,probe/Sandra_Bullock/Sandra_Bullock_0002.jpg,Sandra_Bullock,1,1.0,0.766354501247406,0.766354501247406,Sandra_Bullock,Gianna_Angelopoulos-Daskalaki,Marisa_Tomei,Mariangel_Ruiz_Torrealba,Vanessa_Incontrada,Julianna_Margulies,Jason_Lezak,Silvio_Berlusconi,Johnny_Carson,Julianne_Moore
vggface2,full_image,probe/Saparmurat_Niyazov/Saparmurat_Niyazov_0002.jpg,Saparmurat_Niyazov,1,1.0,0.8498457670211792,0.8498457670211792,Saparmurat_Niyazov,Nicanor_Duarte_Frutos,Anders_Fogh_Rasmussen,Dick_Clark,Saddam_Hussein,Hu_Jintao,John_Walsh,Mario_Kreutzberger,Jia_Qinglin,Boris_Berezovsky
vggface2,full_image,probe/Sarah_Jessica_Parker/Sarah_Jessica_Parker_0002.jpg,Sarah_Jessica_Parker,1,1.0,0.827745795249939,0.827745795249939,Sarah_Jessica_Parker,Lauren_Killian,Celine_Dion,Bridget_Fonda,Elsa_Zylberstein,Emily_Robison,Jennifer_Aniston,Meryl_Streep,Monica_Seles,Evan_Rachel_Wood
vggface2,full_image,probe/Scott_McClellan/Scott_McClellan_0002.jpg,Scott_McClellan,1,1.0,0.9202916026115417,0.9202916026115417,Scott_McClellan,Cruz_Bustamante,Silvan_Shalom,Daniel_Day-Lewis,Garry_Kasparov,Juan_Manuel_Marquez,Joe_Torre,Gian_Marco,Li_Peng,Mohammad_Khatami
vggface2,full_image,probe/Scott_McNealy/Scott_McNealy_0002.jpg,Scott_McNealy,1,1.0,0.6994284391403198,0.6994284391403198,Scott_McNealy,Stanley_McChrystal,Boris_Becker,Ron_Dittemore,Jan_Ullrich,Paul_Bremer,Steve_Spurrier,Dale_Earnhardt_Jr,Richard_Sambrook,Christian_Wulff
vggface2,full_image,probe/Scott_Rudin/Scott_Rudin_0002.jpg,Scott_Rudin,1,1.0,0.8769841194152832,0.8769841194152832,Scott_Rudin,John_Blaney,Vidar_Helgesen,James_Cunningham,John_Negroponte,Larry_Lucchino,Kieran_Prendergast,Silvan_Shalom,Jonathan_Mostow,Kevin_Stallings
vggface2,full_image,probe/Sean_Astin/Sean_Astin_0002.jpg,Sean_Astin,1,1.0,0.6024322509765625,0.6024322509765625,Sean_Astin,Oscar_De_La_Hoya,Tom_Cruise,Felix_Mantilla,Jude_Law,Mohammad_Khatami,Justin_Leonard,Jan_Ullrich,Gerry_Adams,Ian_Thorpe
vggface2,full_image,probe/Sean_Patrick_OMalley/Sean_Patrick_OMalley_0002.jpg,Sean_Patrick_OMalley,1,1.0,0.9216227531433105,0.9216227531433105,Sean_Patrick_OMalley,Ali_Khamenei,Len_Jenoff,Kieran_Prendergast,Dino_de_Laurentis,Yasser_Arafat,Dick_Cheney,Peter_Struck,Jorge_Batlle,Ferenc_Madl
vggface2,full_image,probe/Sean_Penn/Sean_Penn_0002.jpg,Sean_Penn,1,1.0,0.9066623449325562,0.9066623449325562,Sean_Penn,Mikulas_Dzurinda,Chuck_Amato,David_Heymann,Jorge_Valdano,Paul_McCartney,Bill_Belichick,Kent_Rominger,Branko_Crvenkovski,John_Kerry
vggface2,full_image,probe/Serena_Williams/Serena_Williams_0002.jpg,Serena_Williams,1,1.0,0.9044626951217651,0.9044626951217651,Serena_Williams,Eunice_Barber,Venus_Williams,Tamara_Brooks,Chanda_Rubin,Carol_Moseley_Braun,John_Allen_Muhammad,Diana_Taurasi,Judi_Dench,Kirk_Johnson
vggface2,full_image,probe/Shannon_OBrien/Shannon_OBrien_0002.jpg,Shannon_OBrien,1,1.0,0.6074963808059692,0.6074963808059692,Shannon_OBrien,Hillary_Clinton,Paula_Radcliffe,Kathleen_Glynn,Sheila_Copps,Lynne_Cheney,Jean_Carnahan,Ellen_Engleman,Alice_Fisher,Robin_Cook
vggface2,full_image,probe/Sharon_Frey/Sharon_Frey_0002.jpg,Sharon_Frey,1,1.0,0.8515917062759399,0.8515917062759399,Sharon_Frey,Sean_Astin,Blythe_Hartley,Christine_Gregoire,Ann_Veneman,Eva_Dimas,Arantxa_Sanchez-Vicario,Stacy_Dragila,Lindsay_Benko,Paul-Henri_Mathieu
vggface2,full_image,probe/Shaukat_Aziz/Shaukat_Aziz_0002.jpg,Shaukat_Aziz,1,1.0,0.7031036615371704,0.7031036615371704,Shaukat_Aziz,Masum_Turker,Spencer_Abraham,Jose_Mourinho,Ahmet_Necdet_Sezer,Ernesto_Zedillo,Mario_Kreutzberger,Jonathan_Edwards,Miguel_Contreras,Paul_William_Hurley
vggface2,full_image,probe/Sheila_Copps/Sheila_Copps_0002.jpg,Sheila_Copps,1,1.0,0.7565650939941406,0.7565650939941406,Sheila_Copps,Jolanta_Kwasniewski,Susan_Collins,Ann_Veneman,Martha_Burk,Elinor_Caplan,Judy_Genshaft,Claire_Leger,Helen_Clark,Arianna_Huffington
vggface2,full_image,probe/Sheila_Wellstone/Sheila_Wellstone_0002.jpg,Sheila_Wellstone,1,1.0,0.5816994905471802,0.5816994905471802,Sheila_Wellstone,Daryl_Hannah,Camilla_Parker_Bowles,Elisabeth_Schumacher,Stanley_McChrystal,Christine_Ebersole,Celine_Dion,Thierry_Falise,Natalie_Maines,Martina_McBride
vggface2,full_image,probe/Silvan_Shalom/Silvan_Shalom_0002.jpg,Silvan_Shalom,1,1.0,0.8301488757133484,0.8301488757133484,Silvan_Shalom,Silvio_Berlusconi,Robert_Kocharian,John_Negroponte,Gabriel_Valdes,Joseph_Blatter,Lim_Dong-won,Herb_Sendek,Guillermo_Ortiz,Li_Peng
vggface2,full_image,probe/Silvia_Farina_Elia/Silvia_Farina_Elia_0002.jpg,Silvia_Farina_Elia,1,1.0,0.7759549021720886,0.7759549021720886,Silvia_Farina_Elia,Stacy_Dragila,Jennifer_Aniston,Carolina_Moraes,Charlie_Zaa,Amanda_Beard,Diana_Taurasi,Arantxa_Sanchez-Vicario,Christine_Gregoire,Iva_Majoli
vggface2,full_image,probe/Silvio_Berlusconi/Silvio_Berlusconi_0002.jpg,Silvio_Berlusconi,1,1.0,0.8031071424484253,0.8031071424484253,Silvio_Berlusconi,Joseph_Blatter,Lino_Oviedo,Costas_Simitis,Thomas_OBrien,Igor_Ivanov,Valery_Giscard_dEstaing,Silvan_Shalom,Ian_McKellen,Vladimir_Putin
vggface2,full_image,probe/Simon_Cowell/Simon_Cowell_0002.jpg,Simon_Cowell,1,1.0,0.7368993759155273,0.7368993759155273,Simon_Cowell,John_F_Kennedy_Jr,Kiki_Vandeweghe,Mario_Dumont,Antonio_Banderas,Gary_Forsee,Aitor_Gonzalez,Joseph_Ralston,David_Heymann,Saparmurat_Niyazov
vggface2,full_image,probe/Slobodan_Milosevic/Slobodan_Milosevic_0002.jpg,Slobodan_Milosevic,1,1.0,0.8965070843696594,0.8965070843696594,Slobodan_Milosevic,Richard_Norton-Taylor,Rick_Romley,Mike_Holmgren,Manfred_Stolpe,Roy_Williams,Robert_Bonner,Jay_Rasulo,John_McCallum,Iain_Duncan_Smith
vggface2,full_image,probe/Sophia_Loren/Sophia_Loren_0002.jpg,Sophia_Loren,1,1.0,0.8268963098526001,0.8268963098526001,Sophia_Loren,Goldie_Hawn,Frances_Fisher,Arianna_Huffington,Allison_Janney,Julianne_Moore,Carol_Burnett,Gerry_Adams,Vanessa_Incontrada,George_P_Bush
vggface2,full_image,probe/Sourav_Ganguly/Sourav_Ganguly_0002.jpg,Sourav_Ganguly,1,1.0,0.7681267261505127,0.7681267261505127,Sourav_Ganguly,Harbhajan_Singh,Freddy_Garcia,Marco_Antonio_Barrera,Ben_Curtis,Yao_Ming,Mike_Weir,Justine_Henin,Nadia_Petrova,Augustin_Calleri
vggface2,full_image,probe/Spencer_Abraham/Spencer_Abraham_0002.jpg,Spencer_Abraham,1,1.0,0.8714571595191956,0.8714571595191956,Spencer_Abraham,Munir_Akram,Jose_Dirceu,Masum_Turker,Todd_Haynes,Federico_Trillo,Jimmy_Kimmel,Abdullah_al-Attiyah,Carlos_Ghosn,Alexander_Losyukov
vggface2,full_image,probe/Stacy_Dragila/Stacy_Dragila_0002.jpg,Stacy_Dragila,1,1.0,0.7494641542434692,0.7494641542434692,Stacy_Dragila,Silvia_Farina_Elia,Arantxa_Sanchez-Vicario,Gwendal_Peizerat,Sarah_Jessica_Parker,Alejandro_Toledo,Martha_Bowen,Eva_Dimas,Sue_Wicks,Emily_Robison
vggface2,full_image,probe/Stanley_McChrystal/Stanley_McChrystal_0002.jpg,Stanley_McChrystal,1,1.0,0.8040294647216797,0.8040294647216797,Stanley_McChrystal,Ricky_Barnes,Bill_Parcells,Tom_Daschle,Gregg_Popovich,Ron_Dittemore,Boris_Becker,James_Kelly,Aron_Ralston,Jan_Ullrich
vggface2,full_image,probe/Stanley_Tong/Stanley_Tong_0002.jpg,Stanley_Tong,1,1.0,0.717258632183075,0.717258632183075,Stanley_Tong,Jackie_Chan,Hideki_Matsui,Hu_Jintao,Candie_Kung,Kim_Ryong-sung,Heizo_Takenaka,Chang_Dae-whan,Jia_Qinglin,Lee_Hoi-chang
vggface2,full_image,probe/Stellan_Skarsgard/Stellan_Skarsgard_0002.jpg,Stellan_Skarsgard,1,1.0,0.8680484294891357,0.8680484294891357,Stellan_Skarsgard,Alastair_Campbell,David_Trimble,Jeffrey_Jones,Jay_Garner,George_Pataki,Mark_Geragos,Roy_Moore,Steven_Spielberg,Frank_Solich
vggface2,full_image,probe/Stephen_Friedman/Stephen_Friedman_0002.jpg,Stephen_Friedman,20,0.05,0.6769195795059204,0.470813125371933,Peter_Hillary,Robert_Duvall,Art_Howe,Bill_Graham,George_Pataki,Costas_Simitis,Richard_Crenna,Klaus_Zwickel,Roy_Moore,John_Malkovich
vggface2,full_image,probe/Steve_Park/Steve_Park_0002.jpg,Steve_Park,1,1.0,0.7765792608261108,0.7765792608261108,Steve_Park,Aitor_Gonzalez,Gary_Doer,Candie_Kung,David_Kelley,Guillermo_Coria,Robert_Zoellick,George_Lopez,Dale_Earnhardt_Jr,Kenneth_Branagh
vggface2,full_image,probe/Steve_Spurrier/Steve_Spurrier_0002.jpg,Steve_Spurrier,1,1.0,0.6717112064361572,0.6717112064361572,Steve_Spurrier,John_Garamendi,Jim_Furyk,Phil_Mickelson,Bill_Sizemore,Bill_Gates,Lindsey_Graham,Brad_Johnson,Jeffrey_Scott_Postell,David_Heymann
vggface2,full_image,probe/Steve_Waugh/Steve_Waugh_0002.jpg,Steve_Waugh,2,0.5,0.6132463216781616,0.5907110571861267,Robert_Zoellick,Steve_Waugh,David_Spade,Guy_Hemmings,Christian_Wulff,Kevin_Spacey,Roman_Polanski,Mathias_Reichhold,George_Voinovich,Alastair_Campbell
vggface2,full_image,probe/Steven_Spielberg/Steven_Spielberg_0002.jpg,Steven_Spielberg,1,1.0,0.8982518315315247,0.8982518315315247,Steven_Spielberg,Luis_Gonzalez_Macchi,Guy_Hemmings,Gunter_Pleuger,David_Myers,Mark_Geragos,Fayssal_Mekdad,Jose_Viegas_Filho,Gerry_Adams,Bill_Graham
vggface2,full_image,probe/Stockard_Channing/Stockard_Channing_0002.jpg,Stockard_Channing,4,0.25,0.5286111831665039,0.45060205459594727,Celine_Dion,Chita_Rivera,Zhang_Ziyi,Stockard_Channing,Madonna,Helen_Clark,Susan_Collins,Heizo_Takenaka,Nancy_Pelosi,Doris_Schroeder
vggface2,full_image,probe/Sue_Wicks/Sue_Wicks_0002.jpg,Sue_Wicks,1,1.0,0.7810813188552856,0.7810813188552856,Sue_Wicks,Monica_Seles,Anna_Kournikova,Nadia_Petrova,Diana_Taurasi,Amanda_Coetzer,Arantxa_Sanchez-Vicario,Iva_Majoli,Mary_Carey,Julie_Gerberding
vggface2,full_image,probe/Susan_Collins/Susan_Collins_0002.jpg,Susan_Collins,1,1.0,0.8590552806854248,0.8590552806854248,Susan_Collins,Helen_Clark,Ann_Veneman,Zhang_Ziyi,Martha_Burk,Judy_Genshaft,Biljana_Plavsic,Jolanta_Kwasniewski,Sheila_Copps,Hitomi_Soga
vggface2,full_image,probe/Takashi_Sorimachi/Takashi_Sorimachi_0002.jpg,Takashi_Sorimachi,1,1.0,0.8141434192657471,0.8141434192657471,Takashi_Sorimachi,Stanley_Tong,Jackie_Chan,Kosuke_Kitajima,Chung_Mong-joon,Michelle_Yeoh,Nestor_Kirchner,Jennifer_Aniston,Heizo_Takenaka,Hu_Jintao
vggface2,full_image,probe/Tamara_Brooks/Tamara_Brooks_0002.jpg,Tamara_Brooks,1,1.0,0.6630077362060547,0.6630077362060547,Tamara_Brooks,Serena_Williams,Chanda_Rubin,Venus_Williams,Tyra_Banks,Corinne_Coman,Eunice_Barber,Dolma_Tsering,Jennifer_Thompson,Vanessa_Williams
vggface2,full_image,probe/Tammy_Lynn_Michaels/Tammy_Lynn_Michaels_0002.jpg,Tammy_Lynn_Michaels,1,1.0,0.6982860565185547,0.6982860565185547,Tammy_Lynn_Michaels,Mary_Landrieu,Mariah_Carey,Reese_Witherspoon,Carolyn_Dawn_Johnson,Lili_Taylor,Richard_Gephardt,Kristanna_Loken,Anna_Kournikova,LeAnn_Rimes
vggface2,full_image,probe/Taufik_Hidayat/Taufik_Hidayat_0002.jpg,Taufik_Hidayat,1,1.0,0.9385131597518921,0.9385131597518921,Taufik_Hidayat,Michael_Chang,Yao_Ming,Yukiko_Okudo,Heizo_Takenaka,Lindsay_Davenport,Kosuke_Kitajima,Nicanor_Duarte_Frutos,John_Cusack,John_Allen_Muhammad
vggface2,full_image,probe/Thabo_Mbeki/Thabo_Mbeki_0002.jpg,Thabo_Mbeki,1,1.0,0.6852759122848511,0.6852759122848511,Thabo_Mbeki,Nelson_Mandela,S_Jayakumar,Charlton_Heston,Harry_Belafonte,Mike_Tyson,Ralph_Lauren,Robert_Mugabe,George_Foreman,Chuck_Yeager
vggface2,full_image,probe/Thaksin_Shinawatra/Thaksin_Shinawatra_0002.jpg,Thaksin_Shinawatra,1,1.0,0.8299269676208496,0.8299269676208496,Thaksin_Shinawatra,Prince_Naruhito,Kim_Ryong-sung,Jia_Qinglin,Goh_Kun,Kim_Jin-sun,Hu_Jintao,Michael_Chang,Jackie_Chan,Chang_Dae-whan
vggface2,full_image,probe/Theo_Epstein/Theo_Epstein_0002.jpg,Theo_Epstein,1,1.0,0.7968931198120117,0.7968931198120117,Theo_Epstein,Carson_Daly,Jane_Kaczmarek,Jim_Carrey,Pete_Sampras,Greg_Rusedski,Matthew_Perry,Demetrius_Ferraciu,Joe_Gatti,Alan_Mulally
vggface2,full_image,probe/Thierry_Falise/Thierry_Falise_0002.jpg,Thierry_Falise,2,0.5,0.6408172249794006,0.6392057538032532,John_Kerry,Thierry_Falise,Dennis_Kucinich,Noah_Wyle,Ian_Thorpe,Aldo_Paredes,Michael_Ballack,Bill_Simon,Johnny_Unitas,Bill_Callahan
vggface2,full_image,probe/Thomas_Birmingham/Thomas_Birmingham_0002.jpg,Thomas_Birmingham,968,0.0010330578512396695,0.5737547874450684,-0.2133161574602127,Saparmurat_Niyazov,Li_Peng,Hu_Jintao,Kim_Ryong-sung,Kirk_Ferentz,James_McGreevey,Carlos_Quintanilla_Schmidt,Joerg_Haider,Dick_Clark,Nicanor_Duarte_Frutos
vggface2,full_image,probe/Thomas_Fargo/Thomas_Fargo_0002.jpg,Thomas_Fargo,1,1.0,0.755230724811554,0.755230724811554,Thomas_Fargo,Vaclav_Havel,Howard_Dean,Geoff_Hoon,Dick_Clark,Paul_Bremer,Peter_Harrison,Gary_Winnick,Costas_Simitis,Steven_Spielberg
vggface2,full_image,probe/Thomas_OBrien/Thomas_OBrien_0002.jpg,Thomas_OBrien,1,1.0,0.6409780979156494,0.6409780979156494,Thomas_OBrien,Chris_Cooper,Roy_Williams,Eduardo_Duhalde,Gabriel_Valdes,Gary_Carter,Ricardo_Maduro,Harry_Kalas,Bill_Graham,Joe_Torre
vggface2,full_image,probe/Thomas_Rupprath/Thomas_Rupprath_0002.jpg,Thomas_Rupprath,13,0.07692307692307693,0.5385066270828247,0.40815651416778564,Ricky_Barnes,Jonathan_Edwards,David_Nalbandian,Richard_Krajicek,Jack_Straw,Jan_Ullrich,Gustavo_Kuerten,Greg_Rusedski,Stanley_McChrystal,Bill_Simon
vggface2,full_image,probe/Tim_Allen/Tim_Allen_0002.jpg,Tim_Allen,1,1.0,0.8827537298202515,0.8827537298202515,Tim_Allen,Gary_Doer,Robbie_Fowler,Tom_Glavine,Gary_Carter,Amelia_Vega,Kurt_Russell,Gray_Davis,David_Kelley,Kenneth_Branagh
vggface2,full_image,probe/Tim_Floyd/Tim_Floyd_0002.jpg,Tim_Floyd,1,1.0,0.8097987174987793,0.8097987174987793,Tim_Floyd,Bill_Frist,Paul_Bremer,Steve_Spurrier,Kiki_Vandeweghe,Paul_McCartney,Paul_McNulty,Bill_Callahan,Mike_Babcock,Jorge_Castaneda
vggface2,full_image,probe/Todd_Haynes/Todd_Haynes_0002.jpg,Todd_Haynes,1,1.0,0.8208612203598022,0.8208612203598022,Todd_Haynes,Roy_Moore,David_Nalbandian,Christian_Wulff,Alastair_Campbell,George_Roy_Hill,Bill_Simon,Dennis_Kucinich,Paul_Bremer,Guido_Westerwelle
vggface2,full_image,probe/Tom_Brady/Tom_Brady_0002.jpg,Tom_Brady,548,0.0018248175182481751,0.5512682795524597,0.02398047223687172,Luke_Walton,David_Nalbandian,Thomas_Rupprath,Paul-Henri_Mathieu,Ian_Thorpe,Felix_Mantilla,Bill_Simon,Justin_Leonard,Mike_Weir,Greg_Rusedski
vggface2,full_image,probe/Tom_Craddick/Tom_Craddick_0002.jpg,Tom_Craddick,1,1.0,0.8916065692901611,0.8916065692901611,Tom_Craddick,Charles_Grassley,Tom_Daschle,Wesley_Clark,Robert_DeFraites,Gray_Davis,James_Kopp,Jean-David_Levitte,Jack_Straw,Fred_Eckhard
vggface2,full_image,probe/Tom_Crean/Tom_Crean_0002.jpg,Tom_Crean,1,1.0,0.7011287212371826,0.7011287212371826,Tom_Crean,Guido_Westerwelle,Roy_Moore,Robin_McLaurin_Williams,Bernard_Landry,Lawrence_MacAulay,John_Wolf,Alvaro_Uribe,Ron_Dittemore,Spencer_Abraham
vggface2,full_image,probe/Tom_Cruise/Tom_Cruise_0002.jpg,Tom_Cruise,1,1.0,0.9040762186050415,0.9040762186050415,Tom_Cruise,Joe_Nichols,Brian_Heidik,Christian_Fittipaldi,Jim_Edmonds,Mike_Weir,Julio_Iglesias_Jr,Bill_Callahan,Jose_Theodore,James_Blake
vggface2,full_image,probe/Tom_Daschle/Tom_Daschle_0002.jpg,Tom_Daschle,1,1.0,0.800369143486023,0.800369143486023,Tom_Daschle,James_Kelly,Doug_Duncan,Gray_Davis,Robert_DeFraites,Bill_Frist,Richard_Gephardt,Mack_Brown,Trent_Lott,John_Abizaid
vggface2,full_image,probe/Tom_Glavine/Tom_Glavine_0002.jpg,Tom_Glavine,1,1.0,0.6370500326156616,0.6370500326156616,Tom_Glavine,Hideki_Matsui,Gary_Carter,Gil_de_Ferran,Pete_Rose,Al_Davis,Bob_Hope,Frank_Lautenberg,Bill_Frist,Robert_Mueller
vggface2,full_image,probe/Tomoko_Hagiwara/Tomoko_Hagiwara_0002.jpg,Tomoko_Hagiwara,2,0.5,0.8101217746734619,0.7731412649154663,Sachiko_Yamada,Tomoko_Hagiwara,Michelle_Yeoh,Kwon_Yang-sook,Lisa_Ling,Jackie_Chan,Megawati_Sukarnoputri,Candie_Kung,Karen_Mok,Desiree_Lemosi
vggface2,full_image,probe/Tony_Bennett/Tony_Bennett_0002.jpg,Tony_Bennett,1,1.0,0.7672383785247803,0.7672383785247803,Tony_Bennett,Ronald_Reagan,Edward_Said,Jean-David_Levitte,Eduardo_Duhalde,Alejandro_Toledo,Ricardo_Maduro,Joerg_Haider,Trent_Lott,Michael_Kostelnik
vggface2,full_image,probe/Tony_Curtis/Tony_Curtis_0002.jpg,Tony_Curtis,1,1.0,0.7514392137527466,0.7514392137527466,Tony_Curtis,Colin_Powell,John_Manley,Dennis_Erickson,Sam_Bith,Richard_Gephardt,Boris_Yeltsin,Abdullah_al-Attiyah,Lyle_Vanclief,Rick_Romley
vggface2,full_image,probe/Tracee_Ellis_Ross/Tracee_Ellis_Ross_0002.jpg,Tracee_Ellis_Ross,1,1.0,0.8276640176773071,0.8276640176773071,Tracee_Ellis_Ross,Patti_Labelle,Carol_Moseley_Braun,Brigitte_Boisselier,Corinne_Coman,Dolma_Tsering,Rob_Schneider,Jennifer_Lopez,Megawati_Sukarnoputri,Christina_Aguilera
vggface2,full_image,probe/Trent_Lott/Trent_Lott_0002.jpg,Trent_Lott,1,1.0,0.8399862051010132,0.8399862051010132,Trent_Lott,Jean-David_Levitte,Vaclav_Havel,Tom_Craddick,Ronald_Reagan,Tim_Floyd,James_Kelly,David_Leahy,Paul_Bremer,Bill_Simon
vggface2,full_image,probe/Tyler_Hamilton/Tyler_Hamilton_0002.jpg,Tyler_Hamilton,2,0.5,0.6313512325286865,0.6222518682479858,Greg_Owen,Tyler_Hamilton,Iban_Mayo,Jan_Ullrich,Jim_Furyk,Mike_Weir,Steve_Park,Tom_Glavine,Darrell_Porter,Dale_Earnhardt_Jr
vggface2,full_image,probe/Tyra_Banks/Tyra_Banks_0002.jpg,Tyra_Banks,1,1.0,0.7291384339332581,0.7291384339332581,Tyra_Banks,Chanda_Rubin,Ashanti,Tamara_Brooks,Corinne_Coman,Venus_Williams,Tracee_Ellis_Ross,Denise_Johnson,Mary-Kate_Olsen,Jennifer_Lopez
vggface2,full_image,probe/Vaclav_Havel/Vaclav_Havel_0002.jpg,Vaclav_Havel,5,0.2,0.649179220199585,0.5673927068710327,Federico_Trillo,Trent_Lott,Gary_Doer,Andrew_Bunner,Vaclav_Havel,Bill_Frist,Xanana_Gusmao,Spencer_Abraham,Doug_Duncan,Brian_Wells
vggface2,full_image,probe/Valdas_Adamkus/Valdas_Adamkus_0002.jpg,Valdas_Adamkus,1,1.0,0.7147711515426636,0.7147711515426636,Valdas_Adamkus,James_Traficant,Manfred_Stolpe,Warren_Buffett,Leszek_Miller,Jay_Garner,Anthony_Hopkins,John_McCormack,Chakib_Khelil,Joseph_Biden
vggface2,full_image,probe/Valerie_Harper/Valerie_Harper_0002.jpg,Valerie_Harper,1,1.0,0.5622742176055908,0.5622742176055908,Valerie_Harper,Meryl_Streep,Carol_Burnett,Nancy_Pelosi,Lynne_Cheney,Julianne_Moore,Christine_Ebersole,Melanie_Griffith,Bijan_Namdar_Zangeneh,Mary_Tyler_Moore
vggface2,full_image,probe/Valery_Giscard_dEstaing/Valery_Giscard_dEstaing_0002.jpg,Valery_Giscard_dEstaing,1,1.0,0.8819606304168701,0.8819606304168701,Valery_Giscard_dEstaing,Dick_Cheney,Larry_Brown,Ferenc_Madl,Johnny_Carson,James_Ivory,Vladimir_Putin,Frank_Cassell,Frank_Lautenberg,Francis_George
vggface2,full_image,probe/Vanessa_Incontrada/Vanessa_Incontrada_0002.jpg,Vanessa_Incontrada,1,1.0,0.9077212810516357,0.9077212810516357,Vanessa_Incontrada,Rita_Wilson,Celine_Dion,Jennifer_Aniston,Carmen_Electra,Sophia_Loren,Julianne_Moore,LeAnn_Rimes,Emily_Robison,Daisy_Fuentes
vggface2,full_image,probe/Vanessa_Williams/Vanessa_Williams_0002.jpg,Vanessa_Williams,6,0.16666666666666666,0.655129075050354,0.4370158910751343,Carmen_Electra,Kristanna_Loken,Natalie_Maines,Natalie_Coughlin,Erika_Christensen,Vanessa_Williams,Stockard_Channing,Sarah_Jessica_Parker,Liza_Minnelli,Reese_Witherspoon
vggface2,full_image,probe/Venus_Williams/Venus_Williams_0002.jpg,Venus_Williams,1,1.0,0.842225968837738,0.842225968837738,Venus_Williams,Serena_Williams,Tamara_Brooks,Eunice_Barber,Diana_Taurasi,Iva_Majoli,Chanda_Rubin,Lindsay_Davenport,Mary_Carey,Sam_Bith
vggface2,full_image,probe/Vicente_Fernandez/Vicente_Fernandez_0002.jpg,Vicente_Fernandez,1,1.0,0.7662864327430725,0.7662864327430725,Vicente_Fernandez,Saddam_Hussein,Garry_Kasparov,Li_Peng,Juan_Pablo_Montoya,Joseph_Estrada,Howard_Dean,Scott_McClellan,Martin_Scorsese,Silvan_Shalom
vggface2,full_image,probe/Vicki_Zhao_Wei/Vicki_Zhao_Wei_0002.jpg,Vicki_Zhao_Wei,1,1.0,0.8260537385940552,0.8260537385940552,Vicki_Zhao_Wei,Sachiko_Yamada,Michelle_Yeoh,Miyako_Miyazaki,Kwon_Yang-sook,Lisa_Ling,Chung_Mong-joon,Amelia_Vega,Zarai_Toledo,Michael_Chang
vggface2,full_image,probe/Vidar_Helgesen/Vidar_Helgesen_0002.jpg,Vidar_Helgesen,1,1.0,0.6946715116500854,0.6946715116500854,Vidar_Helgesen,John_Negroponte,Hans_Eichel,Silvan_Shalom,Jay_Rasulo,Slobodan_Milosevic,GL_Peiris,Fayssal_Mekdad,John_Wolf,William_Hochul
vggface2,full_image,probe/Vince_Carter/Vince_Carter_0002.jpg,Vince_Carter,2,0.5,0.5544004440307617,0.5397319793701172,Evander_Holyfield,Vince_Carter,Larry_Johnson,Ruben_Studdard,Leonard_Hamilton,Augustin_Calleri,Mohammad_Khatami,John_Allen_Muhammad,Kenneth_Evans,Will_Smith
vggface2,full_image,probe/Vincent_Brooks/Vincent_Brooks_0002.jpg,Vincent_Brooks,1,1.0,0.9012641906738281,0.9012641906738281,Vincent_Brooks,Emanuel_Ginobili,George_P_Bush,Mark_Dacey,Augustin_Calleri,Sourav_Ganguly,Padraig_Harrington,Jamie_Villafane,John_Rosa,Marco_Antonio_Barrera
vggface2,full_image,probe/Vitali_Klitschko/Vitali_Klitschko_0002.jpg,Vitali_Klitschko,2,0.5,0.6606504917144775,0.6501085758209229,Bernard_Lord,Vitali_Klitschko,David_Coulthard,Thomas_Rupprath,Mark_Dacey,Emanuel_Ginobili,Ian_Thorpe,Manuel_Poggiali,Jonathan_Edwards,Vladimir_Putin
vggface2,full_image,probe/Vladimir_Putin/Vladimir_Putin_0002.jpg,Vladimir_Putin,1,1.0,0.8504947423934937,0.8504947423934937,Vladimir_Putin,Frank_Cassell,Mitchell_Daniels,Thomas_OBrien,Inocencio_Arias,Larry_Brown,Mark_Hamister,Igor_Ivanov,Charles_Schumer,Larry_Coker
vggface2,full_image,probe/Wang_Yingfan/Wang_Yingfan_0002.jpg,Wang_Yingfan,2,0.5,0.7707287073135376,0.7003598213195801,Kim_Ryong-sung,Wang_Yingfan,Jia_Qinglin,Thaksin_Shinawatra,Lee_Hoi-chang,Heizo_Takenaka,Yoko_Ono,Candie_Kung,Goh_Kun,Gao_Qiang
vggface2,full_image,probe/Warren_Beatty/Warren_Beatty_0002.jpg,Warren_Beatty,1,1.0,0.8107255101203918,0.8107255101203918,Warren_Beatty,John_Spencer,Nick_Nolte,Donald_Evans,Bo_Ryan,Bill_Nelson,Robert_Zoellick,Prince_Edward,Asa_Hutchinson,Martin_Verkerk
vggface2,full_image,probe/Warren_Buffett/Warren_Buffett_0002.jpg,Warren_Buffett,1,1.0,0.7513937950134277,0.7513937950134277,Warren_Buffett,Jeffrey_Archer,James_Smith,Robert_Bonner,Franz_Beckenbauer,Jay_Garner,John_McCormack,George_Ryan,George_Brumley,Hans_Eichel
vggface2,full_image,probe/Wesley_Clark/Wesley_Clark_0002.jpg,Wesley_Clark,7,0.14285714285714285,0.6147857904434204,0.49410951137542725,Frank_Lautenberg,Costas_Simitis,Valery_Giscard_dEstaing,Larry_Brown,Carlos_Bianchi,Franz_Beckenbauer,Wesley_Clark,John_Negroponte,Dick_Cheney,Bob_Hope
vggface2,full_image,probe/Will_Smith/Will_Smith_0002.jpg,Will_Smith,3,0.3333333333333333,0.5712298154830933,0.4736865758895874,Kirk_Johnson,Jesse_Jackson,Will_Smith,John_Allen_Muhammad,Chris_Byrd,Harvey_Weinstein,LeBron_James,Leonard_Hamilton,GL_Peiris,OJ_Simpson
vggface2,full_image,probe/William_Bratton/William_Bratton_0002.jpg,William_Bratton,1,1.0,0.8760381937026978,0.8760381937026978,William_Bratton,Chuck_Amato,Vladimir_Putin,Daniel_Day-Lewis,Inocencio_Arias,Mohammad_Khatami,Hector_Babenco,Charles_Schumer,Carlos_Quintanilla_Schmidt,Fidel_Castro
vggface2,full_image,probe/William_Ford_Jr/William_Ford_Jr_0002.jpg,William_Ford_Jr,1,1.0,0.6659737825393677,0.6659737825393677,William_Ford_Jr,Lindsey_Graham,Christopher_Walken,Bill_Gates,Robbie_Fowler,Jimmy_Kimmel,Matthew_Perry,Peter_Harrison,Nestor_Kirchner,Kim_Ryong-sung
vggface2,full_image,probe/William_Hochul/William_Hochul_0002.jpg,William_Hochul,3,0.3333333333333333,0.6010825634002686,0.5350295305252075,Vladimir_Putin,Ilan_Ramon,William_Hochul,Robert_Zoellick,Prince_Edward,Hector_Babenco,Martin_Verkerk,Herb_Sendek,Larry_Lucchino,Mitchell_Daniels
vggface2,full_image,probe/William_Martin/William_Martin_0002.jpg,William_Martin,1,1.0,0.7018685936927795,0.7018685936927795,William_Martin,Hipolito_Mejia,Mike_Price,Robert_Bonner,Hans_Eichel,John_Howard,Paul_Patton,Chuck_Yeager,Charlton_Heston,Warren_Buffett
vggface2,full_image,probe/Xanana_Gusmao/Xanana_Gusmao_0002.jpg,Xanana_Gusmao,1,1.0,0.7412611246109009,0.7412611246109009,Xanana_Gusmao,Gerry_Adams,Alejandro_Atchugarry,Robert_De_Niro,James_McGreevey,Fidel_Castro,Edward_James_Olmos,Branko_Crvenkovski,Amram_Mitzna,Grady_Irvin_Jr
vggface2,full_image,probe/Yao_Ming/Yao_Ming_0002.jpg,Yao_Ming,1,1.0,0.8455264568328857,0.8455264568328857,Yao_Ming,Marco_Antonio_Barrera,Sourav_Ganguly,Hideki_Matsui,Johnson_Panjaitan,Thaksin_Shinawatra,Ben_Curtis,Jackie_Chan,Mario_Kreutzberger,David_Coulthard
vggface2,full_image,probe/Yasar_Yakis/Yasar_Yakis_0002.jpg,Yasar_Yakis,1,1.0,0.8277484178543091,0.8277484178543091,Yasar_Yakis,Charlton_Heston,Leszek_Miller,Saeb_Erekat,Dick_Latessa,Matt_Doherty,Benjamin_Netanyahu,Jose_Serra,Omar_Sharif,Daniel_Day-Lewis
vggface2,full_image,probe/Yasser_Arafat/Yasser_Arafat_0002.jpg,Yasser_Arafat,1,1.0,0.8839208483695984,0.8839208483695984,Yasser_Arafat,Gunter_Pleuger,Paul_ONeill,George_Pataki,Dick_Cheney,Mitchell_Daniels,Jimmy_Carter,Thomas_OBrien,Frank_Cassell,Luiz_Felipe_Scolari
vggface2,full_image,probe/Yevgeny_Kafelnikov/Yevgeny_Kafelnikov_0002.jpg,Yevgeny_Kafelnikov,1,1.0,0.6822474002838135,0.6822474002838135,Yevgeny_Kafelnikov,Christian_Wulff,Monica_Seles,David_Nalbandian,Robert_Zoellick,Ian_Thorpe,Jon_Gruden,Nadia_Petrova,Brad_Johnson,Marat_Safin
vggface2,full_image,probe/Yoko_Ono/Yoko_Ono_0002.jpg,Yoko_Ono,1,1.0,0.8280969858169556,0.8280969858169556,Yoko_Ono,Edward_Lu,Annette_Lu,Hitomi_Soga,Megawati_Sukarnoputri,Kwon_Yang-sook,Aung_San_Suu_Kyi,Michelle_Yeoh,Flor_Montulo,Gloria_Macapagal_Arroyo
vggface2,full_image,probe/Yukiko_Okudo/Yukiko_Okudo_0002.jpg,Yukiko_Okudo,3,0.3333333333333333,0.6668789982795715,0.6231473684310913,Aung_San_Suu_Kyi,Michael_Chang,Yukiko_Okudo,Taufik_Hidayat,Jamling_Norgay,Kosuke_Kitajima,Takashi_Sorimachi,Heizo_Takenaka,George_Lopez,Hitomi_Soga
vggface2,full_image,probe/Zarai_Toledo/Zarai_Toledo_0002.jpg,Zarai_Toledo,1,1.0,0.6716741323471069,0.6716741323471069,Zarai_Toledo,Alexandra_Stevenson,Desiree_Lemosi,Patty_Schnyder,Jamling_Norgay,Megawati_Sukarnoputri,Alejandro_Toledo,Lindsay_Davenport,Ahmad_Masood,Raghad_Saddam_Hussein
vggface2,full_image,probe/Zhang_Ziyi/Zhang_Ziyi_0002.jpg,Zhang_Ziyi,112,0.008928571428571428,0.6507056355476379,0.2878046929836273,Sachiko_Yamada,Karen_Mok,Michael_Chang,Michelle_Yeoh,Tomoko_Hagiwara,Kwon_Yang-sook,Zarai_Toledo,Lindsay_Davenport,Miyako_Miyazaki,Vicki_Zhao_Wei
vggface2,full_image,probe/Zoran_Djindjic/Zoran_Djindjic_0002.jpg,Zoran_Djindjic,1,1.0,0.8420460820198059,0.8420460820198059,Zoran_Djindjic,Chris_Bell,Bernard_Lord,Brad_Johnson,Jonathan_Edwards,Iain_Duncan_Smith,John_Abizaid,Andrei_Mikhnevich,Darren_Clarke,Carlo_Ancelotti
vggface2,mtcnn_crop_fallback,probe/Aaron_Sorkin/Aaron_Sorkin_0002.jpg,Aaron_Sorkin,1,1.0,0.6826065182685852,0.6826065182685852,Aaron_Sorkin,Peter_Bacanovic,Alex_Penelas,Jennifer_Lopez,David_Heymann,Todd_Haynes,James_Blake,Jonathan_Edwards,Rolf_Eckrodt,Anibal_Ibarra
vggface2,mtcnn_crop_fallback,probe/Abdel_Nasser_Assidi/Abdel_Nasser_Assidi_0002.jpg,Abdel_Nasser_Assidi,1,1.0,0.8665602207183838,0.8665602207183838,Abdel_Nasser_Assidi,Jose_Mourinho,Osama_bin_Laden,Marwan_Barghouthi,Vincent_Brooks,Martha_Beatriz_Roque,Hillary_Clinton,Nestor_Kirchner,Nicolas_Lapentti,Luciano_Pavarotti
vggface2,mtcnn_crop_fallback,probe/Abdullah/Abdullah_0002.jpg,Abdullah,1,1.0,0.835594892501831,0.835594892501831,Abdullah,Arianna_Huffington,Debra_Brown,Juan_Pablo_Montoya,Osama_bin_Laden,Abdel_Nasser_Assidi,Nestor_Kirchner,Gregory_Hines,Kathleen_Glynn,Marissa_Jaret_Winokur
vggface2,mtcnn_crop_fallback,probe/Abdullah_Gul/Abdullah_Gul_0002.jpg,Abdullah_Gul,1,1.0,0.934057354927063,0.934057354927063,Abdullah_Gul,Jesse_Jackson,Art_Hoffmann,Pupi_Avati,Jose_Sarney,Saddam_Hussein,Mikulas_Dzurinda,Michel_Temer,Elsa_Zylberstein,Jose_Serra
vggface2,mtcnn_crop_fallback,probe/Abdullah_al-Attiyah/Abdullah_al-Attiyah_0002.jpg,Abdullah_al-Attiyah,1,1.0,0.8659698963165283,0.8659698963165283,Abdullah_al-Attiyah,GL_Peiris,Jorge_Batlle,Harry_Belafonte,Nelson_Mandela,S_Jayakumar,Colin_Powell,Ralph_Lauren,Inam-ul-Haq,Larry_Brown
vggface2,mtcnn_crop_fallback,probe/Abdullatif_Sener/Abdullatif_Sener_0002.jpg,Abdullatif_Sener,1,1.0,0.7524253129959106,0.7524253129959106,Abdullatif_Sener,Sam_Torrance,Saddam_Hussein,Abdullah_Gul,Steven_Spielberg,Jose_Sarney,Marc_Grossman,Art_Hoffmann,Edward_James_Olmos,Robert_De_Niro
vggface2,mtcnn_crop_fallback,probe/Abel_Pacheco/Abel_Pacheco_0002.jpg,Abel_Pacheco,1,1.0,0.8085731863975525,0.8085731863975525,Abel_Pacheco,Franko_Simatovic,Arye_Mekel,Henrique_Meirelles,Fidel_Castro,Warren_Buffett,Butch_Davis,Pedro_Malan,Mikhail_Kasyanov,Hans_Eichel
vggface2,mtcnn_crop_fallback,probe/Adam_Scott/Adam_Scott_0002.jpg,Adam_Scott,2,0.5,0.5717940330505371,0.5252749919891357,Mike_Weir,Adam_Scott,Conchita_Martinez,Robby_Ginepri,Magui_Serna,Meghann_Shaughnessy,Augustin_Calleri,Greg_Owen,Jorge_Arce,Simon_Cowell
vggface2,mtcnn_crop_fallback,probe/Adolfo_Aguilar_Zinser/Adolfo_Aguilar_Zinser_0002.jpg,Adolfo_Aguilar_Zinser,1,1.0,0.8401073217391968,0.8401073217391968,Adolfo_Aguilar_Zinser,Bill_Gates,Joan_Claybrook,Celso_Amorim,Shaukat_Aziz,Jorge_Castaneda,Tony_Bennett,Zoran_Djindjic,Mikulas_Dzurinda,Anthony_Fauci
vggface2,mtcnn_crop_fallback,probe/Adolfo_Rodriguez_Saa/Adolfo_Rodriguez_Saa_0002.jpg,Adolfo_Rodriguez_Saa,1,1.0,0.6746746301651001,0.6746746301651001,Adolfo_Rodriguez_Saa,Joerg_Haider,Juan_Valencia_Osorio,Edward_James_Olmos,Igor_Ivanov,Lily_Tomlin,James_McGreevey,Johnson_Panjaitan,Xanana_Gusmao,Alejandro_Toledo
vggface2,mtcnn_crop_fallback,probe/Adrian_McPherson/Adrian_McPherson_0002.jpg,Adrian_McPherson,1,1.0,0.7885470390319824,0.7885470390319824,Adrian_McPherson,Guillaume_Soro,Venus_Williams,Justin_Gatlin,LeBron_James,Joe_Dumars,Mike_Tyson,Tom_Daschle,Michael_Chang,Colin_Powell
vggface2,mtcnn_crop_fallback,probe/Adrian_Nastase/Adrian_Nastase_0002.jpg,Adrian_Nastase,1,1.0,0.7995889186859131,0.7995889186859131,Adrian_Nastase,Spencer_Abraham,Benjamin_Netanyahu,David_Wolf,Howard_Smith,Julie_Gerberding,Marc_Grossman,Paulo_Cesar_Pinheiro,Colin_Powell,Howard_Dean
vggface2,mtcnn_crop_fallback,probe/Ahmad_Masood/Ahmad_Masood_0002.jpg,Ahmad_Masood,1,1.0,0.5454617738723755,0.5454617738723755,Ahmad_Masood,Kelli_White,Leander_Paes,Georgi_Parvanov,Ali_Abbas,Zarai_Toledo,Mark_Heller,Alex_Barros,Gerardo_Gambala,Denise_Johnson
vggface2,mtcnn_crop_fallback,probe/Ahmet_Necdet_Sezer/Ahmet_Necdet_Sezer_0002.jpg,Ahmet_Necdet_Sezer,1,1.0,0.8186762928962708,0.8186762928962708,Ahmet_Necdet_Sezer,Benjamin_Netanyahu,Eduardo_Duhalde,Alejandro_Toledo,Shaukat_Aziz,Larry_Brown,Vladimir_Putin,Costas_Simitis,John_Rosa,Joseph_Blatter
vggface2,mtcnn_crop_fallback,probe/Aitor_Gonzalez/Aitor_Gonzalez_0002.jpg,Aitor_Gonzalez,1,1.0,0.7322806119918823,0.7322806119918823,Aitor_Gonzalez,Guillermo_Coria,Magui_Serna,Pete_Sampras,Paul_Byrd,John_Abizaid,Justin_Leonard,Martin_Verkerk,Jason_Lezak,Carson_Daly
vggface2,mtcnn_crop_fallback,probe/Al_Davis/Al_Davis_0002.jpg,Al_Davis,1,1.0,0.7936277389526367,0.7936277389526367,Al_Davis,Sandra_Bullock,Arnold_Palmer,Camilla_Parker_Bowles,Arlen_Specter,Gray_Davis,Peter_Harrison,Dennis_Kucinich,Kim_Dae-jung,Mel_Brooks
vggface2,mtcnn_crop_fallback,probe/Alan_Ball/Alan_Ball_0002.jpg,Alan_Ball,1,1.0,0.951203465461731,0.951203465461731,Alan_Ball,Alvaro_Noboa,Martha_Burk,Richard_Sambrook,David_Spade,Thomas_Birmingham,Lindsey_Graham,William_Ford_Jr,Jonathan_Mostow,Pedro_Malan
vggface2,mtcnn_crop_fallback,probe/Alan_Mulally/Alan_Mulally_0002.jpg,Alan_Mulally,1,1.0,0.7760500907897949,0.7760500907897949,Alan_Mulally,Richard_Gephardt,Aron_Ralston,Scott_McNealy,George_Pataki,Roy_Moore,William_Ford_Jr,James_Kelly,Vaclav_Havel,John_Snow
vggface2,mtcnn_crop_fallback,probe/Alastair_Campbell/Alastair_Campbell_0002.jpg,Alastair_Campbell,1,1.0,0.8354681730270386,0.8354681730270386,Alastair_Campbell,David_Trimble,Roy_Moore,Dennis_Kucinich,Chris_Cooper,Marc_Grossman,Bill_Gates,Lawrence_MacAulay,Charles_Grassley,Joseph_Deiss
vggface2,mtcnn_crop_fallback,probe/Albert_Costa/Albert_Costa_0002.jpg,Albert_Costa,1,1.0,0.8248039484024048,0.8248039484024048,Albert_Costa,Dan_Wheldon,Marcelo_Salas,Oscar_De_La_Hoya,Justin_Leonard,Silvan_Shalom,Mike_Weir,Ben_Curtis,John_Howard,Hayley_Tullett
vggface2,mtcnn_crop_fallback,probe/Alberto_Fujimori/Alberto_Fujimori_0002.jpg,Alberto_Fujimori,1,1.0,0.864176869392395,0.864176869392395,Alberto_Fujimori,Lee_Hoi-chang,Hu_Jintao,Wang_Yingfan,Lee_Tae-sik,Kim_Dae-jung,Yoko_Ono,Li_Peng,Lee_Jun,Hun_Sen
vggface2,mtcnn_crop_fallback,probe/Alberto_Ruiz_Gallardon/Alberto_Ruiz_Gallardon_0002.jpg,Alberto_Ruiz_Gallardon,1,1.0,0.8426421880722046,0.8426421880722046,Alberto_Ruiz_Gallardon,Munir_Akram,Spencer_Abraham,Hu_Jintao,Andrew_Niccol,David_Heymann,Pedro_Malan,Andrew_Cuomo,Liu_Mingkang,Jean-David_Levitte
vggface2,mtcnn_crop_fallback,probe/Albrecht_Mentz/Albrecht_Mentz_0002.jpg,Albrecht_Mentz,1,1.0,0.9056127071380615,0.9056127071380615,Albrecht_Mentz,Robert_DeFraites,Mohamed_Benaissa,Vaclav_Havel,Jose_Sarney,Jack_Straw,Wang_Yingfan,Franz_Muentefering,James_Kopp,Charlton_Heston
vggface2,mtcnn_crop_fallback,probe/Aldo_Paredes/Aldo_Paredes_0002.jpg,Aldo_Paredes,409,0.0024449877750611247,0.6033144593238831,0.08826683461666107,Harry_Schmidt,Pete_Rose,Anibal_Ibarra,Juanes,Alex_Penelas,Mikhail_Youzhny,Reese_Witherspoon,Gustavo_Kuerten,Lon_Kruger,Vitali_Klitschko
vggface2,mtcnn_crop_fallback,probe/Alec_Baldwin/Alec_Baldwin_0002.jpg,Alec_Baldwin,1,1.0,0.817082405090332,0.817082405090332,Alec_Baldwin,Carmen_Electra,Ronald_Reagan,Elsa_Zylberstein,Ben_Glisan,John_Allen_Muhammad,Steve_Waugh,Kurt_Russell,Mario_Dumont,Geoff_Hoon
vggface2,mtcnn_crop_fallback,probe/Alejandro_Atchugarry/Alejandro_Atchugarry_0002.jpg,Alejandro_Atchugarry,1,1.0,0.8359342813491821,0.8359342813491821,Alejandro_Atchugarry,Bob_Beauprez,Hector_Babenco,Scott_Rudin,Mathias_Reichhold,John_Stallworth,Yasser_Arafat,Vladimir_Putin,Jason_Kidd,Fidel_Castro
vggface2,mtcnn_crop_fallback,probe/Alejandro_Avila/Alejandro_Avila_0002.jpg,Alejandro_Avila,1,1.0,0.7133455872535706,0.7133455872535706,Alejandro_Avila,Luciano_Pavarotti,Mark_Dacey,Matthew_Perry,Art_Hoffmann,Abdullah_Gul,Joe_Gatti,Carlo_Ancelotti,Marcelo_Salas,Jimmy_Kimmel
vggface2,mtcnn_crop_fallback,probe/Alejandro_Toledo/Alejandro_Toledo_0002.jpg,Alejandro_Toledo,1,1.0,0.8499261140823364,0.8499261140823364,Alejandro_Toledo,Jorge_Castaneda,Eduardo_Duhalde,Hassan_Wirajuda,Mitoji_Yabunaka,Lee_Jun,Hu_Jintao,Hun_Sen,John_Rosa,Steve_Waugh
vggface2,mtcnn_crop_fallback,probe/Aleksander_Kwasniewski/Aleksander_Kwasniewski_0002.jpg,Aleksander_Kwasniewski,1,1.0,0.8334060907363892,0.8334060907363892,Aleksander_Kwasniewski,James_Kelly,Tim_Floyd,Dave_Campo,Roy_Moore,Larry_Bowa,Tom_Daschle,Mack_Brown,Gil_de_Ferran,Howard_Smith
vggface2,mtcnn_crop_fallback,probe/Alex_Barros/Alex_Barros_0002.jpg,Alex_Barros,3,0.3333333333333333,0.527233898639679,0.4809470474720001,Vincent_Brooks,Justin_Guarini,Alex_Barros,Juan_Pablo_Montoya,George_Lopez,Gerardo_Gambala,Ali_Abbas,Sourav_Ganguly,Nelson_Mandela,Antonio_Banderas
vggface2,mtcnn_crop_fallback,probe/Alex_Penelas/Alex_Penelas_0002.jpg,Alex_Penelas,1,1.0,0.8764047622680664,0.8764047622680664,Alex_Penelas,Paul_Bremer,Jason_Kidd,John_F_Kennedy_Jr,Kiki_Vandeweghe,Thomas_Fargo,Abdullah_Gul,Joe_Gatti,Tom_Brady,Bill_Callahan
vggface2,mtcnn_crop_fallback,probe/Alexander_Losyukov/Alexander_Losyukov_0002.jpg,Alexander_Losyukov,1,1.0,0.8349283933639526,0.8349283933639526,Alexander_Losyukov,Paul_William_Hurley,Howard_Dean,Carlos_Ghosn,Spencer_Abraham,Magui_Serna,John_Abizaid,Silvan_Shalom,Dave_Campo,Carlo_Ancelotti
vggface2,mtcnn_crop_fallback,probe/Alexander_Rumyantsev/Alexander_Rumyantsev_0002.jpg,Alexander_Rumyantsev,1,1.0,0.8607137203216553,0.8607137203216553,Alexander_Rumyantsev,Valery_Giscard_dEstaing,Ismail_Merchant,Gray_Davis,Jack_Straw,Emile_Lahoud,Alexander_Losyukov,Sandra_Bullock,John_Negroponte,John_McCormack
vggface2,mtcnn_crop_fallback,probe/Alexandra_Stevenson/Alexandra_Stevenson_0002.jpg,Alexandra_Stevenson,1,1.0,0.8556896448135376,0.8556896448135376,Alexandra_Stevenson,Denise_Johnson,Kalpana_Chawla,Patty_Schnyder,Natalie_Coughlin,James_Blake,Colin_Powell,Chanda_Rubin,Anna_Kournikova,Zarai_Toledo
vggface2,mtcnn_crop_fallback,probe/Alexandra_Vodjanikova/Alexandra_Vodjanikova_0002.jpg,Alexandra_Vodjanikova,1,1.0,0.6450181007385254,0.6450181007385254,Alexandra_Vodjanikova,Amber_Tamblyn,Robert_Bonner,Jason_Jennings,Lindsay_Benko,Beth_Jones,Manfred_Stolpe,Kevin_Stallings,Mike_Price,Pedro_Solbes
vggface2,mtcnn_crop_fallback,probe/Ali_Abbas/Ali_Abbas_0002.jpg,Ali_Abbas,1,1.0,0.8621679544448853,0.8621679544448853,Ali_Abbas,Angelo_Reyes,Zarai_Toledo,Gloria_Macapagal_Arroyo,Intisar_Ajouri,GL_Peiris,Megawati_Sukarnoputri,Spencer_Abraham,Sam_Bith,Alexandra_Stevenson
vggface2,mtcnn_crop_fallback,probe/Ali_Khamenei/Ali_Khamenei_0002.jpg,Ali_Khamenei,1,1.0,0.9228058457374573,0.9228058457374573,Ali_Khamenei,Francis_Ford_Coppola,Mohammad_Khatami,Inam-ul-Haq,Pupi_Avati,Sean_Patrick_OMalley,Hassan_Nasrallah,Dino_de_Laurentis,Gerry_Adams,Robin_Cook
vggface2,mtcnn_crop_fallback,probe/Alice_Fisher/Alice_Fisher_0002.jpg,Alice_Fisher,1,1.0,0.9270085096359253,0.9270085096359253,Alice_Fisher,Shannon_OBrien,Paula_Radcliffe,Carolyn_Dawn_Johnson,Sarah_Jessica_Parker,Ellen_DeGeneres,Carla_Myers,Paula_Zahn,Jean_Carnahan,Ann_Veneman
vggface2,mtcnn_crop_fallback,probe/Alicia_Silverstone/Alicia_Silverstone_0002.jpg,Alicia_Silverstone,1,1.0,0.6323806047439575,0.6323806047439575,Alicia_Silverstone,Natalie_Maines,Cameron_Diaz,Jennifer_Reilly,Patty_Schnyder,Elizabeth_Shue,Olivia_Newton-John,James_Blake,Flavia_Delaroli,Evan_Rachel_Wood
vggface2,mtcnn_crop_fallback,probe/Alimzhan_Tokhtakhounov/Alimzhan_Tokhtakhounov_0002.jpg,Alimzhan_Tokhtakhounov,1,1.0,0.8889451622962952,0.8889451622962952,Alimzhan_Tokhtakhounov,Prince_Naruhito,Kim_Ryong-sung,Kim_Dae-jung,Jamling_Norgay,Megawati_Sukarnoputri,Ozzy_Osbourne,Nicanor_Duarte_Frutos,Lee_Tae-sik,Edward_Lu
vggface2,mtcnn_crop_fallback,probe/Alison_Lohman/Alison_Lohman_0002.jpg,Alison_Lohman,960,0.0010416666666666667,0.5644488334655762,-0.16310590505599976,Queen_Beatrix,Julianne_Moore,Bridget_Fonda,Antony_Leung,Angelo_Reyes,Michelle_Pfeiffer,Penelope_Ann_Miller,Hannah_Stockbauer,Julie_Gerberding,Judi_Dench
vggface2,mtcnn_crop_fallback,probe/Allen_Iverson/Allen_Iverson_0002.jpg,Allen_Iverson,1,1.0,0.8287971019744873,0.8287971019744873,Allen_Iverson,John_Allen_Muhammad,Byron_Scott,Bill_Gates,Will_Smith,Lionel_Richie,Bud_Selig,James_Butts,Chris_Tucker,Bobby_Goldwater
vggface2,mtcnn_crop_fallback,probe/Allison_Janney/Allison_Janney_0002.jpg,Allison_Janney,1,1.0,0.6527386903762817,0.6527386903762817,Allison_Janney,Goldie_Hawn,Phil_Vassar,Patti_Labelle,Madonna,Frances_Fisher,Brigitte_Boisselier,Edie_Falco,Sophia_Loren,Kristanna_Loken
vggface2,mtcnn_crop_fallback,probe/Alvaro_Noboa/Alvaro_Noboa_0002.jpg,Alvaro_Noboa,1,1.0,0.768344521522522,0.768344521522522,Alvaro_Noboa,Larry_Lindsey,Billy_Sollie,Abel_Pacheco,Jose_Manuel_Durao_Barroso,James_Traficant,Nestor_Kirchner,Luiz_Felipe_Scolari,Augusto_Roa_Bastos,Harry_Kalas
vggface2,mtcnn_crop_fallback,probe/Alvaro_Uribe/Alvaro_Uribe_0002.jpg,Alvaro_Uribe,1,1.0,0.8371191620826721,0.8371191620826721,Alvaro_Uribe,Fayssal_Mekdad,David_Myers,Nasser_al-Kidwa,Abdullatif_Sener,Carlos_Quintanilla_Schmidt,William_Hochul,Bernard_Lord,Jean-David_Levitte,John_Rowland
vggface2,mtcnn_crop_fallback,probe/Amanda_Beard/Amanda_Beard_0002.jpg,Amanda_Beard,1,1.0,0.9068810939788818,0.9068810939788818,Amanda_Beard,Lina_Krasnoroutskaya,Chanda_Rubin,Natalie_Coughlin,Hayley_Tullett,Claire_Hentzen,Gisele_Bundchen,David_Nalbandian,Abdullah_al-Attiyah,Jennifer_Thompson
vggface2,mtcnn_crop_fallback,probe/Amanda_Coetzer/Amanda_Coetzer_0002.jpg,Amanda_Coetzer,1,1.0,0.7150222063064575,0.7150222063064575,Amanda_Coetzer,Nadia_Petrova,Carolina_Moraes,Anna_Kournikova,Jennifer_Aniston,Eve_Pelletier,Daniela_Hantuchova,Meghann_Shaughnessy,Diana_Taurasi,Martina_Hingis
vggface2,mtcnn_crop_fallback,probe/Amber_Tamblyn/Amber_Tamblyn_0002.jpg,Amber_Tamblyn,1,1.0,0.8634747266769409,0.8634747266769409,Amber_Tamblyn,Cyndi_Thompson,Alexandra_Vodjanikova,Beth_Jones,Valerie_Harper,Mariangel_Ruiz_Torrealba,Julianne_Moore,Lindsay_Davenport,Michelle_Pfeiffer,Natalie_Maines
vggface2,mtcnn_crop_fallback,probe/Amelia_Vega/Amelia_Vega_0002.jpg,Amelia_Vega,1,1.0,0.9002144932746887,0.9002144932746887,Amelia_Vega,Daisy_Fuentes,Jesse_Jackson,Karen_Mok,Sandra_Bullock,Richard_Krajicek,Jennifer_Lopez,Tim_Allen,Wesley_Clark,Gray_Davis
vggface2,mtcnn_crop_fallback,probe/Amram_Mitzna/Amram_Mitzna_0002.jpg,Amram_Mitzna,1,1.0,0.9121100902557373,0.9121100902557373,Amram_Mitzna,Gerry_Adams,Osama_bin_Laden,Carlos_Mesa,Robert_De_Niro,Steven_Spielberg,Elizabeth_Dole,Ali_Khamenei,Omar_Sharif,Adolfo_Aguilar_Zinser
vggface2,mtcnn_crop_fallback,probe/Anders_Ebbeson/Anders_Ebbeson_0002.jpg,Anders_Ebbeson,1,1.0,0.8674740791320801,0.8674740791320801,Anders_Ebbeson,Anthony_Hopkins,Joseph_Biden,Charlton_Heston,George_Brumley,Richard_Gephardt,John_Rigas,George_Voinovich,John_Taylor,Jose_Serra
vggface2,mtcnn_crop_fallback,probe/Anders_Fogh_Rasmussen/Anders_Fogh_Rasmussen_0002.jpg,Anders_Fogh_Rasmussen,1,1.0,0.8522746562957764,0.8522746562957764,Anders_Fogh_Rasmussen,William_Bratton,John_Allen_Muhammad,Gary_Doer,Bill_Callahan,Gregory_Geoffroy,Gary_Forsee,Charlton_Heston,Heizo_Takenaka,Dick_Clark
vggface2,mtcnn_crop_fallback,probe/Andrei_Mikhnevich/Andrei_Mikhnevich_0002.jpg,Andrei_Mikhnevich,1,1.0,0.8299532532691956,0.8299532532691956,Andrei_Mikhnevich,Michael_Ballack,Larry_Lindsey,Darren_Clarke,Kevin_Spacey,Jose_Manuel_Durao_Barroso,Brad_Johnson,Paul-Henri_Mathieu,Luke_Walton,Gregg_Popovich
vggface2,mtcnn_crop_fallback,probe/Andrew_Bunner/Andrew_Bunner_0002.jpg,Andrew_Bunner,1,1.0,0.8126897811889648,0.8126897811889648,Andrew_Bunner,Joerg_Haider,Kenneth_Branagh,Guillermo_Coria,Richard_Gephardt,James_Kelly,Wesley_Clark,Jack_Straw,Tom_Daschle,Jim_Carrey
vggface2,mtcnn_crop_fallback,probe/Andrew_Cuomo/Andrew_Cuomo_0002.jpg,Andrew_Cuomo,1,1.0,0.7710905075073242,0.7710905075073242,Andrew_Cuomo,Leslie_Moonves,Tom_Crean,David_Heymann,Andrew_Niccol,Sean_Astin,Bill_Frist,Ron_Dittemore,Silvio_Berlusconi,George_Voinovich
vggface2,mtcnn_crop_fallback,probe/Andrew_Niccol/Andrew_Niccol_0002.jpg,Andrew_Niccol,1,1.0,0.8707869052886963,0.8707869052886963,Andrew_Niccol,Federico_Trillo,Jeffrey_Scott_Postell,Eduardo_Duhalde,Doug_Duncan,Alec_Baldwin,Steve_Spurrier,Charles_Grassley,Gianna_Angelopoulos-Daskalaki,James_Jones
vggface2,mtcnn_crop_fallback,probe/Andy_Hebb/Andy_Hebb_0002.jpg,Andy_Hebb,1,1.0,0.8365170359611511,0.8365170359611511,Andy_Hebb,Mike_Babcock,Brad_Johnson,Alejandro_Toledo,John_Rosa,Rolf_Eckrodt,Bill_Gates,Federico_Trillo,Spencer_Abraham,Steve_Waugh
vggface2,mtcnn_crop_fallback,probe/Angela_Lansbury/Angela_Lansbury_0002.jpg,Angela_Lansbury,1,1.0,0.8389798402786255,0.8389798402786255,Angela_Lansbury,Lynne_Cheney,Jean_Brumley,Herta_Daeubler-Gmelin,Harry_Kalas,Sheila_Copps,Doris_Roberts,Reese_Witherspoon,Jeanne_Moreau,Debra_Brown
vggface2,mtcnn_crop_fallback,probe/Angelo_Reyes/Angelo_Reyes_0002.jpg,Angelo_Reyes,1,1.0,0.903844952583313,0.903844952583313,Angelo_Reyes,Sam_Bith,Hun_Sen,GL_Peiris,Hu_Jintao,Dai_Bachtiar,Li_Peng,Colin_Powell,Annette_Lu,Kim_Jin-sun
vggface2,mtcnn_crop_fallback,probe/Anibal_Ibarra/Anibal_Ibarra_0002.jpg,Anibal_Ibarra,1,1.0,0.7369641065597534,0.7369641065597534,Anibal_Ibarra,Dick_Clark,Alvaro_Uribe,James_McGreevey,Stephen_Friedman,OJ_Simpson,Fidel_Castro,Mark_Warner,Jessica_Lange,Michael_Douglas
vggface2,mtcnn_crop_fallback,probe/Ann_Veneman/Ann_Veneman_0002.jpg,Ann_Veneman,1,1.0,0.8978977799415588,0.8978977799415588,Ann_Veneman,Sheila_Copps,Helen_Clark,Cristina_Saralegui,Julie_Gerberding,Judy_Genshaft,Sharon_Frey,Silvia_Farina_Elia,Natalie_Coughlin,Lindsay_Davenport
vggface2,mtcnn_crop_fallback,probe/Anna_Kournikova/Anna_Kournikova_0002.jpg,Anna_Kournikova,1,1.0,0.6392524242401123,0.6392524242401123,Anna_Kournikova,Erika_Christensen,Raghad_Saddam_Hussein,Marcelo_Salas,Jennifer_Aniston,Flavia_Delaroli,Desiree_Lemosi,Mike_Holmgren,Gian_Marco,Igor_Ivanov
vggface2,mtcnn_crop_fallback,probe/Anna_Nicole_Smith/Anna_Nicole_Smith_0002.jpg,Anna_Nicole_Smith,1,1.0,0.6416913270950317,0.6416913270950317,Anna_Nicole_Smith,Elin_Nordegren,Natalie_Maines,Mariangel_Ruiz_Torrealba,Elizabeth_Smart,Richard_Branson,Jorge_Batlle,Adrian_Nastase,Penelope_Ann_Miller,Priscilla_Presley
vggface2,mtcnn_crop_fallback,probe/Anneli_Jaatteenmaki/Anneli_Jaatteenmaki_0002.jpg,Anneli_Jaatteenmaki,1,1.0,0.7808233499526978,0.7808233499526978,Anneli_Jaatteenmaki,Meryl_Streep,Christine_Gregoire,Monica_Bellucci,Nancy_Pelosi,Yoko_Ono,Maggie_Smith,Debra_Brown,Chita_Rivera,Noah_Wyle
vggface2,mtcnn_crop_fallback,probe/Annette_Bening/Annette_Bening_0002.jpg,Annette_Bening,1,1.0,0.7691837549209595,0.7691837549209595,Annette_Bening,Christine_Gregoire,Penelope_Ann_Miller,Celine_Dion,Julie_Taymor,Kate_Capshaw,Mary_Landrieu,Elisabeth_Schumacher,Xanana_Gusmao,Blythe_Danner
vggface2,mtcnn_crop_fallback,probe/Annette_Lu/Annette_Lu_0002.jpg,Annette_Lu,1,1.0,0.8769817352294922,0.8769817352294922,Annette_Lu,Megawati_Sukarnoputri,Kim_Jin-sun,Gao_Qiang,Li_Peng,Jong_Thae_Hwa,Kim_Jong-Il,Lim_Dong-won,Chang_Dae-whan,Hu_Jintao
vggface2,mtcnn_crop_fallback,probe/Anthony_Fauci/Anthony_Fauci_0002.jpg,Anthony_Fauci,1,1.0,0.872503399848938,0.872503399848938,Anthony_Fauci,Ron_Dittemore,Bill_Simon,Jonathan_Edwards,Hun_Sen,Juan_Valencia_Osorio,Jean-David_Levitte,David_Heymann,Jack_Straw,John_Abizaid
vggface2,mtcnn_crop_fallback,probe/Anthony_Hopkins/Anthony_Hopkins_0002.jpg,Anthony_Hopkins,1,1.0,0.8121735453605652,0.8121735453605652,Anthony_Hopkins,Michael_Chiklis,Billy_Graham,Bobby_Robson,James_Ivory,John_Snow,George_Ryan,Joseph_Biden,Trent_Lott,George_Brumley
vggface2,mtcnn_crop_fallback,probe/Anthony_LaPaglia/Anthony_LaPaglia_0002.jpg,Anthony_LaPaglia,1,1.0,0.8542485237121582,0.8542485237121582,Anthony_LaPaglia,Ben_Curtis,Alec_Baldwin,Bashar_Assad,David_Nalbandian,Chuck_Amato,Eduardo_Duhalde,Bruce_Weber,Noah_Wyle,Kurt_Busch
vggface2,mtcnn_crop_fallback,probe/Antonio_Banderas/Antonio_Banderas_0002.jpg,Antonio_Banderas,590,0.001694915254237288,0.6097903847694397,0.05138170346617699,Eric_Clapton,James_Kelly,Alan_Ball,Charles_Grassley,John_Manley,Michael_Kostelnik,Richard_Gephardt,Anders_Ebbeson,Dennis_Erickson,George_Voinovich
vggface2,mtcnn_crop_fallback,probe/Antony_Leung/Antony_Leung_0002.jpg,Antony_Leung,1,1.0,0.9038983583450317,0.9038983583450317,Antony_Leung,Hu_Jintao,Kim_Jong-Il,Kim_Jin-sun,Annette_Lu,Michael_Chang,Angelo_Reyes,Hun_Sen,Kim_Ryong-sung,Hassan_Wirajuda
vggface2,mtcnn_crop_fallback,probe/Anwar_Ibrahim/Anwar_Ibrahim_0002.jpg,Anwar_Ibrahim,1,1.0,0.8373375535011292,0.8373375535011292,Anwar_Ibrahim,Dai_Bachtiar,Hun_Sen,Antony_Leung,Michael_Chang,Kim_Ryong-sung,Jesse_Jackson,Joseph_Estrada,Johnson_Panjaitan,Jackie_Chan
vggface2,mtcnn_crop_fallback,probe/Arantxa_Sanchez-Vicario/Arantxa_Sanchez-Vicario_0002.jpg,Arantxa_Sanchez-Vicario,1,1.0,0.8061420917510986,0.8061420917510986,Arantxa_Sanchez-Vicario,Nadia_Petrova,Silvia_Farina_Elia,Meghann_Shaughnessy,Tomoko_Hagiwara,Marlene_Weingartner,Magui_Serna,Conchita_Martinez,Carolina_Moraes,Robert_Mugabe
vggface2,mtcnn_crop_fallback,probe/Arianna_Huffington/Arianna_Huffington_0002.jpg,Arianna_Huffington,1,1.0,0.7449434399604797,0.7449434399604797,Arianna_Huffington,Sheila_Copps,Sandra_Bullock,Nancy_Pelosi,Helen_Clark,Nia_Vardalos,Daisy_Fuentes,Emma_Thompson,Kathleen_Kennedy_Townsend,Celine_Dion
vggface2,mtcnn_crop_fallback,probe/Arlen_Specter/Arlen_Specter_0002.jpg,Arlen_Specter,1,1.0,0.6142906546592712,0.6142906546592712,Arlen_Specter,Bud_Selig,Robert_Stack,Eduardo_Duhalde,Thomas_OBrien,Leslie_Moonves,Silvio_Berlusconi,Roman_Polanski,Pete_Sampras,Joe_Torre
vggface2,mtcnn_crop_fallback,probe/Arnaud_Clement/Arnaud_Clement_0002.jpg,Arnaud_Clement,1,1.0,0.5938404202461243,0.5938404202461243,Arnaud_Clement,Gustavo_Kuerten,Dale_Earnhardt_Jr,Derek_Lowe,Jim_Furyk,Joseph_Deiss,Barry_Zito,Michael_Phelps,Darrell_Porter,Scott_Rudin
vggface2,mtcnn_crop_fallback,probe/Arnold_Palmer/Arnold_Palmer_0002.jpg,Arnold_Palmer,1,1.0,0.8208616971969604,0.8208616971969604,Arnold_Palmer,Bob_Hope,George_Voinovich,John_Timoney,Bobby_Robson,Costas_Simitis,Bill_Graham,Charles_Mathews,Anthony_Hopkins,Gunter_Pleuger
vggface2,mtcnn_crop_fallback,probe/Aron_Ralston/Aron_Ralston_0002.jpg,Aron_Ralston,1,1.0,0.5935088396072388,0.5935088396072388,Aron_Ralston,Jan_Ullrich,Ron_Howard,Richard_Gephardt,David_Nalbandian,Bill_Frist,James_Kopp,Bill_Simon,Mathias_Reichhold,Luis_Figo
vggface2,mtcnn_crop_fallback,probe/Arsinee_Khanjian/Arsinee_Khanjian_0002.jpg,Arsinee_Khanjian,1,1.0,0.6349347829818726,0.6349347829818726,Arsinee_Khanjian,Monica_Bellucci,Elsa_Zylberstein,Sarah_Jessica_Parker,Valery_Giscard_dEstaing,Charlotte_Rampling,Benazir_Bhutto,Nancy_Pelosi,Hillary_Clinton,Paul_ONeill
vggface2,mtcnn_crop_fallback,probe/Art_Hoffmann/Art_Hoffmann_0002.jpg,Art_Hoffmann,1,1.0,0.9229440093040466,0.9229440093040466,Art_Hoffmann,Hassan_Nasrallah,Abdullah_Gul,Bashar_Assad,Andrei_Mikhnevich,Marwan_Barghouthi,Luiz_Felipe_Scolari,Brad_Johnson,Jesse_Jackson,Mohammad_Khatami
vggface2,mtcnn_crop_fallback,probe/Art_Howe/Art_Howe_0002.jpg,Art_Howe,1,1.0,0.8685632944107056,0.8685632944107056,Art_Howe,Robert_Duvall,Gary_Carter,Michael_Douglas,Gregg_Popovich,Larry_Brown,Yevgeny_Kafelnikov,Frank_Solich,Roman_Polanski,Peter_Hillary
vggface2,mtcnn_crop_fallback,probe/Arye_Mekel/Arye_Mekel_0002.jpg,Arye_Mekel,1,1.0,0.9407598972320557,0.9407598972320557,Arye_Mekel,Jimmy_Carter,Paul_ONeill,Saeb_Erekat,Li_Peng,Lim_Dong-won,Chok_Tong_Goh,Pedro_Malan,Spencer_Abraham,Inam-ul-Haq
vggface2,mtcnn_crop_fallback,probe/Asa_Hutchinson/Asa_Hutchinson_0002.jpg,Asa_Hutchinson,1,1.0,0.7144416570663452,0.7144416570663452,Asa_Hutchinson,Geoff_Hoon,Bill_Nelson,Elizabeth_Dole,Gary_Doer,Alvaro_Uribe,Cesar_Maia,Thomas_Fargo,Billy_Sollie,Gary_Forsee
vggface2,mtcnn_crop_fallback,probe/Ashanti/Ashanti_0002.jpg,Ashanti,1,1.0,0.8154911994934082,0.8154911994934082,Ashanti,Mariah_Carey,Lindsay_Davenport,Kelli_White,Marlene_Weingartner,Venus_Williams,Serena_Williams,Peter_Bacanovic,Chanda_Rubin,Dolma_Tsering
vggface2,mtcnn_crop_fallback,probe/Augustin_Calleri/Augustin_Calleri_0002.jpg,Augustin_Calleri,1,1.0,0.8160073757171631,0.8160073757171631,Augustin_Calleri,Leander_Paes,Gro_Harlem_Brundtland,Juan_Pablo_Montoya,James_Blake,Ian_Thorpe,Ben_Glisan,Mike_Weir,Jude_Law,Scott_Rudin
vggface2,mtcnn_crop_fallback,probe/Augusto_Pinochet/Augusto_Pinochet_0002.jpg,Augusto_Pinochet,1,1.0,0.9017732739448547,0.9017732739448547,Augusto_Pinochet,Jimmy_Carter,Ozzy_Osbourne,Ferenc_Madl,Christopher_Walken,Brian_Mulroney,Gray_Davis,Yasser_Arafat,Charlton_Heston,Joseph_Biden
vggface2,mtcnn_crop_fallback,probe/Augusto_Roa_Bastos/Augusto_Roa_Bastos_0002.jpg,Augusto_Roa_Bastos,1,1.0,0.7966100573539734,0.7966100573539734,Augusto_Roa_Bastos,Manfred_Stolpe,Jimmy_Carter,Peter_Arnett,George_Ryan,Alvaro_Noboa,Bobby_Robson,Boris_Yeltsin,Larry_Lindsey,Thomas_OBrien
vggface2,mtcnn_crop_fallback,probe/Aung_San_Suu_Kyi/Aung_San_Suu_Kyi_0002.jpg,Aung_San_Suu_Kyi,1,1.0,0.6298484802246094,0.6298484802246094,Aung_San_Suu_Kyi,Yukiko_Okudo,Nancy_Pelosi,Yoko_Ono,Michelle_Yeoh,Li_Peng,Hitomi_Soga,Thomas_OBrien,Zhang_Ziyi,Coretta_Scott_King
vggface2,mtcnn_crop_fallback,probe/Barbara_Brezigar/Barbara_Brezigar_0002.jpg,Barbara_Brezigar,1,1.0,0.7563048005104065,0.7563048005104065,Barbara_Brezigar,Dorthy_Moxley,Kathleen_Kennedy_Townsend,Nancy_Pelosi,Paula_Radcliffe,Helen_Clark,Hillary_Clinton,Sarah_Jessica_Parker,Dennis_Kucinich,Alice_Fisher
vggface2,mtcnn_crop_fallback,probe/Barbara_Walters/Barbara_Walters_0002.jpg,Barbara_Walters,1,1.0,0.8270796537399292,0.8270796537399292,Barbara_Walters,Goldie_Hawn,Jeanne_Moreau,Sally_Kirkland,Dolly_Parton,Christine_Ebersole,Yoko_Ono,Elizabeth_Dole,Jessica_Lange,Hillary_Clinton
vggface2,mtcnn_crop_fallback,probe/Barbra_Streisand/Barbra_Streisand_0002.jpg,Barbra_Streisand,1,1.0,0.8249225616455078,0.8249225616455078,Barbra_Streisand,Paula_Radcliffe,Ellen_DeGeneres,Tom_Cruise,Kate_Capshaw,Mel_Brooks,Karin_Stoiber,Joe_Nichols,Sophia_Loren,Hanan_Ashrawi
vggface2,mtcnn_crop_fallback,probe/Barrett_Jackman/Barrett_Jackman_0002.jpg,Barrett_Jackman,1,1.0,0.8717285990715027,0.8717285990715027,Barrett_Jackman,Luis_Horna,Kifah_Ajouri,Ron_Howard,Mike_Weir,Oswaldo_Paya,Martin_Verkerk,Mario_Cipollini,Padraig_Harrington,Peter_Hillary
vggface2,mtcnn_crop_fallback,probe/Barry_Alvarez/Barry_Alvarez_0002.jpg,Barry_Alvarez,1,1.0,0.8839490413665771,0.8839490413665771,Barry_Alvarez,John_Negroponte,Jorge_Rodolfo_Canicoba_Corral,Frank_Lautenberg,Guillermo_Ortiz,Kemal_Dervis,Costas_Simitis,Cruz_Bustamante,Matthew_Perry,Michael_Chiklis
vggface2,mtcnn_crop_fallback,probe/Barry_Zito/Barry_Zito_0002.jpg,Barry_Zito,1,1.0,0.6579642295837402,0.6579642295837402,Barry_Zito,Matthew_Perry,Juanes,Steve_Park,Gustavo_Kuerten,Natalie_Maines,Alex_Penelas,Paul_Byrd,Harry_Schmidt,Bill_Frist
vggface2,mtcnn_crop_fallback,probe/Bashar_Assad/Bashar_Assad_0002.jpg,Bashar_Assad,1,1.0,0.8090105056762695,0.8090105056762695,Bashar_Assad,Bernard_Lord,Alvaro_Uribe,Frank_Stallone,Jose_Mourinho,Paul_Bremer,John_Walsh,David_Wolf,Jorge_Valdano,Phil_Mickelson
vggface2,mtcnn_crop_fallback,probe/Begum_Khaleda_Zia/Begum_Khaleda_Zia_0002.jpg,Begum_Khaleda_Zia,1,1.0,0.6821486949920654,0.6821486949920654,Begum_Khaleda_Zia,Annette_Lu,Gloria_Macapagal_Arroyo,Ann_Veneman,Angelo_Reyes,Intisar_Ajouri,Flor_Montulo,Carol_Moseley_Braun,Patti_Labelle,Megawati_Sukarnoputri
vggface2,mtcnn_crop_fallback,probe/Ben_Curtis/Ben_Curtis_0002.jpg,Ben_Curtis,1,1.0,0.7671535611152649,0.7671535611152649,Ben_Curtis,Mike_Weir,Jim_Edmonds,Justin_Leonard,Jason_Lezak,Adam_Scott,Martina_Hingis,Pete_Sampras,Magui_Serna,Alvaro_Uribe
vggface2,mtcnn_crop_fallback,probe/Ben_Glisan/Ben_Glisan_0002.jpg,Ben_Glisan,1,1.0,0.7611334919929504,0.7611334919929504,Ben_Glisan,Queen_Beatrix,Mario_Dumont,Joe_Gatti,John_Reilly,Natalie_Maines,Steve_Park,Amber_Tamblyn,Mike_Miller,Leland_Chapman
vggface2,mtcnn_crop_fallback,probe/Benazir_Bhutto/Benazir_Bhutto_0002.jpg,Benazir_Bhutto,1,1.0,0.776585042476654,0.776585042476654,Benazir_Bhutto,Nancy_Reagan,Lisa_Gottsegen,John_F_Kennedy_Jr,Patricia_Clarkson,Nancy_Pelosi,Eddy_Merckx,Oscar_De_La_Hoya,Bill_Gates,Rolf_Eckrodt
vggface2,mtcnn_crop_fallback,probe/Benjamin_Netanyahu/Benjamin_Netanyahu_0002.jpg,Benjamin_Netanyahu,1,1.0,0.8371089100837708,0.8371089100837708,Benjamin_Netanyahu,John_Howard,Igor_Ivanov,Boris_Berezovsky,Marc_Grossman,Pascal_Lamy,Ahmet_Necdet_Sezer,Silvio_Berlusconi,Chuck_Amato,Iain_Duncan_Smith
vggface2,mtcnn_crop_fallback,probe/Bernard_Landry/Bernard_Landry_0002.jpg,Bernard_Landry,1,1.0,0.7143586874008179,0.7143586874008179,Bernard_Landry,Peter_Struck,Pedro_Malan,Dick_Cheney,David_Trimble,Chok_Tong_Goh,William_Martin,Jay_Garner,Richie_Adubato,Trent_Lott
vggface2,mtcnn_crop_fallback,probe/Bernard_Lord/Bernard_Lord_0002.jpg,Bernard_Lord,1,1.0,0.8556469678878784,0.8556469678878784,Bernard_Lord,Kurt_Busch,Bashar_Assad,Alvaro_Uribe,Zoran_Djindjic,Mikulas_Dzurinda,Vladimir_Putin,Jim_Harrick,David_Myers,Iain_Duncan_Smith
vggface2,mtcnn_crop_fallback,probe/Bernardo_Segura/Bernardo_Segura_0002.jpg,Bernardo_Segura,1,1.0,0.7440060377120972,0.7440060377120972,Bernardo_Segura,George_P_Bush,Vincent_Brooks,Jonathan_Edwards,James_McGreevey,Marcelo_Salas,Bob_Colvin,Spencer_Abraham,Jefferson_Perez,Oscar_De_La_Hoya
vggface2,mtcnn_crop_fallback,probe/Bertrand_Bonello/Bertrand_Bonello_0002.jpg,Bertrand_Bonello,1,1.0,0.7744119167327881,0.7744119167327881,Bertrand_Bonello,Vladimir_Putin,Tom_Glavine,Tim_Allen,Mikhail_Kasyanov,Noah_Wyle,Ishaq_Shahryar,Martin_Verkerk,Art_Howe,Chakib_Khelil
vggface2,mtcnn_crop_fallback,probe/Beth_Jones/Beth_Jones_0002.jpg,Beth_Jones,3,0.3333333333333333,0.5254436135292053,0.48003408312797546,Patty_Schnyder,Lindsay_Davenport,Beth_Jones,Anna_Kournikova,George_Pataki,Iva_Majoli,Lisa_Raymond,Thomas_OBrien,Eve_Pelletier,Sandra_Bullock
vggface2,mtcnn_crop_fallback,probe/Betsy_Smith/Betsy_Smith_0002.jpg,Betsy_Smith,1,1.0,0.7775435447692871,0.7775435447692871,Betsy_Smith,Christine_Gregoire,Priscilla_Owen,Margaret_Thatcher,Debra_Brown,Doris_Schroeder,Jean_Carnahan,Kathleen_Kennedy_Townsend,Goldie_Hawn,Sue_Wicks
vggface2,mtcnn_crop_fallback,probe/Bijan_Namdar_Zangeneh/Bijan_Namdar_Zangeneh_0002.jpg,Bijan_Namdar_Zangeneh,1,1.0,0.9371849894523621,0.9371849894523621,Bijan_Namdar_Zangeneh,Jose_Serra,Peter_Arnett,Joe_Torre,Ibrahim_Jaafari,Barry_Alvarez,Manfred_Stolpe,Ismail_Merchant,Cruz_Bustamante,Jason_Kidd
vggface2,mtcnn_crop_fallback,probe/Biljana_Plavsic/Biljana_Plavsic_0002.jpg,Biljana_Plavsic,1,1.0,0.9089882373809814,0.9089882373809814,Biljana_Plavsic,Martha_Burk,Gro_Harlem_Brundtland,Joan_Claybrook,Judi_Dench,Karin_Stoiber,Roman_Polanski,Susan_Collins,Hanan_Ashrawi,Herta_Daeubler-Gmelin
vggface2,mtcnn_crop_fallback,probe/Bill_Belichick/Bill_Belichick_0002.jpg,Bill_Belichick,1,1.0,0.8191602230072021,0.8191602230072021,Bill_Belichick,David_Kelley,Roy_Moore,Pat_Cox,John_Walsh,Joe_Torre,Kathleen_Kennedy_Townsend,Lawrence_MacAulay,Yao_Ming,Pete_Rose
vggface2,mtcnn_crop_fallback,probe/Bill_Callahan/Bill_Callahan_0002.jpg,Bill_Callahan,1,1.0,0.8420423269271851,0.8420423269271851,Bill_Callahan,Bill_Frist,Brad_Johnson,Paul_McNulty,Joseph_Ralston,Tim_Floyd,Simon_Cowell,Andy_Hebb,Mike_Babcock,Eddy_Merckx
vggface2,mtcnn_crop_fallback,probe/Bill_Frist/Bill_Frist_0002.jpg,Bill_Frist,1,1.0,0.8780678510665894,0.8780678510665894,Bill_Frist,Tom_Daschle,Bill_Gates,George_Pataki,Trent_Lott,Michael_Kostelnik,John_Jumper,Jan_Ullrich,Mack_Brown,Nadia_Petrova
vggface2,mtcnn_crop_fallback,probe/Bill_Gates/Bill_Gates_0002.jpg,Bill_Gates,1,1.0,0.8718702793121338,0.8718702793121338,Bill_Gates,Jose_Manuel_Durao_Barroso,Adolfo_Aguilar_Zinser,Bud_Selig,David_Trimble,Diane_Green,Marc_Grossman,Jorge_Castaneda,Jean-Claude_Juncker,Hassan_Wirajuda
vggface2,mtcnn_crop_fallback,probe/Bill_Graham/Bill_Graham_0002.jpg,Bill_Graham,1,1.0,0.8071188926696777,0.8071188926696777,Bill_Graham,Paul_ONeill,James_Maguire,David_Dodge,William_Martin,John_Malkovich,Leszek_Miller,Dick_Cheney,Joseph_Biden,Robert_Duvall
vggface2,mtcnn_crop_fallback,probe/Bill_Nelson/Bill_Nelson_0002.jpg,Bill_Nelson,1,1.0,0.7923605442047119,0.7923605442047119,Bill_Nelson,Tom_Daschle,Chuck_Yeager,Roy_Moore,James_Kelly,Nick_Nolte,Robert_Zoellick,Lana_Clarkson,Warren_Beatty,David_Kelley
vggface2,mtcnn_crop_fallback,probe/Bill_Parcells/Bill_Parcells_0002.jpg,Bill_Parcells,1,1.0,0.775739312171936,0.775739312171936,Bill_Parcells,James_Kelly,John_Manley,Gray_Davis,Gregg_Popovich,Nick_Nolte,Richard_Gephardt,Robert_Stack,Steve_Spurrier,Prince_Willem-Alexander
vggface2,mtcnn_crop_fallback,probe/Bill_Simon/Bill_Simon_0002.jpg,Bill_Simon,1,1.0,0.9048360586166382,0.9048360586166382,Bill_Simon,Jean-David_Levitte,Bill_Gates,Jan_Ullrich,Gary_Williams,Ilan_Ramon,Geno_Auriemma,Bud_Selig,David_Heymann,Ron_Dittemore
vggface2,mtcnn_crop_fallback,probe/Bill_Sizemore/Bill_Sizemore_0002.jpg,Bill_Sizemore,1,1.0,0.8785654306411743,0.8785654306411743,Bill_Sizemore,Bill_Gates,Michael_Douglas,Andy_Hebb,Gerry_Parsky,Christopher_Walken,Ilan_Ramon,Michael_Chang,Mike_Babcock,Jeffrey_Jones
vggface2,mtcnn_crop_fallback,probe/Billy_Graham/Billy_Graham_0002.jpg,Billy_Graham,1,1.0,0.7539597749710083,0.7539597749710083,Billy_Graham,John_Rigas,Bill_Graham,Bobby_Robson,Joseph_Biden,George_Brumley,Anthony_Hopkins,James_Ivory,Trent_Lott,Leszek_Miller
vggface2,mtcnn_crop_fallback,probe/Billy_Sollie/Billy_Sollie_0002.jpg,Billy_Sollie,1,1.0,0.8017758131027222,0.8017758131027222,Billy_Sollie,Richard_Sambrook,Jesse_Jackson,John_Timoney,Darren_Clarke,Alvaro_Noboa,Alan_Mulally,John_Manley,Peter_Arnett,Patrice_Chereau
vggface2,mtcnn_crop_fallback,probe/Blythe_Danner/Blythe_Danner_0002.jpg,Blythe_Danner,1,1.0,0.8000378012657166,0.8000378012657166,Blythe_Danner,Sally_Kirkland,Celine_Dion,Cameron_Diaz,Carla_Myers,Martina_McBride,Jane_Fonda,Cristina_Saralegui,Lina_Krasnoroutskaya,Queen_Beatrix
vggface2,mtcnn_crop_fallback,probe/Blythe_Hartley/Blythe_Hartley_0002.jpg,Blythe_Hartley,1,1.0,0.8707306981086731,0.8707306981086731,Blythe_Hartley,Lindsay_Davenport,Jennifer_Thompson,Patty_Schnyder,Lindsay_Benko,Stacy_Dragila,Natalie_Coughlin,Nadia_Petrova,Frank_Solich,Julie_Gerberding
vggface2,mtcnn_crop_fallback,probe/Bo_Pelini/Bo_Pelini_0002.jpg,Bo_Pelini,1,1.0,0.9016106128692627,0.9016106128692627,Bo_Pelini,Frank_Solich,Tom_Crean,Jim_Harrick,Kiki_Vandeweghe,John_Brady,Greg_Rusedski,Herb_Sendek,Tim_Floyd,Thomas_OBrien
vggface2,mtcnn_crop_fallback,probe/Bo_Ryan/Bo_Ryan_0002.jpg,Bo_Ryan,1,1.0,0.8782120943069458,0.8782120943069458,Bo_Ryan,Frank_Solich,Larry_Brown,John_Jumper,Dave_Campo,John_Abizaid,Gary_Williams,Johnny_Carson,Martin_Verkerk,Robert_Zoellick
vggface2,mtcnn_crop_fallback,probe/Bob_Beauprez/Bob_Beauprez_0002.jpg,Bob_Beauprez,1,1.0,0.8271419405937195,0.8271419405937195,Bob_Beauprez,Donald_Evans,David_Dodge,Costas_Simitis,Klaus_Zwickel,Asa_Hutchinson,Jorge_Batlle,John_Spencer,Thomas_Fargo,Jason_Alexander
vggface2,mtcnn_crop_fallback,probe/Bob_Colvin/Bob_Colvin_0002.jpg,Bob_Colvin,1,1.0,0.928838312625885,0.928838312625885,Bob_Colvin,James_McGreevey,Howard_Dean,Oscar_De_La_Hoya,Jason_Lezak,Marc-Andre_Fleury,Paul_Bremer,Elijah_Wood,Vaclav_Havel,George_P_Bush
vggface2,mtcnn_crop_fallback,probe/Bob_Geldof/Bob_Geldof_0002.jpg,Bob_Geldof,1,1.0,0.7585932016372681,0.7585932016372681,Bob_Geldof,Alexander_Losyukov,Eduardo_Duhalde,James_McGreevey,Ilan_Ramon,Jean-Sebastien_Giguere,Joerg_Haider,Silvan_Shalom,Jack_Straw,Andrew_Bunner
vggface2,mtcnn_crop_fallback,probe/Bob_Hope/Bob_Hope_0002.jpg,Bob_Hope,1,1.0,0.7901124954223633,0.7901124954223633,Bob_Hope,Richard_Shelby,Leszek_Miller,Kemal_Dervis,Cesar_Maia,Dick_Clark,Costas_Simitis,John_Snow,Len_Jenoff,Bill_Graham
vggface2,mtcnn_crop_fallback,probe/Bobby_Goldwater/Bobby_Goldwater_0002.jpg,Bobby_Goldwater,1,1.0,0.89769446849823,0.89769446849823,Bobby_Goldwater,Bill_Gates,David_Myers,Alvaro_Uribe,Alejandro_Toledo,Fayssal_Mekdad,Pedro_Malan,Hans_Eichel,Michael_Douglas,Dennis_Kucinich
vggface2,mtcnn_crop_fallback,probe/Bobby_Robson/Bobby_Robson_0002.jpg,Bobby_Robson,1,1.0,0.8201839923858643,0.8201839923858643,Bobby_Robson,Augusto_Roa_Bastos,Mel_Brooks,Larry_Bowa,Manfred_Stolpe,Yasser_Arafat,Boris_Yeltsin,John_Timoney,Jean-Claude_Trichet,Aleksander_Kwasniewski
vggface2,mtcnn_crop_fallback,probe/Bode_Miller/Bode_Miller_0002.jpg,Bode_Miller,1,1.0,0.7360460758209229,0.7360460758209229,Bode_Miller,David_Bell,Janica_Kostelic,Brendan_Hansen,Luke_Walton,Jason_Lezak,Tom_Glavine,Candie_Kung,Justine_Henin,Stacy_Dragila
vggface2,mtcnn_crop_fallback,probe/Boris_Becker/Boris_Becker_0002.jpg,Boris_Becker,1,1.0,0.8964704275131226,0.8964704275131226,Boris_Becker,Scott_McNealy,Richard_Gephardt,Rupert_Grint,Ron_Howard,Yasser_Arafat,Duane_Lee_Chapman,Jimmy_Carter,Stanley_McChrystal,John_Manley
vggface2,mtcnn_crop_fallback,probe/Boris_Berezovsky/Boris_Berezovsky_0002.jpg,Boris_Berezovsky,1,1.0,0.8641282916069031,0.8641282916069031,Boris_Berezovsky,Scott_McClellan,Kevin_Spacey,Charles_Schumer,Robert_Kocharian,Guillermo_Ortiz,William_Bratton,John_Negroponte,Fayssal_Mekdad,John_McEnroe
vggface2,mtcnn_crop_fallback,probe/Boris_Yeltsin/Boris_Yeltsin_0002.jpg,Boris_Yeltsin,752,0.0013297872340425532,0.6293569803237915,-0.027529291808605194,John_Rowland,John_McCormack,Masum_Turker,Fidel_Castro,Pedro_Solbes,Steven_Spielberg,Fred_Eckhard,Nicanor_Duarte_Frutos,James_Traficant,Jose_Sarney
vggface2,mtcnn_crop_fallback,probe/Brad_Johnson/Brad_Johnson_0002.jpg,Brad_Johnson,1,1.0,0.7835911512374878,0.7835911512374878,Brad_Johnson,Damon_van_Dam,James_Parker,Andy_Hebb,Kirk_Ferentz,Guy_Ritchie,John_Garamendi,Bill_Gates,Jose_Manuel_Durao_Barroso,Darren_Clarke
vggface2,mtcnn_crop_fallback,probe/Branko_Crvenkovski/Branko_Crvenkovski_0002.jpg,Branko_Crvenkovski,1,1.0,0.8266173601150513,0.8266173601150513,Branko_Crvenkovski,Robert_De_Niro,Alvaro_Uribe,Fidel_Castro,Nanni_Moretti,John_Garamendi,Steven_Spielberg,Carmen_Electra,Jean-Claude_Juncker,Mohammad_Khatami
vggface2,mtcnn_crop_fallback,probe/Brendan_Hansen/Brendan_Hansen_0002.jpg,Brendan_Hansen,1,1.0,0.7732214331626892,0.7732214331626892,Brendan_Hansen,David_Bell,Richard_Krajicek,Luis_Figo,Joe_Nichols,Nick_Nolte,Elizabeth_Smart,Thomas_Rupprath,Gustavo_Kuerten,Marcus_Gronholm
vggface2,mtcnn_crop_fallback,probe/Brian_Cowen/Brian_Cowen_0002.jpg,Brian_Cowen,1,1.0,0.8905156254768372,0.8905156254768372,Brian_Cowen,William_Ford_Jr,Trent_Lott,Alan_Ball,Jose_Manuel_Durao_Barroso,Nicanor_Duarte_Frutos,Paul_McNulty,Munir_Akram,James_Kopp,Brian_Wells
vggface2,mtcnn_crop_fallback,probe/Brian_Griese/Brian_Griese_0002.jpg,Brian_Griese,1,1.0,0.8890492916107178,0.8890492916107178,Brian_Griese,Justin_Leonard,Roy_Moore,John_Brady,Gil_de_Ferran,Thomas_Birmingham,Howard_Dean,Frank_Solich,Bo_Pelini,Aitor_Gonzalez
vggface2,mtcnn_crop_fallback,probe/Brian_Heidik/Brian_Heidik_0002.jpg,Brian_Heidik,1,1.0,0.6698920130729675,0.6698920130729675,Brian_Heidik,Alex_Penelas,Harry_Schmidt,Juanes,Penelope_Ann_Miller,Bertrand_Bonello,Matthew_Perry,Lon_Kruger,Gustavo_Kuerten,David_Bell
vggface2,mtcnn_crop_fallback,probe/Brian_Mulroney/Brian_Mulroney_0002.jpg,Brian_Mulroney,1,1.0,0.8143100738525391,0.8143100738525391,Brian_Mulroney,Joseph_Blatter,Valery_Giscard_dEstaing,William_Bratton,Jerry_Falwell,Nestor_Kirchner,Jorge_Rodolfo_Canicoba_Corral,Peter_Arnett,Valdas_Adamkus,Peter_Harrison
vggface2,mtcnn_crop_fallback,probe/Brian_Wells/Brian_Wells_0002.jpg,Brian_Wells,1,1.0,0.6497344970703125,0.6497344970703125,Brian_Wells,William_Ford_Jr,Robert_Zoellick,Jay_Rasulo,Pedro_Malan,Lindsey_Graham,Bernard_Landry,Antony_Leung,Mike_Weir,Richard_Sambrook
vggface2,mtcnn_crop_fallback,probe/Bridget_Fonda/Bridget_Fonda_0002.jpg,Bridget_Fonda,1,1.0,0.8773704767227173,0.8773704767227173,Bridget_Fonda,Brooke_Shields,Kristin_Davis,Gillian_Anderson,Christine_Gregoire,Sue_Wicks,Lindsay_Benko,Priscilla_Owen,Monica_Bellucci,Drew_Barrymore
vggface2,mtcnn_crop_fallback,probe/Brigitte_Boisselier/Brigitte_Boisselier_0002.jpg,Brigitte_Boisselier,1,1.0,0.852229118347168,0.852229118347168,Brigitte_Boisselier,Tracee_Ellis_Ross,Meryl_Streep,Barbara_Walters,Anneli_Jaatteenmaki,Dolly_Parton,Jolanta_Kwasniewski,Fayssal_Mekdad,Elizabeth_Dole,Lynn_Abraham
vggface2,mtcnn_crop_fallback,probe/Brooke_Shields/Brooke_Shields_0002.jpg,Brooke_Shields,1,1.0,0.7045334577560425,0.7045334577560425,Brooke_Shields,Jennifer_Connelly,Betsy_Smith,Julianne_Moore,Jim_Furyk,Christine_Gregoire,Kemal_Dervis,John_Snow,Bridget_Fonda,Alexandra_Vodjanikova
vggface2,mtcnn_crop_fallback,probe/Bruce_Van_De_Velde/Bruce_Van_De_Velde_0002.jpg,Bruce_Van_De_Velde,1,1.0,0.822693943977356,0.822693943977356,Bruce_Van_De_Velde,James_Kelly,Roy_Moore,Robert_Zoellick,James_Morris,John_Jumper,Richard_Gephardt,Paul_McNulty,Roy_Williams,Aleksander_Kwasniewski
vggface2,mtcnn_crop_fallback,probe/Bruce_Weber/Bruce_Weber_0002.jpg,Bruce_Weber,1,1.0,0.8303014039993286,0.8303014039993286,Bruce_Weber,John_Abizaid,Matt_Doherty,Padraig_Harrington,Rich_Gannon,Vitali_Klitschko,Mikhail_Kasyanov,Harry_Schmidt,Fred_Eckhard,David_Coulthard
vggface2,mtcnn_crop_fallback,probe/Bud_Selig/Bud_Selig_0002.jpg,Bud_Selig,1,1.0,0.8583115339279175,0.8583115339279175,Bud_Selig,Bill_Gates,Marc_Grossman,Charles_Grassley,Charlton_Heston,Arlen_Specter,Tom_Crean,David_Leahy,Ron_Dittemore,David_Trimble
vggface2,mtcnn_crop_fallback,probe/Butch_Davis/Butch_Davis_0002.jpg,Butch_Davis,1,1.0,0.8665704131126404,0.8665704131126404,Butch_Davis,Matthew_Perry,Robert_Duvall,Kevin_Spacey,Francis_Mer,Robert_Zoellick,Peter_Arnett,Michael_Douglas,Geoff_Hoon,Lindsey_Graham
vggface2,mtcnn_crop_fallback,probe/Byron_Scott/Byron_Scott_0002.jpg,Byron_Scott,1,1.0,0.8018609285354614,0.8018609285354614,Byron_Scott,John_Stallworth,Ruben_Studdard,Harry_Belafonte,Paul_Pierce,Serena_Williams,Evander_Holyfield,Patrick_Ewing,Nelson_Mandela,Jason_Kidd
vggface2,mtcnn_crop_fallback,probe/Cameron_Diaz/Cameron_Diaz_0002.jpg,Cameron_Diaz,1,1.0,0.7589807510375977,0.7589807510375977,Cameron_Diaz,Patricia_Clarkson,Daryl_Hannah,Sally_Kirkland,Hillary_Clinton,Arianna_Huffington,Jessica_Lange,Daisy_Fuentes,Sheila_Copps,Jennifer_Lopez
vggface2,mtcnn_crop_fallback,probe/Camilla_Parker_Bowles/Camilla_Parker_Bowles_0002.jpg,Camilla_Parker_Bowles,671,0.0014903129657228018,0.5379608869552612,0.011332450434565544,Ozzy_Osbourne,Sally_Kirkland,James_Morris,Judi_Dench,Monica_Seles,Rick_Romley,Paul_McCartney,Ann_Veneman,Cristina_Saralegui,Joe_Nichols
vggface2,mtcnn_crop_fallback,probe/Candie_Kung/Candie_Kung_0002.jpg,Candie_Kung,1,1.0,0.8756800293922424,0.8756800293922424,Candie_Kung,Anna_Kournikova,Princess_Aiko,Yao_Ming,Thaksin_Shinawatra,Hitomi_Soga,Prince_Naruhito,Lee_Tae-sik,Heizo_Takenaka,Sachiko_Yamada
vggface2,mtcnn_crop_fallback,probe/Carl_Reiner/Carl_Reiner_0002.jpg,Carl_Reiner,1,1.0,0.7842985391616821,0.7842985391616821,Carl_Reiner,Frank_Lautenberg,James_Morris,Frank_Cassell,Thomas_OBrien,Dick_Cheney,Larry_Brown,Larry_Coker,Valery_Giscard_dEstaing,Patrick_Leahy
vggface2,mtcnn_crop_fallback,probe/Carla_Myers/Carla_Myers_0002.jpg,Carla_Myers,1,1.0,0.6908778548240662,0.6908778548240662,Carla_Myers,Sharon_Frey,Judy_Genshaft,Rita_Wilson,Gloria_Allred,John_Kerry,Aron_Ralston,Desiree_Lemosi,Michael_Ballack,Trent_Lott
vggface2,mtcnn_crop_fallback,probe/Carlo_Ancelotti/Carlo_Ancelotti_0002.jpg,Carlo_Ancelotti,1,1.0,0.8185092210769653,0.8185092210769653,Carlo_Ancelotti,Paul_William_Hurley,John_Allen_Muhammad,Alexander_Losyukov,Lou_Piniella,Xanana_Gusmao,Gray_Davis,Benjamin_Netanyahu,Jonathan_Edwards,Ricky_Ponting
vggface2,mtcnn_crop_fallback,probe/Carlos_Bianchi/Carlos_Bianchi_0002.jpg,Carlos_Bianchi,2,0.5,0.7540130019187927,0.7313687801361084,Nabil_Shaath,Carlos_Bianchi,Costas_Simitis,Paul_ONeill,Paul_Patton,Dick_Cheney,Sarah_Jessica_Parker,Valery_Giscard_dEstaing,Bob_Beauprez,Gary_Carter
vggface2,mtcnn_crop_fallback,probe/Carlos_Ghosn/Carlos_Ghosn_0002.jpg,Carlos_Ghosn,1,1.0,0.9098140001296997,0.9098140001296997,Carlos_Ghosn,Spencer_Abraham,Silvan_Shalom,Nia_Vardalos,Alexander_Losyukov,Boris_Berezovsky,John_Negroponte,Jose_Serra,Cruz_Bustamante,Li_Peng
vggface2,mtcnn_crop_fallback,probe/Carlos_Manuel_Pruneda/Carlos_Manuel_Pruneda_0002.jpg,Carlos_Manuel_Pruneda,1,1.0,0.8920841217041016,0.8920841217041016,Carlos_Manuel_Pruneda,Antonio_Banderas,Aitor_Gonzalez,Jim_Carrey,Juan_Pablo_Montoya,Daniel_Day-Lewis,Vitali_Klitschko,Paul-Henri_Mathieu,Jimmy_Kimmel,Kevin_Spacey
vggface2,mtcnn_crop_fallback,probe/Carlos_Mesa/Carlos_Mesa_0002.jpg,Carlos_Mesa,1,1.0,0.8670519590377808,0.8670519590377808,Carlos_Mesa,Steven_Spielberg,Mohammad_Khatami,Amram_Mitzna,Pedro_Solbes,Osama_bin_Laden,Juergen_Peters,Xanana_Gusmao,Fidel_Castro,Ali_Khamenei
vggface2,mtcnn_crop_fallback,probe/Carlos_Quintanilla_Schmidt/Carlos_Quintanilla_Schmidt_0002.jpg,Carlos_Quintanilla_Schmidt,1,1.0,0.8961694836616516,0.8961694836616516,Carlos_Quintanilla_Schmidt,Nicanor_Duarte_Frutos,Mohamed_Benaissa,Gregory_Geoffroy,Anders_Fogh_Rasmussen,Jorge_Castaneda,Li_Peng,Kim_Ryong-sung,Mohammad_Khatami,Alvaro_Uribe
vggface2,mtcnn_crop_fallback,probe/Carmen_Electra/Carmen_Electra_0002.jpg,Carmen_Electra,1,1.0,0.8138464689254761,0.8138464689254761,Carmen_Electra,Martina_Hingis,Jim_Edmonds,Alec_Baldwin,Ronald_Reagan,Leslie_Ann_Woodward,LeAnn_Rimes,Paul_William_Hurley,Sophia_Loren,John_Manley
vggface2,mtcnn_crop_fallback,probe/Carol_Burnett/Carol_Burnett_0002.jpg,Carol_Burnett,1,1.0,0.8654388189315796,0.8654388189315796,Carol_Burnett,Geraldine_Chaplin,Jane_Kaczmarek,Hanan_Ashrawi,Ann_Veneman,Jeanne_Moreau,LeAnn_Rimes,Frances_Fisher,Maggie_Smith,Donna_Shalala
vggface2,mtcnn_crop_fallback,probe/Carol_Moseley_Braun/Carol_Moseley_Braun_0002.jpg,Carol_Moseley_Braun,1,1.0,0.7570668458938599,0.7570668458938599,Carol_Moseley_Braun,Donatella_Versace,Jennifer_Lopez,Patti_Labelle,Dolma_Tsering,Serena_Williams,Nelson_Mandela,Intisar_Ajouri,Alejandro_Toledo,Begum_Khaleda_Zia
vggface2,mtcnn_crop_fallback,probe/Carolina_Moraes/Carolina_Moraes_0002.jpg,Carolina_Moraes,1,1.0,0.7240561842918396,0.7240561842918396,Carolina_Moraes,Silvia_Farina_Elia,Natalie_Coughlin,Meghann_Shaughnessy,Hayley_Tullett,Daniela_Hantuchova,Cathy_Freeman,Lindsay_Davenport,Eve_Pelletier,Iva_Majoli
vggface2,mtcnn_crop_fallback,probe/Carolyn_Dawn_Johnson/Carolyn_Dawn_Johnson_0002.jpg,Carolyn_Dawn_Johnson,1,1.0,0.8816108703613281,0.8816108703613281,Carolyn_Dawn_Johnson,Jennifer_Thompson,Celine_Dion,Lina_Krasnoroutskaya,Alice_Fisher,Arantxa_Sanchez-Vicario,Julie_Gerberding,Alicia_Silverstone,Paula_Radcliffe,Lindsay_Davenport
vggface2,mtcnn_crop_fallback,probe/Carson_Daly/Carson_Daly_0002.jpg,Carson_Daly,1,1.0,0.6695178747177124,0.6695178747177124,Carson_Daly,James_McGreevey,Guillermo_Coria,Aitor_Gonzalez,Jimmy_Kimmel,George_Lopez,Larry_Johnson,Antonio_Banderas,Carlos_Manuel_Pruneda,Andrew_Bunner
vggface2,mtcnn_crop_fallback,probe/Cathy_Freeman/Cathy_Freeman_0002.jpg,Cathy_Freeman,1,1.0,0.7692587375640869,0.7692587375640869,Cathy_Freeman,Kelli_White,Chanda_Rubin,Denise_Johnson,Jada_Pinkett_Smith,Patty_Schnyder,Alexandra_Stevenson,Eunice_Barber,Silvia_Farina_Elia,Kalpana_Chawla
vggface2,mtcnn_crop_fallback,probe/Celine_Dion/Celine_Dion_0002.jpg,Celine_Dion,1,1.0,0.6835428476333618,0.6835428476333618,Celine_Dion,Judy_Genshaft,Vanessa_Incontrada,Meryl_Streep,Jackie_Chan,John_Kerry,Patricia_Heaton,Gloria_Allred,Juanes,Liza_Minnelli
vggface2,mtcnn_crop_fallback,probe/Celso_Amorim/Celso_Amorim_0002.jpg,Celso_Amorim,1,1.0,0.6454243063926697,0.6454243063926697,Celso_Amorim,Ali_Khamenei,Amram_Mitzna,Gerry_Adams,Abdullah_Gul,Mohammad_Khatami,Francis_Ford_Coppola,Sean_Patrick_OMalley,Inam-ul-Haq,Steven_Spielberg
vggface2,mtcnn_crop_fallback,probe/Cesar_Maia/Cesar_Maia_0002.jpg,Cesar_Maia,1,1.0,0.5967310667037964,0.5967310667037964,Cesar_Maia,William_Bratton,Paul_Patton,Scott_McClellan,Leszek_Miller,Costas_Simitis,John_McCormack,Yasar_Yakis,Eduardo_Duhalde,Mohammad_Khatami
vggface2,mtcnn_crop_fallback,probe/Chakib_Khelil/Chakib_Khelil_0002.jpg,Chakib_Khelil,1,1.0,0.852996826171875,0.852996826171875,Chakib_Khelil,Wesley_Clark,George_Roy_Hill,Dennis_Erickson,Richard_Crenna,Shaukat_Aziz,Leslie_Moonves,Miguel_Contreras,Dick_Latessa,Charlton_Heston
vggface2,mtcnn_crop_fallback,probe/Chanda_Rubin/Chanda_Rubin_0002.jpg,Chanda_Rubin,1,1.0,0.8345217704772949,0.8345217704772949,Chanda_Rubin,Laila_Ali,Cathy_Freeman,Tamara_Brooks,Amanda_Beard,Kelli_White,Eunice_Barber,Denise_Johnson,Venus_Williams,Patty_Schnyder
vggface2,mtcnn_crop_fallback,probe/Chang_Dae-whan/Chang_Dae-whan_0002.jpg,Chang_Dae-whan,1,1.0,0.8343537449836731,0.8343537449836731,Chang_Dae-whan,Hu_Jintao,Chen_Liang_Yu,Kim_Jin-sun,Gao_Qiang,Lim_Dong-won,Antony_Leung,Li_Peng,Kim_Dae-jung,Jia_Qinglin
vggface2,mtcnn_crop_fallback,probe/Charles_Grassley/Charles_Grassley_0002.jpg,Charles_Grassley,84,0.011904761904761904,0.584967315196991,0.33974671363830566,Alejandro_Toledo,Bernard_Landry,Pedro_Malan,Richard_Shelby,Jack_Straw,Gregory_Geoffroy,Liu_Mingkang,Nicanor_Duarte_Frutos,Trent_Lott,Costas_Simitis
vggface2,mtcnn_crop_fallback,probe/Charles_Kartman/Charles_Kartman_0002.jpg,Charles_Kartman,1,1.0,0.7941436767578125,0.7941436767578125,Charles_Kartman,Kim_Ryong-sung,John_McCormack,Nicanor_Duarte_Frutos,Nabil_Shaath,Hun_Sen,Liu_Mingkang,Paul_Bremer,Prince_Naruhito,Costas_Simitis
vggface2,mtcnn_crop_fallback,probe/Charles_Mathews/Charles_Mathews_0002.jpg,Charles_Mathews,1,1.0,0.7974865436553955,0.7974865436553955,Charles_Mathews,Al_Davis,James_Ivory,Richard_Shelby,Joseph_Blatter,Gray_Davis,Kemal_Dervis,Valery_Giscard_dEstaing,Richard_Gephardt,Dick_Cheney
vggface2,mtcnn_crop_fallback,probe/Charles_Schumer/Charles_Schumer_0002.jpg,Charles_Schumer,239,0.0041841004184100415,0.5659902095794678,0.2024303376674652,Martin_Brodeur,John_Negroponte,Michael_Chiklis,Goran_Persson,Ben_Glisan,Michael_J_Sheehan,Costas_Simitis,Robert_Zoellick,Pascal_Quignard,Tim_Floyd
vggface2,mtcnn_crop_fallback,probe/Charlie_Zaa/Charlie_Zaa_0002.jpg,Charlie_Zaa,1,1.0,0.705216646194458,0.705216646194458,Charlie_Zaa,Miguel_Contreras,Dai_Bachtiar,Megawati_Sukarnoputri,Hun_Sen,GL_Peiris,Juan_Pablo_Montoya,James_Kopp,Colin_Powell,Lauren_Hutton
vggface2,mtcnn_crop_fallback,probe/Charlotte_Rampling/Charlotte_Rampling_0002.jpg,Charlotte_Rampling,638,0.001567398119122257,0.5569396018981934,-0.02758840098977089,Katie_Harman,Cameron_Diaz,Kathy_Winters,Arianna_Huffington,Elizabeth_Smart,Olivia_Newton-John,Christine_Ebersole,Julianne_Moore,Lea_Fastow,Justine_Henin
vggface2,mtcnn_crop_fallback,probe/Charlton_Heston/Charlton_Heston_0002.jpg,Charlton_Heston,1,1.0,0.8893550634384155,0.8893550634384155,Charlton_Heston,Jack_Straw,Robert_DeFraites,Sam_Bith,Tom_Daschle,Bill_Gates,Bud_Selig,John_Taylor,Wang_Yingfan,Michael_J_Sheehan
vggface2,mtcnn_crop_fallback,probe/Chen_Liang_Yu/Chen_Liang_Yu_0002.jpg,Chen_Liang_Yu,1,1.0,0.8791565895080566,0.8791565895080566,Chen_Liang_Yu,Prince_Naruhito,Hu_Jintao,Lim_Dong-won,Alberto_Fujimori,Thaksin_Shinawatra,Mitoji_Yabunaka,Chung_Mong-joon,Liu_Mingkang,Lee_Tae-sik
vggface2,mtcnn_crop_fallback,probe/Chita_Rivera/Chita_Rivera_0002.jpg,Chita_Rivera,1,1.0,0.8938847184181213,0.8938847184181213,Chita_Rivera,Dolly_Parton,Yukiko_Okudo,Nancy_Pelosi,Yoko_Ono,Sourav_Ganguly,Hun_Sen,Jo_Dee_Messina,Luis_Figo,Vitali_Klitschko
vggface2,mtcnn_crop_fallback,probe/Chok_Tong_Goh/Chok_Tong_Goh_0002.jpg,Chok_Tong_Goh,1,1.0,0.8276684284210205,0.8276684284210205,Chok_Tong_Goh,Kim_Jong-Il,Pedro_Malan,Colin_Powell,Lee_Hoi-chang,Bernard_Landry,Sam_Bith,GL_Peiris,Wang_Yingfan,Angelo_Reyes
vggface2,mtcnn_crop_fallback,probe/Chris_Bell/Chris_Bell_0002.jpg,Chris_Bell,1,1.0,0.9148557782173157,0.9148557782173157,Chris_Bell,Tom_Daschle,Jonathan_Edwards,Trent_Lott,Hootie_Johnson,Leslie_Moonves,William_Bratton,James_Traficant,Gregg_Popovich,Michael_Kostelnik
vggface2,mtcnn_crop_fallback,probe/Chris_Byrd/Chris_Byrd_0002.jpg,Chris_Byrd,1,1.0,0.8035398721694946,0.8035398721694946,Chris_Byrd,Evander_Holyfield,LeBron_James,Adrian_McPherson,Latrell_Sprewell,Mike_Tyson,Kirk_Johnson,Paul_Pierce,Donatella_Versace,OJ_Simpson
vggface2,mtcnn_crop_fallback,probe/Chris_Cooper/Chris_Cooper_0002.jpg,Chris_Cooper,1,1.0,0.8126628398895264,0.8126628398895264,Chris_Cooper,George_Pataki,Pedro_Malan,Harvey_Weinstein,Richard_Crenna,Roy_Moore,Charles_Grassley,Michelle_Yeoh,Jeffrey_Jones,Vladimir_Putin
vggface2,mtcnn_crop_fallback,probe/Chris_Rock/Chris_Rock_0002.jpg,Chris_Rock,1,1.0,0.8770195245742798,0.8770195245742798,Chris_Rock,Richard_Sambrook,Mark_Dacey,Patrick_Ewing,Darren_Clarke,Allen_Iverson,Kathryn_Bigelow,Alexander_Rumyantsev,Dexter_Jackson,Jose_Sarney
vggface2,mtcnn_crop_fallback,probe/Chris_Tucker/Chris_Tucker_0002.jpg,Chris_Tucker,1,1.0,0.7980182766914368,0.7980182766914368,Chris_Tucker,Doug_Duncan,Emmit_Smith,Byron_Scott,Patrick_Ewing,Jesse_Jackson,Nastassia_Kinski,Serena_Williams,Michelle_Pfeiffer,Mariangel_Ruiz_Torrealba
vggface2,mtcnn_crop_fallback,probe/Christian_Fittipaldi/Christian_Fittipaldi_0002.jpg,Christian_Fittipaldi,1,1.0,0.6888176202774048,0.6888176202774048,Christian_Fittipaldi,Juan_Pablo_Montoya,Sourav_Ganguly,Pete_Sampras,Carlos_Manuel_Pruneda,Padraig_Harrington,Marco_Antonio_Barrera,Bruce_Weber,Ben_Curtis,Darrell_Porter
vggface2,mtcnn_crop_fallback,probe/Christian_Wulff/Christian_Wulff_0002.jpg,Christian_Wulff,1,1.0,0.7956351041793823,0.7956351041793823,Christian_Wulff,James_Kelly,Jean-David_Levitte,Ron_Dittemore,Bud_Selig,Bill_Simon,Simon_Cowell,James_Kopp,Geno_Auriemma,Paul_McNulty
vggface2,mtcnn_crop_fallback,probe/Christina_Aguilera/Christina_Aguilera_0002.jpg,Christina_Aguilera,1,1.0,0.5716006755828857,0.5716006755828857,Christina_Aguilera,Patti_Labelle,Tracee_Ellis_Ross,Susan_Collins,Pamela_Anderson,Chita_Rivera,Martin_Scorsese,Meryl_Streep,Luis_Horna,Jon_Gruden
vggface2,mtcnn_crop_fallback,probe/Christine_Ebersole/Christine_Ebersole_0002.jpg,Christine_Ebersole,1,1.0,0.7963339686393738,0.7963339686393738,Christine_Ebersole,Jolanta_Kwasniewski,Meryl_Streep,Karin_Stoiber,Dolly_Parton,Jessica_Lange,Raquel_Welch,Miroljub,Jean_Brumley,Nancy_Reagan
vggface2,mtcnn_crop_fallback,probe/Christine_Gregoire/Christine_Gregoire_0002.jpg,Christine_Gregoire,1,1.0,0.8798952102661133,0.8798952102661133,Christine_Gregoire,Lynne_Cheney,Dorthy_Moxley,Debra_Brown,Nancy_Pelosi,Jean_Carnahan,Robert_Stack,Paula_Radcliffe,Jean_Brumley,Sheila_Wellstone
vggface2,mtcnn_crop_fallback,probe/Christopher_Patten/Christopher_Patten_0002.jpg,Christopher_Patten,1,1.0,0.8259047269821167,0.8259047269821167,Christopher_Patten,James_Ivory,Paul_ONeill,Valdas_Adamkus,Chok_Tong_Goh,Jimmy_Carter,Trent_Lott,Dick_Cheney,Joseph_Biden,Bob_Hope
vggface2,mtcnn_crop_fallback,probe/Christopher_Walken/Christopher_Walken_0002.jpg,Christopher_Walken,1,1.0,0.9214059114456177,0.9214059114456177,Christopher_Walken,Gerry_Parsky,Rupert_Grint,Bill_Gates,Vladimir_Putin,Sandra_Bullock,Goh_Kun,Matthew_Perry,Bill_Sizemore,John_Snow
vggface2,mtcnn_crop_fallback,probe/Chuck_Amato/Chuck_Amato_0002.jpg,Chuck_Amato,1,1.0,0.9336588978767395,0.9336588978767395,Chuck_Amato,Vladimir_Putin,William_Bratton,Brad_Johnson,Benjamin_Netanyahu,Anthony_LaPaglia,James_Butts,Nestor_Kirchner,Bernard_Lord,Abel_Pacheco
vggface2,mtcnn_crop_fallback,probe/Chuck_Yeager/Chuck_Yeager_0002.jpg,Chuck_Yeager,1,1.0,0.8907155394554138,0.8907155394554138,Chuck_Yeager,Klaus_Zwickel,Franz_Beckenbauer,Manfred_Stolpe,Doug_Collins,James_Kelly,Bill_Graham,Robert_DeFraites,Charlton_Heston,Robert_Bonner
vggface2,mtcnn_crop_fallback,probe/Chung_Mong-hun/Chung_Mong-hun_0002.jpg,Chung_Mong-hun,1,1.0,0.740748405456543,0.740748405456543,Chung_Mong-hun,Bill_Gates,Antony_Leung,Hun_Sen,Hassan_Wirajuda,Juan_Valencia_Osorio,Lee_Jun,Hu_Jintao,Kim_Jin-sun,Kim_Dae-jung
vggface2,mtcnn_crop_fallback,probe/Chung_Mong-joon/Chung_Mong-joon_0002.jpg,Chung_Mong-joon,1,1.0,0.8364386558532715,0.8364386558532715,Chung_Mong-joon,Lee_Tae-sik,Kim_Dae-jung,Chang_Dae-whan,Hichiro_Naemura,Ken_Watanabe,Chen_Liang_Yu,Lee_Hoi-chang,Heizo_Takenaka,Thaksin_Shinawatra
vggface2,mtcnn_crop_fallback,probe/Cindy_Margolis/Cindy_Margolis_0002.jpg,Cindy_Margolis,1,1.0,0.7663016319274902,0.7663016319274902,Cindy_Margolis,Mariah_Carey,Julianne_Moore,Kristanna_Loken,Michelle_Pfeiffer,Elizabeth_Shue,Mary_Carey,Amanda_Coetzer,Raquel_Welch,Anna_Nicole_Smith
vggface2,mtcnn_crop_fallback,probe/Claire_Danes/Claire_Danes_0002.jpg,Claire_Danes,1,1.0,0.7117763757705688,0.7117763757705688,Claire_Danes,Bud_Selig,Barbra_Streisand,Maria_Luisa_Mendonca,Isabelle_Huppert,Amber_Tamblyn,Charles_Grassley,Julie_Gerberding,Tom_Craddick,Daryl_Hannah
vggface2,mtcnn_crop_fallback,probe/Claire_Hentzen/Claire_Hentzen_0002.jpg,Claire_Hentzen,1,1.0,0.922120213508606,0.922120213508606,Claire_Hentzen,Diana_Taurasi,Jennifer_Rodriguez,Hayley_Tullett,Nadia_Petrova,Anna_Kournikova,Bill_Graham,Vladimir_Putin,Jennifer_Thompson,Stacy_Dragila
vggface2,mtcnn_crop_fallback,probe/Claire_Leger/Claire_Leger_0002.jpg,Claire_Leger,1,1.0,0.845883846282959,0.845883846282959,Claire_Leger,Elinor_Caplan,Helen_Clark,James_Kopp,Joan_Claybrook,Conchita_Martinez,Biljana_Plavsic,Kathleen_Kennedy_Townsend,Priscilla_Owen,Martha_Burk
vggface2,mtcnn_crop_fallback,probe/Colin_Jackson/Colin_Jackson_0002.jpg,Colin_Jackson,1,1.0,0.9024315476417542,0.9024315476417542,Colin_Jackson,Vince_Carter,Isaiah_Washington,Sophia_Loren,Hector_Babenco,Pete_Sampras,S_Jayakumar,Dexter_Jackson,Tony_Bennett,Carlos_Quintanilla_Schmidt
vggface2,mtcnn_crop_fallback,probe/Conchita_Martinez/Conchita_Martinez_0002.jpg,Conchita_Martinez,1,1.0,0.9071065187454224,0.9071065187454224,Conchita_Martinez,Janet_Thorpe,Magui_Serna,Monica_Seles,Martina_Hingis,Fabiola_Zuluaga,Kurt_Busch,Hayley_Tullett,Meghann_Shaughnessy,Blythe_Hartley
vggface2,mtcnn_crop_fallback,probe/Coretta_Scott_King/Coretta_Scott_King_0002.jpg,Coretta_Scott_King,1,1.0,0.8708311319351196,0.8708311319351196,Coretta_Scott_King,Nancy_Pelosi,Rita_Moreno,Julie_Taymor,Yukiko_Okudo,Aung_San_Suu_Kyi,Gloria_Macapagal_Arroyo,Megawati_Sukarnoputri,Valerie_Harper,Geraldine_Chaplin
vggface2,mtcnn_crop_fallback,probe/Corinne_Coman/Corinne_Coman_0002.jpg,Corinne_Coman,1,1.0,0.8882032036781311,0.8882032036781311,Corinne_Coman,Karen_Mok,Luis_Figo,Jimmy_Carter,Kristanna_Loken,Cindy_Margolis,Howard_Smith,Gunter_Pleuger,Jada_Pinkett_Smith,George_Pataki
vggface2,mtcnn_crop_fallback,probe/Costas_Simitis/Costas_Simitis_0002.jpg,Costas_Simitis,1,1.0,0.7832978367805481,0.7832978367805481,Costas_Simitis,John_Negroponte,David_Dodge,Mike_Price,William_Bratton,Jorge_Batlle,Richard_Shelby,Pete_Sampras,Mohammad_Khatami,John_McEnroe
vggface2,mtcnn_crop_fallback,probe/Courtney_Love/Courtney_Love_0002.jpg,Courtney_Love,1,1.0,0.4978322386741638,0.4978322386741638,Courtney_Love,Kristanna_Loken,Madonna,Cindy_Margolis,Yasser_Arafat,Melanie_Griffith,Ismail_Merchant,Barbra_Streisand,Pamela_Anderson,Lili_Taylor
vggface2,mtcnn_crop_fallback,probe/Cristina_Fernandez/Cristina_Fernandez_0002.jpg,Cristina_Fernandez,251,0.00398406374501992,0.37935853004455566,0.09392455220222473,Chita_Rivera,Benazir_Bhutto,Stockard_Channing,David_Trimble,Madonna,Amelia_Vega,Pedro_Malan,Arlen_Specter,David_Leahy,Gianna_Angelopoulos-Daskalaki
vggface2,mtcnn_crop_fallback,probe/Cristina_Saralegui/Cristina_Saralegui_0002.jpg,Cristina_Saralegui,1,1.0,0.8861658573150635,0.8861658573150635,Cristina_Saralegui,Melanie_Griffith,Ann_Veneman,Karin_Stoiber,Ozzy_Osbourne,Johnny_Carson,Doris_Roberts,Rick_Romley,Sally_Kirkland,Mary_Tyler_Moore
vggface2,mtcnn_crop_fallback,probe/Cruz_Bustamante/Cruz_Bustamante_0002.jpg,Cruz_Bustamante,1,1.0,0.8938292264938354,0.8938292264938354,Cruz_Bustamante,Len_Jenoff,Nia_Vardalos,Spencer_Abraham,John_Negroponte,Jose_Serra,Nasser_al-Kidwa,John_McEnroe,Carlos_Ghosn,Ibrahim_Jaafari
vggface2,mtcnn_crop_fallback,probe/Cyndi_Thompson/Cyndi_Thompson_0002.jpg,Cyndi_Thompson,1,1.0,0.7835102081298828,0.7835102081298828,Cyndi_Thompson,Erika_Christensen,Vanessa_Williams,Amber_Tamblyn,Mary-Kate_Olsen,Valerie_Harper,Goldie_Hawn,Marina_Anissina,Hermann_Maier,Natalie_Coughlin
vggface2,mtcnn_crop_fallback,probe/Dai_Bachtiar/Dai_Bachtiar_0002.jpg,Dai_Bachtiar,1,1.0,0.9075750112533569,0.9075750112533569,Dai_Bachtiar,Hun_Sen,Anwar_Ibrahim,Angelo_Reyes,Thaksin_Shinawatra,Megawati_Sukarnoputri,Johnson_Panjaitan,Michael_Chang,Joseph_Estrada,Yao_Ming
vggface2,mtcnn_crop_fallback,probe/Daisy_Fuentes/Daisy_Fuentes_0002.jpg,Daisy_Fuentes,1,1.0,0.7159726619720459,0.7159726619720459,Daisy_Fuentes,Sandra_Bullock,Marisa_Tomei,Vanessa_Incontrada,Juanes,Jennifer_Aniston,Fran_Drescher,Brooke_Shields,Cristina_Fernandez,Bridget_Fonda
vggface2,mtcnn_crop_fallback,probe/Dalai_Lama/Dalai_Lama_0002.jpg,Dalai_Lama,1,1.0,0.8425809144973755,0.8425809144973755,Dalai_Lama,Larry_Brown,Henrique_Meirelles,Chok_Tong_Goh,GL_Peiris,Colin_Powell,Jackie_Chan,Li_Peng,Bo_Ryan,Jose_Serra
vggface2,mtcnn_crop_fallback,probe/Dale_Earnhardt_Jr/Dale_Earnhardt_Jr_0002.jpg,Dale_Earnhardt_Jr,1,1.0,0.7585262060165405,0.7585262060165405,Dale_Earnhardt_Jr,Jeremy_Shockey,Kenneth_Branagh,Jan_Ullrich,Robert_Zoellick,Prince_Harry,Gerry_Adams,Kirk_Ferentz,Leland_Chapman,Brad_Johnson
vggface2,mtcnn_crop_fallback,probe/Damon_van_Dam/Damon_van_Dam_0002.jpg,Damon_van_Dam,1,1.0,0.779093861579895,0.779093861579895,Damon_van_Dam,Brad_Johnson,James_Parker,Tom_Glavine,Matthew_Perry,Jeffrey_Immelt,Jon_Gruden,Kirk_Ferentz,Marcus_Gronholm,Jason_Jennings
vggface2,mtcnn_crop_fallback,probe/Dan_Wheldon/Dan_Wheldon_0002.jpg,Dan_Wheldon,741,0.001349527665317139,0.424554705619812,-0.07921412587165833,Mike_Weir,Jim_Carrey,Brendan_Hansen,Gil_de_Ferran,Geraldine_Chaplin,Mario_Cipollini,Kenneth_Branagh,Geoff_Hoon,Jennifer_Connelly,Leon_LaPorte
vggface2,mtcnn_crop_fallback,probe/Daniel_Day-Lewis/Daniel_Day-Lewis_0002.jpg,Daniel_Day-Lewis,1,1.0,0.7124320864677429,0.7124320864677429,Daniel_Day-Lewis,Barrett_Jackman,Luis_Horna,Leon_LaPorte,Juan_Manuel_Marquez,Jason_Kidd,Matt_Doherty,Peter_Hillary,Thomas_Rupprath,Carlos_Bianchi
vggface2,mtcnn_crop_fallback,probe/Daniela_Hantuchova/Daniela_Hantuchova_0002.jpg,Daniela_Hantuchova,1,1.0,0.8541330695152283,0.8541330695152283,Daniela_Hantuchova,Nadia_Petrova,Anna_Kournikova,Justine_Henin,Natalie_Coughlin,Conchita_Martinez,Martina_Hingis,Julie_Gerberding,Elizabeth_Smart,Flavia_Delaroli
vggface2,mtcnn_crop_fallback,probe/Darrell_Issa/Darrell_Issa_0002.jpg,Darrell_Issa,1,1.0,0.7808094620704651,0.7808094620704651,Darrell_Issa,James_McGreevey,Juan_Pablo_Montoya,Hashim_Thaci,Joe_Mantello,Jonathan_Edwards,Jorge_Valdano,Andrew_Cuomo,Bijan_Namdar_Zangeneh,Inocencio_Arias
vggface2,mtcnn_crop_fallback,probe/Darrell_Porter/Darrell_Porter_0002.jpg,Darrell_Porter,1,1.0,0.4828251302242279,0.4828251302242279,Darrell_Porter,Orlando_Bloom,Jose_Theodore,Theo_Epstein,Peter_Struck,Elvis_Presley,Tyler_Hamilton,David_Spade,Carlos_Bianchi,Anibal_Ibarra
vggface2,mtcnn_crop_fallback,probe/Darren_Clarke/Darren_Clarke_0002.jpg,Darren_Clarke,1,1.0,0.6219255924224854,0.6219255924224854,Darren_Clarke,David_Wolf,John_Jumper,Spencer_Abraham,Ilan_Ramon,John_Negroponte,Kurt_Busch,Lou_Piniella,George_Tenet,Michael_Chiklis
vggface2,mtcnn_crop_fallback,probe/Daryl_Hannah/Daryl_Hannah_0002.jpg,Daryl_Hannah,1,1.0,0.6369017362594604,0.6369017362594604,Daryl_Hannah,Jessica_Lange,Leslie_Ann_Woodward,Gary_Carter,Doris_Schroeder,Reese_Witherspoon,Chuck_Yeager,Luis_Gonzalez_Macchi,Billy_Graham,Alexandra_Vodjanikova
vggface2,mtcnn_crop_fallback,probe/Dave_Campo/Dave_Campo_0002.jpg,Dave_Campo,1,1.0,0.8898037672042847,0.8898037672042847,Dave_Campo,Bo_Ryan,Herb_Sendek,John_Jumper,Colin_Powell,Rick_Romley,Bruce_Van_De_Velde,Howard_Smith,James_Kelly,Gary_Williams
vggface2,mtcnn_crop_fallback,probe/David_Bell/David_Bell_0002.jpg,David_Bell,1,1.0,0.8038309812545776,0.8038309812545776,David_Bell,Brendan_Hansen,Joe_Nichols,Harry_Schmidt,Orlando_Bloom,Guillermo_Coria,Brad_Johnson,Jason_Lezak,Luis_Figo,Bode_Miller
vggface2,mtcnn_crop_fallback,probe/David_Caraway/David_Caraway_0002.jpg,David_Caraway,1,1.0,0.7657102346420288,0.7657102346420288,David_Caraway,James_Morris,Dennis_Kozlowski,Jon_Gruden,Richard_Gephardt,Larry_Coker,Prince_Willem-Alexander,Jay_Garner,John_Snow,Richard_Norton-Taylor
vggface2,mtcnn_crop_fallback,probe/David_Coulthard/David_Coulthard_0002.jpg,David_Coulthard,1,1.0,0.7116520404815674,0.7116520404815674,David_Coulthard,Vitali_Klitschko,Ron_Dittemore,Stanley_McChrystal,Jan_Ullrich,Jim_Furyk,Guillermo_Coria,Padraig_Harrington,Dale_Earnhardt_Jr,Chita_Rivera
vggface2,mtcnn_crop_fallback,probe/David_Dodge/David_Dodge_0002.jpg,David_Dodge,1,1.0,0.8183122873306274,0.8183122873306274,David_Dodge,Robert_Zoellick,Asa_Hutchinson,Bob_Beauprez,Joseph_Deiss,Prince_Edward,David_Myers,Donald_Evans,Roy_Moore,Herb_Sendek
vggface2,mtcnn_crop_fallback,probe/David_Heyman/David_Heyman_0002.jpg,David_Heyman,1,1.0,0.9391292333602905,0.9391292333602905,David_Heyman,Orlando_Bloom,Jude_Law,Alvaro_Uribe,Luis_Figo,Mario_Cipollini,Antonio_Banderas,Patrice_Chereau,John_Cusack,Betsy_Smith
vggface2,mtcnn_crop_fallback,probe/David_Heymann/David_Heymann_0002.jpg,David_Heymann,1,1.0,0.8451048135757446,0.8451048135757446,David_Heymann,Bill_Frist,Andrew_Cuomo,Bill_Simon,Dennis_Kucinich,Yao_Ming,Larry_Ellison,Anthony_Fauci,Robert_Duvall,Ron_Dittemore
vggface2,mtcnn_crop_fallback,probe/David_Kelley/David_Kelley_0002.jpg,David_Kelley,1,1.0,0.827254056930542,0.827254056930542,David_Kelley,Peter_Bacanovic,Joerg_Haider,Yukiko_Okudo,Kiki_Vandeweghe,Tom_Daschle,Beth_Jones,Dennis_Kucinich,Gary_Doer,Joe_Calzaghe
vggface2,mtcnn_crop_fallback,probe/David_Leahy/David_Leahy_0002.jpg,David_Leahy,5,0.2,0.6412890553474426,0.5740164518356323,Ron_Dittemore,Fred_Eckhard,David_Trimble,Vaclav_Havel,David_Leahy,Robert_DeFraites,Christian_Wulff,David_Dodge,Kent_Rominger,John_Banko
vggface2,mtcnn_crop_fallback,probe/David_Myers/David_Myers_0002.jpg,David_Myers,1,1.0,0.7896980047225952,0.7896980047225952,David_Myers,Kevin_Spacey,Igor_Ivanov,Adolfo_Rodriguez_Saa,Pedro_Malan,Alvaro_Uribe,Matthew_Perry,Jonathan_Mostow,Steve_Waugh,Butch_Davis
vggface2,mtcnn_crop_fallback,probe/David_Nalbandian/David_Nalbandian_0002.jpg,David_Nalbandian,1,1.0,0.7589378356933594,0.7589378356933594,David_Nalbandian,Yevgeny_Kafelnikov,Jim_Furyk,Damon_van_Dam,Ishaq_Shahryar,Jan_Ullrich,Greg_Gilbert,Brad_Johnson,Jamie_Villafane,Kirk_Ferentz
vggface2,mtcnn_crop_fallback,probe/David_Spade/David_Spade_0002.jpg,David_Spade,1,1.0,0.6087892055511475,0.6087892055511475,David_Spade,Alejandro_Avila,Vaclav_Havel,Robert_Zoellick,Alejandro_Atchugarry,Lindsey_Graham,Gray_Davis,Eric_Clapton,Jonathan_Mostow,Roman_Polanski
vggface2,mtcnn_crop_fallback,probe/David_Trimble/David_Trimble_0002.jpg,David_Trimble,1,1.0,0.8960908651351929,0.8960908651351929,David_Trimble,Fred_Eckhard,George_Robertson,Bill_Gates,Christopher_Walken,Antony_Leung,Robin_McLaurin_Williams,Christian_Wulff,Franko_Simatovic,David_Leahy
vggface2,mtcnn_crop_fallback,probe/David_Wolf/David_Wolf_0002.jpg,David_Wolf,1,1.0,0.6500318050384521,0.6500318050384521,David_Wolf,Iain_Duncan_Smith,Art_Howe,Hector_Babenco,Mark_Hamister,Benjamin_Netanyahu,Daniel_Day-Lewis,Gil_de_Ferran,Bo_Ryan,George_Tenet
vggface2,mtcnn_crop_fallback,probe/Debra_Brown/Debra_Brown_0002.jpg,Debra_Brown,1,1.0,0.8530890941619873,0.8530890941619873,Debra_Brown,Paula_Radcliffe,Queen_Beatrix,Jean_Carnahan,Christine_Gregoire,Betsy_Smith,Lynn_Abraham,Lynne_Cheney,Gro_Harlem_Brundtland,Karin_Stoiber
vggface2,mtcnn_crop_fallback,probe/Demetrius_Ferraciu/Demetrius_Ferraciu_0002.jpg,Demetrius_Ferraciu,1,1.0,0.6134113073348999,0.6134113073348999,Demetrius_Ferraciu,Pete_Sampras,Elizabeth_Shue,Robert_Kocharian,Vladimir_Putin,Charles_Schumer,Alejandro_Toledo,Art_Howe,Anibal_Ibarra,John_Rosa
vggface2,mtcnn_crop_fallback,probe/Denise_Johnson/Denise_Johnson_0002.jpg,Denise_Johnson,1,1.0,0.5548980832099915,0.5548980832099915,Denise_Johnson,Michael_Chang,Carol_Moseley_Braun,Begum_Khaleda_Zia,Tracee_Ellis_Ross,Chanda_Rubin,Leander_Paes,Ann_Veneman,Kim_Ryong-sung,GL_Peiris
vggface2,mtcnn_crop_fallback,probe/Dennis_Erickson/Dennis_Erickson_0002.jpg,Dennis_Erickson,1,1.0,0.8330944180488586,0.8330944180488586,Dennis_Erickson,Lyle_Vanclief,Charlton_Heston,Dick_Vermeil,Omar_Sharif,Chakib_Khelil,Wesley_Clark,Donald_Evans,Bill_Graham,Luis_Gonzalez_Macchi
vggface2,mtcnn_crop_fallback,probe/Dennis_Kozlowski/Dennis_Kozlowski_0002.jpg,Dennis_Kozlowski,1,1.0,0.7954725623130798,0.7954725623130798,Dennis_Kozlowski,Boris_Becker,James_Morris,John_Snow,Richard_Gephardt,Frank_Cassell,Trent_Lott,Thomas_OBrien,Jay_Garner,Richie_Adubato
vggface2,mtcnn_crop_fallback,probe/Dennis_Kucinich/Dennis_Kucinich_0002.jpg,Dennis_Kucinich,1,1.0,0.8926993608474731,0.8926993608474731,Dennis_Kucinich,Alastair_Campbell,Roy_Moore,Gloria_Macapagal_Arroyo,Chris_Cooper,Angelo_Reyes,Aleksander_Kwasniewski,Gerry_Parsky,Yao_Ming,Bill_Frist
vggface2,mtcnn_crop_fallback,probe/Dennis_Powell/Dennis_Powell_0002.jpg,Dennis_Powell,1,1.0,0.7669008374214172,0.7669008374214172,Dennis_Powell,George_Voinovich,George_Pataki,Robert_Zoellick,Thomas_Fargo,Tim_Floyd,Bill_Frist,William_Ford_Jr,Frank_Solich,Tom_Crean
vggface2,mtcnn_crop_fallback,probe/Derek_Lowe/Derek_Lowe_0002.jpg,Derek_Lowe,1,1.0,0.668686032295227,0.668686032295227,Derek_Lowe,James_Parker,Marcus_Gronholm,Guillermo_Coria,Tom_Glavine,Dale_Earnhardt_Jr,Jon_Gruden,Bertrand_Bonello,Paul_Byrd,Jason_Jennings
vggface2,mtcnn_crop_fallback,probe/Desiree_Lemosi/Desiree_Lemosi_0002.jpg,Desiree_Lemosi,1,1.0,0.5400534868240356,0.5400534868240356,Desiree_Lemosi,Jennifer_Aniston,Emily_Robison,Claire_Danes,Patty_Schnyder,Arianna_Huffington,Monica_Seles,Anna_Kournikova,Elizabeth_Smart,Julie_Gerberding
vggface2,mtcnn_crop_fallback,probe/Dexter_Jackson/Dexter_Jackson_0002.jpg,Dexter_Jackson,1,1.0,0.8068563342094421,0.8068563342094421,Dexter_Jackson,Chris_Rock,Colin_Jackson,Guillaume_Soro,Joe_Dumars,Chanda_Rubin,Paul_Pierce,Byron_Scott,Mike_Weir,Isaiah_Washington
vggface2,mtcnn_crop_fallback,probe/Diana_Taurasi/Diana_Taurasi_0002.jpg,Diana_Taurasi,1,1.0,0.8295714855194092,0.8295714855194092,Diana_Taurasi,Claire_Hentzen,Anna_Kournikova,Albert_Costa,David_Nalbandian,Iva_Majoli,Martha_Bowen,Marlene_Weingartner,Mohammad_Khatami,Eunice_Barber
vggface2,mtcnn_crop_fallback,probe/Diane_Green/Diane_Green_0002.jpg,Diane_Green,1,1.0,0.8084776401519775,0.8084776401519775,Diane_Green,Elinor_Caplan,Ann_Veneman,Sheila_Copps,Biljana_Plavsic,Lynne_Cheney,John_Manley,Joan_Claybrook,Adolfo_Aguilar_Zinser,Donna_Shalala
vggface2,mtcnn_crop_fallback,probe/Dick_Cheney/Dick_Cheney_0002.jpg,Dick_Cheney,1,1.0,0.8899024724960327,0.8899024724960327,Dick_Cheney,Francis_George,Patrick_Leahy,Ferenc_Madl,John_Negroponte,Peter_Struck,Max_Mayfield,Hans_Eichel,Costas_Simitis,Michael_J_Sheehan
vggface2,mtcnn_crop_fallback,probe/Dick_Clark/Dick_Clark_0002.jpg,Dick_Clark,1,1.0,0.8015372157096863,0.8015372157096863,Dick_Clark,Frank_Griswold,Vaclav_Havel,Alexander_Losyukov,Trent_Lott,Charlton_Heston,Heizo_Takenaka,Kim_Dae-jung,Thomas_Fargo,Ronald_Reagan
vggface2,mtcnn_crop_fallback,probe/Dick_Latessa/Dick_Latessa_0002.jpg,Dick_Latessa,1,1.0,0.7623779773712158,0.7623779773712158,Dick_Latessa,Valdas_Adamkus,Leszek_Miller,Bill_Graham,Bobby_Robson,Lord_Hutton,Paul_ONeill,Charlton_Heston,Yasar_Yakis,Art_Howe
vggface2,mtcnn_crop_fallback,probe/Dick_Vermeil/Dick_Vermeil_0002.jpg,Dick_Vermeil,1,1.0,0.7091659903526306,0.7091659903526306,Dick_Vermeil,Hootie_Johnson,Dennis_Erickson,John_Taylor,Tom_Daschle,Mack_Brown,Tony_Curtis,Lyle_Vanclief,Warren_Buffett,John_Manley
vggface2,mtcnn_crop_fallback,probe/Dino_de_Laurentis/Dino_de_Laurentis_0002.jpg,Dino_de_Laurentis,1,1.0,0.8744311928749084,0.8744311928749084,Dino_de_Laurentis,Sean_Patrick_OMalley,Ali_Khamenei,Inam-ul-Haq,Pupi_Avati,Robin_Cook,Yasser_Arafat,Francis_Ford_Coppola,Elsa_Zylberstein,Thabo_Mbeki
vggface2,mtcnn_crop_fallback,probe/Dolly_Parton/Dolly_Parton_0002.jpg,Dolly_Parton,1,1.0,0.8028862476348877,0.8028862476348877,Dolly_Parton,Meryl_Streep,Barbara_Walters,Raquel_Welch,Lauren_Hutton,Julianne_Moore,Madonna,Costas_Simitis,Courtney_Love,Melanie_Griffith
vggface2,mtcnn_crop_fallback,probe/Dolma_Tsering/Dolma_Tsering_0002.jpg,Dolma_Tsering,1,1.0,0.894991934299469,0.894991934299469,Dolma_Tsering,Flor_Montulo,Ashanti,Annette_Lu,Carol_Moseley_Braun,Michael_Chang,Nora_Bendijo,Tracee_Ellis_Ross,Natalie_Coughlin,Kwon_Yang-sook
vggface2,mtcnn_crop_fallback,probe/Dominik_Garcia-Lorido/Dominik_Garcia-Lorido_0002.jpg,Dominik_Garcia-Lorido,1,1.0,0.6905370950698853,0.6905370950698853,Dominik_Garcia-Lorido,Boris_Becker,Gray_Davis,Rich_Gannon,John_Manley,Benazir_Bhutto,Kathryn_Bigelow,Tony_Bennett,Sophia_Loren,Carlo_Ancelotti
vggface2,mtcnn_crop_fallback,probe/Don_Nickles/Don_Nickles_0002.jpg,Don_Nickles,1,1.0,0.8173855543136597,0.8173855543136597,Don_Nickles,Roy_Moore,Roy_Williams,Robert_Bonner,Klaus_Zwickel,James_Kelly,Donald_Evans,Doug_Collins,Robert_Zoellick,Dennis_Kucinich
vggface2,mtcnn_crop_fallback,probe/Donald_Evans/Donald_Evans_0002.jpg,Donald_Evans,1,1.0,0.8856967687606812,0.8856967687606812,Donald_Evans,Bob_Beauprez,Pascal_Quignard,James_Kelly,Robert_Bonner,John_Spencer,Thomas_Fargo,Jose_Dirceu,Costas_Simitis,Roy_Williams
vggface2,mtcnn_crop_fallback,probe/Donatella_Versace/Donatella_Versace_0002.jpg,Donatella_Versace,1,1.0,0.754202127456665,0.754202127456665,Donatella_Versace,Dolly_Parton,Melanie_Griffith,Goldie_Hawn,Hassan_Nasrallah,Brigitte_Boisselier,Anna_Kournikova,Sophia_Loren,Marilyn_Monroe,Paul_McCartney
vggface2,mtcnn_crop_fallback,probe/Donna_Shalala/Donna_Shalala_0002.jpg,Donna_Shalala,1,1.0,0.9032573103904724,0.9032573103904724,Donna_Shalala,Lynne_Cheney,Gloria_Allred,Paul_McCartney,Robert_Stack,Joan_Claybrook,Liza_Minnelli,Doris_Roberts,Herta_Daeubler-Gmelin,Laila_Ali
vggface2,mtcnn_crop_fallback,probe/Doris_Roberts/Doris_Roberts_0002.jpg,Doris_Roberts,1,1.0,0.8710036277770996,0.8710036277770996,Doris_Roberts,Angela_Lansbury,Gro_Harlem_Brundtland,Tammy_Lynn_Michaels,Meryl_Streep,Ozzy_Osbourne,Donna_Shalala,Judi_Dench,Herta_Daeubler-Gmelin,Karin_Stoiber
vggface2,mtcnn_crop_fallback,probe/Doris_Schroeder/Doris_Schroeder_0002.jpg,Doris_Schroeder,1,1.0,0.8955244421958923,0.8955244421958923,Doris_Schroeder,Sheila_Wellstone,Natalie_Maines,Melanie_Griffith,Queen_Beatrix,Barbra_Streisand,Celine_Dion,Janica_Kostelic,Kathleen_Kennedy_Townsend,Dennis_Kucinich
vggface2,mtcnn_crop_fallback,probe/Dorthy_Moxley/Dorthy_Moxley_0002.jpg,Dorthy_Moxley,1,1.0,0.8298022747039795,0.8298022747039795,Dorthy_Moxley,Julie_Gerberding,Nancy_Pelosi,Jean_Brumley,Hillary_Clinton,Lynne_Cheney,Christine_Gregoire,Doris_Roberts,Kim_Jong-Il,Herta_Daeubler-Gmelin
vggface2,mtcnn_crop_fallback,probe/Doug_Collins/Doug_Collins_0002.jpg,Doug_Collins,1,1.0,0.7312581539154053,0.7312581539154053,Doug_Collins,Roy_Moore,Peter_Hillary,Gary_Carter,Roy_Williams,Stanley_McChrystal,Gian_Marco,Klaus_Zwickel,David_Caraway,Yao_Ming
vggface2,mtcnn_crop_fallback,probe/Doug_Duncan/Doug_Duncan_0002.jpg,Doug_Duncan,547,0.0018281535648994515,0.5588934421539307,0.06981057673692703,Bill_Frist,Mikhail_Kasyanov,Bill_Callahan,Lon_Kruger,Brad_Johnson,Gary_Winnick,Gabriel_Valdes,Tom_Daschle,Geoff_Hoon,Andy_Hebb
vggface2,mtcnn_crop_fallback,probe/Drew_Barrymore/Drew_Barrymore_0002.jpg,Drew_Barrymore,1,1.0,0.6799397468566895,0.6799397468566895,Drew_Barrymore,Gillian_Anderson,Madonna,Natalie_Maines,Abdel_Nasser_Assidi,Cameron_Diaz,Patricia_Clarkson,Alicia_Silverstone,Alice_Fisher,Evan_Rachel_Wood
vggface2,mtcnn_crop_fallback,probe/Duane_Lee_Chapman/Duane_Lee_Chapman_0002.jpg,Duane_Lee_Chapman,1,1.0,0.6917115449905396,0.6917115449905396,Duane_Lee_Chapman,Roman_Polanski,Jimmy_Carter,John_Blaney,George_Voinovich,Richard_Branson,David_Kelley,Eric_Clapton,Tim_Floyd,Robert_Zoellick
vggface2,mtcnn_crop_fallback,probe/Dwayne_Johnson/Dwayne_Johnson_0002.jpg,Dwayne_Johnson,1,1.0,0.9238300323486328,0.9238300323486328,Dwayne_Johnson,John_Allen_Muhammad,Patti_Labelle,Freddy_Garcia,Vladimir_Putin,Gerardo_Gambala,Rob_Schneider,Marco_Antonio_Barrera,Edward_Lu,James_Butts
vggface2,mtcnn_crop_fallback,probe/Eddie_Sutton/Eddie_Sutton_0002.jpg,Eddie_Sutton,1,1.0,0.7593035697937012,0.7593035697937012,Eddie_Sutton,Alejandro_Toledo,Gary_Doer,Francis_Mer,Robert_De_Niro,Jeffrey_Jones,Thaksin_Shinawatra,Adolfo_Aguilar_Zinser,Kirk_Ferentz,Kurt_Russell
vggface2,mtcnn_crop_fallback,probe/Eddy_Merckx/Eddy_Merckx_0002.jpg,Eddy_Merckx,1,1.0,0.8662854433059692,0.8662854433059692,Eddy_Merckx,Rolf_Eckrodt,Abdullah_Gul,Jorge_Castaneda,Brad_Johnson,Hu_Jintao,Lou_Piniella,Henrique_Meirelles,Gary_Locke,John_Garamendi
vggface2,mtcnn_crop_fallback,probe/Edie_Falco/Edie_Falco_0002.jpg,Edie_Falco,2,0.5,0.48316025733947754,0.4824397563934326,Paula_Radcliffe,Edie_Falco,Jennifer_Aniston,Celine_Dion,Ellen_Engleman,Kathleen_Glynn,Martha_Bowen,Hillary_Clinton,Boris_Becker,Judy_Genshaft
vggface2,mtcnn_crop_fallback,probe/Eduardo_Duhalde/Eduardo_Duhalde_0002.jpg,Eduardo_Duhalde,1,1.0,0.8474553823471069,0.8474553823471069,Eduardo_Duhalde,Michael_Douglas,Edward_Said,Edward_Lu,Arlen_Specter,Jerry_Falwell,Augusto_Roa_Bastos,Geoff_Hoon,Roman_Polanski,Jackie_Chan
vggface2,mtcnn_crop_fallback,probe/Edward_James_Olmos/Edward_James_Olmos_0002.jpg,Edward_James_Olmos,1,1.0,0.7718331813812256,0.7718331813812256,Edward_James_Olmos,Xanana_Gusmao,Abdullatif_Sener,Michel_Temer,Igor_Ivanov,James_McGreevey,Anthony_Fauci,Jorge_Valdano,Jesse_Jackson,Ann_Veneman
vggface2,mtcnn_crop_fallback,probe/Edward_Lu/Edward_Lu_0002.jpg,Edward_Lu,1,1.0,0.899917721748352,0.899917721748352,Edward_Lu,Lee_Jun,Thaksin_Shinawatra,Prince_Naruhito,Chung_Mong-joon,Lee_Tae-sik,Jamling_Norgay,Michael_Chang,Jackie_Chan,Kim_Dae-jung
vggface2,mtcnn_crop_fallback,probe/Edward_Norton/Edward_Norton_0002.jpg,Edward_Norton,1,1.0,0.6637659072875977,0.6637659072875977,Edward_Norton,John_Cusack,Kevin_Spacey,Matthew_Perry,Scott_McClellan,Ben_Curtis,Mark_Dacey,Conchita_Martinez,Guillermo_Coria,Dick_Clark
vggface2,mtcnn_crop_fallback,probe/Edward_Said/Edward_Said_0002.jpg,Edward_Said,1,1.0,0.5757352113723755,0.5757352113723755,Edward_Said,Gerry_Adams,Bill_Frist,Xanana_Gusmao,Juan_Valencia_Osorio,Nancy_Pelosi,Edward_James_Olmos,Gray_Davis,Oscar_De_La_Hoya,Anthony_Fauci
vggface2,mtcnn_crop_fallback,probe/Elijah_Wood/Elijah_Wood_0002.jpg,Elijah_Wood,1,1.0,0.8216755390167236,0.8216755390167236,Elijah_Wood,Prince_Harry,Monica_Seles,Jennifer_Connelly,Conchita_Martinez,Bob_Colvin,Elvis_Presley,Kathleen_Kennedy_Townsend,Jim_Furyk,Orlando_Bloom
vggface2,mtcnn_crop_fallback,probe/Elin_Nordegren/Elin_Nordegren_0002.jpg,Elin_Nordegren,1,1.0,0.6968798637390137,0.6968798637390137,Elin_Nordegren,Jennifer_Aniston,Bo_Ryan,Reese_Witherspoon,Abdullah_al-Attiyah,Paulo_Cesar_Pinheiro,Michael_J_Sheehan,Kristanna_Loken,Natalie_Maines,Adrian_Nastase
vggface2,mtcnn_crop_fallback,probe/Elinor_Caplan/Elinor_Caplan_0002.jpg,Elinor_Caplan,1,1.0,0.8698281049728394,0.8698281049728394,Elinor_Caplan,Claire_Leger,Herta_Daeubler-Gmelin,Helen_Clark,Gro_Harlem_Brundtland,Joan_Claybrook,Sheila_Copps,Nadia_Petrova,Bill_Gates,Diane_Green
vggface2,mtcnn_crop_fallback,probe/Elisabeth_Schumacher/Elisabeth_Schumacher_0002.jpg,Elisabeth_Schumacher,206,0.0048543689320388345,0.5303101539611816,0.18571197986602783,Hillary_Clinton,Karin_Stoiber,Helen_Clark,Biljana_Plavsic,Jean_Carnahan,Prince_Willem-Alexander,Sheila_Copps,Joan_Claybrook,Jolanta_Kwasniewski,Jeremy_Shockey
vggface2,mtcnn_crop_fallback,probe/Elizabeth_Dole/Elizabeth_Dole_0002.jpg,Elizabeth_Dole,1,1.0,0.8718001842498779,0.8718001842498779,Elizabeth_Dole,Benazir_Bhutto,Hillary_Clinton,Sheila_Copps,Biljana_Plavsic,Robert_De_Niro,Arianna_Huffington,Boris_Yeltsin,Megawati_Sukarnoputri,Nancy_Pelosi
vggface2,mtcnn_crop_fallback,probe/Elizabeth_Shue/Elizabeth_Shue_0002.jpg,Elizabeth_Shue,1,1.0,0.7608212232589722,0.7608212232589722,Elizabeth_Shue,Jodie_Foster,Alicia_Silverstone,Jessica_Lange,Pamela_Anderson,Marcelo_Salas,Bernardo_Segura,Kathryn_Bigelow,Kristin_Davis,Jean-David_Levitte
vggface2,mtcnn_crop_fallback,probe/Elizabeth_Smart/Elizabeth_Smart_0002.jpg,Elizabeth_Smart,1,1.0,0.8137376308441162,0.8137376308441162,Elizabeth_Smart,Anna_Kournikova,Justine_Henin,Mary_Landrieu,Daniela_Hantuchova,Sally_Kirkland,Evan_Rachel_Wood,Patty_Schnyder,Lisa_Raymond,Patricia_Clarkson
vggface2,mtcnn_crop_fallback,probe/Elizabeth_Taylor/Elizabeth_Taylor_0002.jpg,Elizabeth_Taylor,1,1.0,0.7016023397445679,0.7016023397445679,Elizabeth_Taylor,Doris_Roberts,Lynne_Cheney,Queen_Beatrix,Jeanne_Moreau,Martha_Beatriz_Roque,Martha_Burk,Judi_Dench,Gloria_Allred,Doris_Schroeder
vggface2,mtcnn_crop_fallback,probe/Ellen_DeGeneres/Ellen_DeGeneres_0002.jpg,Ellen_DeGeneres,1,1.0,0.7057499885559082,0.7057499885559082,Ellen_DeGeneres,Arantxa_Sanchez-Vicario,Sheila_Wellstone,Biljana_Plavsic,Nia_Vardalos,Debra_Brown,Silvia_Farina_Elia,Conchita_Martinez,Julie_Gerberding,Monica_Seles
vggface2,mtcnn_crop_fallback,probe/Ellen_Engleman/Ellen_Engleman_0002.jpg,Ellen_Engleman,1,1.0,0.7721085548400879,0.7721085548400879,Ellen_Engleman,Nancy_Pelosi,Gwendal_Peizerat,Ann_Veneman,Sheila_Copps,Maria_Luisa_Mendonca,Jane_Kaczmarek,Edie_Falco,Lynn_Abraham,Nastassia_Kinski
vggface2,mtcnn_crop_fallback,probe/Elsa_Zylberstein/Elsa_Zylberstein_0002.jpg,Elsa_Zylberstein,1,1.0,0.6673340797424316,0.6673340797424316,Elsa_Zylberstein,Sarah_Jessica_Parker,Hillary_Clinton,Geoff_Hoon,Thaksin_Shinawatra,Emanuel_Ginobili,Elizabeth_Dole,Monica_Bellucci,Chen_Liang_Yu,Shannon_OBrien
vggface2,mtcnn_crop_fallback,probe/Elvis_Presley/Elvis_Presley_0002.jpg,Elvis_Presley,1,1.0,0.7891836166381836,0.7891836166381836,Elvis_Presley,Matthew_Perry,Pupi_Avati,Kalpana_Chawla,Juan_Pablo_Montoya,Miroljub,Bruce_Weber,Guy_Ritchie,Alex_Penelas,Elijah_Wood
vggface2,mtcnn_crop_fallback,probe/Emanuel_Ginobili/Emanuel_Ginobili_0002.jpg,Emanuel_Ginobili,1,1.0,0.8563246726989746,0.8563246726989746,Emanuel_Ginobili,Vitali_Klitschko,Bernard_Lord,William_Bratton,Iban_Mayo,Guillermo_Ortiz,Paul_McCartney,Pupi_Avati,Chen_Liang_Yu,John_Howard
vggface2,mtcnn_crop_fallback,probe/Emile_Lahoud/Emile_Lahoud_0002.jpg,Emile_Lahoud,1,1.0,0.8231420516967773,0.8231420516967773,Emile_Lahoud,Sandra_Bullock,Costas_Simitis,Pedro_Malan,Herb_Sendek,Silvan_Shalom,Silvio_Berlusconi,Ilan_Ramon,Alejandro_Toledo,Alan_Ball
vggface2,mtcnn_crop_fallback,probe/Emily_Robison/Emily_Robison_0002.jpg,Emily_Robison,201,0.004975124378109453,0.54179847240448,0.19394665956497192,Natalie_Maines,Betsy_Smith,Elizabeth_Smart,Kathy_Winters,Jean_Carnahan,Emma_Thompson,Arianna_Huffington,Conchita_Martinez,Sheila_Wellstone,Debra_Brown
vggface2,mtcnn_crop_fallback,probe/Emma_Thompson/Emma_Thompson_0002.jpg,Emma_Thompson,1,1.0,0.6825920343399048,0.6825920343399048,Emma_Thompson,Benazir_Bhutto,Nancy_Pelosi,Goh_Kun,Arianna_Huffington,Liza_Minnelli,David_Trimble,Hu_Jintao,Kathy_Winters,John_Garamendi
vggface2,mtcnn_crop_fallback,probe/Emmanuelle_Beart/Emmanuelle_Beart_0002.jpg,Emmanuelle_Beart,1,1.0,0.933403730392456,0.933403730392456,Emmanuelle_Beart,Vladimir_Putin,Monica_Bellucci,Cameron_Diaz,Madonna,Lauren_Hutton,Pascal_Lamy,Hillary_Clinton,Jennifer_Lopez,James_Franco
vggface2,mtcnn_crop_fallback,probe/Emmit_Smith/Emmit_Smith_0002.jpg,Emmit_Smith,1,1.0,0.8969439268112183,0.8969439268112183,Emmit_Smith,Joe_Dumars,Jesse_Jackson,Chris_Tucker,Ruben_Studdard,John_Stallworth,Leonard_Hamilton,Dexter_Jackson,Doug_Duncan,Grady_Irvin_Jr
vggface2,mtcnn_crop_fallback,probe/Eric_Clapton/Eric_Clapton_0002.jpg,Eric_Clapton,1,1.0,0.7651644349098206,0.7651644349098206,Eric_Clapton,David_Leahy,Vaclav_Havel,James_Kelly,Bud_Selig,Jean-David_Levitte,Alvaro_Uribe,Gray_Davis,Alan_Ball,Sandra_Bullock
vggface2,mtcnn_crop_fallback,probe/Eric_Hinske/Eric_Hinske_0002.jpg,Eric_Hinske,100,0.01,0.5413421392440796,0.22156861424446106,Flor_Montulo,Nora_Bendijo,Megawati_Sukarnoputri,Candie_Kung,Hamzah_Haz,Sophia_Loren,Sachiko_Yamada,Michael_Chang,Kim_Ryong-sung,Laura_Hernandez
vggface2,mtcnn_crop_fallback,probe/Eric_Rosser/Eric_Rosser_0002.jpg,Eric_Rosser,1,1.0,0.817358672618866,0.817358672618866,Eric_Rosser,Cruz_Bustamante,Ibrahim_Jaafari,Paul_Byrd,John_Snow,Fidel_Castro,Scott_McClellan,Luciano_Pavarotti,Mohammad_Khatami,Vicente_Fernandez
vggface2,mtcnn_crop_fallback,probe/Erika_Christensen/Erika_Christensen_0002.jpg,Erika_Christensen,1,1.0,0.7796178460121155,0.7796178460121155,Erika_Christensen,Natalie_Coughlin,Anna_Kournikova,Mary_Carey,Hillary_Clinton,Goldie_Hawn,Jennifer_Lopez,Monica_Bellucci,Eva_Dimas,Lindsay_Davenport
vggface2,mtcnn_crop_fallback,probe/Ernesto_Zedillo/Ernesto_Zedillo_0002.jpg,Ernesto_Zedillo,1,1.0,0.769243597984314,0.769243597984314,Ernesto_Zedillo,Carlos_Quintanilla_Schmidt,Frank_Dunham_Jr,Martin_Scorsese,Tom_Craddick,John_Abizaid,Fayssal_Mekdad,Matt_Doherty,John_Allen_Muhammad,Carlos_Ghosn
vggface2,mtcnn_crop_fallback,probe/Ernie_Eves/Ernie_Eves_0002.jpg,Ernie_Eves,1,1.0,0.8362454175949097,0.8362454175949097,Ernie_Eves,Mel_Brooks,Roy_Williams,Jay_Garner,James_Kelly,Thomas_OBrien,George_Pataki,Johnny_Carson,Gregg_Popovich,Alan_Mulally
vggface2,mtcnn_crop_fallback,probe/Ernie_Fletcher/Ernie_Fletcher_0002.jpg,Ernie_Fletcher,1,1.0,0.8182795643806458,0.8182795643806458,Ernie_Fletcher,Jean-David_Levitte,Trent_Lott,William_Martin,Jonathan_Mostow,Aleksander_Kwasniewski,Brian_Wells,Masum_Turker,Robert_DeFraites,Mario_Dumont
vggface2,mtcnn_crop_fallback,probe/Eunice_Barber/Eunice_Barber_0002.jpg,Eunice_Barber,1,1.0,0.7954180836677551,0.7954180836677551,Eunice_Barber,Chanda_Rubin,Kelli_White,Tamara_Brooks,Venus_Williams,Jada_Pinkett_Smith,Serena_Williams,Marlene_Weingartner,Jennifer_Thompson,David_Trimble
vggface2,mtcnn_crop_fallback,probe/Eva_Dimas/Eva_Dimas_0002.jpg,Eva_Dimas,1,1.0,0.750732421875,0.750732421875,Eva_Dimas,Lindsay_Davenport,Herta_Daeubler-Gmelin,Ozzy_Osbourne,Gro_Harlem_Brundtland,Jolanta_Kwasniewski,Paul_McCartney,Ann_Veneman,Shannon_OBrien,Raghad_Saddam_Hussein
vggface2,mtcnn_crop_fallback,probe/Evan_Rachel_Wood/Evan_Rachel_Wood_0002.jpg,Evan_Rachel_Wood,1,1.0,0.7299879789352417,0.7299879789352417,Evan_Rachel_Wood,Elizabeth_Smart,Marina_Anissina,Gwendal_Peizerat,Alicia_Silverstone,Amber_Tamblyn,Reese_Witherspoon,Bijan_Namdar_Zangeneh,Blythe_Danner,Larry_Lindsey
vggface2,mtcnn_crop_fallback,probe/Evander_Holyfield/Evander_Holyfield_0002.jpg,Evander_Holyfield,1,1.0,0.8044428825378418,0.8044428825378418,Evander_Holyfield,Mike_Tyson,Jesse_James_Leija,OJ_Simpson,George_Foreman,John_Stallworth,Mohammad_Khatami,LeBron_James,Harry_Schmidt,Adrian_McPherson
vggface2,mtcnn_crop_fallback,probe/Eve_Pelletier/Eve_Pelletier_0002.jpg,Eve_Pelletier,1,1.0,0.809316873550415,0.809316873550415,Eve_Pelletier,Meghann_Shaughnessy,Iva_Majoli,Anna_Kournikova,Venus_Williams,Monica_Seles,Nadia_Petrova,Lisa_Raymond,Lindsay_Davenport,Stacy_Dragila
vggface2,mtcnn_crop_fallback,probe/Fabiola_Zuluaga/Fabiola_Zuluaga_0002.jpg,Fabiola_Zuluaga,1,1.0,0.8481730222702026,0.8481730222702026,Fabiola_Zuluaga,Monica_Seles,Conchita_Martinez,Julie_Gerberding,Lindsay_Davenport,Venus_Williams,Stacy_Dragila,Hanan_Ashrawi,Aung_San_Suu_Kyi,Nadia_Petrova
vggface2,mtcnn_crop_fallback,probe/Fayssal_Mekdad/Fayssal_Mekdad_0002.jpg,Fayssal_Mekdad,1,1.0,0.8840537071228027,0.8840537071228027,Fayssal_Mekdad,Nasser_al-Kidwa,Alvaro_Uribe,John_McCormack,Mohammad_Khatami,Igor_Ivanov,Steven_Spielberg,David_Myers,Carlos_Quintanilla_Schmidt,Carlos_Mesa
vggface2,mtcnn_crop_fallback,probe/Federico_Trillo/Federico_Trillo_0002.jpg,Federico_Trillo,1,1.0,0.7036464214324951,0.7036464214324951,Federico_Trillo,Silvio_Berlusconi,Larry_Lucchino,Gil_de_Ferran,Roy_Moore,George_Lopez,Georgi_Parvanov,Andrew_Cuomo,Leslie_Moonves,Trent_Lott
vggface2,mtcnn_crop_fallback,probe/Felix_Mantilla/Felix_Mantilla_0002.jpg,Felix_Mantilla,1,1.0,0.523783266544342,0.523783266544342,Felix_Mantilla,Augustin_Calleri,Jean-Sebastien_Giguere,Ian_Thorpe,Greg_Ostertag,Jeffrey_Scott_Postell,Jamie_Villafane,Gerry_Adams,Chanda_Rubin,Mikhail_Youzhny
vggface2,mtcnn_crop_fallback,probe/Ferenc_Madl/Ferenc_Madl_0002.jpg,Ferenc_Madl,1,1.0,0.780691385269165,0.780691385269165,Ferenc_Madl,Trent_Lott,Dick_Cheney,Francis_George,Christopher_Patten,Frank_Cassell,Valery_Giscard_dEstaing,Larry_Brown,James_Ivory,Chok_Tong_Goh
vggface2,mtcnn_crop_fallback,probe/Fidel_Castro/Fidel_Castro_0002.jpg,Fidel_Castro,1,1.0,0.8131780624389648,0.8131780624389648,Fidel_Castro,Yasser_Arafat,Xanana_Gusmao,Mohammad_Khatami,Adolfo_Rodriguez_Saa,Luis_Gonzalez_Macchi,Hector_Babenco,Igor_Ivanov,Robert_De_Niro,Lino_Oviedo
vggface2,mtcnn_crop_fallback,probe/Flavia_Delaroli/Flavia_Delaroli_0002.jpg,Flavia_Delaroli,1,1.0,0.617638885974884,0.617638885974884,Flavia_Delaroli,Diana_Taurasi,Anna_Kournikova,Hayley_Tullett,Intisar_Ajouri,Meghann_Shaughnessy,Natalie_Coughlin,Cathy_Freeman,Nadia_Petrova,Kelli_White
vggface2,mtcnn_crop_fallback,probe/Flor_Montulo/Flor_Montulo_0002.jpg,Flor_Montulo,3,0.3333333333333333,0.6107214093208313,0.5800713300704956,Begum_Khaleda_Zia,Nora_Bendijo,Flor_Montulo,Hamzah_Haz,Cathy_Freeman,Alexandra_Stevenson,Michael_Chang,Hun_Sen,Denise_Johnson,Coretta_Scott_King
vggface2,mtcnn_crop_fallback,probe/Fran_Drescher/Fran_Drescher_0002.jpg,Fran_Drescher,1,1.0,0.6326931715011597,0.6326931715011597,Fran_Drescher,Kathryn_Bigelow,Kristin_Davis,Richard_Sambrook,Mariah_Carey,Sandra_Bullock,George_Pataki,Jonathan_Mostow,James_Schultz,Anna_Nicole_Smith
vggface2,mtcnn_crop_fallback,probe/Frances_Fisher/Frances_Fisher_0002.jpg,Frances_Fisher,1,1.0,0.8111653327941895,0.8111653327941895,Frances_Fisher,Geraldine_Chaplin,Julianne_Moore,Allison_Janney,Jodie_Foster,Carol_Burnett,Jane_Kaczmarek,Nastassia_Kinski,Maggie_Smith,LeAnn_Rimes
vggface2,mtcnn_crop_fallback,probe/Francis_Ford_Coppola/Francis_Ford_Coppola_0002.jpg,Francis_Ford_Coppola,1,1.0,0.7821899652481079,0.7821899652481079,Francis_Ford_Coppola,Inam-ul-Haq,Xanana_Gusmao,Mohammad_Khatami,Gerry_Adams,Ali_Khamenei,Li_Peng,Albrecht_Mentz,Dalai_Lama,Alexander_Losyukov
vggface2,mtcnn_crop_fallback,probe/Francis_George/Francis_George_0002.jpg,Francis_George,1,1.0,0.8148339986801147,0.8148339986801147,Francis_George,Larry_Brown,Hipolito_Mejia,Jorge_Batlle,Jose_Serra,Paul_ONeill,John_Negroponte,John_Snow,Art_Howe,Michael_Chiklis
vggface2,mtcnn_crop_fallback,probe/Francis_Mer/Francis_Mer_0002.jpg,Francis_Mer,1,1.0,0.8099377155303955,0.8099377155303955,Francis_Mer,Vladimir_Putin,Robin_McLaurin_Williams,Ricardo_Maduro,Bill_Graham,Fayssal_Mekdad,Eduardo_Duhalde,Lon_Kruger,Jorge_Rodolfo_Canicoba_Corral,Geoff_Hoon
vggface2,mtcnn_crop_fallback,probe/Franco_Dragone/Franco_Dragone_0002.jpg,Franco_Dragone,1,1.0,0.6804909706115723,0.6804909706115723,Franco_Dragone,Alejandro_Toledo,Paul_McCartney,Tom_Daschle,John_Allen_Muhammad,Andy_Hebb,Shaukat_Aziz,OJ_Simpson,Hun_Sen,David_Heymann
vggface2,mtcnn_crop_fallback,probe/Frank_Cassell/Frank_Cassell_0002.jpg,Frank_Cassell,1,1.0,0.8387105464935303,0.8387105464935303,Frank_Cassell,Vladimir_Putin,Robert_Duvall,John_Negroponte,Ferenc_Madl,Larry_Coker,William_Bratton,Pascal_Lamy,Mitchell_Daniels,Dick_Cheney
vggface2,mtcnn_crop_fallback,probe/Frank_Dunham_Jr/Frank_Dunham_Jr_0002.jpg,Frank_Dunham_Jr,373,0.002680965147453083,0.6008552312850952,0.11586752533912659,Pedro_Malan,Bill_Gates,Eric_Clapton,Bobby_Goldwater,William_Ford_Jr,Alvaro_Uribe,Thomas_OBrien,Carlos_Quintanilla_Schmidt,Nicanor_Duarte_Frutos,Mikhail_Kasyanov
vggface2,mtcnn_crop_fallback,probe/Frank_Griswold/Frank_Griswold_0002.jpg,Frank_Griswold,1,1.0,0.8365212678909302,0.8365212678909302,Frank_Griswold,Trent_Lott,Paul_Bremer,Jean-David_Levitte,John_Taylor,John_McCallum,Charlton_Heston,Lawrence_MacAulay,Anthony_Hopkins,Ernie_Fletcher
vggface2,mtcnn_crop_fallback,probe/Frank_Lautenberg/Frank_Lautenberg_0002.jpg,Frank_Lautenberg,1,1.0,0.7875558137893677,0.7875558137893677,Frank_Lautenberg,John_Howard,Dick_Cheney,Costas_Simitis,Trent_Lott,Dick_Latessa,Ferenc_Madl,Kemal_Dervis,James_Ivory,Charlton_Heston
vggface2,mtcnn_crop_fallback,probe/Frank_Solich/Frank_Solich_0002.jpg,Frank_Solich,1,1.0,0.918569803237915,0.918569803237915,Frank_Solich,Peter_Hillary,Ilan_Ramon,Nick_Nolte,Gregg_Popovich,Herb_Sendek,Bo_Ryan,John_Brady,George_Karl,Pascal_Quignard
vggface2,mtcnn_crop_fallback,probe/Frank_Stallone/Frank_Stallone_0002.jpg,Frank_Stallone,1,1.0,0.863859236240387,0.863859236240387,Frank_Stallone,Bashar_Assad,Eduardo_Duhalde,Jorge_Valdano,Paul_McCartney,Chuck_Amato,Carlos_Mesa,Anthony_LaPaglia,Mohammad_Khatami,John_Rosa
vggface2,mtcnn_crop_fallback,probe/Franko_Simatovic/Franko_Simatovic_0002.jpg,Franko_Simatovic,1,1.0,0.7156788110733032,0.7156788110733032,Franko_Simatovic,Abel_Pacheco,John_Howard,Sandra_Bullock,Steve_Waugh,Franz_Muentefering,John_Blaney,Jorge_Castaneda,Matthew_Perry,Gary_Winnick
vggface2,mtcnn_crop_fallback,probe/Franz_Beckenbauer/Franz_Beckenbauer_0002.jpg,Franz_Beckenbauer,1,1.0,0.7503408193588257,0.7503408193588257,Franz_Beckenbauer,Lord_Hutton,Klaus_Zwickel,John_Snow,Valery_Giscard_dEstaing,Donald_Evans,John_Rigas,Joseph_Biden,Trent_Lott,Dennis_Kozlowski
vggface2,mtcnn_crop_fallback,probe/Franz_Muentefering/Franz_Muentefering_0002.jpg,Franz_Muentefering,1,1.0,0.8156644701957703,0.8156644701957703,Franz_Muentefering,Trent_Lott,Jean-David_Levitte,Jack_Straw,David_Leahy,Alberto_Fujimori,George_Voinovich,Ronald_Reagan,Vaclav_Havel,Bud_Selig
vggface2,mtcnn_crop_fallback,probe/Fred_Eckhard/Fred_Eckhard_0002.jpg,Fred_Eckhard,1,1.0,0.9524893760681152,0.9524893760681152,Fred_Eckhard,David_Trimble,Tom_Daschle,Christian_Wulff,George_Robertson,Marc_Grossman,Bill_Gates,Christopher_Walken,James_Kelly,Julianne_Moore
vggface2,mtcnn_crop_fallback,probe/Fred_Funk/Fred_Funk_0002.jpg,Fred_Funk,1,1.0,0.7479004263877869,0.7479004263877869,Fred_Funk,Phil_Mickelson,Michael_Douglas,Jim_Furyk,Mark_Schweiker,Oswaldo_Paya,Kurt_Busch,Greg_Owen,Joseph_Deiss,John_Negroponte
vggface2,mtcnn_crop_fallback,probe/Freddy_Garcia/Freddy_Garcia_0002.jpg,Freddy_Garcia,1,1.0,0.601004958152771,0.601004958152771,Freddy_Garcia,Sourav_Ganguly,Harbhajan_Singh,Dwayne_Johnson,Marco_Antonio_Barrera,Greg_Owen,Conchita_Martinez,Phil_Mickelson,Meghann_Shaughnessy,Carolina_Moraes
vggface2,mtcnn_crop_fallback,probe/GL_Peiris/GL_Peiris_0002.jpg,GL_Peiris,1,1.0,0.884032666683197,0.884032666683197,GL_Peiris,Colin_Powell,Angelo_Reyes,Miguel_Contreras,Harry_Belafonte,Sam_Bith,Lloyd_Ward,Chok_Tong_Goh,Saeb_Erekat,Jorge_Batlle
vggface2,mtcnn_crop_fallback,probe/Gabriel_Batistuta/Gabriel_Batistuta_0002.jpg,Gabriel_Batistuta,1,1.0,0.5823656916618347,0.5823656916618347,Gabriel_Batistuta,Branko_Crvenkovski,Brian_Heidik,Jason_Kidd,Gregory_Geoffroy,Hector_Babenco,Edward_Norton,Augustin_Calleri,Cameron_Diaz,Monica_Bellucci
vggface2,mtcnn_crop_fallback,probe/Gabriel_Valdes/Gabriel_Valdes_0002.jpg,Gabriel_Valdes,1,1.0,0.7362130880355835,0.7362130880355835,Gabriel_Valdes,Albrecht_Mentz,John_Howard,Carlos_Ghosn,Vaclav_Havel,Silvan_Shalom,Colin_Powell,Chok_Tong_Goh,Ernesto_Zedillo,Li_Peng
vggface2,mtcnn_crop_fallback,probe/Gao_Qiang/Gao_Qiang_0002.jpg,Gao_Qiang,1,1.0,0.9277988076210022,0.9277988076210022,Gao_Qiang,Thaksin_Shinawatra,Chen_Liang_Yu,Li_Peng,Chang_Dae-whan,Lim_Dong-won,Hu_Jintao,Kim_Ryong-sung,Yoko_Ono,Kim_Jong-Il
vggface2,mtcnn_crop_fallback,probe/Garry_Kasparov/Garry_Kasparov_0002.jpg,Garry_Kasparov,1,1.0,0.8674008846282959,0.8674008846282959,Garry_Kasparov,Scott_McClellan,Robert_Kocharian,Pete_Sampras,Nia_Vardalos,Juan_Pablo_Montoya,Cruz_Bustamante,Lindsay_Davenport,Boris_Berezovsky,Kifah_Ajouri
vggface2,mtcnn_crop_fallback,probe/Garry_Trudeau/Garry_Trudeau_0002.jpg,Garry_Trudeau,1,1.0,0.7895739078521729,0.7895739078521729,Garry_Trudeau,John_Allen_Muhammad,Anibal_Ibarra,Thomas_Fargo,Matt_Doherty,Robert_Mueller,Howard_Dean,Frank_Dunham_Jr,Steven_Spielberg,Alvaro_Uribe
vggface2,mtcnn_crop_fallback,probe/Gary_Bergeron/Gary_Bergeron_0002.jpg,Gary_Bergeron,1,1.0,0.6186577677726746,0.6186577677726746,Gary_Bergeron,Alexander_Losyukov,John_Walsh,Mike_Weir,Abdullatif_Sener,Ernie_Fletcher,Jonathan_Mostow,Jean-David_Levitte,Dick_Clark,James_McGreevey
vggface2,mtcnn_crop_fallback,probe/Gary_Carter/Gary_Carter_0002.jpg,Gary_Carter,1,1.0,0.8843791484832764,0.8843791484832764,Gary_Carter,Robert_Duvall,John_McEnroe,Howard_Dean,Robert_Mueller,Gregg_Popovich,Lawrence_MacAulay,Asa_Hutchinson,John_Spencer,Bill_Graham
vggface2,mtcnn_crop_fallback,probe/Gary_Doer/Gary_Doer_0002.jpg,Gary_Doer,648,0.0015432098765432098,0.657934308052063,0.030609063804149628,Bernard_Landry,Julie_Gerberding,William_Martin,Jay_Garner,Kim_Jong-Il,Chok_Tong_Goh,Pedro_Malan,Colin_Powell,Patrick_Leahy,Jose_Dirceu
vggface2,mtcnn_crop_fallback,probe/Gary_Forsee/Gary_Forsee_0002.jpg,Gary_Forsee,1,1.0,0.7386060953140259,0.7386060953140259,Gary_Forsee,Gray_Davis,Robert_Mueller,John_Rosa,Silvio_Berlusconi,Vaclav_Havel,Mark_Schweiker,Frank_Dunham_Jr,Gary_Doer,Ian_McKellen
vggface2,mtcnn_crop_fallback,probe/Gary_Locke/Gary_Locke_0002.jpg,Gary_Locke,1,1.0,0.9222723245620728,0.9222723245620728,Gary_Locke,Lim_Dong-won,Hu_Jintao,Nicanor_Duarte_Frutos,Kim_Jin-sun,Heizo_Takenaka,Jia_Qinglin,Kim_Ryong-sung,Li_Peng,Thaksin_Shinawatra
vggface2,mtcnn_crop_fallback,probe/Gary_Williams/Gary_Williams_0002.jpg,Gary_Williams,1,1.0,0.7311632633209229,0.7311632633209229,Gary_Williams,Bo_Ryan,Trent_Lott,Mack_Brown,John_Abizaid,Frank_Solich,Richard_Gephardt,Robert_Zoellick,John_Jumper,Bill_Parcells
vggface2,mtcnn_crop_fallback,probe/Gary_Winnick/Gary_Winnick_0002.jpg,Gary_Winnick,1,1.0,0.7556599378585815,0.7556599378585815,Gary_Winnick,Peter_Harrison,Vaclav_Havel,Geoff_Hoon,Steve_Spurrier,Jerry_Falwell,Saparmurat_Niyazov,Mike_Holmgren,Arlen_Specter,Tim_Floyd
vggface2,mtcnn_crop_fallback,probe/Geno_Auriemma/Geno_Auriemma_0002.jpg,Geno_Auriemma,1,1.0,0.6939948201179504,0.6939948201179504,Geno_Auriemma,Hashim_Thaci,Bill_Simon,Sean_Astin,Tom_Brady,Andy_Hebb,Harry_Schmidt,Jean-David_Levitte,Mario_Dumont,Marco_Antonio_Barrera
vggface2,mtcnn_crop_fallback,probe/Geoff_Hoon/Geoff_Hoon_0002.jpg,Geoff_Hoon,1,1.0,0.8124744892120361,0.8124744892120361,Geoff_Hoon,Vaclav_Havel,Brad_Johnson,Gary_Doer,Dave_Campo,Tim_Floyd,John_Walsh,Edward_Said,Nick_Nolte,Jim_Carrey
vggface2,mtcnn_crop_fallback,probe/George_Brumley/George_Brumley_0002.jpg,George_Brumley,1,1.0,0.6384605169296265,0.6384605169296265,George_Brumley,John_Negroponte,Max_Mayfield,John_Rigas,Paul_ONeill,Hans_Eichel,Bob_Hope,Dick_Cheney,Francis_George,Frank_Griswold
vggface2,mtcnn_crop_fallback,probe/George_Foreman/George_Foreman_0002.jpg,George_Foreman,1,1.0,0.8854432106018066,0.8854432106018066,George_Foreman,Mike_Tyson,Morgan_Freeman,Joe_Dumars,Justin_Gatlin,Thabo_Mbeki,Adrian_McPherson,Nelson_Mandela,Leonard_Hamilton,Slobodan_Milosevic
vggface2,mtcnn_crop_fallback,probe/George_Karl/George_Karl_0002.jpg,George_Karl,1,1.0,0.8093282580375671,0.8093282580375671,George_Karl,Lou_Piniella,James_Schultz,Blythe_Hartley,Rick_Romley,James_Morris,John_Reilly,John_Jumper,George_Foreman,Gian_Marco
vggface2,mtcnn_crop_fallback,probe/George_Lopez/George_Lopez_0002.jpg,George_Lopez,1,1.0,0.809912919998169,0.809912919998169,George_Lopez,Gary_Doer,Gary_Forsee,Leander_Paes,Branko_Crvenkovski,Mark_Heller,Johnson_Panjaitan,Jackie_Chan,Abdullah,Bob_Colvin
vggface2,mtcnn_crop_fallback,probe/George_P_Bush/George_P_Bush_0002.jpg,George_P_Bush,1,1.0,0.787760853767395,0.787760853767395,George_P_Bush,John_F_Kennedy_Jr,Mariangel_Ruiz_Torrealba,Justin_Leonard,Jefferson_Perez,Jose_Theodore,Spencer_Abraham,Gary_Bergeron,Alex_Penelas,Padraig_Harrington
vggface2,mtcnn_crop_fallback,probe/George_Pataki/George_Pataki_0002.jpg,George_Pataki,1,1.0,0.8932245373725891,0.8932245373725891,George_Pataki,Robert_Zoellick,Alan_Mulally,John_Timoney,James_Cunningham,Jimmy_Carter,Arnold_Palmer,Jeffrey_Jones,Mitchell_Daniels,Rob_Schneider
vggface2,mtcnn_crop_fallback,probe/George_Robertson/George_Robertson_0002.jpg,George_Robertson,1,1.0,0.9021987915039062,0.9021987915039062,George_Robertson,Dennis_Kozlowski,David_Trimble,James_Kelly,Prince_Willem-Alexander,Jay_Garner,Thomas_OBrien,Scott_McNealy,Jeffrey_Jones,Ernie_Eves
vggface2,mtcnn_crop_fallback,probe/George_Roy_Hill/George_Roy_Hill_0002.jpg,George_Roy_Hill,1,1.0,0.8389995098114014,0.8389995098114014,George_Roy_Hill,Igor_Ivanov,Alastair_Campbell,Dennis_Kucinich,John_Wolf,Vladimir_Putin,Jorge_Rodolfo_Canicoba_Corral,Steve_Waugh,Pedro_Malan,Christopher_Walken
vggface2,mtcnn_crop_fallback,probe/George_Ryan/George_Ryan_0002.jpg,George_Ryan,1,1.0,0.8577702641487122,0.8577702641487122,George_Ryan,Jay_Garner,Manfred_Stolpe,Peter_Struck,Boris_Yeltsin,Warren_Buffett,John_Snow,George_Voinovich,Mike_Price,Augusto_Roa_Bastos
vggface2,mtcnn_crop_fallback,probe/George_Tenet/George_Tenet_0002.jpg,George_Tenet,1,1.0,0.8413652181625366,0.8413652181625366,George_Tenet,Thomas_Birmingham,David_Wolf,Eduardo_Duhalde,Gary_Williams,John_Jumper,Joe_Torre,Michael_Douglas,Butch_Davis,Pete_Sampras
vggface2,mtcnn_crop_fallback,probe/George_Voinovich/George_Voinovich_0002.jpg,George_Voinovich,1,1.0,0.6979016661643982,0.6979016661643982,George_Voinovich,David_Leahy,Vaclav_Havel,James_Kelly,Charles_Grassley,Hootie_Johnson,Dennis_Erickson,Anders_Ebbeson,John_Manley,Franz_Muentefering
vggface2,mtcnn_crop_fallback,probe/Georgi_Parvanov/Georgi_Parvanov_0002.jpg,Georgi_Parvanov,1,1.0,0.7232137322425842,0.7232137322425842,Georgi_Parvanov,Andy_Hebb,Mohammad_Khatami,Oswaldo_Paya,Adolfo_Aguilar_Zinser,Masum_Turker,Alejandro_Toledo,Boris_Berezovsky,Jean-Claude_Juncker,Federico_Trillo
vggface2,mtcnn_crop_fallback,probe/Geraldine_Chaplin/Geraldine_Chaplin_0002.jpg,Geraldine_Chaplin,1,1.0,0.8769781589508057,0.8769781589508057,Geraldine_Chaplin,Frances_Fisher,Jane_Kaczmarek,Carol_Burnett,Carlos_Ghosn,Hipolito_Mejia,Rita_Moreno,Allison_Janney,Elisabeth_Schumacher,Anders_Fogh_Rasmussen
vggface2,mtcnn_crop_fallback,probe/Gerard_Depardieu/Gerard_Depardieu_0002.jpg,Gerard_Depardieu,317,0.0031545741324921135,0.5186038613319397,0.12707817554473877,Ernie_Eves,Gary_Carter,Bill_Belichick,Jay_Garner,Arlen_Specter,Joe_Torre,Thomas_OBrien,Edward_Said,Eduardo_Duhalde,John_Walsh
vggface2,mtcnn_crop_fallback,probe/Gerardo_Gambala/Gerardo_Gambala_0002.jpg,Gerardo_Gambala,1,1.0,0.8092365264892578,0.8092365264892578,Gerardo_Gambala,Edward_Lu,Hassan_Wirajuda,Taufik_Hidayat,Henrique_Meirelles,Hun_Sen,Michael_Chang,Juan_Valencia_Osorio,John_Allen_Muhammad,Hu_Jintao
vggface2,mtcnn_crop_fallback,probe/Gerry_Adams/Gerry_Adams_0002.jpg,Gerry_Adams,1,1.0,0.8849208354949951,0.8849208354949951,Gerry_Adams,Amram_Mitzna,Jean-David_Levitte,Sean_Patrick_OMalley,Jose_Sarney,Mohammad_Khatami,Steven_Spielberg,Bill_Simon,Jean-Claude_Juncker,Eric_Clapton
vggface2,mtcnn_crop_fallback,probe/Gerry_Parsky/Gerry_Parsky_0002.jpg,Gerry_Parsky,1,1.0,0.8764073252677917,0.8764073252677917,Gerry_Parsky,Dennis_Kucinich,Christopher_Walken,Nancy_Pelosi,Larry_Bowa,Antony_Leung,Silvio_Berlusconi,Fred_Eckhard,John_Rosa,Michael_Chang
vggface2,mtcnn_crop_fallback,probe/Gian_Marco/Gian_Marco_0002.jpg,Gian_Marco,1,1.0,0.7327187061309814,0.7327187061309814,Gian_Marco,Daniel_Day-Lewis,Charlie_Zaa,Joe_Torre,Matthew_Perry,Bertrand_Bonello,Thomas_Rupprath,Amanda_Beard,Vidar_Helgesen,Harry_Belafonte
vggface2,mtcnn_crop_fallback,probe/Gianna_Angelopoulos-Daskalaki/Gianna_Angelopoulos-Daskalaki_0002.jpg,Gianna_Angelopoulos-Daskalaki,1,1.0,0.7877452373504639,0.7877452373504639,Gianna_Angelopoulos-Daskalaki,Nancy_Pelosi,Jo_Dee_Messina,Shannon_OBrien,Nia_Vardalos,Yoko_Ono,Kim_Dae-jung,Thaksin_Shinawatra,Saparmurat_Niyazov,Paul_McCartney
vggface2,mtcnn_crop_fallback,probe/Gil_de_Ferran/Gil_de_Ferran_0002.jpg,Gil_de_Ferran,1,1.0,0.7323251962661743,0.7323251962661743,Gil_de_Ferran,Anders_Fogh_Rasmussen,Padraig_Harrington,David_Heymann,Mario_Cipollini,John_Allen_Muhammad,Bill_Simon,Mark_Cuban,Marcus_Gronholm,Bill_Frist
vggface2,mtcnn_crop_fallback,probe/Gillian_Anderson/Gillian_Anderson_0002.jpg,Gillian_Anderson,1,1.0,0.6514977216720581,0.6514977216720581,Gillian_Anderson,Bridget_Fonda,Charlotte_Rampling,Alicia_Silverstone,Betsy_Smith,Julianne_Moore,Kathleen_Glynn,Tammy_Lynn_Michaels,Anneli_Jaatteenmaki,Ellen_DeGeneres
vggface2,mtcnn_crop_fallback,probe/Gisele_Bundchen/Gisele_Bundchen_0002.jpg,Gisele_Bundchen,1,1.0,0.8076920509338379,0.8076920509338379,Gisele_Bundchen,Julianne_Moore,Kathy_Winters,Dale_Earnhardt_Jr,Sue_Wicks,Kirk_Ferentz,Benazir_Bhutto,Prince_Harry,Gillian_Anderson,Alejandro_Toledo
vggface2,mtcnn_crop_fallback,probe/Gloria_Allred/Gloria_Allred_0002.jpg,Gloria_Allred,1,1.0,0.8355053663253784,0.8355053663253784,Gloria_Allred,Julie_Gerberding,Nancy_Pelosi,Sophia_Loren,Nia_Vardalos,David_Heymann,Priscilla_Owen,Biljana_Plavsic,Hanan_Ashrawi,Gianna_Angelopoulos-Daskalaki
vggface2,mtcnn_crop_fallback,probe/Gloria_Macapagal_Arroyo/Gloria_Macapagal_Arroyo_0002.jpg,Gloria_Macapagal_Arroyo,1,1.0,0.8574358224868774,0.8574358224868774,Gloria_Macapagal_Arroyo,Zhang_Ziyi,Ali_Abbas,Flor_Montulo,Megawati_Sukarnoputri,Corinne_Coman,Hu_Jintao,Annette_Lu,Candie_Kung,Nora_Bendijo
vggface2,mtcnn_crop_fallback,probe/Goh_Kun/Goh_Kun_0002.jpg,Goh_Kun,3,0.3333333333333333,0.7959359884262085,0.7494165897369385,Hichiro_Naemura,Yoko_Ono,Goh_Kun,Hu_Jintao,Kim_Jin-sun,Li_Peng,Alberto_Fujimori,Thaksin_Shinawatra,Chang_Dae-whan,Gao_Qiang
vggface2,mtcnn_crop_fallback,probe/Goldie_Hawn/Goldie_Hawn_0002.jpg,Goldie_Hawn,1,1.0,0.7704582214355469,0.7704582214355469,Goldie_Hawn,Reese_Witherspoon,Paula_Zahn,Jane_Fonda,Natalie_Maines,Allison_Janney,Dennis_Erickson,John_Taylor,Michael_Chiklis,Jessica_Lange
vggface2,mtcnn_crop_fallback,probe/Goran_Persson/Goran_Persson_0002.jpg,Goran_Persson,1,1.0,0.6949483156204224,0.6949483156204224,Goran_Persson,George_Robertson,Hans_Eichel,Jon_Gruden,John_Timoney,Robin_McLaurin_Williams,Dick_Cheney,Joseph_Deiss,Fred_Eckhard,Christian_Wulff
vggface2,mtcnn_crop_fallback,probe/Gordon_Campbell/Gordon_Campbell_0002.jpg,Gordon_Campbell,1,1.0,0.8427973985671997,0.8427973985671997,Gordon_Campbell,Rick_Romley,Bernard_Landry,George_Karl,Dave_Campo,Jay_Rasulo,Jeffrey_Archer,Dick_Vermeil,Richie_Adubato,James_Cunningham
vggface2,mtcnn_crop_fallback,probe/Grady_Irvin_Jr/Grady_Irvin_Jr_0002.jpg,Grady_Irvin_Jr,1,1.0,0.8904982805252075,0.8904982805252075,Grady_Irvin_Jr,James_Butts,Leonard_Hamilton,Jesse_Jackson,Lloyd_Ward,John_Stallworth,Jason_Kidd,Vince_Carter,S_Jayakumar,LeBron_James
vggface2,mtcnn_crop_fallback,probe/Gray_Davis/Gray_Davis_0002.jpg,Gray_Davis,1,1.0,0.8870459794998169,0.8870459794998169,Gray_Davis,James_Kelly,Richard_Gephardt,Vaclav_Havel,John_Manley,Wesley_Clark,Tom_Daschle,Bruce_Van_De_Velde,Scott_McNealy,Alan_Mulally
vggface2,mtcnn_crop_fallback,probe/Greg_Gilbert/Greg_Gilbert_0002.jpg,Greg_Gilbert,1,1.0,0.8052780628204346,0.8052780628204346,Greg_Gilbert,David_Nalbandian,Jon_Gruden,Harry_Schmidt,Lon_Kruger,Jim_Furyk,Luis_Figo,Stanley_McChrystal,Yevgeny_Kafelnikov,Bill_Graham
vggface2,mtcnn_crop_fallback,probe/Greg_Ostertag/Greg_Ostertag_0002.jpg,Greg_Ostertag,1,1.0,0.5385568141937256,0.5385568141937256,Greg_Ostertag,Ian_Thorpe,Zoran_Djindjic,Jamie_Villafane,Doris_Roberts,Arianna_Huffington,Masum_Turker,Robbie_Fowler,Edie_Falco,Juan_Pablo_Montoya
vggface2,mtcnn_crop_fallback,probe/Greg_Owen/Greg_Owen_0002.jpg,Greg_Owen,1,1.0,0.8295470476150513,0.8295470476150513,Greg_Owen,Jim_Furyk,Phil_Mickelson,Jason_Jennings,Brad_Johnson,John_Manley,Matthew_Perry,Jason_Lezak,John_Rosa,Justin_Leonard
vggface2,mtcnn_crop_fallback,probe/Greg_Rusedski/Greg_Rusedski_0002.jpg,Greg_Rusedski,1,1.0,0.81846684217453,0.81846684217453,Greg_Rusedski,Luis_Horna,Kifah_Ajouri,Dennis_Powell,David_Nalbandian,Bo_Pelini,Barrett_Jackman,Ron_Howard,Padraig_Harrington,Martin_Verkerk
vggface2,mtcnn_crop_fallback,probe/Gregg_Popovich/Gregg_Popovich_0002.jpg,Gregg_Popovich,1,1.0,0.8583405613899231,0.8583405613899231,Gregg_Popovich,Bill_Parcells,Johnny_Carson,Thomas_OBrien,George_Karl,Larry_Lindsey,Prince_Willem-Alexander,Larry_Coker,Ernie_Eves,James_Morris
vggface2,mtcnn_crop_fallback,probe/Gregory_Geoffroy/Gregory_Geoffroy_0002.jpg,Gregory_Geoffroy,1,1.0,0.8985596895217896,0.8985596895217896,Gregory_Geoffroy,William_Bratton,Carlos_Quintanilla_Schmidt,Pedro_Solbes,John_McCormack,Jonathan_Edwards,Nicanor_Duarte_Frutos,Mohamed_Benaissa,Tom_Daschle,Trent_Lott
vggface2,mtcnn_crop_fallback,probe/Gregory_Hines/Gregory_Hines_0002.jpg,Gregory_Hines,1,1.0,0.8712730407714844,0.8712730407714844,Gregory_Hines,Bob_Geldof,Eduardo_Duhalde,John_Blaney,Alejandro_Toledo,Bill_Gates,Carlos_Quintanilla_Schmidt,Robbie_Fowler,Bobby_Goldwater,Fidel_Castro
vggface2,mtcnn_crop_fallback,probe/Gro_Harlem_Brundtland/Gro_Harlem_Brundtland_0002.jpg,Gro_Harlem_Brundtland,1,1.0,0.7753535509109497,0.7753535509109497,Gro_Harlem_Brundtland,Herta_Daeubler-Gmelin,Charlotte_Rampling,Maggie_Smith,Karin_Stoiber,Kathy_Winters,Margaret_Thatcher,Biljana_Plavsic,Eva_Dimas,Megawati_Sukarnoputri
vggface2,mtcnn_crop_fallback,probe/Guido_Westerwelle/Guido_Westerwelle_0002.jpg,Guido_Westerwelle,1,1.0,0.8301230072975159,0.8301230072975159,Guido_Westerwelle,Ron_Dittemore,Tom_Crean,Pedro_Malan,Angelo_Reyes,Dennis_Kucinich,Tim_Allen,James_Kopp,Robin_McLaurin_Williams,Richard_Crenna
vggface2,mtcnn_crop_fallback,probe/Guillaume_Soro/Guillaume_Soro_0002.jpg,Guillaume_Soro,10,0.1,0.7449277639389038,0.37007200717926025,Laurent_Gbagbo,Kirk_Johnson,Morgan_Freeman,Leonard_Hamilton,Doug_Duncan,Thabo_Mbeki,Claire_Hentzen,Patrick_Ewing,George_Robertson,Guillaume_Soro
vggface2,mtcnn_crop_fallback,probe/Guillermo_Coria/Guillermo_Coria_0002.jpg,Guillermo_Coria,1,1.0,0.8271956443786621,0.8271956443786621,Guillermo_Coria,Steve_Park,David_Bell,Jorge_Arce,Jesse_James_Leija,Juan_Manuel_Marquez,Mark_Dacey,Aitor_Gonzalez,Jason_Jennings,Magui_Serna
vggface2,mtcnn_crop_fallback,probe/Guillermo_Ortiz/Guillermo_Ortiz_0002.jpg,Guillermo_Ortiz,1,1.0,0.843936026096344,0.843936026096344,Guillermo_Ortiz,John_Negroponte,Gabriel_Valdes,Costas_Simitis,Jorge_Batlle,Carlos_Ghosn,Silvan_Shalom,Dick_Cheney,Charlton_Heston,Valery_Giscard_dEstaing
vggface2,mtcnn_crop_fallback,probe/Gunter_Pleuger/Gunter_Pleuger_0002.jpg,Gunter_Pleuger,1,1.0,0.8590015172958374,0.8590015172958374,Gunter_Pleuger,Marc_Grossman,Kent_Rominger,Luis_Gonzalez_Macchi,Steven_Spielberg,Juergen_Peters,Peter_Struck,Kieran_Prendergast,Bernard_Landry,Dick_Cheney
vggface2,mtcnn_crop_fallback,probe/Gustavo_Kuerten/Gustavo_Kuerten_0002.jpg,Gustavo_Kuerten,1,1.0,0.9184346199035645,0.9184346199035645,Gustavo_Kuerten,Mikhail_Youzhny,Brian_Heidik,Frank_Griswold,Demetrius_Ferraciu,Guillermo_Coria,Jeremy_Shockey,Marcus_Gronholm,Marat_Safin,David_Nalbandian
vggface2,mtcnn_crop_fallback,probe/Guy_Hemmings/Guy_Hemmings_0002.jpg,Guy_Hemmings,1,1.0,0.5495746731758118,0.5495746731758118,Guy_Hemmings,Robert_Zoellick,Mike_Miller,Andy_Hebb,Martin_Brodeur,Brad_Johnson,Elinor_Caplan,Andrei_Mikhnevich,Goran_Persson,Richard_Sambrook
vggface2,mtcnn_crop_fallback,probe/Guy_Ritchie/Guy_Ritchie_0002.jpg,Guy_Ritchie,1,1.0,0.7735040187835693,0.7735040187835693,Guy_Ritchie,Scott_McClellan,Thomas_Fargo,Mathias_Reichhold,Dennis_Powell,Richard_Sambrook,Paul_Bremer,Mark_Warner,Bill_Frist,Howard_Dean
vggface2,mtcnn_crop_fallback,probe/Gwendal_Peizerat/Gwendal_Peizerat_0002.jpg,Gwendal_Peizerat,1,1.0,0.7224812507629395,0.7224812507629395,Gwendal_Peizerat,Prince_Harry,Stacy_Dragila,Tom_Cruise,Jim_Furyk,Howard_Dean,Elijah_Wood,Lindsay_Benko,Joe_Nichols,Ron_Dittemore
vggface2,mtcnn_crop_fallback,probe/Hal_Sutton/Hal_Sutton_0002.jpg,Hal_Sutton,1,1.0,0.6962368488311768,0.6962368488311768,Hal_Sutton,Carmen_Electra,Ilan_Ramon,Fred_Funk,Phil_Mickelson,Charles_Schumer,Ishaq_Shahryar,Hashim_Thaci,Guillermo_Coria,Arnold_Palmer
vggface2,mtcnn_crop_fallback,probe/Hamzah_Haz/Hamzah_Haz_0002.jpg,Hamzah_Haz,1,1.0,0.8400723934173584,0.8400723934173584,Hamzah_Haz,Megawati_Sukarnoputri,Hun_Sen,Edward_Lu,Flor_Montulo,Sam_Bith,Lee_Jun,Lee_Tae-sik,Anwar_Ibrahim,Prince_Naruhito
vggface2,mtcnn_crop_fallback,probe/Hanan_Ashrawi/Hanan_Ashrawi_0002.jpg,Hanan_Ashrawi,1,1.0,0.8217484951019287,0.8217484951019287,Hanan_Ashrawi,Julie_Gerberding,Intisar_Ajouri,Gloria_Allred,Ann_Veneman,Donna_Shalala,Colin_Powell,Sophia_Loren,Fabiola_Zuluaga,Eduardo_Duhalde
vggface2,mtcnn_crop_fallback,probe/Hannah_Stockbauer/Hannah_Stockbauer_0002.jpg,Hannah_Stockbauer,1,1.0,0.8683335781097412,0.8683335781097412,Hannah_Stockbauer,Meryl_Streep,Julianne_Moore,Judy_Genshaft,Hayley_Tullett,Paula_Radcliffe,James_Maguire,Celine_Dion,Helen_Clark,Marie-Reine_Le_Gougne
vggface2,mtcnn_crop_fallback,probe/Hans_Eichel/Hans_Eichel_0002.jpg,Hans_Eichel,1,1.0,0.8153272867202759,0.8153272867202759,Hans_Eichel,Abel_Pacheco,Dick_Cheney,John_Negroponte,Max_Mayfield,Fidel_Castro,Anthony_Hopkins,Robert_Duvall,Matthew_Perry,George_Brumley
vggface2,mtcnn_crop_fallback,probe/Harbhajan_Singh/Harbhajan_Singh_0002.jpg,Harbhajan_Singh,1,1.0,0.897161066532135,0.897161066532135,Harbhajan_Singh,Osama_bin_Laden,Juan_Pablo_Montoya,Sourav_Ganguly,Nicolas_Lapentti,Hassan_Nasrallah,Manuel_Poggiali,Monica_Bellucci,Mohammad_Khatami,Ahmet_Necdet_Sezer
vggface2,mtcnn_crop_fallback,probe/Harry_Belafonte/Harry_Belafonte_0002.jpg,Harry_Belafonte,1,1.0,0.8910377025604248,0.8910377025604248,Harry_Belafonte,Dalai_Lama,Jose_Serra,Larry_Brown,S_Jayakumar,Yasar_Yakis,John_Spencer,Bo_Ryan,Abdullah_al-Attiyah,GL_Peiris
vggface2,mtcnn_crop_fallback,probe/Harry_Kalas/Harry_Kalas_0002.jpg,Harry_Kalas,1,1.0,0.7704821825027466,0.7704821825027466,Harry_Kalas,Hootie_Johnson,James_Kelly,Charles_Grassley,Jimmy_Carter,George_Pataki,James_Traficant,John_Timoney,Nicanor_Duarte_Frutos,Kenneth_Evans
vggface2,mtcnn_crop_fallback,probe/Harry_Schmidt/Harry_Schmidt_0002.jpg,Harry_Schmidt,1,1.0,0.8620107173919678,0.8620107173919678,Harry_Schmidt,Alex_Penelas,Mike_Tyson,Jesse_James_Leija,Jason_Kidd,Evander_Holyfield,Alejandro_Toledo,Greg_Gilbert,Paul_Bremer,John_Malkovich
vggface2,mtcnn_crop_fallback,probe/Harvey_Weinstein/Harvey_Weinstein_0002.jpg,Harvey_Weinstein,1,1.0,0.8767392635345459,0.8767392635345459,Harvey_Weinstein,Mike_Holmgren,Chris_Cooper,Howard_Smith,Robert_Zoellick,Aleksander_Kwasniewski,Roy_Moore,John_Jumper,Paul_Bremer,Spencer_Abraham
vggface2,mtcnn_crop_fallback,probe/Hashim_Thaci/Hashim_Thaci_0002.jpg,Hashim_Thaci,1,1.0,0.739142894744873,0.739142894744873,Hashim_Thaci,Todd_Haynes,Federico_Trillo,Alejandro_Avila,Darren_Clarke,Adrian_Nastase,Matthew_Perry,Joe_Mantello,Aldo_Paredes,Bijan_Namdar_Zangeneh
vggface2,mtcnn_crop_fallback,probe/Hassan_Nasrallah/Hassan_Nasrallah_0002.jpg,Hassan_Nasrallah,1,1.0,0.8349692821502686,0.8349692821502686,Hassan_Nasrallah,Luciano_Pavarotti,Cruz_Bustamante,Pupi_Avati,Harbhajan_Singh,Mohammad_Khatami,Art_Hoffmann,Alejandro_Avila,Dino_de_Laurentis,Gerry_Adams
vggface2,mtcnn_crop_fallback,probe/Hassan_Wirajuda/Hassan_Wirajuda_0002.jpg,Hassan_Wirajuda,1,1.0,0.8394525051116943,0.8394525051116943,Hassan_Wirajuda,Hun_Sen,Hamzah_Haz,Anwar_Ibrahim,Edward_Lu,Joseph_Estrada,Antony_Leung,Hu_Jintao,Hitomi_Soga,Bill_Gates
vggface2,mtcnn_crop_fallback,probe/Hayley_Tullett/Hayley_Tullett_0002.jpg,Hayley_Tullett,1,1.0,0.8276168704032898,0.8276168704032898,Hayley_Tullett,Silvia_Farina_Elia,Anna_Kournikova,Claire_Hentzen,Conchita_Martinez,Meghann_Shaughnessy,Nadia_Petrova,Martina_Hingis,Stacy_Dragila,Paula_Radcliffe
vggface2,mtcnn_crop_fallback,probe/Hector_Babenco/Hector_Babenco_0002.jpg,Hector_Babenco,1,1.0,0.8042488098144531,0.8042488098144531,Hector_Babenco,Job_Cohen,Fidel_Castro,Juergen_Peters,William_Bratton,Boris_Berezovsky,Igor_Ivanov,Robert_Kocharian,Fayssal_Mekdad,Kevin_Spacey
vggface2,mtcnn_crop_fallback,probe/Heidi_Fleiss/Heidi_Fleiss_0002.jpg,Heidi_Fleiss,1,1.0,0.6230243444442749,0.6230243444442749,Heidi_Fleiss,Igor_Ivanov,Lauren_Hutton,Vanessa_Incontrada,Ann_Veneman,Donatella_Versace,Amanda_Beard,Carmen_Electra,Vladimir_Putin,Vanessa_Williams
vggface2,mtcnn_crop_fallback,probe/Heizo_Takenaka/Heizo_Takenaka_0002.jpg,Heizo_Takenaka,1,1.0,0.9337437152862549,0.9337437152862549,Heizo_Takenaka,Prince_Naruhito,Mitoji_Yabunaka,Chang_Dae-whan,Megawati_Sukarnoputri,Hu_Jintao,Jackie_Chan,Nicanor_Duarte_Frutos,Kim_Dae-jung,Gary_Locke
vggface2,mtcnn_crop_fallback,probe/Helen_Clark/Helen_Clark_0002.jpg,Helen_Clark,1,1.0,0.8722270727157593,0.8722270727157593,Helen_Clark,Kathleen_Kennedy_Townsend,Claire_Leger,Sheila_Copps,Arianna_Huffington,Isabelle_Huppert,Ann_Veneman,Biljana_Plavsic,Conchita_Martinez,Julianne_Moore
vggface2,mtcnn_crop_fallback,probe/Henrique_Meirelles/Henrique_Meirelles_0002.jpg,Henrique_Meirelles,1,1.0,0.7529182434082031,0.7529182434082031,Henrique_Meirelles,John_Howard,Igor_Ivanov,GL_Peiris,Larry_Brown,Jorge_Batlle,Hipolito_Mejia,Silvio_Berlusconi,Kim_Jong-Il,Ferenc_Madl
vggface2,mtcnn_crop_fallback,probe/Herb_Sendek/Herb_Sendek_0002.jpg,Herb_Sendek,1,1.0,0.8906876444816589,0.8906876444816589,Herb_Sendek,Silvio_Berlusconi,Yao_Ming,Justin_Leonard,Bo_Pelini,John_Brady,Frank_Solich,Roy_Moore,Pascal_Lamy,Benjamin_Netanyahu
vggface2,mtcnn_crop_fallback,probe/Hermann_Maier/Hermann_Maier_0002.jpg,Hermann_Maier,1,1.0,0.6539008617401123,0.6539008617401123,Hermann_Maier,Luke_Walton,Brendan_Hansen,Marcus_Gronholm,Stanley_McChrystal,David_Caraway,Roy_Moore,Yao_Ming,Dennis_Kucinich,Jon_Gruden
vggface2,mtcnn_crop_fallback,probe/Herta_Daeubler-Gmelin/Herta_Daeubler-Gmelin_0002.jpg,Herta_Daeubler-Gmelin,1,1.0,0.8757578134536743,0.8757578134536743,Herta_Daeubler-Gmelin,Gro_Harlem_Brundtland,Jean_Brumley,Lindsay_Davenport,Rick_Romley,Elinor_Caplan,Sheila_Copps,Anneli_Jaatteenmaki,Karin_Stoiber,Goran_Persson
vggface2,mtcnn_crop_fallback,probe/Hichiro_Naemura/Hichiro_Naemura_0002.jpg,Hichiro_Naemura,1,1.0,0.7803937792778015,0.7803937792778015,Hichiro_Naemura,Joseph_Estrada,Chen_Liang_Yu,Li_Peng,Valery_Giscard_dEstaing,Yoko_Ono,Pedro_Malan,Goh_Kun,Yasser_Arafat,Kim_Dae-jung
vggface2,mtcnn_crop_fallback,probe/Hideki_Matsui/Hideki_Matsui_0002.jpg,Hideki_Matsui,1,1.0,0.7374359369277954,0.7374359369277954,Hideki_Matsui,Kim_Ryong-sung,Jackie_Chan,Goh_Kun,Chung_Mong-hun,Chung_Mong-joon,Thaksin_Shinawatra,Heizo_Takenaka,Michael_Chang,Lee_Hoi-chang
vggface2,mtcnn_crop_fallback,probe/Hillary_Clinton/Hillary_Clinton_0002.jpg,Hillary_Clinton,1,1.0,0.8646732568740845,0.8646732568740845,Hillary_Clinton,Paula_Radcliffe,Shannon_OBrien,Jean_Carnahan,Nancy_Pelosi,Amanda_Coetzer,Edie_Falco,Barbara_Brezigar,Dorthy_Moxley,Gerard_Depardieu
vggface2,mtcnn_crop_fallback,probe/Hilmi_Ozkok/Hilmi_Ozkok_0002.jpg,Hilmi_Ozkok,1,1.0,0.904768705368042,0.904768705368042,Hilmi_Ozkok,Lim_Dong-won,Robert_Kocharian,Lee_Hoi-chang,Robert_Mugabe,Saddam_Hussein,Cesar_Maia,Li_Peng,Job_Cohen,Hu_Jintao
vggface2,mtcnn_crop_fallback,probe/Hipolito_Mejia/Hipolito_Mejia_0002.jpg,Hipolito_Mejia,1,1.0,0.9147378206253052,0.9147378206253052,Hipolito_Mejia,John_Snow,Larry_Brown,Paul_Patton,Mike_Price,John_Howard,Patrick_Leahy,William_Martin,Silvio_Berlusconi,Silvan_Shalom
vggface2,mtcnn_crop_fallback,probe/Hisao_Oguchi/Hisao_Oguchi_0002.jpg,Hisao_Oguchi,1,1.0,0.7280458211898804,0.7280458211898804,Hisao_Oguchi,Nicolas_Lapentti,Mike_Weir,Heizo_Takenaka,Taufik_Hidayat,Kim_Ryong-sung,Nancy_Pelosi,Jackie_Chan,Stanley_Tong,Michael_Chang
vggface2,mtcnn_crop_fallback,probe/Hitomi_Soga/Hitomi_Soga_0002.jpg,Hitomi_Soga,1,1.0,0.842644453048706,0.842644453048706,Hitomi_Soga,Gloria_Macapagal_Arroyo,Aung_San_Suu_Kyi,Megawati_Sukarnoputri,Flor_Montulo,Begum_Khaleda_Zia,Annette_Lu,Jong_Thae_Hwa,Nora_Bendijo,Alejandro_Toledo
vggface2,mtcnn_crop_fallback,probe/Hootie_Johnson/Hootie_Johnson_0002.jpg,Hootie_Johnson,2,0.5,0.6411876678466797,0.6390656232833862,Tom_Daschle,Hootie_Johnson,Bill_Gates,Trent_Lott,David_Trimble,James_Kelly,Bud_Selig,Nicanor_Duarte_Frutos,James_Kopp,Charlton_Heston
vggface2,mtcnn_crop_fallback,probe/Howard_Dean/Howard_Dean_0002.jpg,Howard_Dean,1,1.0,0.9268493056297302,0.9268493056297302,Howard_Dean,Thomas_Fargo,Peter_Harrison,Roy_Williams,Robert_Bonner,Joseph_Biden,Richard_Gephardt,Vaclav_Havel,Manfred_Stolpe,Gray_Davis
vggface2,mtcnn_crop_fallback,probe/Howard_Schultz/Howard_Schultz_0002.jpg,Howard_Schultz,1,1.0,0.7941327095031738,0.7941327095031738,Howard_Schultz,Jorge_Valdano,Ian_Thorpe,Bobby_Goldwater,Jack_Grubman,John_Kerry,Alejandro_Toledo,Andrew_Cuomo,Bill_Belichick,Eve_Pelletier
vggface2,mtcnn_crop_fallback,probe/Howard_Smith/Howard_Smith_0002.jpg,Howard_Smith,1,1.0,0.6662915945053101,0.6662915945053101,Howard_Smith,Steve_Park,Gil_de_Ferran,Robert_Zoellick,Duane_Lee_Chapman,John_Snow,James_Schultz,Guillermo_Coria,Robert_Bonner,Paul_Byrd
vggface2,mtcnn_crop_fallback,probe/Hu_Jintao/Hu_Jintao_0002.jpg,Hu_Jintao,1,1.0,0.8704771995544434,0.8704771995544434,Hu_Jintao,Antony_Leung,Kim_Jin-sun,Lim_Dong-won,Kim_Ryong-sung,Jia_Qinglin,Kim_Dae-jung,Yoko_Ono,Lee_Hoi-chang,Chang_Dae-whan
vggface2,mtcnn_crop_fallback,probe/Hun_Sen/Hun_Sen_0002.jpg,Hun_Sen,1,1.0,0.8392322063446045,0.8392322063446045,Hun_Sen,Hu_Jintao,Dai_Bachtiar,Jia_Qinglin,Johnson_Panjaitan,Lee_Jun,Li_Peng,Kim_Dae-jung,Megawati_Sukarnoputri,Kim_Jin-sun
vggface2,mtcnn_crop_fallback,probe/Iain_Duncan_Smith/Iain_Duncan_Smith_0002.jpg,Iain_Duncan_Smith,1,1.0,0.8845104575157166,0.8845104575157166,Iain_Duncan_Smith,Slobodan_Milosevic,James_Cunningham,Juergen_Peters,Leon_LaPorte,Yasar_Yakis,Ahmet_Necdet_Sezer,Hector_Babenco,Job_Cohen,Jay_Rasulo
vggface2,mtcnn_crop_fallback,probe/Ian_McKellen/Ian_McKellen_0002.jpg,Ian_McKellen,1,1.0,0.5922614336013794,0.5922614336013794,Ian_McKellen,Franz_Muentefering,Jean-Claude_Braquet,Jack_Straw,Nicanor_Duarte_Frutos,Gary_Doer,Hootie_Johnson,Ronald_Reagan,Jackie_Chan,Eduardo_Duhalde
vggface2,mtcnn_crop_fallback,probe/Ian_Thorpe/Ian_Thorpe_0002.jpg,Ian_Thorpe,1,1.0,0.789924681186676,0.789924681186676,Ian_Thorpe,Zarai_Toledo,Johnny_Unitas,Bode_Miller,Taufik_Hidayat,Jose_Manuel_Durao_Barroso,James_Blake,Adam_Scott,Aldo_Paredes,John_Allen_Muhammad
vggface2,mtcnn_crop_fallback,probe/Iban_Mayo/Iban_Mayo_0002.jpg,Iban_Mayo,1,1.0,0.7286351919174194,0.7286351919174194,Iban_Mayo,Bode_Miller,Jan_Ullrich,Adam_Scott,Emanuel_Ginobili,Stacy_Dragila,Mathias_Reichhold,James_Franco,Ian_Thorpe,Jim_Furyk
vggface2,mtcnn_crop_fallback,probe/Ibrahim_Jaafari/Ibrahim_Jaafari_0002.jpg,Ibrahim_Jaafari,1,1.0,0.9096869826316833,0.9096869826316833,Ibrahim_Jaafari,Fidel_Castro,Mohammad_Khatami,Jonathan_Mostow,Luis_Gonzalez_Macchi,Yasser_Arafat,Xanana_Gusmao,Eric_Rosser,Dino_de_Laurentis,Marcelo_Salas
vggface2,mtcnn_crop_fallback,probe/Igor_Ivanov/Igor_Ivanov_0002.jpg,Igor_Ivanov,1,1.0,0.8498433828353882,0.8498433828353882,Igor_Ivanov,George_Pataki,Silvio_Berlusconi,Jimmy_Carter,Adolfo_Rodriguez_Saa,Vladimir_Putin,Pascal_Lamy,Larry_Lucchino,George_Roy_Hill,Valery_Giscard_dEstaing
vggface2,mtcnn_crop_fallback,probe/Ilan_Ramon/Ilan_Ramon_0002.jpg,Ilan_Ramon,1,1.0,0.7145897150039673,0.7145897150039673,Ilan_Ramon,Michael_Douglas,David_Nalbandian,Frank_Solich,Tom_Crean,John_Negroponte,Roman_Polanski,Frank_Cassell,Dave_Campo,Bill_Simon
vggface2,mtcnn_crop_fallback,probe/Imad_Moustapha/Imad_Moustapha_0002.jpg,Imad_Moustapha,1,1.0,0.9677900075912476,0.9677900075912476,Imad_Moustapha,Robert_Kocharian,Carlos_Ghosn,Nia_Vardalos,Silvan_Shalom,Laurent_Jalabert,John_Negroponte,Yasar_Yakis,Job_Cohen,Jorge_Rodolfo_Canicoba_Corral
vggface2,mtcnn_crop_fallback,probe/Inam-ul-Haq/Inam-ul-Haq_0002.jpg,Inam-ul-Haq,1,1.0,0.8406596183776855,0.8406596183776855,Inam-ul-Haq,Ali_Khamenei,Sean_Patrick_OMalley,Yasser_Arafat,Francis_Ford_Coppola,GL_Peiris,Saeb_Erekat,Omar_Sharif,Carlos_Mesa,Jorge_Batlle
vggface2,mtcnn_crop_fallback,probe/Inocencio_Arias/Inocencio_Arias_0002.jpg,Inocencio_Arias,1,1.0,0.7835947871208191,0.7835947871208191,Inocencio_Arias,Pamela_Anderson,Nestor_Kirchner,Lino_Oviedo,Pat_Cox,Augusto_Roa_Bastos,Alexander_Rumyantsev,Silvio_Berlusconi,Tony_Bennett,Ian_McKellen
vggface2,mtcnn_crop_fallback,probe/Intisar_Ajouri/Intisar_Ajouri_0002.jpg,Intisar_Ajouri,1,1.0,0.8341043591499329,0.8341043591499329,Intisar_Ajouri,Ann_Veneman,Martha_Beatriz_Roque,Ali_Abbas,Dolma_Tsering,Cathy_Freeman,Begum_Khaleda_Zia,Anna_Kournikova,Alexandra_Stevenson,Gloria_Macapagal_Arroyo
vggface2,mtcnn_crop_fallback,probe/Isabelle_Huppert/Isabelle_Huppert_0002.jpg,Isabelle_Huppert,1,1.0,0.7436282634735107,0.7436282634735107,Isabelle_Huppert,Daryl_Hannah,Lauren_Hutton,Cameron_Diaz,Jeanne_Moreau,Martina_McBride,Kathleen_Kennedy_Townsend,Melanie_Griffith,Hillary_Clinton,Ann_Veneman
vggface2,mtcnn_crop_fallback,probe/Isaiah_Washington/Isaiah_Washington_0002.jpg,Isaiah_Washington,1,1.0,0.5183525085449219,0.5183525085449219,Isaiah_Washington,Dexter_Jackson,Will_Smith,John_Allen_Muhammad,William_Ford_Jr,Emmit_Smith,Gregory_Hines,Chris_Tucker,Lionel_Richie,Grady_Irvin_Jr
vggface2,mtcnn_crop_fallback,probe/Ishaq_Shahryar/Ishaq_Shahryar_0002.jpg,Ishaq_Shahryar,783,0.001277139208173691,0.5662316679954529,-0.06397715955972672,Thomas_OBrien,Larry_Coker,Alvaro_Noboa,Roy_Moore,Imad_Moustapha,Frank_Cassell,Eunice_Barber,Luiz_Felipe_Scolari,John_Negroponte,Dennis_Kozlowski
vggface2,mtcnn_crop_fallback,probe/Ismail_Merchant/Ismail_Merchant_0002.jpg,Ismail_Merchant,1,1.0,0.6968796253204346,0.6968796253204346,Ismail_Merchant,Li_Peng,Mario_Kreutzberger,Carlos_Ghosn,John_McCormack,Paul_Patton,Ernesto_Zedillo,Alexander_Rumyantsev,Spencer_Abraham,Trent_Lott
vggface2,mtcnn_crop_fallback,probe/Iva_Majoli/Iva_Majoli_0002.jpg,Iva_Majoli,1,1.0,0.780479371547699,0.780479371547699,Iva_Majoli,Hayley_Tullett,Monica_Seles,Carolina_Moraes,Paula_Radcliffe,Patricia_Clarkson,Venus_Williams,Claire_Hentzen,Nadia_Petrova,Daniela_Hantuchova
vggface2,mtcnn_crop_fallback,probe/JJ_Redick/JJ_Redick_0002.jpg,JJ_Redick,868,0.001152073732718894,0.5548072457313538,-0.10068412125110626,Adrian_McPherson,LeBron_James,Lloyd_Ward,Justin_Gatlin,Kenneth_Evans,Joe_Dumars,Leonard_Hamilton,Grady_Irvin_Jr,Nelson_Mandela,Jose_Manuel_Durao_Barroso
vggface2,mtcnn_crop_fallback,probe/Jack_Grubman/Jack_Grubman_0002.jpg,Jack_Grubman,1,1.0,0.9153238534927368,0.9153238534927368,Jack_Grubman,Oswaldo_Paya,Andrew_Cuomo,Paul_McNulty,Herb_Sendek,Roy_Moore,Jim_Harrick,Alastair_Campbell,Andy_Hebb,David_Heymann
vggface2,mtcnn_crop_fallback,probe/Jack_Straw/Jack_Straw_0002.jpg,Jack_Straw,1,1.0,0.8801004886627197,0.8801004886627197,Jack_Straw,Charlton_Heston,Mohamed_Benaissa,Albrecht_Mentz,John_Taylor,Juan_Valencia_Osorio,Bud_Selig,Trent_Lott,Anthony_Fauci,Masum_Turker
vggface2,mtcnn_crop_fallback,probe/Jackie_Chan/Jackie_Chan_0002.jpg,Jackie_Chan,1,1.0,0.9023364782333374,0.9023364782333374,Jackie_Chan,Kim_Ryong-sung,Chung_Mong-hun,Chung_Mong-joon,Stanley_Tong,Edward_Lu,Jamling_Norgay,Jong_Thae_Hwa,Hideki_Matsui,Michael_Chang
vggface2,mtcnn_crop_fallback,probe/Jacqueline_Obradors/Jacqueline_Obradors_0002.jpg,Jacqueline_Obradors,1,1.0,0.8798279762268066,0.8798279762268066,Jacqueline_Obradors,Tom_Crean,Paul_Bremer,Mariah_Carey,Jose_Manuel_Durao_Barroso,Cruz_Bustamante,Francis_George,Costas_Simitis,Antonio_Banderas,Vanessa_Williams
vggface2,mtcnn_crop_fallback,probe/Jada_Pinkett_Smith/Jada_Pinkett_Smith_0002.jpg,Jada_Pinkett_Smith,1,1.0,0.7352256178855896,0.7352256178855896,Jada_Pinkett_Smith,Boris_Becker,Billy_Sollie,George_Pataki,Venus_Williams,Kelli_White,John_Timoney,Cathy_Freeman,Patti_Labelle,George_Voinovich
vggface2,mtcnn_crop_fallback,probe/James_Blake/James_Blake_0002.jpg,James_Blake,1,1.0,0.8349766731262207,0.8349766731262207,James_Blake,Oscar_De_La_Hoya,Juan_Pablo_Montoya,Paul_ONeill,Jose_Theodore,Chris_Byrd,Vidar_Helgesen,Paul_Patton,Jason_Kidd,Pete_Sampras
vggface2,mtcnn_crop_fallback,probe/James_Butts/James_Butts_0002.jpg,James_Butts,1,1.0,0.9156086444854736,0.9156086444854736,James_Butts,Bobby_Goldwater,John_Allen_Muhammad,Leonard_Hamilton,John_Stallworth,Evander_Holyfield,Edward_Lu,Vladimir_Putin,Grady_Irvin_Jr,Nabil_Shaath
vggface2,mtcnn_crop_fallback,probe/James_Cunningham/James_Cunningham_0002.jpg,James_Cunningham,1,1.0,0.7865160703659058,0.7865160703659058,James_Cunningham,Kieran_Prendergast,Mike_Weir,Robert_Zoellick,Hector_Babenco,Ilan_Ramon,Alejandro_Atchugarry,John_Snow,Jason_Alexander,Pedro_Malan
vggface2,mtcnn_crop_fallback,probe/James_Franco/James_Franco_0002.jpg,James_Franco,1,1.0,0.7173916101455688,0.7173916101455688,James_Franco,Tony_Curtis,David_Coulthard,Keira_Knightley,Jonathan_Edwards,Vanessa_Incontrada,Larry_Brown,James_Blake,Marat_Safin,Dave_Campo
vggface2,mtcnn_crop_fallback,probe/James_Gandolfini/James_Gandolfini_0002.jpg,James_Gandolfini,1,1.0,0.6559225916862488,0.6559225916862488,James_Gandolfini,Jorge_Rodolfo_Canicoba_Corral,Kevin_Spacey,Igor_Ivanov,Guillermo_Coria,Mitchell_Daniels,John_Wolf,Asa_Hutchinson,Blythe_Hartley,Steven_Spielberg
vggface2,mtcnn_crop_fallback,probe/James_Ivory/James_Ivory_0002.jpg,James_Ivory,1,1.0,0.8870488405227661,0.8870488405227661,James_Ivory,Christopher_Patten,Trent_Lott,Bob_Hope,Nestor_Kirchner,Charles_Mathews,Valery_Giscard_dEstaing,Kemal_Dervis,Dick_Cheney,John_Negroponte
vggface2,mtcnn_crop_fallback,probe/James_Jones/James_Jones_0002.jpg,James_Jones,1,1.0,0.7834485769271851,0.7834485769271851,James_Jones,Robert_Duvall,Klaus_Zwickel,Yasar_Yakis,Michael_Douglas,Greg_Gilbert,Vladimir_Putin,Larry_Coker,Alvaro_Uribe,Billy_Graham
vggface2,mtcnn_crop_fallback,probe/James_Kelly/James_Kelly_0002.jpg,James_Kelly,1,1.0,0.9125279188156128,0.9125279188156128,James_Kelly,Gray_Davis,Paul_McNulty,Jean-David_Levitte,Lyle_Vanclief,Kiki_Vandeweghe,Scott_McNealy,Nick_Nolte,Tom_Daschle,Vaclav_Havel
vggface2,mtcnn_crop_fallback,probe/James_Kopp/James_Kopp_0002.jpg,James_Kopp,1,1.0,0.8028714656829834,0.8028714656829834,James_Kopp,David_Trimble,Trent_Lott,Prince_Willem-Alexander,William_Ford_Jr,Bud_Selig,Aron_Ralston,Claire_Leger,Scott_McNealy,Bill_Gates
vggface2,mtcnn_crop_fallback,probe/James_Maguire/James_Maguire_0002.jpg,James_Maguire,1,1.0,0.8447805643081665,0.8447805643081665,James_Maguire,Joseph_Deiss,Bill_Nelson,David_Dodge,William_Hochul,Roy_Moore,Tom_Daschle,Dennis_Kucinich,Robert_Zoellick,Pascal_Lamy
vggface2,mtcnn_crop_fallback,probe/James_McGreevey/James_McGreevey_0002.jpg,James_McGreevey,1,1.0,0.7942899465560913,0.7942899465560913,James_McGreevey,Carson_Daly,Adolfo_Rodriguez_Saa,Sam_Torrance,Xanana_Gusmao,Anibal_Ibarra,Asa_Hutchinson,Vladimir_Putin,Bernardo_Segura,Alvaro_Uribe
vggface2,mtcnn_crop_fallback,probe/James_Morris/James_Morris_0002.jpg,James_Morris,1,1.0,0.878226637840271,0.878226637840271,James_Morris,Larry_Lindsey,George_Karl,Rick_Romley,Bernard_Landry,Richard_Gephardt,Robert_Bonner,Gregg_Popovich,Richie_Adubato,Dennis_Kozlowski
vggface2,mtcnn_crop_fallback,probe/James_Parker/James_Parker_0002.jpg,James_Parker,1,1.0,0.8403485417366028,0.8403485417366028,James_Parker,Brad_Johnson,Andrei_Mikhnevich,Darren_Clarke,Bertrand_Bonello,Vitali_Klitschko,Derek_Lowe,Carmen_Electra,Thaksin_Shinawatra,Hal_Sutton
vggface2,mtcnn_crop_fallback,probe/James_Schultz/James_Schultz_0002.jpg,James_Schultz,1,1.0,0.8678732514381409,0.8678732514381409,James_Schultz,Mike_Holmgren,Robert_Zoellick,George_Karl,Richard_Sambrook,Goran_Persson,Rick_Romley,Prince_Willem-Alexander,Robert_Bonner,Jon_Gruden
vggface2,mtcnn_crop_fallback,probe/James_Smith/James_Smith_0002.jpg,James_Smith,1,1.0,0.8488065004348755,0.8488065004348755,James_Smith,Dave_Campo,Richie_Adubato,Larry_Brown,Jay_Garner,Dick_Cheney,Warren_Buffett,Richard_Gephardt,Francis_George,GL_Peiris
vggface2,mtcnn_crop_fallback,probe/James_Traficant/James_Traficant_0002.jpg,James_Traficant,1,1.0,0.6739556193351746,0.6739556193351746,James_Traficant,Abel_Pacheco,John_Taylor,Angelo_Reyes,GL_Peiris,Peter_Arnett,Fred_Eckhard,George_Ryan,Fidel_Castro,Jay_Garner
vggface2,mtcnn_crop_fallback,probe/Jamie_Villafane/Jamie_Villafane_0002.jpg,Jamie_Villafane,1,1.0,0.7905206680297852,0.7905206680297852,Jamie_Villafane,Hashim_Thaci,Darren_Clarke,Todd_Haynes,Tim_Floyd,Abdullah_al-Attiyah,Hal_Sutton,Bill_Simon,Masum_Turker,John_Abizaid
vggface2,mtcnn_crop_fallback,probe/Jamling_Norgay/Jamling_Norgay_0002.jpg,Jamling_Norgay,1,1.0,0.8603527545928955,0.8603527545928955,Jamling_Norgay,Thaksin_Shinawatra,Alimzhan_Tokhtakhounov,Chung_Mong-joon,Michael_Chang,Lee_Jun,Edward_Lu,Prince_Naruhito,Megawati_Sukarnoputri,Goh_Kun
vggface2,mtcnn_crop_fallback,probe/Jan_Ullrich/Jan_Ullrich_0002.jpg,Jan_Ullrich,1,1.0,0.8260091543197632,0.8260091543197632,Jan_Ullrich,Mike_Babcock,Sean_Astin,Paul_McNulty,Bill_Simon,Gerry_Adams,Justin_Leonard,Joseph_Ralston,Paul_Bremer,Steve_Spurrier
vggface2,mtcnn_crop_fallback,probe/Jane_Fonda/Jane_Fonda_0002.jpg,Jane_Fonda,1,1.0,0.7504921555519104,0.7504921555519104,Jane_Fonda,Goldie_Hawn,Paula_Zahn,Ann_Veneman,Jeanne_Moreau,Donatella_Versace,Angela_Lansbury,Aaron_Sorkin,Mary_Tyler_Moore,Alex_Penelas
vggface2,mtcnn_crop_fallback,probe/Jane_Kaczmarek/Jane_Kaczmarek_0002.jpg,Jane_Kaczmarek,1,1.0,0.9070315361022949,0.9070315361022949,Jane_Kaczmarek,Nastassia_Kinski,Geraldine_Chaplin,Maria_Luisa_Mendonca,Carol_Burnett,Jacqueline_Obradors,Allison_Janney,Isaiah_Washington,Guillermo_Ortiz,Brigitte_Boisselier
vggface2,mtcnn_crop_fallback,probe/Jane_Pauley/Jane_Pauley_0002.jpg,Jane_Pauley,1,1.0,0.6728067994117737,0.6728067994117737,Jane_Pauley,Barbara_Walters,Hillary_Clinton,Mary_Landrieu,Martina_McBride,Jessica_Lange,Marissa_Jaret_Winokur,Cristina_Saralegui,Daryl_Hannah,Natalie_Coughlin
vggface2,mtcnn_crop_fallback,probe/Janet_Thorpe/Janet_Thorpe_0002.jpg,Janet_Thorpe,1,1.0,0.8602851033210754,0.8602851033210754,Janet_Thorpe,Julie_Gerberding,Conchita_Martinez,Monica_Seles,Martha_Burk,Daniela_Hantuchova,Judi_Dench,Nadia_Petrova,Zoran_Djindjic,Pedro_Solbes
vggface2,mtcnn_crop_fallback,probe/Janica_Kostelic/Janica_Kostelic_0002.jpg,Janica_Kostelic,9,0.1111111111111111,0.5957647562026978,0.4890270233154297,Jennifer_Rodriguez,Martha_Bowen,Gisele_Bundchen,Nadia_Petrova,Julianne_Moore,Lindsay_Benko,Dale_Earnhardt_Jr,Scott_Rudin,Janica_Kostelic,Nia_Vardalos
vggface2,mtcnn_crop_fallback,probe/Jason_Alexander/Jason_Alexander_0002.jpg,Jason_Alexander,1,1.0,0.6874570846557617,0.6874570846557617,Jason_Alexander,Michael_Chiklis,Martin_Brodeur,Tom_Crean,James_Gandolfini,John_Negroponte,Sharon_Frey,Ilan_Ramon,Guy_Hemmings,Todd_Haynes
vggface2,mtcnn_crop_fallback,probe/Jason_Jennings/Jason_Jennings_0002.jpg,Jason_Jennings,1,1.0,0.9152945280075073,0.9152945280075073,Jason_Jennings,Dale_Earnhardt_Jr,Jon_Gruden,Nadia_Petrova,Michael_Phelps,Barry_Zito,Jim_Furyk,Yevgeny_Kafelnikov,Greg_Owen,Padraig_Harrington
vggface2,mtcnn_crop_fallback,probe/Jason_Kidd/Jason_Kidd_0002.jpg,Jason_Kidd,1,1.0,0.8877174854278564,0.8877174854278564,Jason_Kidd,Grady_Irvin_Jr,Vince_Carter,Leland_Chapman,Alex_Penelas,Mike_Tyson,Gustavo_Kuerten,Cruz_Bustamante,Harry_Schmidt,Julie_Gerberding
vggface2,mtcnn_crop_fallback,probe/Jason_Lezak/Jason_Lezak_0002.jpg,Jason_Lezak,1,1.0,0.9725674390792847,0.9725674390792847,Jason_Lezak,Justin_Leonard,Greg_Owen,Brendan_Hansen,Silvio_Berlusconi,Lou_Piniella,Steve_Park,Brad_Johnson,Mikhail_Youzhny,Gil_de_Ferran
vggface2,mtcnn_crop_fallback,probe/Jay_Garner/Jay_Garner_0002.jpg,Jay_Garner,1,1.0,0.8652524948120117,0.8652524948120117,Jay_Garner,Bernard_Landry,James_Smith,James_Morris,Peter_Struck,George_Ryan,Paul_ONeill,Ernie_Eves,Richie_Adubato,Patrick_Leahy
vggface2,mtcnn_crop_fallback,probe/Jay_Rasulo/Jay_Rasulo_0002.jpg,Jay_Rasulo,1,1.0,0.7524139881134033,0.7524139881134033,Jay_Rasulo,Nasser_al-Kidwa,John_Negroponte,Silvan_Shalom,Igor_Ivanov,Saeb_Erekat,Kevin_Spacey,Iain_Duncan_Smith,Richard_Sambrook,Job_Cohen
vggface2,mtcnn_crop_fallback,probe/Jean-Claude_Braquet/Jean-Claude_Braquet_0002.jpg,Jean-Claude_Braquet,1,1.0,0.8346649408340454,0.8346649408340454,Jean-Claude_Braquet,Ian_McKellen,Gray_Davis,Ronald_Reagan,Jack_Straw,Elsa_Zylberstein,Fidel_Castro,Nicanor_Duarte_Frutos,Lino_Oviedo,Gary_Doer
vggface2,mtcnn_crop_fallback,probe/Jean-Claude_Juncker/Jean-Claude_Juncker_0002.jpg,Jean-Claude_Juncker,1,1.0,0.7666181325912476,0.7666181325912476,Jean-Claude_Juncker,Bill_Gates,Eric_Clapton,Nicanor_Duarte_Frutos,David_Trimble,Pedro_Malan,Adolfo_Aguilar_Zinser,Alejandro_Toledo,Marc_Grossman,Gerry_Adams
vggface2,mtcnn_crop_fallback,probe/Jean-Claude_Trichet/Jean-Claude_Trichet_0002.jpg,Jean-Claude_Trichet,1,1.0,0.7015581130981445,0.7015581130981445,Jean-Claude_Trichet,Bobby_Robson,Inocencio_Arias,Paul_McCartney,Michael_Douglas,Oswaldo_Paya,Anthony_Hopkins,Roman_Polanski,Nestor_Kirchner,Jim_Harrick
vggface2,mtcnn_crop_fallback,probe/Jean-David_Levitte/Jean-David_Levitte_0002.jpg,Jean-David_Levitte,1,1.0,0.9362847805023193,0.9362847805023193,Jean-David_Levitte,Bill_Simon,Alvaro_Uribe,James_Kelly,Roman_Polanski,Bud_Selig,Bill_Gates,Ron_Dittemore,Christian_Wulff,Tom_Craddick
vggface2,mtcnn_crop_fallback,probe/Jean-Marc_de_La_Sabliere/Jean-Marc_de_La_Sabliere_0002.jpg,Jean-Marc_de_La_Sabliere,1,1.0,0.815119743347168,0.815119743347168,Jean-Marc_de_La_Sabliere,Job_Cohen,John_Negroponte,Jorge_Rodolfo_Canicoba_Corral,Frank_Griswold,Leszek_Miller,Abel_Pacheco,George_Ryan,Dick_Cheney,Pedro_Solbes
vggface2,mtcnn_crop_fallback,probe/Jean-Sebastien_Giguere/Jean-Sebastien_Giguere_0002.jpg,Jean-Sebastien_Giguere,1,1.0,0.7246752381324768,0.7246752381324768,Jean-Sebastien_Giguere,Adam_Scott,James_Blake,Robby_Ginepri,Pete_Sampras,Jim_Edmonds,Ali_Khamenei,Oscar_De_La_Hoya,Augustin_Calleri,Ian_Thorpe
vggface2,mtcnn_crop_fallback,probe/Jean_Brumley/Jean_Brumley_0002.jpg,Jean_Brumley,1,1.0,0.8768966197967529,0.8768966197967529,Jean_Brumley,Christine_Gregoire,Gloria_Macapagal_Arroyo,Sheila_Copps,Nancy_Pelosi,Angela_Lansbury,Herta_Daeubler-Gmelin,Doris_Roberts,Lea_Fastow,Lynn_Abraham
vggface2,mtcnn_crop_fallback,probe/Jean_Carnahan/Jean_Carnahan_0002.jpg,Jean_Carnahan,1,1.0,0.7321207523345947,0.7321207523345947,Jean_Carnahan,Biljana_Plavsic,Jean_Brumley,Christine_Gregoire,Paula_Radcliffe,Hillary_Clinton,Debra_Brown,Dorthy_Moxley,Lynn_Abraham,Alice_Fisher
vggface2,mtcnn_crop_fallback,probe/Jeanne_Moreau/Jeanne_Moreau_0002.jpg,Jeanne_Moreau,1,1.0,0.8694268465042114,0.8694268465042114,Jeanne_Moreau,Melanie_Griffith,Lynne_Cheney,Jane_Fonda,Doris_Schroeder,Lauren_Hutton,Goldie_Hawn,Annette_Bening,Barbara_Walters,Dolly_Parton
vggface2,mtcnn_crop_fallback,probe/Jefferson_Perez/Jefferson_Perez_0002.jpg,Jefferson_Perez,1,1.0,0.6912668943405151,0.6912668943405151,Jefferson_Perez,Bernardo_Segura,Aaron_Sorkin,James_Blake,Marco_Antonio_Barrera,Alex_Barros,Paul_ONeill,Nicolas_Lapentti,Anthony_Fauci,Ron_Dittemore
vggface2,mtcnn_crop_fallback,probe/Jeffrey_Archer/Jeffrey_Archer_0002.jpg,Jeffrey_Archer,1,1.0,0.8168585300445557,0.8168585300445557,Jeffrey_Archer,David_Dodge,Gabriel_Valdes,Brian_Wells,William_Martin,Bill_Graham,Tom_Daschle,Vaclav_Havel,James_Maguire,Peter_Struck
vggface2,mtcnn_crop_fallback,probe/Jeffrey_Immelt/Jeffrey_Immelt_0002.jpg,Jeffrey_Immelt,1,1.0,0.8100443482398987,0.8100443482398987,Jeffrey_Immelt,Tom_Daschle,George_Pataki,Dennis_Kucinich,Hermann_Maier,James_Kelly,Aleksander_Kwasniewski,Larry_Bowa,Roy_Moore,Guido_Westerwelle
vggface2,mtcnn_crop_fallback,probe/Jeffrey_Jones/Jeffrey_Jones_0002.jpg,Jeffrey_Jones,1,1.0,0.8254926204681396,0.8254926204681396,Jeffrey_Jones,David_Trimble,Jon_Gruden,Stellan_Skarsgard,Charles_Grassley,Goran_Persson,Robert_Duvall,George_Robertson,Richard_Gephardt,Frank_Cassell
vggface2,mtcnn_crop_fallback,probe/Jeffrey_Scott_Postell/Jeffrey_Scott_Postell_0002.jpg,Jeffrey_Scott_Postell,1,1.0,0.8980862498283386,0.8980862498283386,Jeffrey_Scott_Postell,Elijah_Wood,Conchita_Martinez,David_Nalbandian,Zoran_Djindjic,Bashar_Assad,Greg_Ostertag,Daniela_Hantuchova,Gian_Marco,Andrew_Niccol
vggface2,mtcnn_crop_fallback,probe/Jennifer_Aniston/Jennifer_Aniston_0002.jpg,Jennifer_Aniston,1,1.0,0.8381941318511963,0.8381941318511963,Jennifer_Aniston,Jennifer_Lopez,Silvio_Berlusconi,Rita_Wilson,Howard_Schultz,Daisy_Fuentes,Silvia_Farina_Elia,Sandra_Bullock,Vanessa_Incontrada,Desiree_Lemosi
vggface2,mtcnn_crop_fallback,probe/Jennifer_Connelly/Jennifer_Connelly_0002.jpg,Jennifer_Connelly,1,1.0,0.8277925252914429,0.8277925252914429,Jennifer_Connelly,Mike_Price,Alexandra_Vodjanikova,Dick_Cheney,Lisa_Gottsegen,Bridget_Fonda,Franz_Beckenbauer,Monica_Bellucci,Frank_Lautenberg,John_Howard
vggface2,mtcnn_crop_fallback,probe/Jennifer_Lopez/Jennifer_Lopez_0002.jpg,Jennifer_Lopez,1,1.0,0.8082764148712158,0.8082764148712158,Jennifer_Lopez,Luis_Figo,Katie_Harman,Donatella_Versace,Daisy_Fuentes,Carol_Moseley_Braun,Lionel_Richie,Jessica_Alba,Gerry_Parsky,Brad_Johnson
vggface2,mtcnn_crop_fallback,probe/Jennifer_Reilly/Jennifer_Reilly_0002.jpg,Jennifer_Reilly,1,1.0,0.8871617317199707,0.8871617317199707,Jennifer_Reilly,Anna_Kournikova,Pedro_Solbes,Natalie_Coughlin,Conchita_Martinez,Mary_Landrieu,Nora_Bendijo,Alison_Lohman,Kathy_Winters,James_Kopp
vggface2,mtcnn_crop_fallback,probe/Jennifer_Rodriguez/Jennifer_Rodriguez_0002.jpg,Jennifer_Rodriguez,1,1.0,0.718297004699707,0.718297004699707,Jennifer_Rodriguez,Bode_Miller,Janica_Kostelic,Sachiko_Yamada,Elsa_Zylberstein,Kathy_Winters,Princess_Aiko,Helen_Clark,Susan_Collins,Candie_Kung
vggface2,mtcnn_crop_fallback,probe/Jennifer_Thompson/Jennifer_Thompson_0002.jpg,Jennifer_Thompson,1,1.0,0.8211303353309631,0.8211303353309631,Jennifer_Thompson,Lina_Krasnoroutskaya,Carolyn_Dawn_Johnson,Serena_Williams,Arantxa_Sanchez-Vicario,Stacy_Dragila,Magui_Serna,Julie_Gerberding,Alicia_Silverstone,Lindsay_Davenport
vggface2,mtcnn_crop_fallback,probe/Jeremy_Shockey/Jeremy_Shockey_0002.jpg,Jeremy_Shockey,1,1.0,0.8990950584411621,0.8990950584411621,Jeremy_Shockey,Kirk_Johnson,Paul_Byrd,Luis_Figo,Kenneth_Branagh,Brad_Johnson,Carmen_Electra,Tom_Brady,Bill_Frist,Carlo_Ancelotti
vggface2,mtcnn_crop_fallback,probe/Jerry_Falwell/Jerry_Falwell_0002.jpg,Jerry_Falwell,1,1.0,0.7086664438247681,0.7086664438247681,Jerry_Falwell,Steven_Spielberg,Jay_Garner,Peter_Harrison,Howard_Dean,John_Howard,Geoff_Hoon,Bill_Graham,Leszek_Miller,Robin_Cook
vggface2,mtcnn_crop_fallback,probe/Jesse_Jackson/Jesse_Jackson_0002.jpg,Jesse_Jackson,1,1.0,0.9184116125106812,0.9184116125106812,Jesse_Jackson,Grady_Irvin_Jr,Kenneth_Evans,Morgan_Freeman,Fidel_Castro,Lloyd_Ward,Joe_Dumars,Natalie_Coughlin,Leonard_Hamilton,Yasser_Arafat
vggface2,mtcnn_crop_fallback,probe/Jesse_James_Leija/Jesse_James_Leija_0002.jpg,Jesse_James_Leija,583,0.0017152658662092624,0.5391703844070435,0.02171000838279724,Benjamin_Netanyahu,LeBron_James,Michael_Chang,Igor_Ivanov,Jonathan_Edwards,Silvio_Berlusconi,Kevin_Spacey,Adolfo_Rodriguez_Saa,Sandra_Bullock,Xanana_Gusmao
vggface2,mtcnn_crop_fallback,probe/Jessica_Alba/Jessica_Alba_0002.jpg,Jessica_Alba,1,1.0,0.7806061506271362,0.7806061506271362,Jessica_Alba,Daisy_Fuentes,Elizabeth_Shue,Joseph_Estrada,Jennifer_Lopez,Fidel_Castro,Cameron_Diaz,Gerry_Parsky,Reese_Witherspoon,Nadine_Vinzens
vggface2,mtcnn_crop_fallback,probe/Jessica_Lange/Jessica_Lange_0002.jpg,Jessica_Lange,1,1.0,0.5596581697463989,0.5596581697463989,Jessica_Lange,Barbara_Walters,Lindsay_Benko,Karin_Stoiber,Sophia_Loren,Lynn_Abraham,Sue_Wicks,Meryl_Streep,Elizabeth_Dole,Raquel_Welch
vggface2,mtcnn_crop_fallback,probe/Jessica_Lynch/Jessica_Lynch_0002.jpg,Jessica_Lynch,1,1.0,0.6084939241409302,0.6084939241409302,Jessica_Lynch,Goldie_Hawn,Jose_Serra,Lily_Tomlin,Jack_Straw,Kathleen_Kennedy_Townsend,Hermann_Maier,Gloria_Macapagal_Arroyo,Lynne_Cheney,Hamzah_Haz
vggface2,mtcnn_crop_fallback,probe/Jia_Qinglin/Jia_Qinglin_0002.jpg,Jia_Qinglin,1,1.0,0.8755111694335938,0.8755111694335938,Jia_Qinglin,Kim_Dae-jung,Chang_Dae-whan,Hu_Jintao,Lee_Tae-sik,Lee_Hoi-chang,Lee_Jun,Heizo_Takenaka,Hichiro_Naemura,Alberto_Fujimori
vggface2,mtcnn_crop_fallback,probe/Jim_Carrey/Jim_Carrey_0002.jpg,Jim_Carrey,1,1.0,0.5520662665367126,0.5520662665367126,Jim_Carrey,Sean_Astin,Greg_Rusedski,Marcus_Gronholm,Julianne_Moore,Bill_Frist,Mary_Landrieu,James_Kopp,John_Jumper,Gerry_Parsky
vggface2,mtcnn_crop_fallback,probe/Jim_Edmonds/Jim_Edmonds_0002.jpg,Jim_Edmonds,1,1.0,0.6685104966163635,0.6685104966163635,Jim_Edmonds,Rich_Gannon,Peter_Harrison,Christian_Fittipaldi,Frank_Dunham_Jr,Mike_Weir,Robby_Ginepri,Ben_Curtis,Augustin_Calleri,John_Allen_Muhammad
vggface2,mtcnn_crop_fallback,probe/Jim_Furyk/Jim_Furyk_0002.jpg,Jim_Furyk,1,1.0,0.8982537388801575,0.8982537388801575,Jim_Furyk,David_Nalbandian,Fred_Funk,Greg_Gilbert,Phil_Mickelson,Greg_Owen,Jon_Gruden,Tom_Glavine,Michael_Douglas,Yevgeny_Kafelnikov
vggface2,mtcnn_crop_fallback,probe/Jim_Harrick/Jim_Harrick_0002.jpg,Jim_Harrick,69,0.014492753623188406,0.46690651774406433,0.3021892309188843,Jonathan_Edwards,Bernard_Lord,Justin_Leonard,Phil_Mickelson,Gary_Williams,John_Kerry,Gil_de_Ferran,Alvaro_Uribe,David_Nalbandian,Herb_Sendek
vggface2,mtcnn_crop_fallback,probe/Jimmy_Carter/Jimmy_Carter_0002.jpg,Jimmy_Carter,1,1.0,0.9194471836090088,0.9194471836090088,Jimmy_Carter,Jay_Garner,John_Snow,John_Rigas,Augusto_Pinochet,Duane_Lee_Chapman,Harry_Kalas,Manfred_Stolpe,Nelson_Mandela,George_Ryan
vggface2,mtcnn_crop_fallback,probe/Jimmy_Kimmel/Jimmy_Kimmel_0002.jpg,Jimmy_Kimmel,1,1.0,0.8165492415428162,0.8165492415428162,Jimmy_Kimmel,Dai_Bachtiar,Charlie_Zaa,Juan_Pablo_Montoya,Rob_Schneider,Federico_Trillo,Igor_Ivanov,Matthew_Perry,Bernardo_Segura,Oscar_De_La_Hoya
vggface2,mtcnn_crop_fallback,probe/Jo_Dee_Messina/Jo_Dee_Messina_0002.jpg,Jo_Dee_Messina,1,1.0,0.5796242952346802,0.5796242952346802,Jo_Dee_Messina,Christina_Aguilera,Gianna_Angelopoulos-Daskalaki,Chita_Rivera,Gisele_Bundchen,Anna_Kournikova,Ken_Watanabe,Patti_Labelle,Sophia_Loren,Lisa_Ling
vggface2,mtcnn_crop_fallback,probe/Joan_Claybrook/Joan_Claybrook_0002.jpg,Joan_Claybrook,1,1.0,0.840299665927887,0.840299665927887,Joan_Claybrook,Biljana_Plavsic,Gro_Harlem_Brundtland,Jean-David_Levitte,Bud_Selig,Bill_Simon,Martha_Burk,Bill_Gates,James_Kopp,Charlton_Heston
vggface2,mtcnn_crop_fallback,probe/Job_Cohen/Job_Cohen_0002.jpg,Job_Cohen,1,1.0,0.8678376078605652,0.8678376078605652,Job_Cohen,Hector_Babenco,Jason_Alexander,Iain_Duncan_Smith,Eddie_Sutton,James_Cunningham,Igor_Ivanov,Imad_Moustapha,Boris_Berezovsky,Alvaro_Noboa
vggface2,mtcnn_crop_fallback,probe/Jodie_Foster/Jodie_Foster_0002.jpg,Jodie_Foster,1,1.0,0.8608431816101074,0.8608431816101074,Jodie_Foster,Gisele_Bundchen,Kathy_Winters,Lea_Fastow,Julianne_Moore,Michelle_Pfeiffer,Maria_Luisa_Mendonca,Kristin_Davis,Gillian_Anderson,Elizabeth_Shue
vggface2,mtcnn_crop_fallback,probe/Joe_Calzaghe/Joe_Calzaghe_0002.jpg,Joe_Calzaghe,227,0.004405286343612335,0.5472400188446045,0.15735985338687897,Vitali_Klitschko,Emanuel_Ginobili,Luis_Figo,Sam_Torrance,John_Abizaid,Rich_Gannon,Leszek_Miller,Jim_Edmonds,Greg_Rusedski,Hanan_Ashrawi
vggface2,mtcnn_crop_fallback,probe/Joe_Dumars/Joe_Dumars_0002.jpg,Joe_Dumars,1,1.0,0.8215645551681519,0.8215645551681519,Joe_Dumars,Justin_Gatlin,Guillaume_Soro,Kenneth_Evans,Adrian_McPherson,Jesse_Jackson,George_Foreman,Paul_Pierce,Morgan_Freeman,Byron_Scott
vggface2,mtcnn_crop_fallback,probe/Joe_Gatti/Joe_Gatti_0002.jpg,Joe_Gatti,1,1.0,0.5913628339767456,0.5913628339767456,Joe_Gatti,Marco_Antonio_Barrera,Joe_Calzaghe,Tom_Brady,Jorge_Arce,Vincent_Brooks,Harry_Schmidt,Vitali_Klitschko,Jamie_Villafane,Mario_Dumont
vggface2,mtcnn_crop_fallback,probe/Joe_Mantello/Joe_Mantello_0002.jpg,Joe_Mantello,1,1.0,0.8371531963348389,0.8371531963348389,Joe_Mantello,Mark_Heller,Andrew_Cuomo,Abdullah_al-Attiyah,Larry_Lucchino,Ian_Thorpe,Herb_Sendek,Jack_Grubman,Abdullatif_Sener,Ilan_Ramon
vggface2,mtcnn_crop_fallback,probe/Joe_Nichols/Joe_Nichols_0002.jpg,Joe_Nichols,1,1.0,0.801301896572113,0.801301896572113,Joe_Nichols,Yao_Ming,John_Snow,David_Coulthard,Orlando_Bloom,Marco_Antonio_Barrera,George_Ryan,Carlos_Manuel_Pruneda,Pete_Rose,Tom_Cruise
vggface2,mtcnn_crop_fallback,probe/Joe_Torre/Joe_Torre_0002.jpg,Joe_Torre,1,1.0,0.9128396511077881,0.9128396511077881,Joe_Torre,Bashar_Assad,Tom_Crean,Pete_Rose,Ernie_Fletcher,Eduardo_Duhalde,Bill_Belichick,Anthony_Hopkins,Mikulas_Dzurinda,Thomas_OBrien
vggface2,mtcnn_crop_fallback,probe/Joerg_Haider/Joerg_Haider_0002.jpg,Joerg_Haider,1,1.0,0.7880131006240845,0.7880131006240845,Joerg_Haider,John_Allen_Muhammad,Oscar_De_La_Hoya,Elsa_Zylberstein,Yao_Ming,Robbie_Fowler,Kirk_Ferentz,Alejandro_Toledo,Gary_Doer,Tom_Glavine
vggface2,mtcnn_crop_fallback,probe/John_Abizaid/John_Abizaid_0002.jpg,John_Abizaid,1,1.0,0.8956558108329773,0.8956558108329773,John_Abizaid,Bruce_Weber,Howard_Dean,Mario_Kreutzberger,Matt_Doherty,Pete_Sampras,Martin_Scorsese,Ernesto_Zedillo,Jim_Harrick,Bill_Parcells
vggface2,mtcnn_crop_fallback,probe/John_Allen_Muhammad/John_Allen_Muhammad_0002.jpg,John_Allen_Muhammad,1,1.0,0.8184185028076172,0.8184185028076172,John_Allen_Muhammad,Jason_Kidd,Grady_Irvin_Jr,Paul_Pierce,Chris_Byrd,Emmit_Smith,Lionel_Richie,OJ_Simpson,LeBron_James,Charlotte_Rampling
vggface2,mtcnn_crop_fallback,probe/John_Banko/John_Banko_0002.jpg,John_Banko,1,1.0,0.8197336792945862,0.8197336792945862,John_Banko,Jean-David_Levitte,Roman_Polanski,Nick_Nolte,Christian_Wulff,Kent_Rominger,David_Trimble,Tom_Crean,Asa_Hutchinson,Ron_Dittemore
vggface2,mtcnn_crop_fallback,probe/John_Blaney/John_Blaney_0002.jpg,John_Blaney,1,1.0,0.7929186820983887,0.7929186820983887,John_Blaney,Yasser_Arafat,Jonathan_Mostow,Jean-Claude_Juncker,Spencer_Abraham,Arye_Mekel,Mohammad_Khatami,Pedro_Malan,Steven_Spielberg,Fidel_Castro
vggface2,mtcnn_crop_fallback,probe/John_Brady/John_Brady_0002.jpg,John_Brady,1,1.0,0.8031249642372131,0.8031249642372131,John_Brady,Ilan_Ramon,Tom_Crean,Spencer_Abraham,Frank_Solich,William_Ford_Jr,Roy_Moore,Silvio_Berlusconi,Larry_Lucchino,Robert_Zoellick
vggface2,mtcnn_crop_fallback,probe/John_Cusack/John_Cusack_0002.jpg,John_Cusack,1,1.0,0.8430979251861572,0.8430979251861572,John_Cusack,Heizo_Takenaka,Tom_Cruise,Stanley_Tong,Alvaro_Noboa,Kevin_Spacey,Pete_Sampras,Mohammad_Khatami,Alvaro_Uribe,Megawati_Sukarnoputri
vggface2,mtcnn_crop_fallback,probe/John_F_Kennedy_Jr/John_F_Kennedy_Jr_0002.jpg,John_F_Kennedy_Jr,1,1.0,0.7306802272796631,0.7306802272796631,John_F_Kennedy_Jr,Oswaldo_Paya,Simon_Cowell,Jack_Grubman,Paul_Bremer,Antonio_Banderas,Gary_Forsee,Brian_Griese,John_Kerry,Vincent_Brooks
vggface2,mtcnn_crop_fallback,probe/John_Garamendi/John_Garamendi_0002.jpg,John_Garamendi,1,1.0,0.7568840980529785,0.7568840980529785,John_Garamendi,Oswaldo_Paya,Eduardo_Duhalde,Fred_Funk,Steve_Waugh,John_Rosa,John_Kerry,Mike_Babcock,Bill_Belichick,Bill_Callahan
vggface2,mtcnn_crop_fallback,probe/John_Howard/John_Howard_0002.jpg,John_Howard,1,1.0,0.9263027906417847,0.9263027906417847,John_Howard,Patrick_Leahy,Larry_Brown,William_Martin,Dick_Cheney,Hipolito_Mejia,Guillermo_Ortiz,Paul_Patton,Ferenc_Madl,Frank_Lautenberg
vggface2,mtcnn_crop_fallback,probe/John_Jumper/John_Jumper_0002.jpg,John_Jumper,1,1.0,0.8584072589874268,0.8584072589874268,John_Jumper,Robert_Zoellick,Martin_Verkerk,Richard_Sambrook,Roy_Moore,Frank_Solich,John_Snow,James_Cunningham,Thomas_Birmingham,Ilan_Ramon
vggface2,mtcnn_crop_fallback,probe/John_Kerry/John_Kerry_0002.jpg,John_Kerry,1,1.0,0.9501223564147949,0.9501223564147949,John_Kerry,Celso_Amorim,Jim_Harrick,Robert_Mueller,Paul_Bremer,Oswaldo_Paya,Lawrence_MacAulay,Alastair_Campbell,Marc_Grossman,Bill_Simon
vggface2,mtcnn_crop_fallback,probe/John_Malkovich/John_Malkovich_0002.jpg,John_Malkovich,1,1.0,0.7640615701675415,0.7640615701675415,John_Malkovich,Peter_Hillary,Stephen_Friedman,Ron_Howard,Omar_Sharif,Bill_Graham,Hector_Babenco,James_Cunningham,Stanley_McChrystal,Billy_Graham
vggface2,mtcnn_crop_fallback,probe/John_Manley/John_Manley_0002.jpg,John_Manley,1,1.0,0.8974636793136597,0.8974636793136597,John_Manley,Richard_Gephardt,Hootie_Johnson,Anders_Ebbeson,Darren_Clarke,Prince_Willem-Alexander,Adrian_Nastase,Lou_Piniella,Scott_McNealy,Alan_Mulally
vggface2,mtcnn_crop_fallback,probe/John_McCallum/John_McCallum_0002.jpg,John_McCallum,2,0.5,0.7085553407669067,0.6985988616943359,Ralph_Lauren,John_McCallum,Wesley_Clark,Paul_Patton,John_Spencer,Charlton_Heston,Chakib_Khelil,Gray_Davis,Warren_Beatty,Dennis_Erickson
vggface2,mtcnn_crop_fallback,probe/John_McCormack/John_McCormack_0002.jpg,John_McCormack,352,0.002840909090909091,0.7405389547348022,0.13231265544891357,Charlton_Heston,Mohamed_Benaissa,John_Taylor,Anders_Ebbeson,Dick_Cheney,Ferenc_Madl,Jack_Straw,Trent_Lott,Arye_Mekel,Michael_J_Sheehan
vggface2,mtcnn_crop_fallback,probe/John_McEnroe/John_McEnroe_0002.jpg,John_McEnroe,213,0.004694835680751174,0.5111725330352783,0.19205844402313232,Joseph_Biden,Asa_Hutchinson,Guillermo_Coria,Mark_Warner,Geoff_Hoon,Leszek_Miller,Bill_Graham,Stephen_Friedman,Fidel_Castro,Robert_Kocharian
vggface2,mtcnn_crop_fallback,probe/John_Negroponte/John_Negroponte_0002.jpg,John_Negroponte,1,1.0,0.9397648572921753,0.9397648572921753,John_Negroponte,Barry_Alvarez,Jason_Alexander,Paul_McCartney,Michael_Chiklis,Francis_George,Frank_Cassell,Max_Mayfield,Jorge_Batlle,Guillermo_Ortiz
vggface2,mtcnn_crop_fallback,probe/John_Reilly/John_Reilly_0002.jpg,John_Reilly,1,1.0,0.8904639482498169,0.8904639482498169,John_Reilly,George_Karl,Marwan_Barghouthi,Carolyn_Dawn_Johnson,James_Parker,Emanuel_Ginobili,Ben_Glisan,Saeb_Erekat,Darren_Clarke,James_Kelly
vggface2,mtcnn_crop_fallback,probe/John_Rigas/John_Rigas_0002.jpg,John_Rigas,1,1.0,0.8296376466751099,0.8296376466751099,John_Rigas,Paul_ONeill,Trent_Lott,Charlton_Heston,George_Brumley,Bob_Hope,Joseph_Biden,Jimmy_Carter,Anthony_Hopkins,Billy_Graham
vggface2,mtcnn_crop_fallback,probe/John_Rosa/John_Rosa_0002.jpg,John_Rosa,1,1.0,0.836999773979187,0.836999773979187,John_Rosa,Matthew_Perry,Andy_Hebb,Andrew_Cuomo,Rolf_Eckrodt,Branko_Crvenkovski,Leslie_Moonves,Federico_Trillo,Jose_Mourinho,Spencer_Abraham
vggface2,mtcnn_crop_fallback,probe/John_Rowland/John_Rowland_0002.jpg,John_Rowland,455,0.002197802197802198,0.6041330695152283,0.13273555040359497,John_Walsh,Gary_Winnick,Saparmurat_Niyazov,Silvio_Berlusconi,Bill_Callahan,Pete_Rose,Thomas_Birmingham,Steve_Spurrier,Pete_Sampras,Marat_Safin
vggface2,mtcnn_crop_fallback,probe/John_Ruiz/John_Ruiz_0002.jpg,John_Ruiz,1,1.0,0.7710243463516235,0.7710243463516235,John_Ruiz,Christian_Fittipaldi,Patrick_Leahy,Jason_Kidd,George_Brumley,Nabil_Shaath,Ibrahim_Jaafari,Michael_Ballack,Carlos_Bianchi,Marat_Safin
vggface2,mtcnn_crop_fallback,probe/John_Snow/John_Snow_0002.jpg,John_Snow,1,1.0,0.8752882480621338,0.8752882480621338,John_Snow,Peter_Struck,Robert_Bonner,James_Morris,Richard_Gephardt,James_Cunningham,Joseph_Biden,Dennis_Kozlowski,Jay_Garner,George_Ryan
vggface2,mtcnn_crop_fallback,probe/John_Spencer/John_Spencer_0002.jpg,John_Spencer,1,1.0,0.9121638536453247,0.9121638536453247,John_Spencer,Omar_Sharif,John_McCallum,Ralph_Lauren,Harry_Belafonte,Joseph_Biden,Nick_Nolte,Warren_Beatty,Charlton_Heston,Jorge_Batlle
vggface2,mtcnn_crop_fallback,probe/John_Stallworth/John_Stallworth_0002.jpg,John_Stallworth,2,0.5,0.5935128927230835,0.5605846643447876,Robert_Mugabe,John_Stallworth,Thabo_Mbeki,Laurent_Gbagbo,S_Jayakumar,Isaiah_Washington,Morgan_Freeman,George_Foreman,Kirk_Johnson,Jesse_Jackson
vggface2,mtcnn_crop_fallback,probe/John_Taylor/John_Taylor_0002.jpg,John_Taylor,1,1.0,0.8255453109741211,0.8255453109741211,John_Taylor,Masum_Turker,Jack_Straw,Natalie_Maines,Jean-David_Levitte,Paul_William_Hurley,Paulo_Cesar_Pinheiro,GL_Peiris,Nicanor_Duarte_Frutos,Sam_Bith
vggface2,mtcnn_crop_fallback,probe/John_Timoney/John_Timoney_0002.jpg,John_Timoney,1,1.0,0.9057245254516602,0.9057245254516602,John_Timoney,Jeffrey_Jones,George_Robertson,Tom_Daschle,George_Pataki,Al_Davis,Bobby_Robson,Arnold_Palmer,Robert_Duvall,Robin_McLaurin_Williams
vggface2,mtcnn_crop_fallback,probe/John_Walsh/John_Walsh_0002.jpg,John_Walsh,1,1.0,0.72645503282547,0.72645503282547,John_Walsh,Carlo_Ancelotti,Howard_Dean,Benjamin_Netanyahu,Hootie_Johnson,Jack_Straw,Gray_Davis,Brian_Griese,Alexander_Losyukov,Johnny_Carson
vggface2,mtcnn_crop_fallback,probe/John_Wolf/John_Wolf_0002.jpg,John_Wolf,1,1.0,0.8713380098342896,0.8713380098342896,John_Wolf,John_Brady,David_Heymann,Pascal_Quignard,Frank_Solich,Elizabeth_Smart,Michael_Chiklis,Tom_Crean,Geraldine_Chaplin,Guy_Hemmings
vggface2,mtcnn_crop_fallback,probe/Johnny_Carson/Johnny_Carson_0002.jpg,Johnny_Carson,1,1.0,0.8256902694702148,0.8256902694702148,Johnny_Carson,Larry_Brown,Manfred_Stolpe,Silvio_Berlusconi,John_Howard,Thomas_OBrien,Pascal_Lamy,Bo_Ryan,Hipolito_Mejia,Frank_Solich
vggface2,mtcnn_crop_fallback,probe/Johnny_Depp/Johnny_Depp_0002.jpg,Johnny_Depp,1,1.0,0.5363311171531677,0.5363311171531677,Johnny_Depp,Nia_Vardalos,Matthew_Perry,Joseph_Estrada,Donatella_Versace,Art_Hoffmann,Larry_Ellison,Saddam_Hussein,Orlando_Bloom,Jason_Kidd
vggface2,mtcnn_crop_fallback,probe/Johnny_Unitas/Johnny_Unitas_0002.jpg,Johnny_Unitas,1,1.0,0.7850896120071411,0.7850896120071411,Johnny_Unitas,Jackie_Chan,Joerg_Haider,Wesley_Clark,Gary_Doer,Doris_Schroeder,Paul_Bremer,Joe_Calzaghe,Alejandro_Toledo,Dennis_Erickson
vggface2,mtcnn_crop_fallback,probe/Johnson_Panjaitan/Johnson_Panjaitan_0002.jpg,Johnson_Panjaitan,1,1.0,0.935346782207489,0.935346782207489,Johnson_Panjaitan,Anwar_Ibrahim,Megawati_Sukarnoputri,Yao_Ming,Hun_Sen,Michael_Chang,Jesse_Jackson,Kim_Ryong-sung,Kim_Jin-sun,Dai_Bachtiar
vggface2,mtcnn_crop_fallback,probe/Jolanta_Kwasniewski/Jolanta_Kwasniewski_0002.jpg,Jolanta_Kwasniewski,1,1.0,0.581524133682251,0.581524133682251,Jolanta_Kwasniewski,Liza_Minnelli,Queen_Beatrix,Lindsay_Davenport,Drew_Barrymore,Lynne_Cheney,Sheila_Copps,Ashanti,Stockard_Channing,Matthew_Perry
vggface2,mtcnn_crop_fallback,probe/Jon_Gruden/Jon_Gruden_0002.jpg,Jon_Gruden,1,1.0,0.7497566938400269,0.7497566938400269,Jon_Gruden,Yevgeny_Kafelnikov,Hermann_Maier,Jason_Jennings,Martin_Verkerk,Paula_Radcliffe,Jim_Furyk,Marcus_Gronholm,David_Nalbandian,Gary_Carter
vggface2,mtcnn_crop_fallback,probe/Jonathan_Edwards/Jonathan_Edwards_0002.jpg,Jonathan_Edwards,1,1.0,0.7639003992080688,0.7639003992080688,Jonathan_Edwards,Gray_Davis,Carlo_Ancelotti,James_McGreevey,Zoran_Djindjic,Michael_Kostelnik,Marat_Safin,Gary_Forsee,LeBron_James,Lou_Piniella
vggface2,mtcnn_crop_fallback,probe/Jonathan_Mostow/Jonathan_Mostow_0002.jpg,Jonathan_Mostow,1,1.0,0.8415626883506775,0.8415626883506775,Jonathan_Mostow,Fidel_Castro,John_Blaney,Brian_Wells,Mike_Weir,Hassan_Nasrallah,Carson_Daly,Alvaro_Uribe,Xanana_Gusmao,Mohammad_Khatami
vggface2,mtcnn_crop_fallback,probe/Jong_Thae_Hwa/Jong_Thae_Hwa_0002.jpg,Jong_Thae_Hwa,1,1.0,0.7507500648498535,0.7507500648498535,Jong_Thae_Hwa,Li_Peng,Annette_Lu,Angelo_Reyes,Lee_Hoi-chang,Kim_Jin-sun,Antony_Leung,Hu_Jintao,Kim_Ryong-sung,Hun_Sen
vggface2,mtcnn_crop_fallback,probe/Jorge_Arce/Jorge_Arce_0002.jpg,Jorge_Arce,1,1.0,0.8274238109588623,0.8274238109588623,Jorge_Arce,Paul-Henri_Mathieu,Alex_Barros,Nicolas_Lapentti,Nestor_Kirchner,Guillermo_Coria,Blythe_Hartley,Barrett_Jackman,Justin_Gatlin,Mikhail_Youzhny
vggface2,mtcnn_crop_fallback,probe/Jorge_Batlle/Jorge_Batlle_0002.jpg,Jorge_Batlle,1,1.0,0.8363509774208069,0.8363509774208069,Jorge_Batlle,Colin_Powell,Ralph_Lauren,Larry_Brown,Chok_Tong_Goh,GL_Peiris,Francis_George,Harry_Belafonte,S_Jayakumar,Peter_Struck
vggface2,mtcnn_crop_fallback,probe/Jorge_Castaneda/Jorge_Castaneda_0002.jpg,Jorge_Castaneda,977,0.0010235414534288639,0.49373960494995117,-0.2313501089811325,Harvey_Weinstein,Tom_Crean,Michael_Chiklis,John_Reilly,Todd_Haynes,James_Gandolfini,John_Blaney,Jose_Manuel_Durao_Barroso,John_Brady,Gustavo_Kuerten
vggface2,mtcnn_crop_fallback,probe/Jorge_Rodolfo_Canicoba_Corral/Jorge_Rodolfo_Canicoba_Corral_0002.jpg,Jorge_Rodolfo_Canicoba_Corral,1,1.0,0.8446699976921082,0.8446699976921082,Jorge_Rodolfo_Canicoba_Corral,Francis_Mer,Alvaro_Noboa,Nestor_Kirchner,Lynn_Abraham,John_Negroponte,Ozzy_Osbourne,Maggie_Smith,Charles_Grassley,Guillermo_Ortiz
vggface2,mtcnn_crop_fallback,probe/Jorge_Valdano/Jorge_Valdano_0002.jpg,Jorge_Valdano,1,1.0,0.8300931453704834,0.8300931453704834,Jorge_Valdano,Phil_Mickelson,Alastair_Campbell,David_Heymann,Adolfo_Rodriguez_Saa,Leslie_Moonves,Gerry_Parsky,John_Kerry,Yao_Ming,Katie_Harman
vggface2,mtcnn_crop_fallback,probe/Jose_Dirceu/Jose_Dirceu_0002.jpg,Jose_Dirceu,1,1.0,0.6969285011291504,0.6969285011291504,Jose_Dirceu,Francis_George,Gabriel_Valdes,Chok_Tong_Goh,Spencer_Abraham,Larry_Brown,Tom_Daschle,Pedro_Malan,Trent_Lott,Dick_Vermeil
vggface2,mtcnn_crop_fallback,probe/Jose_Manuel_Durao_Barroso/Jose_Manuel_Durao_Barroso_0002.jpg,Jose_Manuel_Durao_Barroso,1,1.0,0.8391274213790894,0.8391274213790894,Jose_Manuel_Durao_Barroso,Marc_Grossman,Patrice_Chereau,Alastair_Campbell,David_Leahy,George_Robertson,Charles_Grassley,Dennis_Kucinich,Bill_Gates,Alvaro_Noboa
vggface2,mtcnn_crop_fallback,probe/Jose_Mourinho/Jose_Mourinho_0002.jpg,Jose_Mourinho,1,1.0,0.7776988744735718,0.7776988744735718,Jose_Mourinho,Jonathan_Edwards,John_Rosa,Laurent_Jalabert,Yasar_Yakis,Abel_Pacheco,Colin_Jackson,Eduardo_Duhalde,Bernardo_Segura,Mark_Hamister
vggface2,mtcnn_crop_fallback,probe/Jose_Sarney/Jose_Sarney_0002.jpg,Jose_Sarney,1,1.0,0.848758339881897,0.848758339881897,Jose_Sarney,Saddam_Hussein,John_McCormack,Elsa_Zylberstein,Abdullah_Gul,Cesar_Maia,Sam_Torrance,Roy_Williams,Jay_Garner,John_Banko
vggface2,mtcnn_crop_fallback,probe/Jose_Serra/Jose_Serra_0002.jpg,Jose_Serra,1,1.0,0.9263936281204224,0.9263936281204224,Jose_Serra,Leon_LaPorte,Peter_Arnett,John_Snow,Cruz_Bustamante,Luis_Gonzalez_Macchi,Ibrahim_Jaafari,Barry_Alvarez,Kemal_Dervis,Iain_Duncan_Smith
vggface2,mtcnn_crop_fallback,probe/Jose_Theodore/Jose_Theodore_0002.jpg,Jose_Theodore,1,1.0,0.6408505439758301,0.6408505439758301,Jose_Theodore,Gil_de_Ferran,Luke_Walton,Ian_Thorpe,Michael_Ballack,Barry_Zito,John_F_Kennedy_Jr,Justin_Guarini,Marat_Safin,Paul-Henri_Mathieu
vggface2,mtcnn_crop_fallback,probe/Jose_Viegas_Filho/Jose_Viegas_Filho_0002.jpg,Jose_Viegas_Filho,1,1.0,0.7359228134155273,0.7359228134155273,Jose_Viegas_Filho,Nestor_Kirchner,Fidel_Castro,Adolfo_Aguilar_Zinser,Edward_James_Olmos,Gregory_Hines,Juan_Valencia_Osorio,Pedro_Malan,Mark_Hamister,Bill_Gates
vggface2,mtcnn_crop_fallback,probe/Joseph_Biden/Joseph_Biden_0002.jpg,Joseph_Biden,1,1.0,0.7957874536514282,0.7957874536514282,Joseph_Biden,Stephen_Friedman,John_Rigas,Warren_Beatty,Frank_Lautenberg,Costas_Simitis,Dick_Cheney,Jose_Serra,John_Snow,Jerry_Falwell
vggface2,mtcnn_crop_fallback,probe/Joseph_Blatter/Joseph_Blatter_0002.jpg,Joseph_Blatter,1,1.0,0.7329353094100952,0.7329353094100952,Joseph_Blatter,Silvio_Berlusconi,Costas_Simitis,Robin_McLaurin_Williams,Ahmet_Necdet_Sezer,Valery_Giscard_dEstaing,Vladimir_Putin,Igor_Ivanov,Charles_Schumer,Jerry_Falwell
vggface2,mtcnn_crop_fallback,probe/Joseph_Deiss/Joseph_Deiss_0002.jpg,Joseph_Deiss,1,1.0,0.8983403444290161,0.8983403444290161,Joseph_Deiss,James_Maguire,Robin_McLaurin_Williams,Gordon_Campbell,Bill_Graham,David_Dodge,Paul_ONeill,Max_Mayfield,David_Trimble,Bill_Nelson
vggface2,mtcnn_crop_fallback,probe/Joseph_Estrada/Joseph_Estrada_0002.jpg,Joseph_Estrada,1,1.0,0.8554614782333374,0.8554614782333374,Joseph_Estrada,Anwar_Ibrahim,Hun_Sen,Antony_Leung,Kim_Jin-sun,Dai_Bachtiar,Li_Peng,Kim_Jong-Il,Pedro_Malan,Hu_Jintao
vggface2,mtcnn_crop_fallback,probe/Joseph_Ralston/Joseph_Ralston_0002.jpg,Joseph_Ralston,1,1.0,0.8529161214828491,0.8529161214828491,Joseph_Ralston,Paul_Bremer,John_Manley,Gray_Davis,Peter_Harrison,Nicanor_Duarte_Frutos,Ronald_Reagan,Paul_McNulty,Howard_Dean,Thomas_Fargo
vggface2,mtcnn_crop_fallback,probe/Juan_Manuel_Marquez/Juan_Manuel_Marquez_0002.jpg,Juan_Manuel_Marquez,1,1.0,0.9149032831192017,0.9149032831192017,Juan_Manuel_Marquez,Yao_Ming,Luis_Horna,Jefferson_Perez,Yasar_Yakis,Guillermo_Coria,Dick_Clark,Jose_Serra,Anibal_Ibarra,Scott_McClellan
vggface2,mtcnn_crop_fallback,probe/Juan_Pablo_Montoya/Juan_Pablo_Montoya_0002.jpg,Juan_Pablo_Montoya,1,1.0,0.8177624940872192,0.8177624940872192,Juan_Pablo_Montoya,Sourav_Ganguly,Matt_Doherty,Pete_Sampras,Kalpana_Chawla,James_Jones,Garry_Kasparov,Charlie_Zaa,Carlos_Manuel_Pruneda,Abdullah
vggface2,mtcnn_crop_fallback,probe/Juan_Valencia_Osorio/Juan_Valencia_Osorio_0002.jpg,Juan_Valencia_Osorio,1,1.0,0.6950286626815796,0.6950286626815796,Juan_Valencia_Osorio,Nicanor_Duarte_Frutos,Jorge_Castaneda,Hassan_Wirajuda,Brian_Cowen,Hun_Sen,Jack_Straw,Adolfo_Aguilar_Zinser,Bill_Simon,Munir_Akram
vggface2,mtcnn_crop_fallback,probe/Juanes/Juanes_0002.jpg,Juanes,1,1.0,0.8607678413391113,0.8607678413391113,Juanes,Alex_Penelas,Barry_Zito,Paul-Henri_Mathieu,Jose_Theodore,Mark_Cuban,Harry_Schmidt,Steve_Park,Amber_Tamblyn,Paul_Byrd
vggface2,mtcnn_crop_fallback,probe/Jude_Law/Jude_Law_0002.jpg,Jude_Law,1,1.0,0.7129728198051453,0.7129728198051453,Jude_Law,Jonathan_Edwards,Michael_Phelps,Tyler_Hamilton,Bob_Colvin,Richard_Krajicek,David_Coulthard,Elijah_Wood,John_Manley,Darrell_Porter
vggface2,mtcnn_crop_fallback,probe/Judi_Dench/Judi_Dench_0002.jpg,Judi_Dench,1,1.0,0.7208617925643921,0.7208617925643921,Judi_Dench,Kate_Capshaw,Ozzy_Osbourne,Gro_Harlem_Brundtland,Queen_Beatrix,Jean_Brumley,Sophia_Loren,Elizabeth_Dole,Karin_Stoiber,Tony_Curtis
vggface2,mtcnn_crop_fallback,probe/Judy_Genshaft/Judy_Genshaft_0002.jpg,Judy_Genshaft,1,1.0,0.8572902679443359,0.8572902679443359,Judy_Genshaft,Ann_Veneman,Helen_Clark,Sheila_Copps,Carla_Myers,Hayley_Tullett,Biljana_Plavsic,Isabelle_Huppert,Lea_Fastow,Hannah_Stockbauer
vggface2,mtcnn_crop_fallback,probe/Juergen_Peters/Juergen_Peters_0002.jpg,Juergen_Peters,1,1.0,0.8810058832168579,0.8810058832168579,Juergen_Peters,Iain_Duncan_Smith,Marwan_Barghouthi,Mohammad_Khatami,Carlos_Mesa,Steven_Spielberg,Marc_Grossman,Hector_Babenco,Benjamin_Netanyahu,Osama_bin_Laden
vggface2,mtcnn_crop_fallback,probe/Julianna_Margulies/Julianna_Margulies_0002.jpg,Julianna_Margulies,912,0.0010964912280701754,0.5114483833312988,-0.17253477871418,Mohammad_Khatami,Pedro_Solbes,Juergen_Peters,Marwan_Barghouthi,Mikulas_Dzurinda,Art_Hoffmann,Osama_bin_Laden,Hassan_Nasrallah,Bashar_Assad,Frank_Stallone
vggface2,mtcnn_crop_fallback,probe/Julianne_Moore/Julianne_Moore_0002.jpg,Julianne_Moore,1,1.0,0.958380937576294,0.958380937576294,Julianne_Moore,Todd_Haynes,Bill_Simon,Lloyd_Ward,Paul_McNulty,Andy_Hebb,Sharon_Frey,Aaron_Sorkin,Michael_Chang,William_Ford_Jr
vggface2,mtcnn_crop_fallback,probe/Julie_Gerberding/Julie_Gerberding_0002.jpg,Julie_Gerberding,1,1.0,0.9448601603507996,0.9448601603507996,Julie_Gerberding,Colin_Powell,Gloria_Allred,Queen_Beatrix,Martha_Burk,Elin_Nordegren,Sharon_Frey,Jennifer_Thompson,Jason_Kidd,Judi_Dench
vggface2,mtcnn_crop_fallback,probe/Julie_Taymor/Julie_Taymor_0002.jpg,Julie_Taymor,1,1.0,0.8634532690048218,0.8634532690048218,Julie_Taymor,Coretta_Scott_King,Nancy_Pelosi,Annette_Bening,Christine_Gregoire,Sally_Kirkland,Jennifer_Connelly,John_Jumper,Blythe_Danner,Rita_Moreno
vggface2,mtcnn_crop_fallback,probe/Julio_Iglesias_Jr/Julio_Iglesias_Jr_0002.jpg,Julio_Iglesias_Jr,1,1.0,0.8170245885848999,0.8170245885848999,Julio_Iglesias_Jr,George_P_Bush,Tom_Cruise,Spencer_Abraham,Ashanti,Mike_Weir,Dick_Clark,Takashi_Sorimachi,Marc-Andre_Fleury,Carlos_Ghosn
vggface2,mtcnn_crop_fallback,probe/Justin_Gatlin/Justin_Gatlin_0002.jpg,Justin_Gatlin,1,1.0,0.8570270538330078,0.8570270538330078,Justin_Gatlin,Joe_Dumars,Paul_Pierce,Adrian_McPherson,Guillaume_Soro,Ruben_Studdard,Latrell_Sprewell,Jesse_Jackson,Venus_Williams,LeBron_James
vggface2,mtcnn_crop_fallback,probe/Justin_Guarini/Justin_Guarini_0002.jpg,Justin_Guarini,1,1.0,0.6438319683074951,0.6438319683074951,Justin_Guarini,Franco_Dragone,Alimzhan_Tokhtakhounov,Nelson_Mandela,Hamzah_Haz,Yasser_Arafat,Sam_Bith,Goh_Kun,Jesse_Jackson,John_Allen_Muhammad
vggface2,mtcnn_crop_fallback,probe/Justin_Leonard/Justin_Leonard_0002.jpg,Justin_Leonard,1,1.0,0.8270043134689331,0.8270043134689331,Justin_Leonard,Jason_Lezak,Mike_Weir,Greg_Owen,Jan_Ullrich,Lou_Piniella,Nadia_Petrova,Jason_Jennings,Jim_Furyk,Phil_Mickelson
vggface2,mtcnn_crop_fallback,probe/Justine_Henin/Justine_Henin_0002.jpg,Justine_Henin,1,1.0,0.9329766035079956,0.9329766035079956,Justine_Henin,Nadia_Petrova,Lindsay_Davenport,Patty_Schnyder,Lisa_Raymond,Padraig_Harrington,Anna_Kournikova,Kevin_Spacey,Iban_Mayo,Barbara_Brezigar
vggface2,mtcnn_crop_fallback,probe/Kalpana_Chawla/Kalpana_Chawla_0002.jpg,Kalpana_Chawla,1,1.0,0.8990049362182617,0.8990049362182617,Kalpana_Chawla,Begum_Khaleda_Zia,Kathleen_Kennedy_Townsend,Herta_Daeubler-Gmelin,Harry_Kalas,Alex_Penelas,Denise_Johnson,James_Jones,Paul_McCartney,Ahmad_Masood
vggface2,mtcnn_crop_fallback,probe/Karen_Mok/Karen_Mok_0002.jpg,Karen_Mok,1,1.0,0.910955548286438,0.910955548286438,Karen_Mok,George_Pataki,Corinne_Coman,Tom_Daschle,Lisa_Ling,Robert_Zoellick,Michael_Chang,Amelia_Vega,Annette_Bening,Jimmy_Carter
vggface2,mtcnn_crop_fallback,probe/Karin_Stoiber/Karin_Stoiber_0002.jpg,Karin_Stoiber,1,1.0,0.7682931423187256,0.7682931423187256,Karin_Stoiber,Lynn_Abraham,Gro_Harlem_Brundtland,Cristina_Saralegui,Joseph_Deiss,Jean_Carnahan,Debra_Brown,Maggie_Smith,Barbara_Walters,Anneli_Jaatteenmaki
vggface2,mtcnn_crop_fallback,probe/Kate_Capshaw/Kate_Capshaw_0002.jpg,Kate_Capshaw,880,0.0011363636363636363,0.7064898014068604,-0.09465906769037247,Steven_Spielberg,Robin_Cook,John_Blaney,Mohammad_Khatami,Pedro_Malan,Jonathan_Mostow,John_Rowland,Jay_Garner,Kevin_Spacey,William_Ford_Jr
vggface2,mtcnn_crop_fallback,probe/Kathleen_Glynn/Kathleen_Glynn_0002.jpg,Kathleen_Glynn,1,1.0,0.832714855670929,0.832714855670929,Kathleen_Glynn,Martha_Beatriz_Roque,Debra_Brown,Lynne_Cheney,Paula_Radcliffe,Lynn_Abraham,Edie_Falco,Jean_Carnahan,Sheila_Wellstone,Madonna
vggface2,mtcnn_crop_fallback,probe/Kathleen_Kennedy_Townsend/Kathleen_Kennedy_Townsend_0002.jpg,Kathleen_Kennedy_Townsend,1,1.0,0.7941895723342896,0.7941895723342896,Kathleen_Kennedy_Townsend,Monica_Seles,Conchita_Martinez,Claire_Leger,Paul_Byrd,Carla_Myers,Marissa_Jaret_Winokur,Gloria_Allred,Ann_Veneman,Arianna_Huffington
vggface2,mtcnn_crop_fallback,probe/Kathryn_Bigelow/Kathryn_Bigelow_0002.jpg,Kathryn_Bigelow,1,1.0,0.6471025347709656,0.6471025347709656,Kathryn_Bigelow,Benazir_Bhutto,Kristin_Davis,Charlotte_Rampling,Robert_Kocharian,Silvia_Farina_Elia,Emmanuelle_Beart,Gillian_Anderson,Abel_Pacheco,Jane_Kaczmarek
vggface2,mtcnn_crop_fallback,probe/Kathy_Winters/Kathy_Winters_0002.jpg,Kathy_Winters,1,1.0,0.9161896705627441,0.9161896705627441,Kathy_Winters,Gisele_Bundchen,Patricia_Clarkson,Helen_Clark,Jodie_Foster,Julianne_Moore,Margaret_Thatcher,Martha_Burk,Betsy_Smith,Elizabeth_Smart
vggface2,mtcnn_crop_fallback,probe/Katie_Harman/Katie_Harman_0002.jpg,Katie_Harman,2,0.5,0.5373947620391846,0.5035465359687805,Olivia_Newton-John,Katie_Harman,Natalie_Maines,Blythe_Danner,Cristina_Saralegui,Priscilla_Presley,Hillary_Clinton,Goldie_Hawn,Sally_Kirkland,Martha_Beatriz_Roque
vggface2,mtcnn_crop_fallback,probe/Keira_Knightley/Keira_Knightley_0002.jpg,Keira_Knightley,492,0.0020325203252032522,0.4576219320297241,0.02948351576924324,Jay_Rasulo,Natalie_Coughlin,Mariah_Carey,Gordon_Campbell,Bernard_Landry,Richard_Norton-Taylor,Silvan_Shalom,James_Cunningham,Fred_Eckhard,Darren_Clarke
vggface2,mtcnn_crop_fallback,probe/Kelli_White/Kelli_White_0002.jpg,Kelli_White,1,1.0,0.9064571857452393,0.9064571857452393,Kelli_White,Jada_Pinkett_Smith,Eunice_Barber,Serena_Williams,Venus_Williams,Ashanti,Chanda_Rubin,Joe_Mantello,Michael_Douglas,Diana_Taurasi
vggface2,mtcnn_crop_fallback,probe/Kemal_Dervis/Kemal_Dervis_0002.jpg,Kemal_Dervis,1,1.0,0.9222893714904785,0.9222893714904785,Kemal_Dervis,Cesar_Maia,Richard_Shelby,Valery_Giscard_dEstaing,Job_Cohen,Alexander_Losyukov,Costas_Simitis,John_Snow,Trent_Lott,Jose_Serra
vggface2,mtcnn_crop_fallback,probe/Ken_Watanabe/Ken_Watanabe_0002.jpg,Ken_Watanabe,2,0.5,0.7733864784240723,0.7229279279708862,Tom_Cruise,Ken_Watanabe,Freddy_Garcia,Edward_Lu,Jackie_Chan,Stanley_Tong,Thaksin_Shinawatra,Bob_Hope,Michael_Chang,Igor_Ivanov
vggface2,mtcnn_crop_fallback,probe/Kenneth_Branagh/Kenneth_Branagh_0002.jpg,Kenneth_Branagh,1,1.0,0.8276025056838989,0.8276025056838989,Kenneth_Branagh,Andrew_Bunner,Elsa_Zylberstein,Jeremy_Shockey,George_Pataki,Jim_Carrey,James_Kelly,Bill_Frist,Paul_McNulty,Michael_Kostelnik
vggface2,mtcnn_crop_fallback,probe/Kenneth_Evans/Kenneth_Evans_0002.jpg,Kenneth_Evans,1,1.0,0.9420652389526367,0.9420652389526367,Kenneth_Evans,Leonard_Hamilton,Jesse_Jackson,Grady_Irvin_Jr,Joe_Dumars,Vincent_Brooks,Hun_Sen,Justin_Gatlin,Nicanor_Duarte_Frutos,Jose_Manuel_Durao_Barroso
vggface2,mtcnn_crop_fallback,probe/Kent_Rominger/Kent_Rominger_0002.jpg,Kent_Rominger,1,1.0,0.8617627024650574,0.8617627024650574,Kent_Rominger,Aron_Ralston,Gregg_Popovich,Edward_Said,John_Banko,Michael_Kostelnik,Ron_Dittemore,Edward_James_Olmos,Tom_Daschle,Mack_Brown
vggface2,mtcnn_crop_fallback,probe/Kevin_Spacey/Kevin_Spacey_0002.jpg,Kevin_Spacey,1,1.0,0.8303631544113159,0.8303631544113159,Kevin_Spacey,Scott_McClellan,John_Cusack,Mitchell_Daniels,Igor_Ivanov,Robbie_Fowler,Alvaro_Noboa,Justine_Henin,Tom_Cruise,Butch_Davis
vggface2,mtcnn_crop_fallback,probe/Kevin_Stallings/Kevin_Stallings_0002.jpg,Kevin_Stallings,1,1.0,0.7455244660377502,0.7455244660377502,Kevin_Stallings,Harvey_Weinstein,Roy_Moore,Jason_Alexander,Herb_Sendek,Oswaldo_Paya,Donald_Evans,Cruz_Bustamante,Robert_Bonner,Mike_Holmgren
vggface2,mtcnn_crop_fallback,probe/Kieran_Prendergast/Kieran_Prendergast_0002.jpg,Kieran_Prendergast,1,1.0,0.9455631971359253,0.9455631971359253,Kieran_Prendergast,Robin_Cook,Sean_Patrick_OMalley,Mohammad_Khatami,Ali_Khamenei,Steven_Spielberg,Mike_Holmgren,Gerry_Adams,Len_Jenoff,Kim_Jong-Il
vggface2,mtcnn_crop_fallback,probe/Kifah_Ajouri/Kifah_Ajouri_0002.jpg,Kifah_Ajouri,1,1.0,0.93425452709198,0.93425452709198,Kifah_Ajouri,Luis_Horna,Pete_Sampras,Garry_Kasparov,Barrett_Jackman,Vincent_Brooks,Jose_Serra,Carlos_Ghosn,Greg_Rusedski,Fidel_Castro
vggface2,mtcnn_crop_fallback,probe/Kiki_Vandeweghe/Kiki_Vandeweghe_0002.jpg,Kiki_Vandeweghe,1,1.0,0.8813244104385376,0.8813244104385376,Kiki_Vandeweghe,Nick_Nolte,James_Kelly,Dennis_Powell,Donald_Evans,Peter_Hillary,Ron_Dittemore,Ron_Howard,Jean-David_Levitte,Paul_Bremer
vggface2,mtcnn_crop_fallback,probe/Kim_Dae-jung/Kim_Dae-jung_0002.jpg,Kim_Dae-jung,1,1.0,0.9363311529159546,0.9363311529159546,Kim_Dae-jung,Lee_Hoi-chang,Lee_Tae-sik,Hichiro_Naemura,Hu_Jintao,Jia_Qinglin,Lee_Jun,Chang_Dae-whan,Li_Peng,Alberto_Fujimori
vggface2,mtcnn_crop_fallback,probe/Kim_Jin-sun/Kim_Jin-sun_0002.jpg,Kim_Jin-sun,1,1.0,0.933213472366333,0.933213472366333,Kim_Jin-sun,Hu_Jintao,Antony_Leung,Chang_Dae-whan,Jong_Thae_Hwa,Jia_Qinglin,Annette_Lu,Alberto_Fujimori,Lee_Tae-sik,Thaksin_Shinawatra
vggface2,mtcnn_crop_fallback,probe/Kim_Jong-Il/Kim_Jong-Il_0002.jpg,Kim_Jong-Il,1,1.0,0.9190565347671509,0.9190565347671509,Kim_Jong-Il,Kim_Jin-sun,Antony_Leung,Bernard_Landry,Li_Peng,Pedro_Malan,Chok_Tong_Goh,Wang_Yingfan,Lee_Hoi-chang,Thaksin_Shinawatra
vggface2,mtcnn_crop_fallback,probe/Kim_Ryong-sung/Kim_Ryong-sung_0002.jpg,Kim_Ryong-sung,1,1.0,0.9095379710197449,0.9095379710197449,Kim_Ryong-sung,Jackie_Chan,Goh_Kun,Hichiro_Naemura,Thaksin_Shinawatra,Chang_Dae-whan,Prince_Naruhito,Kim_Jin-sun,Alimzhan_Tokhtakhounov,Hu_Jintao
vggface2,mtcnn_crop_fallback,probe/Kirk_Ferentz/Kirk_Ferentz_0002.jpg,Kirk_Ferentz,1,1.0,0.6886852979660034,0.6886852979660034,Kirk_Ferentz,Guy_Hemmings,Joerg_Haider,Dennis_Erickson,Ian_Thorpe,Mikhail_Youzhny,Chakib_Khelil,Gary_Doer,Eddie_Sutton,Brad_Johnson
vggface2,mtcnn_crop_fallback,probe/Kirk_Johnson/Kirk_Johnson_0002.jpg,Kirk_Johnson,1,1.0,0.8932386636734009,0.8932386636734009,Kirk_Johnson,Thabo_Mbeki,Laurent_Gbagbo,George_Foreman,LeBron_James,Jeremy_Shockey,Chris_Byrd,Latrell_Sprewell,Adrian_McPherson,Evander_Holyfield
vggface2,mtcnn_crop_fallback,probe/Klaus_Zwickel/Klaus_Zwickel_0002.jpg,Klaus_Zwickel,1,1.0,0.9064502120018005,0.9064502120018005,Klaus_Zwickel,Robert_Duvall,Robert_Bonner,John_Snow,Trent_Lott,Dennis_Kozlowski,Bill_Graham,Franz_Beckenbauer,Dick_Cheney,Doug_Collins
vggface2,mtcnn_crop_fallback,probe/Kosuke_Kitajima/Kosuke_Kitajima_0002.jpg,Kosuke_Kitajima,816,0.0012254901960784314,0.759457528591156,-0.11157307773828506,Brendan_Hansen,David_Bell,Richard_Krajicek,Nick_Nolte,Luis_Figo,Joe_Nichols,Elizabeth_Smart,Harry_Schmidt,Gustavo_Kuerten,Bill_Nelson
vggface2,mtcnn_crop_fallback,probe/Kristanna_Loken/Kristanna_Loken_0002.jpg,Kristanna_Loken,1,1.0,0.8384790420532227,0.8384790420532227,Kristanna_Loken,Vanessa_Williams,Corinne_Coman,Pamela_Anderson,Carmen_Electra,Marina_Anissina,Elizabeth_Shue,Charles_Mathews,Natalie_Maines,Anna_Kournikova
vggface2,mtcnn_crop_fallback,probe/Kristin_Davis/Kristin_Davis_0002.jpg,Kristin_Davis,1,1.0,0.8938585519790649,0.8938585519790649,Kristin_Davis,Lisa_Gottsegen,Bridget_Fonda,David_Trimble,Dale_Earnhardt_Jr,Marlene_Weingartner,Jennifer_Connelly,Fred_Eckhard,Mitchell_Daniels,Dick_Cheney
vggface2,mtcnn_crop_fallback,probe/Kurt_Busch/Kurt_Busch_0002.jpg,Kurt_Busch,1,1.0,0.7137629985809326,0.7137629985809326,Kurt_Busch,Ben_Curtis,Damon_van_Dam,Bernard_Lord,Bridget_Fonda,John_McCormack,Alvaro_Uribe,Anthony_LaPaglia,Bashar_Assad,Noah_Wyle
vggface2,mtcnn_crop_fallback,probe/Kurt_Russell/Kurt_Russell_0002.jpg,Kurt_Russell,1,1.0,0.8165701627731323,0.8165701627731323,Kurt_Russell,Bill_Nelson,Tom_Glavine,Kirk_Ferentz,Alec_Baldwin,Robert_Mueller,Bill_Callahan,Bertrand_Bonello,Tom_Daschle,Johnson_Panjaitan
vggface2,mtcnn_crop_fallback,probe/Kwon_Yang-sook/Kwon_Yang-sook_0002.jpg,Kwon_Yang-sook,1,1.0,0.8490591049194336,0.8490591049194336,Kwon_Yang-sook,Hitomi_Soga,Lisa_Ling,Michelle_Yeoh,Thaksin_Shinawatra,Yoko_Ono,Sachiko_Yamada,Miyako_Miyazaki,Kim_Dae-jung,Liu_Mingkang
vggface2,mtcnn_crop_fallback,probe/Laila_Ali/Laila_Ali_0002.jpg,Laila_Ali,1,1.0,0.7408854961395264,0.7408854961395264,Laila_Ali,Jennifer_Lopez,Katie_Harman,Serena_Williams,Jacqueline_Obradors,Justin_Guarini,Alastair_Campbell,Madonna,Nelson_Mandela,Chris_Cooper
vggface2,mtcnn_crop_fallback,probe/Lana_Clarkson/Lana_Clarkson_0002.jpg,Lana_Clarkson,1,1.0,0.7121732831001282,0.7121732831001282,Lana_Clarkson,Cameron_Diaz,Martina_McBride,Jane_Fonda,Cyndi_Thompson,Tom_Daschle,Nancy_Pelosi,Sally_Kirkland,Valerie_Harper,Mary_Tyler_Moore
vggface2,mtcnn_crop_fallback,probe/Larry_Bowa/Larry_Bowa_0002.jpg,Larry_Bowa,1,1.0,0.8279342651367188,0.8279342651367188,Larry_Bowa,Alan_Mulally,Tom_Daschle,Hootie_Johnson,James_Kelly,Ron_Dittemore,Leslie_Moonves,Jay_Garner,Gregg_Popovich,Trent_Lott
vggface2,mtcnn_crop_fallback,probe/Larry_Brown/Larry_Brown_0002.jpg,Larry_Brown,1,1.0,0.8206751346588135,0.8206751346588135,Larry_Brown,Johnny_Carson,Silvio_Berlusconi,Hipolito_Mejia,Valery_Giscard_dEstaing,Chok_Tong_Goh,Warren_Buffett,William_Martin,Charlton_Heston,Nick_Nolte
vggface2,mtcnn_crop_fallback,probe/Larry_Coker/Larry_Coker_0002.jpg,Larry_Coker,1,1.0,0.8017129302024841,0.8017129302024841,Larry_Coker,Robert_Duvall,Art_Howe,Larry_Brown,Michael_Douglas,Gregg_Popovich,James_Morris,Yasar_Yakis,Gunter_Pleuger,Frank_Cassell
vggface2,mtcnn_crop_fallback,probe/Larry_Ellison/Larry_Ellison_0002.jpg,Larry_Ellison,1,1.0,0.9027018547058105,0.9027018547058105,Larry_Ellison,Alejandro_Avila,Gerry_Parsky,David_Nalbandian,Yao_Ming,Felix_Mantilla,Nancy_Pelosi,Robert_Zoellick,Justin_Leonard,Lindsey_Graham
vggface2,mtcnn_crop_fallback,probe/Larry_Johnson/Larry_Johnson_0002.jpg,Larry_Johnson,1,1.0,0.8416836261749268,0.8416836261749268,Larry_Johnson,Vincent_Brooks,Vince_Carter,Johnson_Panjaitan,Grady_Irvin_Jr,Leonard_Hamilton,Joe_Dumars,Justin_Gatlin,John_Allen_Muhammad,Jason_Kidd
vggface2,mtcnn_crop_fallback,probe/Larry_Lindsey/Larry_Lindsey_0002.jpg,Larry_Lindsey,1,1.0,0.8035521507263184,0.8035521507263184,Larry_Lindsey,Goran_Persson,John_Reilly,James_Morris,Jay_Garner,Anthony_Hopkins,Dennis_Kozlowski,Robert_Bonner,Jon_Gruden,Gregg_Popovich
vggface2,mtcnn_crop_fallback,probe/Larry_Lucchino/Larry_Lucchino_0002.jpg,Larry_Lucchino,1,1.0,0.8075500726699829,0.8075500726699829,Larry_Lucchino,Silvan_Shalom,Roy_Moore,Ilan_Ramon,Silvio_Berlusconi,Emile_Lahoud,Igor_Ivanov,Kevin_Spacey,Bill_Graham,Herb_Sendek
vggface2,mtcnn_crop_fallback,probe/Latrell_Sprewell/Latrell_Sprewell_0002.jpg,Latrell_Sprewell,1,1.0,0.5593111515045166,0.5593111515045166,Latrell_Sprewell,Chris_Tucker,Laila_Ali,Debra_Brown,Patrick_Ewing,Anders_Ebbeson,Kelli_White,Serena_Williams,Ruben_Studdard,Michael_Douglas
vggface2,mtcnn_crop_fallback,probe/Laura_Hernandez/Laura_Hernandez_0002.jpg,Laura_Hernandez,1,1.0,0.845950722694397,0.845950722694397,Laura_Hernandez,Rita_Moreno,Sophia_Loren,Gianna_Angelopoulos-Daskalaki,Michelle_Yeoh,Laila_Ali,Hanan_Ashrawi,Jan_Ullrich,Coretta_Scott_King,Hal_Sutton
vggface2,mtcnn_crop_fallback,probe/Lauren_Hutton/Lauren_Hutton_0002.jpg,Lauren_Hutton,1,1.0,0.7729071974754333,0.7729071974754333,Lauren_Hutton,Meryl_Streep,Leslie_Ann_Woodward,Jessica_Lange,Reese_Witherspoon,Penelope_Ann_Miller,Martin_Verkerk,Rita_Moreno,Barbara_Walters,Karin_Stoiber
vggface2,mtcnn_crop_fallback,probe/Lauren_Killian/Lauren_Killian_0002.jpg,Lauren_Killian,1,1.0,0.7651861310005188,0.7651861310005188,Lauren_Killian,Sarah_Jessica_Parker,Robert_Duvall,Barbara_Brezigar,Vanessa_Incontrada,Martha_Bowen,Sue_Wicks,Jennifer_Lopez,Fabiola_Zuluaga,Emily_Robison
vggface2,mtcnn_crop_fallback,probe/Laurent_Gbagbo/Laurent_Gbagbo_0002.jpg,Laurent_Gbagbo,1,1.0,0.9016484022140503,0.9016484022140503,Laurent_Gbagbo,Thabo_Mbeki,Morgan_Freeman,George_Foreman,Kirk_Johnson,Leonard_Hamilton,Patti_Labelle,Robert_Mugabe,Claire_Hentzen,Doug_Duncan
vggface2,mtcnn_crop_fallback,probe/Laurent_Jalabert/Laurent_Jalabert_0002.jpg,Laurent_Jalabert,1,1.0,0.8289740085601807,0.8289740085601807,Laurent_Jalabert,Albert_Costa,Robert_Kocharian,Vicente_Fernandez,Patti_Labelle,Matt_Doherty,Jefferson_Perez,Pete_Sampras,Dan_Wheldon,Martin_Scorsese
vggface2,mtcnn_crop_fallback,probe/Lawrence_MacAulay/Lawrence_MacAulay_0002.jpg,Lawrence_MacAulay,2,0.5,0.7088004946708679,0.6819251775741577,Trent_Lott,Lawrence_MacAulay,George_Voinovich,David_Leahy,Ernie_Fletcher,James_Kelly,Robert_Zoellick,Kim_Dae-jung,Tom_Crean,Guido_Westerwelle
vggface2,mtcnn_crop_fallback,probe/LeAnn_Rimes/LeAnn_Rimes_0002.jpg,LeAnn_Rimes,1,1.0,0.8342985510826111,0.8342985510826111,LeAnn_Rimes,Mariangel_Ruiz_Torrealba,Raghad_Saddam_Hussein,Kristanna_Loken,Frances_Fisher,Elizabeth_Taylor,Carmen_Electra,Hideki_Matsui,Pete_Sampras,George_Voinovich
vggface2,mtcnn_crop_fallback,probe/LeBron_James/LeBron_James_0002.jpg,LeBron_James,1,1.0,0.8468607664108276,0.8468607664108276,LeBron_James,Adrian_McPherson,Chris_Byrd,Paul_Pierce,Mike_Tyson,John_Allen_Muhammad,Fred_Eckhard,Guillaume_Soro,Slobodan_Milosevic,Aleksander_Kwasniewski
vggface2,mtcnn_crop_fallback,probe/Lea_Fastow/Lea_Fastow_0002.jpg,Lea_Fastow,1,1.0,0.8681476712226868,0.8681476712226868,Lea_Fastow,Meryl_Streep,Jean_Brumley,Gloria_Macapagal_Arroyo,Jodie_Foster,Jolanta_Kwasniewski,Julianne_Moore,Patricia_Clarkson,Madonna,Chita_Rivera
vggface2,mtcnn_crop_fallback,probe/Leander_Paes/Leander_Paes_0002.jpg,Leander_Paes,1,1.0,0.840219259262085,0.840219259262085,Leander_Paes,Augustin_Calleri,Juan_Pablo_Montoya,Spencer_Abraham,Mark_Heller,Oscar_De_La_Hoya,James_Blake,George_Lopez,Rick_Romley,Branko_Crvenkovski
vggface2,mtcnn_crop_fallback,probe/Lech_Walesa/Lech_Walesa_0002.jpg,Lech_Walesa,1,1.0,0.8217195272445679,0.8217195272445679,Lech_Walesa,Peter_Greenaway,Elsa_Zylberstein,Arnold_Palmer,Omar_Sharif,Robert_De_Niro,John_Banko,Bobby_Robson,Pupi_Avati,Marc_Grossman
vggface2,mtcnn_crop_fallback,probe/Lee_Hoi-chang/Lee_Hoi-chang_0002.jpg,Lee_Hoi-chang,1,1.0,0.9286383390426636,0.9286383390426636,Lee_Hoi-chang,Kim_Dae-jung,Li_Peng,Hu_Jintao,Alberto_Fujimori,Hichiro_Naemura,Lim_Dong-won,Yoko_Ono,Jia_Qinglin,Chang_Dae-whan
vggface2,mtcnn_crop_fallback,probe/Lee_Jun/Lee_Jun_0002.jpg,Lee_Jun,1,1.0,0.8599616289138794,0.8599616289138794,Lee_Jun,Yoko_Ono,Lee_Tae-sik,Kim_Jin-sun,Hu_Jintao,Edward_Lu,Jorge_Castaneda,Wang_Yingfan,Alberto_Fujimori,Jia_Qinglin
vggface2,mtcnn_crop_fallback,probe/Lee_Tae-sik/Lee_Tae-sik_0002.jpg,Lee_Tae-sik,1,1.0,0.8855664730072021,0.8855664730072021,Lee_Tae-sik,Kim_Dae-jung,Chang_Dae-whan,Jia_Qinglin,Hichiro_Naemura,Alberto_Fujimori,Lee_Jun,Thaksin_Shinawatra,Kim_Jin-sun,Hu_Jintao
vggface2,mtcnn_crop_fallback,probe/Leland_Chapman/Leland_Chapman_0002.jpg,Leland_Chapman,1,1.0,0.7620683312416077,0.7620683312416077,Leland_Chapman,Jason_Kidd,Joe_Calzaghe,Latrell_Sprewell,Michael_Ballack,Sheila_Copps,Martha_Burk,Michael_Phelps,Boris_Yeltsin,Paul_Byrd
vggface2,mtcnn_crop_fallback,probe/Len_Jenoff/Len_Jenoff_0002.jpg,Len_Jenoff,1,1.0,0.8664944171905518,0.8664944171905518,Len_Jenoff,Cruz_Bustamante,Jean-Marc_de_La_Sabliere,Ali_Khamenei,Pupi_Avati,Mohammad_Khatami,Carlos_Mesa,Pedro_Solbes,Sean_Patrick_OMalley,Meryl_Streep
vggface2,mtcnn_crop_fallback,probe/Leon_LaPorte/Leon_LaPorte_0002.jpg,Leon_LaPorte,1,1.0,0.8511548042297363,0.8511548042297363,Leon_LaPorte,John_Snow,Jose_Serra,John_Rigas,Mike_Price,Costas_Simitis,Manfred_Stolpe,Ralph_Lauren,Howard_Dean,Barry_Alvarez
vggface2,mtcnn_crop_fallback,probe/Leonard_Hamilton/Leonard_Hamilton_0002.jpg,Leonard_Hamilton,1,1.0,0.8234924077987671,0.8234924077987671,Leonard_Hamilton,Kenneth_Evans,George_Foreman,Jesse_Jackson,Grady_Irvin_Jr,Darren_Clarke,Laurent_Gbagbo,Joe_Dumars,Lloyd_Ward,Colin_Powell
vggface2,mtcnn_crop_fallback,probe/Leslie_Ann_Woodward/Leslie_Ann_Woodward_0002.jpg,Leslie_Ann_Woodward,1,1.0,0.9537229537963867,0.9537229537963867,Leslie_Ann_Woodward,Beth_Jones,Betsy_Smith,Lauren_Hutton,Alicia_Silverstone,Jennifer_Lopez,Kathleen_Kennedy_Townsend,Charlotte_Rampling,Alexandra_Vodjanikova,Elizabeth_Shue
vggface2,mtcnn_crop_fallback,probe/Leslie_Moonves/Leslie_Moonves_0002.jpg,Leslie_Moonves,1,1.0,0.6515328884124756,0.6515328884124756,Leslie_Moonves,John_Kerry,Larry_Bowa,Jack_Grubman,Federico_Trillo,Bill_Callahan,Andrew_Cuomo,Herb_Sendek,Kiki_Vandeweghe,Todd_Haynes
vggface2,mtcnn_crop_fallback,probe/Leszek_Miller/Leszek_Miller_0002.jpg,Leszek_Miller,1,1.0,0.7434391975402832,0.7434391975402832,Leszek_Miller,John_Snow,Manfred_Stolpe,Mike_Price,Valery_Giscard_dEstaing,George_Ryan,Costas_Simitis,Art_Howe,Bob_Hope,John_Spencer
vggface2,mtcnn_crop_fallback,probe/Li_Peng/Li_Peng_0002.jpg,Li_Peng,1,1.0,0.9106796979904175,0.9106796979904175,Li_Peng,Hu_Jintao,Lee_Hoi-chang,Annette_Lu,Kim_Ryong-sung,Jia_Qinglin,Hun_Sen,Lim_Dong-won,Kim_Dae-jung,Kim_Jong-Il
vggface2,mtcnn_crop_fallback,probe/Lili_Taylor/Lili_Taylor_0002.jpg,Lili_Taylor,1,1.0,0.716074526309967,0.716074526309967,Lili_Taylor,Nastassia_Kinski,Hannah_Stockbauer,Jane_Kaczmarek,LeAnn_Rimes,Vanessa_Incontrada,Tom_Crean,Rita_Wilson,Mariangel_Ruiz_Torrealba,Pamela_Anderson
vggface2,mtcnn_crop_fallback,probe/Lily_Tomlin/Lily_Tomlin_0002.jpg,Lily_Tomlin,2,0.5,0.5877923965454102,0.5439964532852173,Doris_Schroeder,Lily_Tomlin,Marisa_Tomei,Doug_Collins,Valery_Giscard_dEstaing,Paul_Patton,Pascal_Lamy,Arsinee_Khanjian,Patricia_Heaton,Gray_Davis
vggface2,mtcnn_crop_fallback,probe/Lim_Dong-won/Lim_Dong-won_0002.jpg,Lim_Dong-won,1,1.0,0.8966066837310791,0.8966066837310791,Lim_Dong-won,Li_Peng,Hu_Jintao,Gary_Locke,Lee_Hoi-chang,Kim_Ryong-sung,Chen_Liang_Yu,Gao_Qiang,Antony_Leung,Liu_Mingkang
vggface2,mtcnn_crop_fallback,probe/Lina_Krasnoroutskaya/Lina_Krasnoroutskaya_0002.jpg,Lina_Krasnoroutskaya,1,1.0,0.7182286977767944,0.7182286977767944,Lina_Krasnoroutskaya,Jennifer_Thompson,Amanda_Beard,Chanda_Rubin,Natalie_Coughlin,Hannah_Stockbauer,Lindsay_Davenport,George_Karl,Meghann_Shaughnessy,Claire_Hentzen
vggface2,mtcnn_crop_fallback,probe/Lindsay_Benko/Lindsay_Benko_0002.jpg,Lindsay_Benko,1,1.0,0.7862704396247864,0.7862704396247864,Lindsay_Benko,Blythe_Hartley,Claire_Hentzen,Martha_Bowen,Stacy_Dragila,Lindsay_Davenport,Nadia_Petrova,Diana_Taurasi,Sachiko_Yamada,Janica_Kostelic
vggface2,mtcnn_crop_fallback,probe/Lindsay_Davenport/Lindsay_Davenport_0002.jpg,Lindsay_Davenport,1,1.0,0.9181570410728455,0.9181570410728455,Lindsay_Davenport,Marlene_Weingartner,Arantxa_Sanchez-Vicario,Nadia_Petrova,Blythe_Hartley,Jennifer_Thompson,Natalie_Coughlin,Hayley_Tullett,Sharon_Frey,Stacy_Dragila
vggface2,mtcnn_crop_fallback,probe/Lindsey_Graham/Lindsey_Graham_0002.jpg,Lindsey_Graham,1,1.0,0.7844020128250122,0.7844020128250122,Lindsey_Graham,William_Ford_Jr,Jean_Carnahan,Scott_McNealy,Gray_Davis,Bob_Colvin,Owen_Wilson,Steve_Spurrier,Vaclav_Havel,Yevgeny_Kafelnikov
vggface2,mtcnn_crop_fallback,probe/Lino_Oviedo/Lino_Oviedo_0002.jpg,Lino_Oviedo,1,1.0,0.9582921266555786,0.9582921266555786,Lino_Oviedo,Silvio_Berlusconi,Adolfo_Rodriguez_Saa,Fayssal_Mekdad,Gil_de_Ferran,Vladimir_Putin,Kim_Dae-jung,David_Myers,Boris_Berezovsky,Fidel_Castro
vggface2,mtcnn_crop_fallback,probe/Lionel_Richie/Lionel_Richie_0002.jpg,Lionel_Richie,1,1.0,0.81971275806427,0.81971275806427,Lionel_Richie,John_Allen_Muhammad,Hun_Sen,Patrick_Ewing,Morgan_Freeman,Jesse_Jackson,Lloyd_Ward,Alejandro_Toledo,Grady_Irvin_Jr,Hassan_Wirajuda
vggface2,mtcnn_crop_fallback,probe/Lisa_Gottsegen/Lisa_Gottsegen_0002.jpg,Lisa_Gottsegen,1,1.0,0.861790657043457,0.861790657043457,Lisa_Gottsegen,Leslie_Ann_Woodward,Marie-Reine_Le_Gougne,Benazir_Bhutto,Kristin_Davis,Charlotte_Rampling,Raquel_Welch,Carolina_Moraes,Dale_Earnhardt_Jr,Lindsay_Davenport
vggface2,mtcnn_crop_fallback,probe/Lisa_Ling/Lisa_Ling_0002.jpg,Lisa_Ling,1,1.0,0.7435451745986938,0.7435451745986938,Lisa_Ling,Michelle_Yeoh,Karen_Mok,Sachiko_Yamada,Yukiko_Okudo,Lee_Hoi-chang,Li_Peng,Marisa_Tomei,Flor_Montulo,James_Parker
vggface2,mtcnn_crop_fallback,probe/Lisa_Raymond/Lisa_Raymond_0002.jpg,Lisa_Raymond,1,1.0,0.7784266471862793,0.7784266471862793,Lisa_Raymond,Eve_Pelletier,Tom_Glavine,Iva_Majoli,Anna_Kournikova,Justine_Henin,Meghann_Shaughnessy,Monica_Seles,Stacy_Dragila,Venus_Williams
vggface2,mtcnn_crop_fallback,probe/Liu_Mingkang/Liu_Mingkang_0002.jpg,Liu_Mingkang,1,1.0,0.8961449265480042,0.8961449265480042,Liu_Mingkang,Hu_Jintao,Chen_Liang_Yu,Jong_Thae_Hwa,Alejandro_Toledo,Chung_Mong-joon,Kim_Dae-jung,Lim_Dong-won,Kim_Ryong-sung,Edward_Lu
vggface2,mtcnn_crop_fallback,probe/Liza_Minnelli/Liza_Minnelli_0002.jpg,Liza_Minnelli,1,1.0,0.8946225643157959,0.8946225643157959,Liza_Minnelli,John_Kerry,Arianna_Huffington,Lily_Tomlin,Celine_Dion,Jose_Manuel_Durao_Barroso,Sheila_Copps,Stockard_Channing,Queen_Beatrix,Barry_Alvarez
vggface2,mtcnn_crop_fallback,probe/Lloyd_Ward/Lloyd_Ward_0002.jpg,Lloyd_Ward,1,1.0,0.7627233862876892,0.7627233862876892,Lloyd_Ward,George_Pataki,Jesse_Jackson,Angelo_Reyes,Michael_Chang,Antony_Leung,Christopher_Walken,Todd_Haynes,Rob_Schneider,William_Ford_Jr
vggface2,mtcnn_crop_fallback,probe/Lon_Kruger/Lon_Kruger_0002.jpg,Lon_Kruger,1,1.0,0.8471145629882812,0.8471145629882812,Lon_Kruger,Jason_Alexander,Cruz_Bustamante,Francis_Mer,Peter_Arnett,Costas_Simitis,Paul_McCartney,Gil_de_Ferran,Bob_Hope,Richard_Shelby
vggface2,mtcnn_crop_fallback,probe/Lord_Hutton/Lord_Hutton_0002.jpg,Lord_Hutton,1,1.0,0.8395675420761108,0.8395675420761108,Lord_Hutton,Franz_Beckenbauer,Charlton_Heston,Joseph_Biden,Klaus_Zwickel,Frank_Lautenberg,John_Howard,Al_Davis,Stephen_Friedman,Robert_Duvall
vggface2,mtcnn_crop_fallback,probe/Lou_Piniella/Lou_Piniella_0002.jpg,Lou_Piniella,1,1.0,0.7335317134857178,0.7335317134857178,Lou_Piniella,Darren_Clarke,Zoran_Djindjic,Benjamin_Netanyahu,Colin_Powell,John_Manley,Sandra_Bullock,Mack_Brown,Richard_Sambrook,Adrian_Nastase
vggface2,mtcnn_crop_fallback,probe/Luciano_Pavarotti/Luciano_Pavarotti_0002.jpg,Luciano_Pavarotti,1,1.0,0.9378131031990051,0.9378131031990051,Luciano_Pavarotti,Fidel_Castro,Abdullah,Vicente_Fernandez,Hassan_Nasrallah,Mohammad_Khatami,Abdel_Nasser_Assidi,Alejandro_Avila,Dorthy_Moxley,Kathleen_Glynn
vggface2,mtcnn_crop_fallback,probe/Luis_Figo/Luis_Figo_0002.jpg,Luis_Figo,1,1.0,0.8662649393081665,0.8662649393081665,Luis_Figo,Christian_Fittipaldi,Greg_Rusedski,Vitali_Klitschko,Emily_Robison,Jean-David_Levitte,Simon_Cowell,Aldo_Paredes,Mario_Dumont,Barbra_Streisand
vggface2,mtcnn_crop_fallback,probe/Luis_Gonzalez_Macchi/Luis_Gonzalez_Macchi_0002.jpg,Luis_Gonzalez_Macchi,1,1.0,0.8842977285385132,0.8842977285385132,Luis_Gonzalez_Macchi,Michael_Chiklis,Saddam_Hussein,Igor_Ivanov,Gunter_Pleuger,Jesse_Jackson,Asa_Hutchinson,Jose_Serra,Cruz_Bustamante,Pascal_Lamy
vggface2,mtcnn_crop_fallback,probe/Luis_Horna/Luis_Horna_0002.jpg,Luis_Horna,1,1.0,0.8413509726524353,0.8413509726524353,Luis_Horna,Daniel_Day-Lewis,Barrett_Jackman,Kifah_Ajouri,Laurent_Jalabert,Dan_Wheldon,Greg_Rusedski,Pete_Sampras,Mathias_Reichhold,Albert_Costa
vggface2,mtcnn_crop_fallback,probe/Luiz_Felipe_Scolari/Luiz_Felipe_Scolari_0002.jpg,Luiz_Felipe_Scolari,1,1.0,0.8594094514846802,0.8594094514846802,Luiz_Felipe_Scolari,Jorge_Rodolfo_Canicoba_Corral,Mark_Geragos,Eduardo_Duhalde,Yasser_Arafat,Luis_Gonzalez_Macchi,Francis_Mer,Charles_Schumer,John_Negroponte,Peter_Arnett
vggface2,mtcnn_crop_fallback,probe/Luke_Walton/Luke_Walton_0002.jpg,Luke_Walton,1,1.0,0.8162804841995239,0.8162804841995239,Luke_Walton,Joe_Calzaghe,James_Kelly,Yao_Ming,Barry_Zito,Mike_Miller,Bruce_Van_De_Velde,Johnny_Depp,Johnny_Unitas,Aron_Ralston
vggface2,mtcnn_crop_fallback,probe/Lyle_Vanclief/Lyle_Vanclief_0002.jpg,Lyle_Vanclief,1,1.0,0.8635306358337402,0.8635306358337402,Lyle_Vanclief,Aleksander_Kwasniewski,Dennis_Erickson,Bill_Nelson,Nick_Nolte,Howard_Smith,James_Kelly,Robert_Zoellick,Charlton_Heston,Zoran_Djindjic
vggface2,mtcnn_crop_fallback,probe/Lynn_Abraham/Lynn_Abraham_0002.jpg,Lynn_Abraham,112,0.008928571428571428,0.5720661878585815,0.2600792646408081,Sheila_Copps,Zoran_Djindjic,Aleksander_Kwasniewski,Benjamin_Netanyahu,Serena_Williams,Venus_Williams,Slobodan_Milosevic,Adrian_Nastase,Chris_Bell,Jean_Carnahan
vggface2,mtcnn_crop_fallback,probe/Lynne_Cheney/Lynne_Cheney_0002.jpg,Lynne_Cheney,1,1.0,0.7774466276168823,0.7774466276168823,Lynne_Cheney,Jeanne_Moreau,Maggie_Smith,Paula_Zahn,Barbara_Walters,Melanie_Griffith,Jessica_Lange,Jean_Brumley,Goldie_Hawn,Karin_Stoiber
vggface2,mtcnn_crop_fallback,probe/Mack_Brown/Mack_Brown_0002.jpg,Mack_Brown,1,1.0,0.8011553883552551,0.8011553883552551,Mack_Brown,Bill_Frist,James_Kelly,Trent_Lott,Tom_Daschle,Michael_Kostelnik,Bruce_Van_De_Velde,Joseph_Ralston,Gary_Williams,Gary_Carter
vggface2,mtcnn_crop_fallback,probe/Madonna/Madonna_0002.jpg,Madonna,1,1.0,0.7617948651313782,0.7617948651313782,Madonna,Sarah_Jessica_Parker,Lea_Fastow,Julianne_Moore,Paula_Radcliffe,Jennifer_Lopez,Valerie_Harper,Monica_Bellucci,Nancy_Pelosi,Sue_Wicks
vggface2,mtcnn_crop_fallback,probe/Maggie_Smith/Maggie_Smith_0002.jpg,Maggie_Smith,1,1.0,0.6939777135848999,0.6939777135848999,Maggie_Smith,Frances_Fisher,Allison_Janney,Lynn_Abraham,Martha_Beatriz_Roque,Paula_Radcliffe,Gwendal_Peizerat,Jane_Kaczmarek,Patti_Labelle,Jorge_Rodolfo_Canicoba_Corral
vggface2,mtcnn_crop_fallback,probe/Magui_Serna/Magui_Serna_0002.jpg,Magui_Serna,1,1.0,0.9000006318092346,0.9000006318092346,Magui_Serna,Silvia_Farina_Elia,Conchita_Martinez,Monica_Seles,Martina_Hingis,Arantxa_Sanchez-Vicario,Blythe_Hartley,Meghann_Shaughnessy,Stacy_Dragila,Lindsay_Davenport
vggface2,mtcnn_crop_fallback,probe/Manfred_Stolpe/Manfred_Stolpe_0002.jpg,Manfred_Stolpe,1,1.0,0.9577116966247559,0.9577116966247559,Manfred_Stolpe,Jay_Garner,Leszek_Miller,George_Ryan,Slobodan_Milosevic,Chuck_Yeager,Peter_Arnett,Billy_Graham,John_Snow,Yasar_Yakis
vggface2,mtcnn_crop_fallback,probe/Manuel_Poggiali/Manuel_Poggiali_0002.jpg,Manuel_Poggiali,1,1.0,0.6597163081169128,0.6597163081169128,Manuel_Poggiali,Yao_Ming,Nicolas_Lapentti,Jim_Furyk,Marat_Safin,Jennifer_Rodriguez,Emanuel_Ginobili,David_Coulthard,Julio_Iglesias_Jr,Bode_Miller
vggface2,mtcnn_crop_fallback,probe/Marat_Safin/Marat_Safin_0002.jpg,Marat_Safin,1,1.0,0.6772959232330322,0.6772959232330322,Marat_Safin,Guillermo_Coria,Nadia_Petrova,David_Coulthard,Jim_Furyk,Demetrius_Ferraciu,Mike_Weir,Hayley_Tullett,Mikhail_Youzhny,Conchita_Martinez
vggface2,mtcnn_crop_fallback,probe/Marc-Andre_Fleury/Marc-Andre_Fleury_0002.jpg,Marc-Andre_Fleury,1,1.0,0.9472076296806335,0.9472076296806335,Marc-Andre_Fleury,Rich_Gannon,Oscar_De_La_Hoya,Mike_Weir,Julio_Iglesias_Jr,Manuel_Poggiali,Christian_Fittipaldi,Albert_Costa,Kim_Jong-Il,Jan_Ullrich
vggface2,mtcnn_crop_fallback,probe/Marc_Grossman/Marc_Grossman_0002.jpg,Marc_Grossman,1,1.0,0.8184162974357605,0.8184162974357605,Marc_Grossman,Bill_Gates,Jose_Manuel_Durao_Barroso,Trent_Lott,Bill_Simon,Tom_Crean,David_Trimble,Bud_Selig,John_Garamendi,Alastair_Campbell
vggface2,mtcnn_crop_fallback,probe/Marcelo_Salas/Marcelo_Salas_0002.jpg,Marcelo_Salas,1,1.0,0.8285907506942749,0.8285907506942749,Marcelo_Salas,Marat_Safin,Carlo_Ancelotti,Mario_Dumont,Albert_Costa,Marco_Antonio_Barrera,Mike_Babcock,Alejandro_Avila,Simon_Cowell,Mark_Cuban
vggface2,mtcnn_crop_fallback,probe/Marco_Antonio_Barrera/Marco_Antonio_Barrera_0002.jpg,Marco_Antonio_Barrera,1,1.0,0.8535126447677612,0.8535126447677612,Marco_Antonio_Barrera,Marcelo_Salas,Osama_bin_Laden,Joe_Nichols,Jesse_James_Leija,Luis_Figo,Bernardo_Segura,Simon_Cowell,Alejandro_Toledo,Juan_Pablo_Montoya
vggface2,mtcnn_crop_fallback,probe/Marcus_Gronholm/Marcus_Gronholm_0002.jpg,Marcus_Gronholm,1,1.0,0.5892407894134521,0.5892407894134521,Marcus_Gronholm,Tom_Daschle,Trent_Lott,Bill_Simon,John_Kerry,Jonathan_Edwards,Brad_Johnson,Jason_Jennings,Amelia_Vega,Paul-Henri_Mathieu
vggface2,mtcnn_crop_fallback,probe/Margaret_Thatcher/Margaret_Thatcher_0002.jpg,Margaret_Thatcher,1,1.0,0.7850606441497803,0.7850606441497803,Margaret_Thatcher,Debra_Brown,Martha_Burk,Lynn_Abraham,Joan_Claybrook,Gro_Harlem_Brundtland,Biljana_Plavsic,Betsy_Smith,Queen_Beatrix,Jean_Carnahan
vggface2,mtcnn_crop_fallback,probe/Maria_Luisa_Mendonca/Maria_Luisa_Mendonca_0002.jpg,Maria_Luisa_Mendonca,1,1.0,0.8451526165008545,0.8451526165008545,Maria_Luisa_Mendonca,Jane_Kaczmarek,Nastassia_Kinski,Jodie_Foster,Michelle_Pfeiffer,Tom_Crean,Frances_Fisher,Geraldine_Chaplin,Emmit_Smith,Isabelle_Huppert
vggface2,mtcnn_crop_fallback,probe/Mariah_Carey/Mariah_Carey_0002.jpg,Mariah_Carey,1,1.0,0.7458642721176147,0.7458642721176147,Mariah_Carey,Mary_Carey,Melanie_Griffith,Pamela_Anderson,Erika_Christensen,Christina_Aguilera,Lindsay_Davenport,Oscar_De_La_Hoya,Natalie_Coughlin,Kristin_Davis
vggface2,mtcnn_crop_fallback,probe/Mariangel_Ruiz_Torrealba/Mariangel_Ruiz_Torrealba_0002.jpg,Mariangel_Ruiz_Torrealba,1,1.0,0.9176278710365295,0.9176278710365295,Mariangel_Ruiz_Torrealba,Miyako_Miyazaki,Cindy_Margolis,LeAnn_Rimes,Sandra_Bullock,Spencer_Abraham,Elin_Nordegren,Allison_Janney,Howard_Smith,Raghad_Saddam_Hussein
vggface2,mtcnn_crop_fallback,probe/Marie-Reine_Le_Gougne/Marie-Reine_Le_Gougne_0002.jpg,Marie-Reine_Le_Gougne,1,1.0,0.669938325881958,0.669938325881958,Marie-Reine_Le_Gougne,Julianne_Moore,Christine_Ebersole,Gillian_Anderson,Lea_Fastow,Lisa_Gottsegen,Arsinee_Khanjian,Betsy_Smith,Lynn_Abraham,Arianna_Huffington
vggface2,mtcnn_crop_fallback,probe/Marilyn_Monroe/Marilyn_Monroe_0002.jpg,Marilyn_Monroe,64,0.015625,0.5244255065917969,0.25718769431114197,Reese_Witherspoon,Pamela_Anderson,Julianne_Moore,Jesse_Jackson,Vanessa_Williams,Melanie_Griffith,Dennis_Erickson,Gillian_Anderson,Elin_Nordegren,Julianna_Margulies
vggface2,mtcnn_crop_fallback,probe/Marina_Anissina/Marina_Anissina_0002.jpg,Marina_Anissina,959,0.0010427528675703858,0.6481907367706299,-0.16302534937858582,Stacy_Dragila,Jennifer_Thompson,Gwendal_Peizerat,Sharon_Frey,Marlene_Weingartner,Christine_Gregoire,Lindsay_Davenport,Monica_Seles,Prince_Harry,Jan_Ullrich
vggface2,mtcnn_crop_fallback,probe/Mario_Cipollini/Mario_Cipollini_0002.jpg,Mario_Cipollini,1,1.0,0.8203358054161072,0.8203358054161072,Mario_Cipollini,Barrett_Jackman,Kristanna_Loken,Mike_Weir,Mathias_Reichhold,Martin_Verkerk,Silvio_Berlusconi,Jim_Carrey,John_Snow,Yevgeny_Kafelnikov
vggface2,mtcnn_crop_fallback,probe/Mario_Dumont/Mario_Dumont_0002.jpg,Mario_Dumont,1,1.0,0.5855233669281006,0.5855233669281006,Mario_Dumont,Oscar_De_La_Hoya,Ben_Glisan,Antonio_Banderas,Michael_Chang,Andy_Hebb,Mark_Heller,Jonathan_Edwards,George_Lopez,Simon_Cowell
vggface2,mtcnn_crop_fallback,probe/Mario_Kreutzberger/Mario_Kreutzberger_0002.jpg,Mario_Kreutzberger,1,1.0,0.7319952249526978,0.7319952249526978,Mario_Kreutzberger,John_Abizaid,Vicente_Fernandez,Frank_Dunham_Jr,Saparmurat_Niyazov,Bruce_Weber,Dick_Clark,Jose_Sarney,Ernesto_Zedillo,Robert_Mueller
vggface2,mtcnn_crop_fallback,probe/Marisa_Tomei/Marisa_Tomei_0002.jpg,Marisa_Tomei,1,1.0,0.8272968530654907,0.8272968530654907,Marisa_Tomei,Sandra_Bullock,Jennifer_Aniston,Gianna_Angelopoulos-Daskalaki,Cristina_Fernandez,Julie_Gerberding,Nia_Vardalos,Celine_Dion,Daisy_Fuentes,Mack_Brown
vggface2,mtcnn_crop_fallback,probe/Marissa_Jaret_Winokur/Marissa_Jaret_Winokur_0002.jpg,Marissa_Jaret_Winokur,1,1.0,0.7629939913749695,0.7629939913749695,Marissa_Jaret_Winokur,Kathleen_Kennedy_Townsend,Benazir_Bhutto,Cristina_Fernandez,Intisar_Ajouri,Ali_Abbas,Arianna_Huffington,Juanes,Liza_Minnelli,Priscilla_Owen
vggface2,mtcnn_crop_fallback,probe/Mark_Cuban/Mark_Cuban_0002.jpg,Mark_Cuban,1,1.0,0.8111518621444702,0.8111518621444702,Mark_Cuban,Gil_de_Ferran,Marcelo_Salas,Frank_Dunham_Jr,Mario_Kreutzberger,John_Kerry,Lon_Kruger,Georgi_Parvanov,Mike_Babcock,Oswaldo_Paya
vggface2,mtcnn_crop_fallback,probe/Mark_Dacey/Mark_Dacey_0002.jpg,Mark_Dacey,1,1.0,0.8386063575744629,0.8386063575744629,Mark_Dacey,LeBron_James,Michael_Phelps,Guillermo_Coria,Bill_Gates,Robbie_Fowler,Kevin_Spacey,Jason_Lezak,Trent_Lott,David_Bell
vggface2,mtcnn_crop_fallback,probe/Mark_Geragos/Mark_Geragos_0002.jpg,Mark_Geragos,1,1.0,0.7663567066192627,0.7663567066192627,Mark_Geragos,Jesse_Jackson,Luiz_Felipe_Scolari,Mikulas_Dzurinda,Nestor_Kirchner,Alastair_Campbell,Igor_Ivanov,Kent_Rominger,Alvaro_Noboa,Edward_James_Olmos
vggface2,mtcnn_crop_fallback,probe/Mark_Hamister/Mark_Hamister_0002.jpg,Mark_Hamister,1,1.0,0.8581838011741638,0.8581838011741638,Mark_Hamister,Nestor_Kirchner,Mikulas_Dzurinda,Jose_Mourinho,Vladimir_Putin,David_Wolf,Yasar_Yakis,Larry_Coker,Bill_Frist,Jonathan_Edwards
vggface2,mtcnn_crop_fallback,probe/Mark_Heller/Mark_Heller_0002.jpg,Mark_Heller,1,1.0,0.7628867030143738,0.7628867030143738,Mark_Heller,Andrew_Cuomo,Jack_Grubman,Gil_de_Ferran,Chris_Cooper,Oscar_De_La_Hoya,Spencer_Abraham,Joe_Mantello,Leslie_Moonves,Edward_Said
vggface2,mtcnn_crop_fallback,probe/Mark_Schweiker/Mark_Schweiker_0002.jpg,Mark_Schweiker,1,1.0,0.8168820738792419,0.8168820738792419,Mark_Schweiker,Mario_Kreutzberger,John_Abizaid,Fred_Funk,Hilmi_Ozkok,Hal_Sutton,Vicente_Fernandez,Thomas_Fargo,Spencer_Abraham,Jean-David_Levitte
vggface2,mtcnn_crop_fallback,probe/Mark_Warner/Mark_Warner_0002.jpg,Mark_Warner,1,1.0,0.8079980611801147,0.8079980611801147,Mark_Warner,Mathias_Reichhold,Anibal_Ibarra,Howard_Dean,Doug_Collins,Juan_Manuel_Marquez,Peter_Hillary,John_Malkovich,Frank_Solich,William_Ford_Jr
vggface2,mtcnn_crop_fallback,probe/Marlene_Weingartner/Marlene_Weingartner_0002.jpg,Marlene_Weingartner,1,1.0,0.6163635849952698,0.6163635849952698,Marlene_Weingartner,Arantxa_Sanchez-Vicario,Nadia_Petrova,Martina_Hingis,Daniela_Hantuchova,Conchita_Martinez,Kurt_Busch,Magui_Serna,Silvia_Farina_Elia,Carolina_Moraes
vggface2,mtcnn_crop_fallback,probe/Martha_Beatriz_Roque/Martha_Beatriz_Roque_0002.jpg,Martha_Beatriz_Roque,1,1.0,0.7926478385925293,0.7926478385925293,Martha_Beatriz_Roque,Julie_Gerberding,Jean_Carnahan,Lynne_Cheney,Debra_Brown,Biljana_Plavsic,Hanan_Ashrawi,Lynn_Abraham,Sophia_Loren,Fidel_Castro
vggface2,mtcnn_crop_fallback,probe/Martha_Bowen/Martha_Bowen_0002.jpg,Martha_Bowen,4,0.25,0.47864478826522827,0.4273170530796051,Silvia_Farina_Elia,Claire_Hentzen,Phil_Vassar,Martha_Bowen,Ian_Thorpe,Eve_Pelletier,Jennifer_Aniston,Julianne_Moore,Jose_Manuel_Durao_Barroso,Natalie_Coughlin
vggface2,mtcnn_crop_fallback,probe/Martha_Burk/Martha_Burk_0002.jpg,Martha_Burk,1,1.0,0.8199763298034668,0.8199763298034668,Martha_Burk,Queen_Beatrix,Hanan_Ashrawi,Jean_Brumley,Elisabeth_Schumacher,Elizabeth_Taylor,Sheila_Copps,Gloria_Allred,Lily_Tomlin,Margaret_Thatcher
vggface2,mtcnn_crop_fallback,probe/Martin_Brodeur/Martin_Brodeur_0002.jpg,Martin_Brodeur,1,1.0,0.6978044509887695,0.6978044509887695,Martin_Brodeur,Brad_Johnson,Guy_Hemmings,John_Wolf,Frank_Solich,Alan_Ball,Bo_Pelini,Jose_Manuel_Durao_Barroso,John_Brady,Damon_van_Dam
vggface2,mtcnn_crop_fallback,probe/Martin_Scorsese/Martin_Scorsese_0002.jpg,Martin_Scorsese,1,1.0,0.9083242416381836,0.9083242416381836,Martin_Scorsese,Pete_Sampras,Matt_Doherty,Laurent_Jalabert,John_Abizaid,Frank_Dunham_Jr,Richard_Crenna,Dan_Wheldon,Howard_Dean,Vicente_Fernandez
vggface2,mtcnn_crop_fallback,probe/Martin_Verkerk/Martin_Verkerk_0002.jpg,Martin_Verkerk,1,1.0,0.8924919366836548,0.8924919366836548,Martin_Verkerk,James_Schultz,Robert_Zoellick,Jon_Gruden,John_Jumper,Barrett_Jackman,Richard_Sambrook,Ron_Howard,Bo_Ryan,Yevgeny_Kafelnikov
vggface2,mtcnn_crop_fallback,probe/Martina_Hingis/Martina_Hingis_0002.jpg,Martina_Hingis,2,0.5,0.6500375270843506,0.5997785329818726,Lindsay_Davenport,Martina_Hingis,Lauren_Killian,Meghann_Shaughnessy,Marlene_Weingartner,Conchita_Martinez,Cesar_Maia,John_McEnroe,Hayley_Tullett,Scott_McClellan
vggface2,mtcnn_crop_fallback,probe/Martina_McBride/Martina_McBride_0002.jpg,Martina_McBride,1,1.0,0.8565877676010132,0.8565877676010132,Martina_McBride,Natalie_Maines,Sandra_Bullock,Lloyd_Ward,John_Stallworth,Julianne_Moore,Queen_Beatrix,Arianna_Huffington,Lina_Krasnoroutskaya,Nastassia_Kinski
vggface2,mtcnn_crop_fallback,probe/Marwan_Barghouthi/Marwan_Barghouthi_0002.jpg,Marwan_Barghouthi,1,1.0,0.8545845150947571,0.8545845150947571,Marwan_Barghouthi,Juergen_Peters,Osama_bin_Laden,Luiz_Felipe_Scolari,Saddam_Hussein,Abdel_Nasser_Assidi,Luciano_Pavarotti,Mohammad_Khatami,Luis_Gonzalez_Macchi,Art_Hoffmann
vggface2,mtcnn_crop_fallback,probe/Mary-Kate_Olsen/Mary-Kate_Olsen_0002.jpg,Mary-Kate_Olsen,1,1.0,0.8081268072128296,0.8081268072128296,Mary-Kate_Olsen,Reese_Witherspoon,Mary_Landrieu,Cyndi_Thompson,Evan_Rachel_Wood,Jennifer_Aniston,Guido_Westerwelle,Lana_Clarkson,Erika_Christensen,Anna_Kournikova
vggface2,mtcnn_crop_fallback,probe/Mary_Carey/Mary_Carey_0002.jpg,Mary_Carey,1,1.0,0.8013638257980347,0.8013638257980347,Mary_Carey,Erika_Christensen,Mariah_Carey,Kristanna_Loken,Cyndi_Thompson,Jessica_Lange,Melanie_Griffith,Dick_Cheney,Jorge_Batlle,Paula_Radcliffe
vggface2,mtcnn_crop_fallback,probe/Mary_Landrieu/Mary_Landrieu_0002.jpg,Mary_Landrieu,1,1.0,0.8707393407821655,0.8707393407821655,Mary_Landrieu,Sally_Kirkland,Blythe_Danner,Xanana_Gusmao,Annette_Bening,Anna_Kournikova,Elizabeth_Smart,Ann_Veneman,Hillary_Clinton,Julie_Taymor
vggface2,mtcnn_crop_fallback,probe/Mary_Tyler_Moore/Mary_Tyler_Moore_0002.jpg,Mary_Tyler_Moore,1,1.0,0.7509186267852783,0.7509186267852783,Mary_Tyler_Moore,Jeanne_Moreau,Melanie_Griffith,Jane_Fonda,Nancy_Pelosi,Carol_Burnett,Doris_Schroeder,Dolly_Parton,Ann_Veneman,Lauren_Hutton
vggface2,mtcnn_crop_fallback,probe/Masum_Turker/Masum_Turker_0002.jpg,Masum_Turker,1,1.0,0.9448879957199097,0.9448879957199097,Masum_Turker,Jean-David_Levitte,Nicanor_Duarte_Frutos,Ernie_Fletcher,Trent_Lott,Jorge_Castaneda,Jack_Straw,John_Taylor,Ernesto_Zedillo,Frank_Griswold
vggface2,mtcnn_crop_fallback,probe/Mathias_Reichhold/Mathias_Reichhold_0002.jpg,Mathias_Reichhold,1,1.0,0.7938141822814941,0.7938141822814941,Mathias_Reichhold,Padraig_Harrington,Martin_Verkerk,Anders_Fogh_Rasmussen,Jim_Edmonds,Daniel_Day-Lewis,Hideki_Matsui,Mark_Warner,Geraldine_Chaplin,Pete_Sampras
vggface2,mtcnn_crop_fallback,probe/Matt_Doherty/Matt_Doherty_0002.jpg,Matt_Doherty,1,1.0,0.8993417024612427,0.8993417024612427,Matt_Doherty,John_Abizaid,Martin_Scorsese,Vicente_Fernandez,Frank_Dunham_Jr,Howard_Dean,Robert_Mueller,Pete_Sampras,Bruce_Weber,Stanley_McChrystal
vggface2,mtcnn_crop_fallback,probe/Matthew_Perry/Matthew_Perry_0002.jpg,Matthew_Perry,1,1.0,0.7826164364814758,0.7826164364814758,Matthew_Perry,Alejandro_Toledo,Gerry_Parsky,Lloyd_Ward,Christopher_Walken,Harry_Schmidt,Damon_van_Dam,Kristin_Davis,Michael_Chang,Kirk_Ferentz
vggface2,mtcnn_crop_fallback,probe/Max_Mayfield/Max_Mayfield_0002.jpg,Max_Mayfield,1,1.0,0.8007890582084656,0.8007890582084656,Max_Mayfield,Dick_Cheney,John_Howard,Patrick_Leahy,James_Smith,Paul_ONeill,Michael_J_Sheehan,Ferenc_Madl,Larry_Brown,Francis_George
vggface2,mtcnn_crop_fallback,probe/Megawati_Sukarnoputri/Megawati_Sukarnoputri_0002.jpg,Megawati_Sukarnoputri,1,1.0,0.8293566107749939,0.8293566107749939,Megawati_Sukarnoputri,Annette_Lu,Gloria_Macapagal_Arroyo,Yoko_Ono,Kim_Jin-sun,Hu_Jintao,Aung_San_Suu_Kyi,Flor_Montulo,Zarai_Toledo,Hitomi_Soga
vggface2,mtcnn_crop_fallback,probe/Meghann_Shaughnessy/Meghann_Shaughnessy_0002.jpg,Meghann_Shaughnessy,1,1.0,0.7395657300949097,0.7395657300949097,Meghann_Shaughnessy,Iva_Majoli,Eve_Pelletier,Lindsay_Davenport,Martina_Hingis,Nadia_Petrova,Carolina_Moraes,Marlene_Weingartner,Stacy_Dragila,Hayley_Tullett
vggface2,mtcnn_crop_fallback,probe/Mel_Brooks/Mel_Brooks_0002.jpg,Mel_Brooks,1,1.0,0.6718930006027222,0.6718930006027222,Mel_Brooks,Costas_Simitis,Eduardo_Duhalde,Vladimir_Putin,Lino_Oviedo,Johnny_Carson,Silvio_Berlusconi,Joseph_Biden,Thomas_OBrien,Carl_Reiner
vggface2,mtcnn_crop_fallback,probe/Melanie_Griffith/Melanie_Griffith_0002.jpg,Melanie_Griffith,1,1.0,0.6848446130752563,0.6848446130752563,Melanie_Griffith,Jeanne_Moreau,Reese_Witherspoon,Goldie_Hawn,Dolly_Parton,Ann_Veneman,Mary-Kate_Olsen,Jessica_Lange,Jane_Fonda,Cameron_Diaz
vggface2,mtcnn_crop_fallback,probe/Meryl_Streep/Meryl_Streep_0002.jpg,Meryl_Streep,1,1.0,0.7890738248825073,0.7890738248825073,Meryl_Streep,Tammy_Lynn_Michaels,Monica_Seles,Anneli_Jaatteenmaki,Patricia_Clarkson,Sarah_Jessica_Parker,Penelope_Ann_Miller,Janet_Thorpe,Nancy_Pelosi,Celine_Dion
vggface2,mtcnn_crop_fallback,probe/Michael_Ballack/Michael_Ballack_0002.jpg,Michael_Ballack,1,1.0,0.8348422050476074,0.8348422050476074,Michael_Ballack,Joe_Calzaghe,Antonio_Banderas,Mike_Price,Paul_Byrd,LeAnn_Rimes,Jason_Kidd,Luke_Walton,Angelo_Reyes,Gloria_Macapagal_Arroyo
vggface2,mtcnn_crop_fallback,probe/Michael_Chang/Michael_Chang_0002.jpg,Michael_Chang,1,1.0,0.8631101846694946,0.8631101846694946,Michael_Chang,Thaksin_Shinawatra,Kim_Jin-sun,Antony_Leung,Edward_Lu,Jackie_Chan,Jong_Thae_Hwa,Kim_Ryong-sung,Chen_Liang_Yu,Dai_Bachtiar
vggface2,mtcnn_crop_fallback,probe/Michael_Chiklis/Michael_Chiklis_0002.jpg,Michael_Chiklis,1,1.0,0.8771466016769409,0.8771466016769409,Michael_Chiklis,Todd_Haynes,Luis_Gonzalez_Macchi,Art_Howe,Francis_George,Lloyd_Ward,Jay_Rasulo,Pascal_Quignard,Frank_Solich,Thierry_Falise
vggface2,mtcnn_crop_fallback,probe/Michael_Douglas/Michael_Douglas_0002.jpg,Michael_Douglas,1,1.0,0.7940391302108765,0.7940391302108765,Michael_Douglas,Larry_Coker,Jon_Gruden,Jeffrey_Scott_Postell,Jeffrey_Immelt,Gordon_Campbell,George_Tenet,Robert_Duvall,David_Nalbandian,Vladimir_Putin
vggface2,mtcnn_crop_fallback,probe/Michael_J_Sheehan/Michael_J_Sheehan_0002.jpg,Michael_J_Sheehan,1,1.0,0.8376781940460205,0.8376781940460205,Michael_J_Sheehan,Hans_Eichel,Dick_Cheney,John_Snow,Max_Mayfield,Trent_Lott,Anders_Ebbeson,Peter_Struck,John_Negroponte,John_Taylor
vggface2,mtcnn_crop_fallback,probe/Michael_Kostelnik/Michael_Kostelnik_0002.jpg,Michael_Kostelnik,1,1.0,0.7882822751998901,0.7882822751998901,Michael_Kostelnik,Edward_Said,Kent_Rominger,Bill_Gates,Tom_Craddick,Chris_Bell,Zoran_Djindjic,Hootie_Johnson,Adolfo_Aguilar_Zinser,Tom_Daschle
vggface2,mtcnn_crop_fallback,probe/Michael_Phelps/Michael_Phelps_0002.jpg,Michael_Phelps,1,1.0,0.8780269622802734,0.8780269622802734,Michael_Phelps,Jonathan_Edwards,Dominik_Garcia-Lorido,David_Coulthard,Manuel_Poggiali,Venus_Williams,Marat_Safin,Jan_Ullrich,Jim_Furyk,John_Manley
vggface2,mtcnn_crop_fallback,probe/Michel_Temer/Michel_Temer_0002.jpg,Michel_Temer,61,0.01639344262295082,0.5788486003875732,0.29091426730155945,Benjamin_Netanyahu,Silvan_Shalom,Boris_Berezovsky,Alexander_Rumyantsev,Xanana_Gusmao,Nestor_Kirchner,Adrian_Nastase,Chuck_Amato,Carolina_Moraes,Silvio_Berlusconi
vggface2,mtcnn_crop_fallback,probe/Michelle_Pfeiffer/Michelle_Pfeiffer_0002.jpg,Michelle_Pfeiffer,1,1.0,0.5670245885848999,0.5670245885848999,Michelle_Pfeiffer,Goldie_Hawn,Priscilla_Presley,Sue_Wicks,Cindy_Margolis,Lana_Clarkson,Natalie_Maines,Claire_Danes,Vanessa_Williams,Madonna
vggface2,mtcnn_crop_fallback,probe/Michelle_Yeoh/Michelle_Yeoh_0002.jpg,Michelle_Yeoh,1,1.0,0.7889817953109741,0.7889817953109741,Michelle_Yeoh,Zhang_Ziyi,Kwon_Yang-sook,Gianna_Angelopoulos-Daskalaki,Megawati_Sukarnoputri,Gloria_Macapagal_Arroyo,Takashi_Sorimachi,Miyako_Miyazaki,Yoko_Ono,Kim_Dae-jung
vggface2,mtcnn_crop_fallback,probe/Miguel_Contreras/Miguel_Contreras_0002.jpg,Miguel_Contreras,1,1.0,0.7747239470481873,0.7747239470481873,Miguel_Contreras,Hun_Sen,Sam_Bith,Angelo_Reyes,James_Kopp,Wang_Yingfan,Jorge_Castaneda,Nicanor_Duarte_Frutos,Hillary_Clinton,Anthony_Fauci
vggface2,mtcnn_crop_fallback,probe/Mike_Babcock/Mike_Babcock_0002.jpg,Mike_Babcock,1,1.0,0.8737564086914062,0.8737564086914062,Mike_Babcock,Bill_Frist,Jan_Ullrich,Paul_McNulty,Bill_Callahan,David_Nalbandian,Steve_Spurrier,Andy_Hebb,Bill_Gates,Brad_Johnson
vggface2,mtcnn_crop_fallback,probe/Mike_Holmgren/Mike_Holmgren_0002.jpg,Mike_Holmgren,1,1.0,0.8260349631309509,0.8260349631309509,Mike_Holmgren,James_Schultz,Harvey_Weinstein,Richard_Norton-Taylor,Robert_Zoellick,Stellan_Skarsgard,Bernard_Landry,Rick_Romley,Howard_Smith,Larry_Lindsey
vggface2,mtcnn_crop_fallback,probe/Mike_Miller/Mike_Miller_0002.jpg,Mike_Miller,1,1.0,0.6843304634094238,0.6843304634094238,Mike_Miller,Ricky_Barnes,Justin_Leonard,Luke_Walton,Michael_J_Sheehan,Andrei_Mikhnevich,Larry_Ellison,Jan_Ullrich,Sean_Astin,Bill_Parcells
vggface2,mtcnn_crop_fallback,probe/Mike_Price/Mike_Price_0002.jpg,Mike_Price,1,1.0,0.7247811555862427,0.7247811555862427,Mike_Price,John_Snow,Dick_Cheney,Peter_Struck,Franz_Beckenbauer,Patrick_Leahy,Costas_Simitis,Jeffrey_Archer,George_Ryan,Charlton_Heston
vggface2,mtcnn_crop_fallback,probe/Mike_Tyson/Mike_Tyson_0002.jpg,Mike_Tyson,1,1.0,0.8801318407058716,0.8801318407058716,Mike_Tyson,LeBron_James,George_Foreman,Jesse_James_Leija,Joe_Calzaghe,Adrian_McPherson,Jason_Kidd,Evander_Holyfield,Harry_Schmidt,Thabo_Mbeki
vggface2,mtcnn_crop_fallback,probe/Mike_Weir/Mike_Weir_0002.jpg,Mike_Weir,1,1.0,0.8058133125305176,0.8058133125305176,Mike_Weir,Augustin_Calleri,Padraig_Harrington,Jan_Ullrich,Adam_Scott,Sourav_Ganguly,Justine_Henin,Ben_Curtis,Arnaud_Clement,Aitor_Gonzalez
vggface2,mtcnn_crop_fallback,probe/Mikhail_Kasyanov/Mikhail_Kasyanov_0002.jpg,Mikhail_Kasyanov,1,1.0,0.7923038601875305,0.7923038601875305,Mikhail_Kasyanov,Matthew_Perry,James_Traficant,Robert_Duvall,James_Jones,Bill_Gates,Michael_Douglas,Patrice_Chereau,Bill_Sizemore,Greg_Gilbert
vggface2,mtcnn_crop_fallback,probe/Mikhail_Youzhny/Mikhail_Youzhny_0002.jpg,Mikhail_Youzhny,1,1.0,0.8755474090576172,0.8755474090576172,Mikhail_Youzhny,Yao_Ming,Jonathan_Edwards,Gustavo_Kuerten,Pete_Sampras,John_Rosa,Brad_Johnson,Jeremy_Shockey,Marat_Safin,Augustin_Calleri
vggface2,mtcnn_crop_fallback,probe/Mikulas_Dzurinda/Mikulas_Dzurinda_0002.jpg,Mikulas_Dzurinda,1,1.0,0.8961319923400879,0.8961319923400879,Mikulas_Dzurinda,Abdullah_Gul,Mark_Hamister,Marwan_Barghouthi,Mark_Geragos,Luiz_Felipe_Scolari,Gunter_Pleuger,Nestor_Kirchner,Nanni_Moretti,Abdullah_al-Attiyah
vggface2,mtcnn_crop_fallback,probe/Miroljub/Miroljub_0002.jpg,Miroljub,1,1.0,0.9037209749221802,0.9037209749221802,Miroljub,Pupi_Avati,Robert_De_Niro,Inam-ul-Haq,Ali_Khamenei,Mohammad_Khatami,Omar_Sharif,Steven_Spielberg,Abdullah_Gul,Sean_Patrick_OMalley
vggface2,mtcnn_crop_fallback,probe/Mitchell_Daniels/Mitchell_Daniels_0002.jpg,Mitchell_Daniels,1,1.0,0.8553439378738403,0.8553439378738403,Mitchell_Daniels,Charles_Schumer,John_Howard,Ray_Nagin,Kevin_Spacey,Igor_Ivanov,Hector_Babenco,Boris_Berezovsky,Dick_Cheney,Vladimir_Putin
vggface2,mtcnn_crop_fallback,probe/Mitoji_Yabunaka/Mitoji_Yabunaka_0002.jpg,Mitoji_Yabunaka,1,1.0,0.771972119808197,0.771972119808197,Mitoji_Yabunaka,Alberto_Fujimori,Hu_Jintao,Alejandro_Toledo,Kim_Jin-sun,Liu_Mingkang,Lee_Jun,Wang_Yingfan,Jong_Thae_Hwa,Yoko_Ono
vggface2,mtcnn_crop_fallback,probe/Miyako_Miyazaki/Miyako_Miyazaki_0002.jpg,Miyako_Miyazaki,1,1.0,0.8144124746322632,0.8144124746322632,Miyako_Miyazaki,Michelle_Yeoh,Lisa_Ling,Kwon_Yang-sook,Arnold_Palmer,Sachiko_Yamada,Zhang_Ziyi,Raghad_Saddam_Hussein,Laura_Hernandez,Vicki_Zhao_Wei
vggface2,mtcnn_crop_fallback,probe/Mohamed_Benaissa/Mohamed_Benaissa_0002.jpg,Mohamed_Benaissa,1,1.0,0.7409001588821411,0.7409001588821411,Mohamed_Benaissa,Gregory_Geoffroy,Nicanor_Duarte_Frutos,Jack_Straw,Wang_Yingfan,Carlos_Quintanilla_Schmidt,Bud_Selig,Albrecht_Mentz,Pedro_Solbes,Masum_Turker
vggface2,mtcnn_crop_fallback,probe/Mohammad_Khatami/Mohammad_Khatami_0002.jpg,Mohammad_Khatami,1,1.0,0.9131255745887756,0.9131255745887756,Mohammad_Khatami,Ali_Khamenei,Steven_Spielberg,Carlos_Mesa,Fidel_Castro,Robert_De_Niro,Francis_Ford_Coppola,Fayssal_Mekdad,Nasser_al-Kidwa,Pedro_Solbes
vggface2,mtcnn_crop_fallback,probe/Monica_Bellucci/Monica_Bellucci_0002.jpg,Monica_Bellucci,1,1.0,0.6718006134033203,0.6718006134033203,Monica_Bellucci,Mohammad_Khatami,Vanessa_Incontrada,Steven_Spielberg,Kemal_Dervis,Dino_de_Laurentis,Amelia_Vega,Kieran_Prendergast,Peter_Harrison,Anna_Kournikova
vggface2,mtcnn_crop_fallback,probe/Monica_Seles/Monica_Seles_0002.jpg,Monica_Seles,1,1.0,0.6303360462188721,0.6303360462188721,Monica_Seles,Conchita_Martinez,Candie_Kung,Jennifer_Thompson,Magui_Serna,Jennifer_Rodriguez,Anna_Kournikova,Lisa_Raymond,Justine_Henin,Daniela_Hantuchova
vggface2,mtcnn_crop_fallback,probe/Morgan_Freeman/Morgan_Freeman_0002.jpg,Morgan_Freeman,1,1.0,0.7862013578414917,0.7862013578414917,Morgan_Freeman,Thabo_Mbeki,Laurent_Gbagbo,Nelson_Mandela,Hun_Sen,Sam_Bith,Xanana_Gusmao,Yasser_Arafat,Inam-ul-Haq,George_Foreman
vggface2,mtcnn_crop_fallback,probe/Munir_Akram/Munir_Akram_0002.jpg,Munir_Akram,1,1.0,0.943169116973877,0.943169116973877,Munir_Akram,Alejandro_Toledo,Jorge_Castaneda,Hu_Jintao,Spencer_Abraham,Miguel_Contreras,Hassan_Wirajuda,Alberto_Ruiz_Gallardon,Federico_Trillo,Angelo_Reyes
vggface2,mtcnn_crop_fallback,probe/Nabil_Shaath/Nabil_Shaath_0002.jpg,Nabil_Shaath,1,1.0,0.7940050363540649,0.7940050363540649,Nabil_Shaath,Dick_Cheney,Costas_Simitis,Max_Mayfield,Carlos_Bianchi,George_Ryan,Ferenc_Madl,Paul_ONeill,Hans_Eichel,Fidel_Castro
vggface2,mtcnn_crop_fallback,probe/Nadia_Petrova/Nadia_Petrova_0002.jpg,Nadia_Petrova,1,1.0,0.8120869398117065,0.8120869398117065,Nadia_Petrova,Martina_Hingis,Daniela_Hantuchova,Lindsay_Davenport,Meghann_Shaughnessy,Hayley_Tullett,Anna_Kournikova,Arantxa_Sanchez-Vicario,Conchita_Martinez,Paula_Radcliffe
vggface2,mtcnn_crop_fallback,probe/Nadine_Vinzens/Nadine_Vinzens_0002.jpg,Nadine_Vinzens,1,1.0,0.5640745162963867,0.5640745162963867,Nadine_Vinzens,Elizabeth_Shue,Jean-David_Levitte,Alison_Lohman,Jessica_Alba,Christian_Wulff,Guido_Westerwelle,Gerry_Parsky,Bud_Selig,Emma_Thompson
vggface2,mtcnn_crop_fallback,probe/Nancy_Pelosi/Nancy_Pelosi_0002.jpg,Nancy_Pelosi,1,1.0,0.8641109466552734,0.8641109466552734,Nancy_Pelosi,Christine_Gregoire,Judy_Genshaft,Arianna_Huffington,Gianna_Angelopoulos-Daskalaki,Benazir_Bhutto,Michelle_Yeoh,Lisa_Ling,Hillary_Clinton,Paula_Radcliffe
vggface2,mtcnn_crop_fallback,probe/Nancy_Reagan/Nancy_Reagan_0002.jpg,Nancy_Reagan,1,1.0,0.7051813006401062,0.7051813006401062,Nancy_Reagan,Jean_Brumley,Karin_Stoiber,Debra_Brown,Christine_Gregoire,Marie-Reine_Le_Gougne,Bill_Frist,Dorthy_Moxley,Raquel_Welch,Christine_Ebersole
vggface2,mtcnn_crop_fallback,probe/Nanni_Moretti/Nanni_Moretti_0002.jpg,Nanni_Moretti,1,1.0,0.8286301493644714,0.8286301493644714,Nanni_Moretti,Branko_Crvenkovski,Celso_Amorim,Mark_Cuban,Steve_Waugh,Robert_De_Niro,Alejandro_Avila,Alejandro_Toledo,Matthew_Perry,Bill_Gates
vggface2,mtcnn_crop_fallback,probe/Nasser_al-Kidwa/Nasser_al-Kidwa_0002.jpg,Nasser_al-Kidwa,1,1.0,0.7187488079071045,0.7187488079071045,Nasser_al-Kidwa,Igor_Ivanov,Kevin_Spacey,Jose_Serra,Cruz_Bustamante,Scott_McClellan,Carlos_Manuel_Pruneda,Ibrahim_Jaafari,Nia_Vardalos,Nicanor_Duarte_Frutos
vggface2,mtcnn_crop_fallback,probe/Nastassia_Kinski/Nastassia_Kinski_0002.jpg,Nastassia_Kinski,1,1.0,0.8752027750015259,0.8752027750015259,Nastassia_Kinski,Maria_Luisa_Mendonca,Julianne_Moore,Michelle_Pfeiffer,Jane_Kaczmarek,Frances_Fisher,Allison_Janney,Sophia_Loren,Bud_Selig,Betsy_Smith
vggface2,mtcnn_crop_fallback,probe/Natalie_Coughlin/Natalie_Coughlin_0002.jpg,Natalie_Coughlin,1,1.0,0.8735291957855225,0.8735291957855225,Natalie_Coughlin,Cameron_Diaz,Lindsay_Davenport,Lina_Krasnoroutskaya,Erika_Christensen,Beth_Jones,Cyndi_Thompson,Hannah_Stockbauer,Meghann_Shaughnessy,Jennifer_Thompson
vggface2,mtcnn_crop_fallback,probe/Natalie_Maines/Natalie_Maines_0002.jpg,Natalie_Maines,1,1.0,0.8503787517547607,0.8503787517547607,Natalie_Maines,Michelle_Pfeiffer,Elin_Nordegren,Julie_Gerberding,Anna_Nicole_Smith,Martina_McBride,Mariangel_Ruiz_Torrealba,Maria_Luisa_Mendonca,Spencer_Abraham,Jorge_Batlle
vggface2,mtcnn_crop_fallback,probe/Nelson_Mandela/Nelson_Mandela_0002.jpg,Nelson_Mandela,1,1.0,0.8691635131835938,0.8691635131835938,Nelson_Mandela,Sam_Bith,Thabo_Mbeki,Donatella_Versace,Jimmy_Carter,Colin_Powell,Jay_Garner,Jorge_Batlle,GL_Peiris,Hamzah_Haz
vggface2,mtcnn_crop_fallback,probe/Nestor_Kirchner/Nestor_Kirchner_0002.jpg,Nestor_Kirchner,1,1.0,0.8716288805007935,0.8716288805007935,Nestor_Kirchner,Jack_Straw,Charlton_Heston,Tony_Bennett,Jose_Viegas_Filho,Alvaro_Noboa,Paul_McCartney,Bill_Gates,Gregory_Geoffroy,Robert_De_Niro
vggface2,mtcnn_crop_fallback,probe/Nia_Vardalos/Nia_Vardalos_0002.jpg,Nia_Vardalos,1,1.0,0.8815599679946899,0.8815599679946899,Nia_Vardalos,Gloria_Allred,Biljana_Plavsic,Arianna_Huffington,Debra_Brown,Monica_Seles,Priscilla_Owen,Marissa_Jaret_Winokur,Gianna_Angelopoulos-Daskalaki,Oswaldo_Paya
vggface2,mtcnn_crop_fallback,probe/Nicanor_Duarte_Frutos/Nicanor_Duarte_Frutos_0002.jpg,Nicanor_Duarte_Frutos,1,1.0,0.8956341743469238,0.8956341743469238,Nicanor_Duarte_Frutos,Masum_Turker,Gregory_Geoffroy,Trent_Lott,Jack_Straw,Eric_Clapton,Heizo_Takenaka,Dick_Clark,Alejandro_Toledo,Gary_Doer
vggface2,mtcnn_crop_fallback,probe/Nick_Nolte/Nick_Nolte_0002.jpg,Nick_Nolte,1,1.0,0.8090561628341675,0.8090561628341675,Nick_Nolte,Warren_Beatty,John_Spencer,Dennis_Powell,Ishaq_Shahryar,Peter_Hillary,Donald_Evans,Greg_Rusedski,Charlton_Heston,Tom_Daschle
vggface2,mtcnn_crop_fallback,probe/Nicolas_Lapentti/Nicolas_Lapentti_0002.jpg,Nicolas_Lapentti,1,1.0,0.7889294028282166,0.7889294028282166,Nicolas_Lapentti,Imad_Moustapha,Jamling_Norgay,Juan_Pablo_Montoya,Yao_Ming,Sourav_Ganguly,Laurent_Jalabert,Paul-Henri_Mathieu,Freddy_Garcia,Bernardo_Segura
vggface2,mtcnn_crop_fallback,probe/Noah_Wyle/Noah_Wyle_0002.jpg,Noah_Wyle,1,1.0,0.9074995517730713,0.9074995517730713,Noah_Wyle,Ian_Thorpe,Anthony_LaPaglia,William_Bratton,John_Allen_Muhammad,Anders_Fogh_Rasmussen,Gil_de_Ferran,Ishaq_Shahryar,Bill_Callahan,Richard_Krajicek
vggface2,mtcnn_crop_fallback,probe/Nora_Bendijo/Nora_Bendijo_0002.jpg,Nora_Bendijo,7,0.14285714285714285,0.5990463495254517,0.5203691124916077,Flor_Montulo,Hitomi_Soga,Coretta_Scott_King,Megawati_Sukarnoputri,Michael_Chang,Alexandra_Stevenson,Nora_Bendijo,Adolfo_Rodriguez_Saa,Intisar_Ajouri,Dalai_Lama
vggface2,mtcnn_crop_fallback,probe/OJ_Simpson/OJ_Simpson_0002.jpg,OJ_Simpson,1,1.0,0.8377041816711426,0.8377041816711426,OJ_Simpson,John_Allen_Muhammad,John_Stallworth,Lloyd_Ward,James_Butts,Mike_Tyson,Evander_Holyfield,Saeb_Erekat,Paul_Pierce,Harry_Belafonte
vggface2,mtcnn_crop_fallback,probe/Olesya_Bonabarenko/Olesya_Bonabarenko_0002.jpg,Olesya_Bonabarenko,1,1.0,0.728176474571228,0.728176474571228,Olesya_Bonabarenko,Marisa_Tomei,Natalie_Maines,Nia_Vardalos,Ricky_Barnes,Paul_Bremer,Jo_Dee_Messina,Lisa_Ling,Roy_Williams,James_Kelly
vggface2,mtcnn_crop_fallback,probe/Olivia_Newton-John/Olivia_Newton-John_0002.jpg,Olivia_Newton-John,1,1.0,0.7951633930206299,0.7951633930206299,Olivia_Newton-John,Doris_Schroeder,Melanie_Griffith,Goldie_Hawn,Natalie_Maines,Gary_Carter,Elisabeth_Schumacher,Daryl_Hannah,Celine_Dion,Yao_Ming
vggface2,mtcnn_crop_fallback,probe/Omar_Sharif/Omar_Sharif_0002.jpg,Omar_Sharif,1,1.0,0.947181761264801,0.947181761264801,Omar_Sharif,Inam-ul-Haq,Charlton_Heston,John_Spencer,Yasar_Yakis,Martin_Scorsese,Vicente_Fernandez,Dick_Latessa,Lech_Walesa,Miroljub
vggface2,mtcnn_crop_fallback,probe/Orlando_Bloom/Orlando_Bloom_0002.jpg,Orlando_Bloom,975,0.0010256410256410256,0.5754679441452026,-0.2587546110153198,Gwendal_Peizerat,Benazir_Bhutto,Phil_Vassar,Monica_Bellucci,Anna_Kournikova,Elsa_Zylberstein,Diana_Taurasi,Gao_Qiang,Ann_Veneman,Abel_Pacheco
vggface2,mtcnn_crop_fallback,probe/Osama_bin_Laden/Osama_bin_Laden_0002.jpg,Osama_bin_Laden,1,1.0,0.9642903804779053,0.9642903804779053,Osama_bin_Laden,Mohammad_Khatami,Abdel_Nasser_Assidi,Marwan_Barghouthi,Juergen_Peters,Amram_Mitzna,Michel_Temer,Priscilla_Owen,Harbhajan_Singh,Saddam_Hussein
vggface2,mtcnn_crop_fallback,probe/Oscar_De_La_Hoya/Oscar_De_La_Hoya_0002.jpg,Oscar_De_La_Hoya,1,1.0,0.8012057542800903,0.8012057542800903,Oscar_De_La_Hoya,Bernardo_Segura,Jan_Ullrich,Ashanti,Antonio_Banderas,Lindsay_Davenport,Mitchell_Daniels,Marcelo_Salas,Amanda_Coetzer,Bill_Gates
vggface2,mtcnn_crop_fallback,probe/Oswaldo_Paya/Oswaldo_Paya_0002.jpg,Oswaldo_Paya,1,1.0,0.9441574811935425,0.9441574811935425,Oswaldo_Paya,Jim_Harrick,Jose_Manuel_Durao_Barroso,Mack_Brown,Paul_Bremer,John_Kerry,Thierry_Falise,Fred_Funk,Jack_Grubman,Rolf_Eckrodt
vggface2,mtcnn_crop_fallback,probe/Owen_Wilson/Owen_Wilson_0002.jpg,Owen_Wilson,1,1.0,0.850661039352417,0.850661039352417,Owen_Wilson,Jackie_Chan,Greg_Owen,Howard_Dean,Jim_Furyk,John_Manley,Jon_Gruden,Ian_Thorpe,Gwendal_Peizerat,Ellen_DeGeneres
vggface2,mtcnn_crop_fallback,probe/Ozzy_Osbourne/Ozzy_Osbourne_0002.jpg,Ozzy_Osbourne,344,0.0029069767441860465,0.42452722787857056,0.10013866424560547,Johnny_Depp,John_Reilly,LeAnn_Rimes,Barbra_Streisand,Tammy_Lynn_Michaels,Li_Peng,Julie_Gerberding,Queen_Beatrix,Rita_Wilson,John_Howard
vggface2,mtcnn_crop_fallback,probe/Padraig_Harrington/Padraig_Harrington_0002.jpg,Padraig_Harrington,1,1.0,0.715483546257019,0.715483546257019,Padraig_Harrington,Rolf_Eckrodt,Barry_Zito,Gary_Forsee,Eddy_Merckx,Trent_Lott,Anders_Fogh_Rasmussen,Noah_Wyle,Joseph_Ralston,Tom_Daschle
vggface2,mtcnn_crop_fallback,probe/Pamela_Anderson/Pamela_Anderson_0002.jpg,Pamela_Anderson,1,1.0,0.7132130861282349,0.7132130861282349,Pamela_Anderson,Jennifer_Lopez,Nick_Nolte,Mariah_Carey,Art_Howe,Emmanuelle_Beart,Donatella_Versace,Melanie_Griffith,Reese_Witherspoon,Kristanna_Loken
vggface2,mtcnn_crop_fallback,probe/Pascal_Lamy/Pascal_Lamy_0002.jpg,Pascal_Lamy,1,1.0,0.8973830938339233,0.8973830938339233,Pascal_Lamy,Igor_Ivanov,Luis_Gonzalez_Macchi,James_Maguire,Silvio_Berlusconi,Bill_Nelson,Iain_Duncan_Smith,Vladimir_Putin,Larry_Lucchino,James_Cunningham
vggface2,mtcnn_crop_fallback,probe/Pascal_Quignard/Pascal_Quignard_0002.jpg,Pascal_Quignard,1,1.0,0.8734648823738098,0.8734648823738098,Pascal_Quignard,Silvio_Berlusconi,Larry_Brown,Donald_Evans,Pascal_Lamy,James_Cunningham,Paul_ONeill,Ralph_Lauren,Iain_Duncan_Smith,Hipolito_Mejia
vggface2,mtcnn_crop_fallback,probe/Pat_Cox/Pat_Cox_0002.jpg,Pat_Cox,236,0.00423728813559322,0.5717431902885437,0.1776825338602066,Anders_Ebbeson,Howard_Dean,Alexander_Losyukov,Augusto_Pinochet,Eric_Clapton,Paul_William_Hurley,Thomas_OBrien,Vaclav_Havel,Marc-Andre_Fleury,Scott_McClellan
vggface2,mtcnn_crop_fallback,probe/Patrice_Chereau/Patrice_Chereau_0002.jpg,Patrice_Chereau,1,1.0,0.792506217956543,0.792506217956543,Patrice_Chereau,Alastair_Campbell,Mikhail_Kasyanov,Trent_Lott,Fred_Funk,Roy_Moore,Anthony_Hopkins,Marc_Grossman,Oswaldo_Paya,Mark_Schweiker
vggface2,mtcnn_crop_fallback,probe/Patricia_Clarkson/Patricia_Clarkson_0002.jpg,Patricia_Clarkson,1,1.0,0.8586070537567139,0.8586070537567139,Patricia_Clarkson,Edie_Falco,Sally_Kirkland,Paula_Radcliffe,Hillary_Clinton,Madonna,Christine_Ebersole,Kathleen_Glynn,Sarah_Jessica_Parker,Lea_Fastow
vggface2,mtcnn_crop_fallback,probe/Patricia_Heaton/Patricia_Heaton_0002.jpg,Patricia_Heaton,1,1.0,0.6558247804641724,0.6558247804641724,Patricia_Heaton,Rita_Wilson,Julianne_Moore,Jane_Kaczmarek,Charlotte_Rampling,Hillary_Clinton,Bill_Gates,Judy_Genshaft,Jean-David_Levitte,Gianna_Angelopoulos-Daskalaki
vggface2,mtcnn_crop_fallback,probe/Patrick_Ewing/Patrick_Ewing_0002.jpg,Patrick_Ewing,1,1.0,0.7983423471450806,0.7983423471450806,Patrick_Ewing,Julianne_Moore,Nastassia_Kinski,Doug_Duncan,David_Trimble,Latrell_Sprewell,Chris_Tucker,Bill_Simon,Chris_Rock,Tom_Crean
vggface2,mtcnn_crop_fallback,probe/Patrick_Leahy/Patrick_Leahy_0002.jpg,Patrick_Leahy,1,1.0,0.750054121017456,0.750054121017456,Patrick_Leahy,Mike_Price,Hipolito_Mejia,Dick_Cheney,Warren_Buffett,Larry_Brown,John_Snow,Peter_Struck,William_Martin,Costas_Simitis
vggface2,mtcnn_crop_fallback,probe/Patti_Labelle/Patti_Labelle_0002.jpg,Patti_Labelle,1,1.0,0.9010958671569824,0.9010958671569824,Patti_Labelle,Christina_Aguilera,Tyra_Banks,Carol_Moseley_Braun,Annette_Lu,Tracee_Ellis_Ross,Laurent_Jalabert,Thaksin_Shinawatra,Joe_Calzaghe,Vitali_Klitschko
vggface2,mtcnn_crop_fallback,probe/Patty_Schnyder/Patty_Schnyder_0002.jpg,Patty_Schnyder,1,1.0,0.7425534725189209,0.7425534725189209,Patty_Schnyder,Lindsay_Davenport,Daniela_Hantuchova,Eve_Pelletier,Justine_Henin,Natalie_Coughlin,Anna_Kournikova,Venus_Williams,Sally_Kirkland,Stacy_Dragila
vggface2,mtcnn_crop_fallback,probe/Paul-Henri_Mathieu/Paul-Henri_Mathieu_0002.jpg,Paul-Henri_Mathieu,1,1.0,0.7262327671051025,0.7262327671051025,Paul-Henri_Mathieu,Jason_Jennings,Luke_Walton,Andrei_Mikhnevich,Jorge_Arce,Blythe_Hartley,Barrett_Jackman,Steve_Park,Alex_Barros,Guillermo_Coria
vggface2,mtcnn_crop_fallback,probe/Paul_Bremer/Paul_Bremer_0002.jpg,Paul_Bremer,1,1.0,0.8643501400947571,0.8643501400947571,Paul_Bremer,Paul_McNulty,Masum_Turker,John_Kerry,Thomas_Fargo,Jean-David_Levitte,Tim_Floyd,Joseph_Ralston,Oswaldo_Paya,Jack_Grubman
vggface2,mtcnn_crop_fallback,probe/Paul_Byrd/Paul_Byrd_0002.jpg,Paul_Byrd,1,1.0,0.7711148858070374,0.7711148858070374,Paul_Byrd,John_Malkovich,John_Jumper,Martin_Verkerk,Eric_Rosser,Robert_Zoellick,Howard_Smith,Patty_Schnyder,Pete_Rose,Scott_McClellan
vggface2,mtcnn_crop_fallback,probe/Paul_McCartney/Paul_McCartney_0002.jpg,Paul_McCartney,1,1.0,0.9202539920806885,0.9202539920806885,Paul_McCartney,John_Negroponte,Tim_Floyd,Lynne_Cheney,Sandra_Bullock,Herta_Daeubler-Gmelin,Robert_Duvall,Lon_Kruger,Goran_Persson,Steve_Spurrier
vggface2,mtcnn_crop_fallback,probe/Paul_McNulty/Paul_McNulty_0002.jpg,Paul_McNulty,1,1.0,0.8919124603271484,0.8919124603271484,Paul_McNulty,Joseph_Ralston,James_Kelly,Bill_Frist,Scott_McNealy,Paul_Bremer,Tim_Floyd,Jan_Ullrich,Bill_Gates,Julianne_Moore
vggface2,mtcnn_crop_fallback,probe/Paul_ONeill/Paul_ONeill_0002.jpg,Paul_ONeill,1,1.0,0.8844794034957886,0.8844794034957886,Paul_ONeill,Larry_Brown,Peter_Struck,Max_Mayfield,George_Brumley,Jose_Viegas_Filho,Nestor_Kirchner,Tom_Craddick,Bobby_Robson,Dick_Cheney
vggface2,mtcnn_crop_fallback,probe/Paul_Patton/Paul_Patton_0002.jpg,Paul_Patton,1,1.0,0.8403640985488892,0.8403640985488892,Paul_Patton,Hipolito_Mejia,Roy_Williams,Colin_Powell,Dave_Campo,John_Howard,Larry_Brown,Chok_Tong_Goh,Paul_ONeill,Manfred_Stolpe
vggface2,mtcnn_crop_fallback,probe/Paul_Pierce/Paul_Pierce_0002.jpg,Paul_Pierce,28,0.03571428571428571,0.6350707411766052,0.3614870309829712,Chris_Tucker,Patrick_Ewing,Allen_Iverson,Marc_Grossman,Byron_Scott,Chris_Rock,Bill_Gates,Elin_Nordegren,Venus_Williams,Francis_George
vggface2,mtcnn_crop_fallback,probe/Paul_William_Hurley/Paul_William_Hurley_0002.jpg,Paul_William_Hurley,1,1.0,0.885090708732605,0.885090708732605,Paul_William_Hurley,Alexander_Losyukov,John_Howard,Elizabeth_Taylor,Lou_Piniella,Jean-David_Levitte,Alexander_Rumyantsev,Howard_Dean,Paulo_Cesar_Pinheiro,Abdullah_al-Attiyah
vggface2,mtcnn_crop_fallback,probe/Paula_Radcliffe/Paula_Radcliffe_0002.jpg,Paula_Radcliffe,1,1.0,0.8796128630638123,0.8796128630638123,Paula_Radcliffe,Hayley_Tullett,Barbara_Brezigar,Hillary_Clinton,Dorthy_Moxley,Meryl_Streep,Nadia_Petrova,Shannon_OBrien,Julianne_Moore,Jennifer_Rodriguez
vggface2,mtcnn_crop_fallback,probe/Paula_Zahn/Paula_Zahn_0002.jpg,Paula_Zahn,1,1.0,0.8762459754943848,0.8762459754943848,Paula_Zahn,Monica_Seles,Kathleen_Kennedy_Townsend,Bruce_Van_De_Velde,Penelope_Ann_Miller,Natalie_Maines,Alexandra_Vodjanikova,Lynne_Cheney,Dick_Clark,Doris_Schroeder
vggface2,mtcnn_crop_fallback,probe/Paulo_Cesar_Pinheiro/Paulo_Cesar_Pinheiro_0002.jpg,Paulo_Cesar_Pinheiro,1,1.0,0.9745320677757263,0.9745320677757263,Paulo_Cesar_Pinheiro,Adrian_Nastase,Amram_Mitzna,Abdullah_Gul,Lou_Piniella,Zoran_Djindjic,Celso_Amorim,Marc_Grossman,Oswaldo_Paya,Nanni_Moretti
vggface2,mtcnn_crop_fallback,probe/Pedro_Malan/Pedro_Malan_0002.jpg,Pedro_Malan,1,1.0,0.759101390838623,0.759101390838623,Pedro_Malan,Jeffrey_Jones,George_Pataki,Bernard_Landry,Richard_Sambrook,Arnold_Palmer,Julie_Gerberding,Billy_Sollie,Sandra_Bullock,Ken_Watanabe
vggface2,mtcnn_crop_fallback,probe/Pedro_Solbes/Pedro_Solbes_0002.jpg,Pedro_Solbes,1,1.0,0.8428230285644531,0.8428230285644531,Pedro_Solbes,Juergen_Peters,Luis_Gonzalez_Macchi,Steven_Spielberg,Len_Jenoff,Cruz_Bustamante,Mohammad_Khatami,Kieran_Prendergast,James_Cunningham,John_McCormack
vggface2,mtcnn_crop_fallback,probe/Penelope_Ann_Miller/Penelope_Ann_Miller_0002.jpg,Penelope_Ann_Miller,1,1.0,0.8890952467918396,0.8890952467918396,Penelope_Ann_Miller,Patty_Schnyder,Meryl_Streep,Melanie_Griffith,Evan_Rachel_Wood,Kate_Capshaw,Reese_Witherspoon,Paula_Zahn,Kevin_Stallings,Doris_Roberts
vggface2,mtcnn_crop_fallback,probe/Pete_Rose/Pete_Rose_0002.jpg,Pete_Rose,1,1.0,0.7458655834197998,0.7458655834197998,Pete_Rose,Bill_Graham,Gary_Carter,Thomas_Fargo,Nick_Nolte,Mike_Price,Jerry_Falwell,Frank_Griswold,Trent_Lott,Thomas_OBrien
vggface2,mtcnn_crop_fallback,probe/Pete_Sampras/Pete_Sampras_0002.jpg,Pete_Sampras,1,1.0,0.9219592809677124,0.9219592809677124,Pete_Sampras,Saparmurat_Niyazov,Scott_McClellan,Frank_Dunham_Jr,John_Abizaid,Mathias_Reichhold,Bruce_Weber,Eric_Rosser,Matt_Doherty,Vicente_Fernandez
vggface2,mtcnn_crop_fallback,probe/Peter_Arnett/Peter_Arnett_0002.jpg,Peter_Arnett,1,1.0,0.763717770576477,0.763717770576477,Peter_Arnett,Jose_Serra,Bijan_Namdar_Zangeneh,Barry_Alvarez,Igor_Ivanov,Iain_Duncan_Smith,Michael_Chiklis,John_Negroponte,Cruz_Bustamante,Henrique_Meirelles
vggface2,mtcnn_crop_fallback,probe/Peter_Bacanovic/Peter_Bacanovic_0002.jpg,Peter_Bacanovic,1,1.0,0.8698545694351196,0.8698545694351196,Peter_Bacanovic,Ashanti,Bo_Pelini,Jim_Edmonds,Venus_Williams,Kiki_Vandeweghe,Frank_Solich,Serena_Williams,David_Spade,Joerg_Haider
vggface2,mtcnn_crop_fallback,probe/Peter_Greenaway/Peter_Greenaway_0002.jpg,Peter_Greenaway,1,1.0,0.856158971786499,0.856158971786499,Peter_Greenaway,Roman_Polanski,Frank_Cassell,Michael_Douglas,Arnold_Palmer,Franko_Simatovic,Larry_Coker,Richard_Gephardt,Jose_Viegas_Filho,Bobby_Robson
vggface2,mtcnn_crop_fallback,probe/Peter_Harrison/Peter_Harrison_0002.jpg,Peter_Harrison,1,1.0,0.7931267023086548,0.7931267023086548,Peter_Harrison,Thomas_Fargo,Howard_Dean,Eric_Clapton,Paul_William_Hurley,Paul_Bremer,Nicanor_Duarte_Frutos,Steve_Spurrier,John_Manley,Ronald_Reagan
vggface2,mtcnn_crop_fallback,probe/Peter_Hillary/Peter_Hillary_0002.jpg,Peter_Hillary,1,1.0,0.8197033405303955,0.8197033405303955,Peter_Hillary,Nick_Nolte,John_Spencer,John_Malkovich,John_Snow,Ron_Howard,Stephen_Friedman,Stanley_McChrystal,Billy_Graham,Bill_Graham
vggface2,mtcnn_crop_fallback,probe/Peter_Struck/Peter_Struck_0002.jpg,Peter_Struck,1,1.0,0.8697843551635742,0.8697843551635742,Peter_Struck,John_Snow,Jorge_Batlle,Jeffrey_Archer,Bernard_Landry,Michael_J_Sheehan,Bill_Graham,Robin_Cook,Trent_Lott,Larry_Brown
vggface2,mtcnn_crop_fallback,probe/Phil_Mickelson/Phil_Mickelson_0002.jpg,Phil_Mickelson,1,1.0,0.6805199384689331,0.6805199384689331,Phil_Mickelson,Ilan_Ramon,Frank_Solich,David_Nalbandian,Bill_Simon,Larry_Coker,Justin_Leonard,Herb_Sendek,Lina_Krasnoroutskaya,Art_Howe
vggface2,mtcnn_crop_fallback,probe/Phil_Vassar/Phil_Vassar_0002.jpg,Phil_Vassar,964,0.001037344398340249,0.5920625925064087,-0.204466313123703,Richard_Sambrook,Frank_Solich,John_Brady,William_Ford_Jr,Guillermo_Coria,Ilan_Ramon,Darren_Clarke,Thomas_Fargo,Luis_Gonzalez_Macchi,Julie_Gerberding
vggface2,mtcnn_crop_fallback,probe/Prince_Edward/Prince_Edward_0002.jpg,Prince_Edward,1,1.0,0.7616913318634033,0.7616913318634033,Prince_Edward,Herb_Sendek,Ron_Howard,Vladimir_Putin,Harry_Schmidt,John_Malkovich,Ilan_Ramon,Frank_Solich,Greg_Rusedski,Geoff_Hoon
vggface2,mtcnn_crop_fallback,probe/Prince_Harry/Prince_Harry_0002.jpg,Prince_Harry,1,1.0,0.9206902384757996,0.9206902384757996,Prince_Harry,Gwendal_Peizerat,Prince_Edward,Ron_Dittemore,Stacy_Dragila,Mike_Babcock,David_Nalbandian,Ron_Howard,Dale_Earnhardt_Jr,Alejandro_Toledo
vggface2,mtcnn_crop_fallback,probe/Prince_Naruhito/Prince_Naruhito_0002.jpg,Prince_Naruhito,1,1.0,0.8551024198532104,0.8551024198532104,Prince_Naruhito,Heizo_Takenaka,Alimzhan_Tokhtakhounov,Edward_Lu,Gary_Locke,Jackie_Chan,Candie_Kung,Dennis_Kucinich,Jong_Thae_Hwa,Lee_Tae-sik
vggface2,mtcnn_crop_fallback,probe/Prince_Willem-Alexander/Prince_Willem-Alexander_0002.jpg,Prince_Willem-Alexander,1,1.0,0.8164923787117004,0.8164923787117004,Prince_Willem-Alexander,Steve_Spurrier,James_Kelly,John_Manley,Lou_Piniella,Robert_Bonner,Richard_Sambrook,David_Trimble,Paul_McNulty,Gary_Winnick
vggface2,mtcnn_crop_fallback,probe/Princess_Aiko/Princess_Aiko_0002.jpg,Princess_Aiko,1,1.0,0.8583937883377075,0.8583937883377075,Princess_Aiko,Candie_Kung,Gloria_Macapagal_Arroyo,Zhang_Ziyi,Heizo_Takenaka,Yukiko_Okudo,Hitomi_Soga,Thaksin_Shinawatra,Annette_Lu,Kwon_Yang-sook
vggface2,mtcnn_crop_fallback,probe/Priscilla_Owen/Priscilla_Owen_0002.jpg,Priscilla_Owen,1,1.0,0.6928529739379883,0.6928529739379883,Priscilla_Owen,Martha_Burk,Helen_Clark,Arianna_Huffington,Julie_Gerberding,Sheila_Copps,John_Garamendi,Betsy_Smith,Hillary_Clinton,Biljana_Plavsic
vggface2,mtcnn_crop_fallback,probe/Priscilla_Presley/Priscilla_Presley_0002.jpg,Priscilla_Presley,1,1.0,0.8866597414016724,0.8866597414016724,Priscilla_Presley,Raquel_Welch,Nancy_Reagan,Lana_Clarkson,Nia_Vardalos,Jo_Dee_Messina,Julianna_Margulies,Frank_Griswold,Nancy_Pelosi,Julianne_Moore
vggface2,mtcnn_crop_fallback,probe/Pupi_Avati/Pupi_Avati_0002.jpg,Pupi_Avati,1,1.0,0.9683659076690674,0.9683659076690674,Pupi_Avati,Miroljub,Ali_Khamenei,Robert_De_Niro,Yasser_Arafat,Sean_Patrick_OMalley,Dino_de_Laurentis,Inam-ul-Haq,Mohammad_Khatami,Nicanor_Duarte_Frutos
vggface2,mtcnn_crop_fallback,probe/Queen_Beatrix/Queen_Beatrix_0002.jpg,Queen_Beatrix,1,1.0,0.8708407878875732,0.8708407878875732,Queen_Beatrix,Jean_Brumley,Sean_Patrick_OMalley,Judi_Dench,Angela_Lansbury,Debra_Brown,Lynne_Cheney,Harry_Kalas,Julie_Gerberding,Pupi_Avati
vggface2,mtcnn_crop_fallback,probe/Raghad_Saddam_Hussein/Raghad_Saddam_Hussein_0002.jpg,Raghad_Saddam_Hussein,1,1.0,0.8861428499221802,0.8861428499221802,Raghad_Saddam_Hussein,Julie_Gerberding,Miyako_Miyazaki,Mariah_Carey,Sophia_Loren,Christina_Aguilera,Intisar_Ajouri,Colin_Powell,Bill_Parcells,Martha_Beatriz_Roque
vggface2,mtcnn_crop_fallback,probe/Ralph_Lauren/Ralph_Lauren_0002.jpg,Ralph_Lauren,1,1.0,0.8722617626190186,0.8722617626190186,Ralph_Lauren,Jorge_Batlle,Paul_Patton,Costas_Simitis,Bob_Beauprez,John_Spencer,Jose_Serra,Charlton_Heston,Colin_Powell,Donald_Evans
vggface2,mtcnn_crop_fallback,probe/Raquel_Welch/Raquel_Welch_0002.jpg,Raquel_Welch,1,1.0,0.9289499521255493,0.9289499521255493,Raquel_Welch,Sophia_Loren,Dolly_Parton,Cindy_Margolis,Priscilla_Presley,Anneli_Jaatteenmaki,Pamela_Anderson,Doris_Schroeder,Jo_Dee_Messina,Goldie_Hawn
vggface2,mtcnn_crop_fallback,probe/Ray_Nagin/Ray_Nagin_0002.jpg,Ray_Nagin,1,1.0,0.8054591417312622,0.8054591417312622,Ray_Nagin,Mike_Tyson,Jason_Kidd,Jesse_James_Leija,Grady_Irvin_Jr,James_Blake,Venus_Williams,Julie_Gerberding,Barbra_Streisand,James_Butts
vggface2,mtcnn_crop_fallback,probe/Reese_Witherspoon/Reese_Witherspoon_0002.jpg,Reese_Witherspoon,1,1.0,0.8471823930740356,0.8471823930740356,Reese_Witherspoon,Penelope_Ann_Miller,Mary-Kate_Olsen,Evan_Rachel_Wood,Jane_Fonda,Bertrand_Bonello,Anna_Kournikova,Natalie_Coughlin,Mary_Landrieu,Alicia_Silverstone
vggface2,mtcnn_crop_fallback,probe/Ricardo_Maduro/Ricardo_Maduro_0002.jpg,Ricardo_Maduro,1,1.0,0.7309392690658569,0.7309392690658569,Ricardo_Maduro,Jean-David_Levitte,Jean-Claude_Juncker,Aldo_Paredes,Adrian_Nastase,Tony_Bennett,Masum_Turker,Miguel_Contreras,Shaukat_Aziz,Gray_Davis
vggface2,mtcnn_crop_fallback,probe/Rich_Gannon/Rich_Gannon_0002.jpg,Rich_Gannon,1,1.0,0.8792409896850586,0.8792409896850586,Rich_Gannon,Marc-Andre_Fleury,Justin_Leonard,Mike_Weir,Ben_Curtis,Guillermo_Coria,Jason_Lezak,Steve_Spurrier,Bruce_Weber,Stacy_Dragila
vggface2,mtcnn_crop_fallback,probe/Richard_Branson/Richard_Branson_0002.jpg,Richard_Branson,1,1.0,0.8149988055229187,0.8149988055229187,Richard_Branson,Tom_Daschle,Richard_Gephardt,Howard_Smith,Gerry_Adams,Robert_Zoellick,Trent_Lott,Ralph_Lauren,Duane_Lee_Chapman,Jean-Claude_Braquet
vggface2,mtcnn_crop_fallback,probe/Richard_Crenna/Richard_Crenna_0002.jpg,Richard_Crenna,1,1.0,0.819240152835846,0.819240152835846,Richard_Crenna,Arlen_Specter,Warren_Buffett,Pat_Cox,Silvio_Berlusconi,Thomas_OBrien,Joe_Torre,Jimmy_Carter,Howard_Dean,George_Pataki
vggface2,mtcnn_crop_fallback,probe/Richard_Gephardt/Richard_Gephardt_0002.jpg,Richard_Gephardt,1,1.0,0.8994307518005371,0.8994307518005371,Richard_Gephardt,Jon_Gruden,Anders_Ebbeson,George_Pataki,James_Kelly,Joseph_Biden,Arnold_Palmer,John_Jumper,Trent_Lott,Richard_Branson
vggface2,mtcnn_crop_fallback,probe/Richard_Krajicek/Richard_Krajicek_0002.jpg,Richard_Krajicek,1,1.0,0.7339264154434204,0.7339264154434204,Richard_Krajicek,David_Coulthard,Stanley_McChrystal,Ron_Dittemore,Jason_Jennings,Monica_Seles,Gary_Williams,Padraig_Harrington,Freddy_Garcia,Yevgeny_Kafelnikov
vggface2,mtcnn_crop_fallback,probe/Richard_Norton-Taylor/Richard_Norton-Taylor_0002.jpg,Richard_Norton-Taylor,1,1.0,0.9280897974967957,0.9280897974967957,Richard_Norton-Taylor,George_Karl,James_Morris,Dennis_Kozlowski,Slobodan_Milosevic,Rick_Romley,Stellan_Skarsgard,James_Schultz,Jay_Rasulo,Goran_Persson
vggface2,mtcnn_crop_fallback,probe/Richard_Sambrook/Richard_Sambrook_0002.jpg,Richard_Sambrook,1,1.0,0.9122042655944824,0.9122042655944824,Richard_Sambrook,Billy_Sollie,James_Schultz,Darren_Clarke,David_Trimble,Ilan_Ramon,Robert_Zoellick,Larry_Lindsey,Franko_Simatovic,James_Cunningham
vggface2,mtcnn_crop_fallback,probe/Richard_Shelby/Richard_Shelby_0002.jpg,Richard_Shelby,1,1.0,0.8715024590492249,0.8715024590492249,Richard_Shelby,Bob_Hope,Costas_Simitis,Klaus_Zwickel,John_Snow,Dick_Cheney,John_Negroponte,Jose_Serra,Jason_Alexander,Robert_Zoellick
vggface2,mtcnn_crop_fallback,probe/Richie_Adubato/Richie_Adubato_0002.jpg,Richie_Adubato,1,1.0,0.8011007308959961,0.8011007308959961,Richie_Adubato,Dick_Cheney,James_Smith,Bernard_Landry,Ferenc_Madl,Max_Mayfield,Patrick_Leahy,Dennis_Kozlowski,Jay_Garner,Bill_Graham
vggface2,mtcnn_crop_fallback,probe/Rick_Romley/Rick_Romley_0002.jpg,Rick_Romley,1,1.0,0.8814177513122559,0.8814177513122559,Rick_Romley,Mike_Holmgren,George_Karl,Gordon_Campbell,Bernard_Landry,Asa_Hutchinson,James_Morris,Dave_Campo,Gregg_Popovich,James_Schultz
vggface2,mtcnn_crop_fallback,probe/Ricky_Barnes/Ricky_Barnes_0002.jpg,Ricky_Barnes,1,1.0,0.7414004802703857,0.7414004802703857,Ricky_Barnes,David_Nalbandian,Stanley_McChrystal,Jan_Ullrich,Prince_Harry,Sean_Astin,Nelson_Mandela,Felix_Mantilla,Boris_Becker,Ron_Howard
vggface2,mtcnn_crop_fallback,probe/Ricky_Ponting/Ricky_Ponting_0002.jpg,Ricky_Ponting,1,1.0,0.8177574872970581,0.8177574872970581,Ricky_Ponting,James_Parker,Brian_Wells,Steve_Park,Andrei_Mikhnevich,Mike_Weir,Guillermo_Coria,Sean_Astin,Padraig_Harrington,Carlo_Ancelotti
vggface2,mtcnn_crop_fallback,probe/Rita_Moreno/Rita_Moreno_0002.jpg,Rita_Moreno,1,1.0,0.8794631958007812,0.8794631958007812,Rita_Moreno,Barbara_Walters,Carol_Burnett,Sophia_Loren,Nancy_Pelosi,Julie_Taymor,Elizabeth_Taylor,Gloria_Allred,Coretta_Scott_King,Yoko_Ono
vggface2,mtcnn_crop_fallback,probe/Rita_Wilson/Rita_Wilson_0002.jpg,Rita_Wilson,1,1.0,0.8815643787384033,0.8815643787384033,Rita_Wilson,Vanessa_Incontrada,LeAnn_Rimes,Jane_Kaczmarek,Celine_Dion,Lili_Taylor,Hanan_Ashrawi,Gloria_Allred,Priscilla_Owen,Barbra_Streisand
vggface2,mtcnn_crop_fallback,probe/Rob_Schneider/Rob_Schneider_0002.jpg,Rob_Schneider,1,1.0,0.8108744621276855,0.8108744621276855,Rob_Schneider,Michael_Chang,Todd_Haynes,Howard_Schultz,Ann_Veneman,Jennifer_Lopez,Shannon_OBrien,Antony_Leung,Candie_Kung,David_Nalbandian
vggface2,mtcnn_crop_fallback,probe/Robbie_Fowler/Robbie_Fowler_0002.jpg,Robbie_Fowler,1,1.0,0.9376903772354126,0.9376903772354126,Robbie_Fowler,John_Allen_Muhammad,Tim_Allen,Joerg_Haider,Eduardo_Duhalde,Al_Davis,Benazir_Bhutto,Bill_Gates,Elsa_Zylberstein,Alejandro_Toledo
vggface2,mtcnn_crop_fallback,probe/Robby_Ginepri/Robby_Ginepri_0002.jpg,Robby_Ginepri,1,1.0,0.7962237596511841,0.7962237596511841,Robby_Ginepri,Adam_Scott,Tom_Cruise,Jean-Sebastien_Giguere,James_Blake,Oscar_De_La_Hoya,Jonathan_Edwards,Mike_Weir,David_Bell,Mikhail_Youzhny
vggface2,mtcnn_crop_fallback,probe/Robert_Bonner/Robert_Bonner_0002.jpg,Robert_Bonner,1,1.0,0.8785302639007568,0.8785302639007568,Robert_Bonner,Klaus_Zwickel,Rick_Romley,Chuck_Yeager,John_Snow,Franz_Beckenbauer,Robert_Zoellick,Goran_Persson,Howard_Dean,Bill_Graham
vggface2,mtcnn_crop_fallback,probe/Robert_DeFraites/Robert_DeFraites_0002.jpg,Robert_DeFraites,1,1.0,0.9653257131576538,0.9653257131576538,Robert_DeFraites,Trent_Lott,Tom_Daschle,James_Kopp,Robert_Zoellick,Mike_Miller,Jose_Sarney,Bill_Simon,William_Martin,Ron_Dittemore
vggface2,mtcnn_crop_fallback,probe/Robert_De_Niro/Robert_De_Niro_0002.jpg,Robert_De_Niro,1,1.0,0.755052924156189,0.755052924156189,Robert_De_Niro,Branko_Crvenkovski,Gary_Doer,Xanana_Gusmao,Pamela_Anderson,Tony_Bennett,Eduardo_Duhalde,Carlo_Ancelotti,Amram_Mitzna,Hillary_Clinton
vggface2,mtcnn_crop_fallback,probe/Robert_Duvall/Robert_Duvall_0002.jpg,Robert_Duvall,1,1.0,0.8929387331008911,0.8929387331008911,Robert_Duvall,Arlen_Specter,Michael_Douglas,Larry_Coker,Gary_Carter,Robert_Stack,Dennis_Kucinich,Carl_Reiner,Vladimir_Putin,Abel_Pacheco
vggface2,mtcnn_crop_fallback,probe/Robert_Kocharian/Robert_Kocharian_0002.jpg,Robert_Kocharian,1,1.0,0.8820474743843079,0.8820474743843079,Robert_Kocharian,Stephen_Friedman,Hector_Babenco,Charles_Schumer,Jose_Mourinho,Laurent_Jalabert,Vladimir_Putin,Fayssal_Mekdad,Imad_Moustapha,Fidel_Castro
vggface2,mtcnn_crop_fallback,probe/Robert_Mueller/Robert_Mueller_0002.jpg,Robert_Mueller,1,1.0,0.906031608581543,0.906031608581543,Robert_Mueller,John_Kerry,Martin_Scorsese,Antonio_Banderas,Eddy_Merckx,Paul_Bremer,Nicanor_Duarte_Frutos,Frank_Dunham_Jr,Howard_Dean,Richard_Krajicek
vggface2,mtcnn_crop_fallback,probe/Robert_Mugabe/Robert_Mugabe_0002.jpg,Robert_Mugabe,1,1.0,0.895038366317749,0.895038366317749,Robert_Mugabe,Thabo_Mbeki,Hilmi_Ozkok,Dalai_Lama,Jeffrey_Archer,Alvaro_Uribe,S_Jayakumar,Laurent_Gbagbo,Isaiah_Washington,Sophia_Loren
vggface2,mtcnn_crop_fallback,probe/Robert_Stack/Robert_Stack_0002.jpg,Robert_Stack,1,1.0,0.7752066850662231,0.7752066850662231,Robert_Stack,Robert_Duvall,Arlen_Specter,Michael_Douglas,Billy_Graham,Anthony_Hopkins,Bud_Selig,Jim_Harrick,Joe_Torre,Fred_Funk
vggface2,mtcnn_crop_fallback,probe/Robert_Zoellick/Robert_Zoellick_0002.jpg,Robert_Zoellick,1,1.0,0.7870937585830688,0.7870937585830688,Robert_Zoellick,Richard_Gephardt,Roy_Moore,Jon_Gruden,David_Leahy,John_Jumper,Anders_Ebbeson,Lawrence_MacAulay,Stellan_Skarsgard,Charles_Grassley
vggface2,mtcnn_crop_fallback,probe/Robin_Cook/Robin_Cook_0002.jpg,Robin_Cook,74,0.013513513513513514,0.5583351850509644,0.3167726397514343,John_Snow,Elsa_Zylberstein,Manfred_Stolpe,Fidel_Castro,Jimmy_Carter,Ibrahim_Jaafari,Yasser_Arafat,Jay_Garner,Alvaro_Noboa,Mohammad_Khatami
vggface2,mtcnn_crop_fallback,probe/Robin_McLaurin_Williams/Robin_McLaurin_Williams_0002.jpg,Robin_McLaurin_Williams,1,1.0,0.6000422239303589,0.6000422239303589,Robin_McLaurin_Williams,Silvio_Berlusconi,Leszek_Miller,Pat_Cox,George_Pataki,Joseph_Blatter,Vicente_Fernandez,Fayssal_Mekdad,Sarah_Jessica_Parker,John_Timoney
vggface2,mtcnn_crop_fallback,probe/Rolf_Eckrodt/Rolf_Eckrodt_0002.jpg,Rolf_Eckrodt,1,1.0,0.8557940721511841,0.8557940721511841,Rolf_Eckrodt,Larry_Bowa,Eddy_Merckx,John_Rosa,Brad_Johnson,Frank_Stallone,Francis_Mer,Zoran_Djindjic,Trent_Lott,John_Kerry
vggface2,mtcnn_crop_fallback,probe/Roman_Polanski/Roman_Polanski_0002.jpg,Roman_Polanski,1,1.0,0.8241186141967773,0.8241186141967773,Roman_Polanski,Steve_Spurrier,Frank_Solich,Jean-David_Levitte,Edward_Said,John_Banko,Tom_Crean,Tim_Floyd,Ilan_Ramon,Johnny_Carson
vggface2,mtcnn_crop_fallback,probe/Ron_Dittemore/Ron_Dittemore_0002.jpg,Ron_Dittemore,1,1.0,0.8424383401870728,0.8424383401870728,Ron_Dittemore,Bill_Simon,Bud_Selig,Robert_DeFraites,Tom_Daschle,Bill_Gates,Charles_Grassley,Christian_Wulff,Trent_Lott,Hun_Sen
vggface2,mtcnn_crop_fallback,probe/Ron_Howard/Ron_Howard_0002.jpg,Ron_Howard,1,1.0,0.8952047824859619,0.8952047824859619,Ron_Howard,Peter_Hillary,Elizabeth_Smart,Richard_Gephardt,George_Pataki,Roy_Moore,Boris_Becker,John_Malkovich,Jon_Gruden,Vladimir_Putin
vggface2,mtcnn_crop_fallback,probe/Ronald_Reagan/Ronald_Reagan_0002.jpg,Ronald_Reagan,1,1.0,0.7688928842544556,0.7688928842544556,Ronald_Reagan,Gray_Davis,James_Kelly,Michael_Kostelnik,Jean-David_Levitte,Joseph_Ralston,Paul_Bremer,Nicanor_Duarte_Frutos,Mario_Kreutzberger,Valery_Giscard_dEstaing
vggface2,mtcnn_crop_fallback,probe/Roy_Moore/Roy_Moore_0002.jpg,Roy_Moore,1,1.0,0.8397844433784485,0.8397844433784485,Roy_Moore,Chris_Cooper,Tom_Crean,Frank_Solich,Guido_Westerwelle,Dennis_Kucinich,Yao_Ming,George_Pataki,John_Jumper,Alastair_Campbell
vggface2,mtcnn_crop_fallback,probe/Roy_Williams/Roy_Williams_0002.jpg,Roy_Williams,1,1.0,0.7402902841567993,0.7402902841567993,Roy_Williams,Frank_Solich,Thomas_Fargo,Vaclav_Havel,William_Ford_Jr,Ilan_Ramon,Howard_Dean,Alvaro_Uribe,John_Walsh,Bruce_Van_De_Velde
vggface2,mtcnn_crop_fallback,probe/Ruben_Studdard/Ruben_Studdard_0002.jpg,Ruben_Studdard,1,1.0,0.9161385297775269,0.9161385297775269,Ruben_Studdard,Byron_Scott,Evander_Holyfield,Latrell_Sprewell,Joe_Dumars,Carmen_Electra,Vince_Carter,Chris_Rock,Chris_Tucker,Kirk_Johnson
vggface2,mtcnn_crop_fallback,probe/Rupert_Grint/Rupert_Grint_0002.jpg,Rupert_Grint,1,1.0,0.9401704668998718,0.9401704668998718,Rupert_Grint,Elizabeth_Smart,Boris_Becker,Mary_Landrieu,Sean_Astin,George_Pataki,Michael_Chang,Rob_Schneider,Christopher_Walken,Ann_Veneman
vggface2,mtcnn_crop_fallback,probe/S_Jayakumar/S_Jayakumar_0002.jpg,S_Jayakumar,1,1.0,0.7445497512817383,0.7445497512817383,S_Jayakumar,Harry_Belafonte,John_McCallum,Abdullah_al-Attiyah,George_Tenet,GL_Peiris,Jesse_Jackson,Yasar_Yakis,Bijan_Namdar_Zangeneh,Jose_Serra
vggface2,mtcnn_crop_fallback,probe/Sachiko_Yamada/Sachiko_Yamada_0002.jpg,Sachiko_Yamada,1,1.0,0.8426872491836548,0.8426872491836548,Sachiko_Yamada,Hitomi_Soga,Lee_Tae-sik,Annette_Lu,Candie_Kung,Anna_Kournikova,Megawati_Sukarnoputri,Michael_Chang,Kim_Dae-jung,Alberto_Fujimori
vggface2,mtcnn_crop_fallback,probe/Saddam_Hussein/Saddam_Hussein_0002.jpg,Saddam_Hussein,1,1.0,0.8910186290740967,0.8910186290740967,Saddam_Hussein,Vicente_Fernandez,Sam_Torrance,Dick_Clark,Abdullatif_Sener,Jose_Sarney,Kim_Dae-jung,Vaclav_Havel,Saparmurat_Niyazov,Robert_De_Niro
vggface2,mtcnn_crop_fallback,probe/Saeb_Erekat/Saeb_Erekat_0002.jpg,Saeb_Erekat,1,1.0,0.712017297744751,0.712017297744751,Saeb_Erekat,Mohammad_Khatami,Michael_Chiklis,Dick_Cheney,Len_Jenoff,Arye_Mekel,Jay_Rasulo,Bill_Graham,GL_Peiris,Paul_ONeill
vggface2,mtcnn_crop_fallback,probe/Sally_Kirkland/Sally_Kirkland_0002.jpg,Sally_Kirkland,1,1.0,0.8088909387588501,0.8088909387588501,Sally_Kirkland,Emma_Thompson,Patricia_Clarkson,Goldie_Hawn,Mary_Landrieu,Barbara_Walters,Jessica_Lange,Nelson_Mandela,Elizabeth_Dole,Cameron_Diaz
vggface2,mtcnn_crop_fallback,probe/Sam_Bith/Sam_Bith_0002.jpg,Sam_Bith,1,1.0,0.9172545671463013,0.9172545671463013,Sam_Bith,Nelson_Mandela,Colin_Powell,Flor_Montulo,Thabo_Mbeki,Hamzah_Haz,Angelo_Reyes,Li_Peng,Wang_Yingfan,Dalai_Lama
vggface2,mtcnn_crop_fallback,probe/Sam_Torrance/Sam_Torrance_0002.jpg,Sam_Torrance,1,1.0,0.9502078294754028,0.9502078294754028,Sam_Torrance,Saddam_Hussein,Alexander_Losyukov,Vicente_Fernandez,Abdullatif_Sener,Omar_Sharif,Joe_Mantello,Gunter_Pleuger,Prince_Edward,John_Brady
vggface2,mtcnn_crop_fallback,probe/Sandra_Bullock/Sandra_Bullock_0002.jpg,Sandra_Bullock,1,1.0,0.8626049757003784,0.8626049757003784,Sandra_Bullock,Marisa_Tomei,Daisy_Fuentes,Mariangel_Ruiz_Torrealba,Fran_Drescher,Vanessa_Incontrada,Arianna_Huffington,Ron_Dittemore,Silvio_Berlusconi,Julianna_Margulies
vggface2,mtcnn_crop_fallback,probe/Saparmurat_Niyazov/Saparmurat_Niyazov_0002.jpg,Saparmurat_Niyazov,1,1.0,0.8911302089691162,0.8911302089691162,Saparmurat_Niyazov,Jia_Qinglin,Kim_Dae-jung,Heizo_Takenaka,Lee_Tae-sik,Thaksin_Shinawatra,Bill_Callahan,Li_Peng,Gary_Locke,Chang_Dae-whan
vggface2,mtcnn_crop_fallback,probe/Sarah_Jessica_Parker/Sarah_Jessica_Parker_0002.jpg,Sarah_Jessica_Parker,1,1.0,0.7177760601043701,0.7177760601043701,Sarah_Jessica_Parker,Juanes,John_Ruiz,Ellen_DeGeneres,Charlotte_Rampling,Bertrand_Bonello,Alicia_Silverstone,Bridget_Fonda,Meryl_Streep,Lili_Taylor
vggface2,mtcnn_crop_fallback,probe/Scott_McClellan/Scott_McClellan_0002.jpg,Scott_McClellan,1,1.0,0.9543003439903259,0.9543003439903259,Scott_McClellan,Lindsay_Davenport,Pete_Sampras,Kevin_Spacey,Vidar_Helgesen,John_McEnroe,Nia_Vardalos,Cruz_Bustamante,Howard_Dean,Garry_Kasparov
vggface2,mtcnn_crop_fallback,probe/Scott_McNealy/Scott_McNealy_0002.jpg,Scott_McNealy,1,1.0,0.8327887058258057,0.8327887058258057,Scott_McNealy,Paul_McNulty,James_Kelly,John_Manley,Richard_Gephardt,Alan_Mulally,Prince_Willem-Alexander,Lyle_Vanclief,William_Ford_Jr,Joseph_Ralston
vggface2,mtcnn_crop_fallback,probe/Scott_Rudin/Scott_Rudin_0002.jpg,Scott_Rudin,1,1.0,0.8950579166412354,0.8950579166412354,Scott_Rudin,Vidar_Helgesen,Jeffrey_Archer,John_Blaney,Carlos_Mesa,Janica_Kostelic,James_Cunningham,Mohammad_Khatami,Harvey_Weinstein,Sean_Patrick_OMalley
vggface2,mtcnn_crop_fallback,probe/Sean_Astin/Sean_Astin_0002.jpg,Sean_Astin,1,1.0,0.6743037700653076,0.6743037700653076,Sean_Astin,Oscar_De_La_Hoya,Justin_Leonard,Alejandro_Avila,Mike_Babcock,Jose_Theodore,Scott_Rudin,Jan_Ullrich,Brad_Johnson,Michael_J_Sheehan
vggface2,mtcnn_crop_fallback,probe/Sean_Patrick_OMalley/Sean_Patrick_OMalley_0002.jpg,Sean_Patrick_OMalley,1,1.0,0.9298491477966309,0.9298491477966309,Sean_Patrick_OMalley,Yasser_Arafat,Inam-ul-Haq,Robin_Cook,Dino_de_Laurentis,Ali_Khamenei,Len_Jenoff,Kieran_Prendergast,Gerry_Adams,Peter_Struck
vggface2,mtcnn_crop_fallback,probe/Sean_Penn/Sean_Penn_0002.jpg,Sean_Penn,1,1.0,0.9096386432647705,0.9096386432647705,Sean_Penn,Marc_Grossman,Luiz_Felipe_Scolari,Brad_Johnson,Mark_Geragos,Chris_Bell,Mikulas_Dzurinda,Kent_Rominger,David_Nalbandian,Luis_Figo
vggface2,mtcnn_crop_fallback,probe/Serena_Williams/Serena_Williams_0002.jpg,Serena_Williams,1,1.0,0.9288491606712341,0.9288491606712341,Serena_Williams,Venus_Williams,Tamara_Brooks,Eunice_Barber,Dale_Earnhardt_Jr,Tyra_Banks,Jennifer_Thompson,Chanda_Rubin,Brad_Johnson,Kelli_White
vggface2,mtcnn_crop_fallback,probe/Shannon_OBrien/Shannon_OBrien_0002.jpg,Shannon_OBrien,1,1.0,0.6775522232055664,0.6775522232055664,Shannon_OBrien,Paula_Radcliffe,Kathleen_Glynn,Lindsay_Davenport,Julie_Gerberding,Sheila_Copps,Ellen_Engleman,Alice_Fisher,Ann_Veneman,Lea_Fastow
vggface2,mtcnn_crop_fallback,probe/Sharon_Frey/Sharon_Frey_0002.jpg,Sharon_Frey,1,1.0,0.8487911224365234,0.8487911224365234,Sharon_Frey,Richard_Sambrook,Jan_Ullrich,Christine_Gregoire,Tom_Crean,Guillermo_Coria,Julie_Gerberding,Lindsay_Benko,Lindsay_Davenport,Queen_Beatrix
vggface2,mtcnn_crop_fallback,probe/Shaukat_Aziz/Shaukat_Aziz_0002.jpg,Shaukat_Aziz,1,1.0,0.8395742177963257,0.8395742177963257,Shaukat_Aziz,George_Tenet,Abdullah_al-Attiyah,Spencer_Abraham,Wang_Yingfan,Jonathan_Edwards,Masum_Turker,Benjamin_Netanyahu,David_Wolf,Rolf_Eckrodt
vggface2,mtcnn_crop_fallback,probe/Sheila_Copps/Sheila_Copps_0002.jpg,Sheila_Copps,1,1.0,0.8679623603820801,0.8679623603820801,Sheila_Copps,Ann_Veneman,Jean_Brumley,Elinor_Caplan,Helen_Clark,Jolanta_Kwasniewski,Brad_Johnson,Elizabeth_Dole,Sharon_Frey,Lindsay_Davenport
vggface2,mtcnn_crop_fallback,probe/Sheila_Wellstone/Sheila_Wellstone_0002.jpg,Sheila_Wellstone,1,1.0,0.7462696433067322,0.7462696433067322,Sheila_Wellstone,Kathleen_Glynn,Nancy_Pelosi,Jean_Carnahan,Ozzy_Osbourne,Dorthy_Moxley,Christine_Gregoire,Madonna,Marie-Reine_Le_Gougne,Robin_Cook
vggface2,mtcnn_crop_fallback,probe/Silvan_Shalom/Silvan_Shalom_0002.jpg,Silvan_Shalom,1,1.0,0.844507098197937,0.844507098197937,Silvan_Shalom,Silvio_Berlusconi,Jose_Dirceu,Spencer_Abraham,Emile_Lahoud,Larry_Lucchino,Imad_Moustapha,Nia_Vardalos,Jonathan_Mostow,Robert_Kocharian
vggface2,mtcnn_crop_fallback,probe/Silvia_Farina_Elia/Silvia_Farina_Elia_0002.jpg,Silvia_Farina_Elia,1,1.0,0.8143860697746277,0.8143860697746277,Silvia_Farina_Elia,Rita_Wilson,Meghann_Shaughnessy,Jennifer_Aniston,Blythe_Hartley,Stacy_Dragila,Martha_Bowen,Magui_Serna,Julie_Gerberding,Intisar_Ajouri
vggface2,mtcnn_crop_fallback,probe/Silvio_Berlusconi/Silvio_Berlusconi_0002.jpg,Silvio_Berlusconi,1,1.0,0.8679268956184387,0.8679268956184387,Silvio_Berlusconi,Pat_Cox,Herb_Sendek,Larry_Brown,Emile_Lahoud,Roy_Moore,Larry_Lucchino,Silvan_Shalom,Hipolito_Mejia,Pete_Sampras
vggface2,mtcnn_crop_fallback,probe/Simon_Cowell/Simon_Cowell_0002.jpg,Simon_Cowell,1,1.0,0.7870074510574341,0.7870074510574341,Simon_Cowell,Gary_Forsee,Arianna_Huffington,John_F_Kennedy_Jr,Brian_Griese,Alberto_Ruiz_Gallardon,George_Robertson,Yevgeny_Kafelnikov,Martha_Burk,Ronald_Reagan
vggface2,mtcnn_crop_fallback,probe/Slobodan_Milosevic/Slobodan_Milosevic_0002.jpg,Slobodan_Milosevic,1,1.0,0.944324254989624,0.944324254989624,Slobodan_Milosevic,Richard_Norton-Taylor,Mike_Holmgren,Rick_Romley,Iain_Duncan_Smith,Jay_Rasulo,Yasar_Yakis,George_Karl,Robert_Bonner,Jerry_Falwell
vggface2,mtcnn_crop_fallback,probe/Sophia_Loren/Sophia_Loren_0002.jpg,Sophia_Loren,1,1.0,0.9211897253990173,0.9211897253990173,Sophia_Loren,Goldie_Hawn,Rita_Moreno,Raquel_Welch,Laura_Hernandez,Carlos_Ghosn,Kathryn_Bigelow,Barbara_Walters,Frances_Fisher,Donatella_Versace
vggface2,mtcnn_crop_fallback,probe/Sourav_Ganguly/Sourav_Ganguly_0002.jpg,Sourav_Ganguly,1,1.0,0.7081680297851562,0.7081680297851562,Sourav_Ganguly,Harbhajan_Singh,Yao_Ming,Freddy_Garcia,Juan_Pablo_Montoya,Anna_Kournikova,Mike_Weir,Manuel_Poggiali,Marco_Antonio_Barrera,Jennifer_Rodriguez
vggface2,mtcnn_crop_fallback,probe/Spencer_Abraham/Spencer_Abraham_0002.jpg,Spencer_Abraham,1,1.0,0.9465285539627075,0.9465285539627075,Spencer_Abraham,Abdullah_al-Attiyah,Cindy_Margolis,Juan_Pablo_Montoya,Mark_Heller,Bob_Hope,Andy_Hebb,Alberto_Ruiz_Gallardon,Mariangel_Ruiz_Torrealba,Carlos_Ghosn
vggface2,mtcnn_crop_fallback,probe/Stacy_Dragila/Stacy_Dragila_0002.jpg,Stacy_Dragila,1,1.0,0.8468160033226013,0.8468160033226013,Stacy_Dragila,Fabiola_Zuluaga,Emily_Robison,Gwendal_Peizerat,Joe_Nichols,Jennifer_Thompson,Monica_Seles,Sarah_Jessica_Parker,Meghann_Shaughnessy,Silvia_Farina_Elia
vggface2,mtcnn_crop_fallback,probe/Stanley_McChrystal/Stanley_McChrystal_0002.jpg,Stanley_McChrystal,1,1.0,0.8012257814407349,0.8012257814407349,Stanley_McChrystal,Ricky_Barnes,Doug_Collins,Peter_Hillary,Ron_Dittemore,Roy_Williams,Trent_Lott,Roy_Moore,Bill_Parcells,Nick_Nolte
vggface2,mtcnn_crop_fallback,probe/Stanley_Tong/Stanley_Tong_0002.jpg,Stanley_Tong,1,1.0,0.8693082332611084,0.8693082332611084,Stanley_Tong,Jackie_Chan,Kim_Ryong-sung,Tom_Cruise,Michael_Chang,Lee_Hoi-chang,Prince_Naruhito,Edward_Lu,Thaksin_Shinawatra,Taufik_Hidayat
vggface2,mtcnn_crop_fallback,probe/Stellan_Skarsgard/Stellan_Skarsgard_0002.jpg,Stellan_Skarsgard,1,1.0,0.9189815521240234,0.9189815521240234,Stellan_Skarsgard,Richard_Norton-Taylor,David_Trimble,Charles_Grassley,George_Pataki,Mark_Geragos,Jeffrey_Jones,Gunter_Pleuger,John_Banko,Alastair_Campbell
vggface2,mtcnn_crop_fallback,probe/Stephen_Friedman/Stephen_Friedman_0002.jpg,Stephen_Friedman,1,1.0,0.6510177850723267,0.6510177850723267,Stephen_Friedman,John_Snow,John_Spencer,Costas_Simitis,Bill_Graham,Warren_Beatty,John_Malkovich,Leszek_Miller,Bob_Hope,Peter_Hillary
vggface2,mtcnn_crop_fallback,probe/Steve_Park/Steve_Park_0002.jpg,Steve_Park,1,1.0,0.7728297710418701,0.7728297710418701,Steve_Park,Jason_Lezak,Ricky_Ponting,Leland_Chapman,Aitor_Gonzalez,Kenneth_Branagh,Lou_Piniella,Antonio_Banderas,Dale_Earnhardt_Jr,Ben_Glisan
vggface2,mtcnn_crop_fallback,probe/Steve_Spurrier/Steve_Spurrier_0002.jpg,Steve_Spurrier,1,1.0,0.6755403280258179,0.6755403280258179,Steve_Spurrier,Bill_Sizemore,Jim_Furyk,Ilan_Ramon,Bill_Frist,Brad_Johnson,Gerry_Parsky,David_Trimble,Mike_Babcock,Bill_Gates
vggface2,mtcnn_crop_fallback,probe/Steve_Waugh/Steve_Waugh_0002.jpg,Steve_Waugh,50,0.02,0.4810466766357422,0.30113857984542847,John_Wolf,Mario_Cipollini,David_Spade,David_Heyman,Marc_Grossman,Roman_Polanski,George_Roy_Hill,Joerg_Haider,Yevgeny_Kafelnikov,Frank_Solich
vggface2,mtcnn_crop_fallback,probe/Steven_Spielberg/Steven_Spielberg_0002.jpg,Steven_Spielberg,1,1.0,0.8658803105354309,0.8658803105354309,Steven_Spielberg,John_Rowland,Bobby_Goldwater,Bill_Graham,Alvaro_Uribe,John_Blaney,James_Gandolfini,James_Smith,Jonathan_Mostow,Geoff_Hoon
vggface2,mtcnn_crop_fallback,probe/Stockard_Channing/Stockard_Channing_0002.jpg,Stockard_Channing,1,1.0,0.8114818334579468,0.8114818334579468,Stockard_Channing,Liza_Minnelli,Jolanta_Kwasniewski,Isabelle_Huppert,Jason_Kidd,Charlotte_Rampling,Goldie_Hawn,Emmit_Smith,Lea_Fastow,Madonna
vggface2,mtcnn_crop_fallback,probe/Sue_Wicks/Sue_Wicks_0002.jpg,Sue_Wicks,1,1.0,0.761660099029541,0.761660099029541,Sue_Wicks,Dale_Earnhardt_Jr,Serena_Williams,Nadia_Petrova,Julie_Gerberding,Betsy_Smith,Arantxa_Sanchez-Vicario,Nia_Vardalos,Jason_Jennings,Debra_Brown
vggface2,mtcnn_crop_fallback,probe/Susan_Collins/Susan_Collins_0002.jpg,Susan_Collins,1,1.0,0.8288110494613647,0.8288110494613647,Susan_Collins,Ann_Veneman,Helen_Clark,Stockard_Channing,Zhang_Ziyi,Judy_Genshaft,Biljana_Plavsic,Guillermo_Coria,Martha_Burk,Hitomi_Soga
vggface2,mtcnn_crop_fallback,probe/Takashi_Sorimachi/Takashi_Sorimachi_0002.jpg,Takashi_Sorimachi,1,1.0,0.8250142335891724,0.8250142335891724,Takashi_Sorimachi,Michael_Chang,Franz_Muentefering,Antony_Leung,Michelle_Yeoh,Rob_Schneider,Jackie_Chan,Hu_Jintao,Sachiko_Yamada,Gerardo_Gambala
vggface2,mtcnn_crop_fallback,probe/Tamara_Brooks/Tamara_Brooks_0002.jpg,Tamara_Brooks,1,1.0,0.6502232551574707,0.6502232551574707,Tamara_Brooks,Chanda_Rubin,Serena_Williams,Venus_Williams,James_Butts,Byron_Scott,Eunice_Barber,Doug_Duncan,Ruben_Studdard,Gunter_Pleuger
vggface2,mtcnn_crop_fallback,probe/Tammy_Lynn_Michaels/Tammy_Lynn_Michaels_0002.jpg,Tammy_Lynn_Michaels,1,1.0,0.8292560577392578,0.8292560577392578,Tammy_Lynn_Michaels,Meryl_Streep,Sarah_Jessica_Parker,Fabiola_Zuluaga,Alvaro_Uribe,John_Negroponte,Conchita_Martinez,Doris_Roberts,Jason_Kidd,Arsinee_Khanjian
vggface2,mtcnn_crop_fallback,probe/Taufik_Hidayat/Taufik_Hidayat_0002.jpg,Taufik_Hidayat,1,1.0,0.9580202698707581,0.9580202698707581,Taufik_Hidayat,Michael_Chang,Kim_Ryong-sung,Jackie_Chan,Kosuke_Kitajima,Gerardo_Gambala,JJ_Redick,Hideki_Matsui,Heizo_Takenaka,Yao_Ming
vggface2,mtcnn_crop_fallback,probe/Thabo_Mbeki/Thabo_Mbeki_0002.jpg,Thabo_Mbeki,1,1.0,0.7040762901306152,0.7040762901306152,Thabo_Mbeki,Nelson_Mandela,Mike_Tyson,George_Foreman,Sam_Bith,Dalai_Lama,Abdullah_al-Attiyah,GL_Peiris,Zoran_Djindjic,Benjamin_Netanyahu
vggface2,mtcnn_crop_fallback,probe/Thaksin_Shinawatra/Thaksin_Shinawatra_0002.jpg,Thaksin_Shinawatra,1,1.0,0.9181637763977051,0.9181637763977051,Thaksin_Shinawatra,Prince_Naruhito,Gao_Qiang,Kim_Jin-sun,Michael_Chang,Li_Peng,Yao_Ming,Kim_Jong-Il,Lee_Tae-sik,Jia_Qinglin
vggface2,mtcnn_crop_fallback,probe/Theo_Epstein/Theo_Epstein_0002.jpg,Theo_Epstein,1,1.0,0.8019834756851196,0.8019834756851196,Theo_Epstein,Aitor_Gonzalez,Demetrius_Ferraciu,James_Blake,Joe_Gatti,Jimmy_Kimmel,Andrew_Bunner,Jean-Sebastien_Giguere,Carson_Daly,Pete_Sampras
vggface2,mtcnn_crop_fallback,probe/Thierry_Falise/Thierry_Falise_0002.jpg,Thierry_Falise,1,1.0,0.6286607980728149,0.6286607980728149,Thierry_Falise,Alec_Baldwin,Peter_Bacanovic,Mike_Tyson,Harry_Schmidt,Alejandro_Toledo,Zoran_Djindjic,Larry_Bowa,Jason_Kidd,Dennis_Kucinich
vggface2,mtcnn_crop_fallback,probe/Thomas_Birmingham/Thomas_Birmingham_0002.jpg,Thomas_Birmingham,1,1.0,0.7425231337547302,0.7425231337547302,Thomas_Birmingham,Costas_Simitis,Alex_Penelas,Lon_Kruger,William_Ford_Jr,Dick_Clark,Thomas_Fargo,Li_Peng,Mario_Kreutzberger,Spencer_Abraham
vggface2,mtcnn_crop_fallback,probe/Thomas_Fargo/Thomas_Fargo_0002.jpg,Thomas_Fargo,1,1.0,0.9162718057632446,0.9162718057632446,Thomas_Fargo,Vaclav_Havel,Paul_Bremer,Howard_Dean,William_Ford_Jr,Dennis_Powell,Dick_Clark,Geoff_Hoon,George_Voinovich,Robert_Bonner
vggface2,mtcnn_crop_fallback,probe/Thomas_OBrien/Thomas_OBrien_0002.jpg,Thomas_OBrien,1,1.0,0.806111216545105,0.806111216545105,Thomas_OBrien,Ernie_Eves,Carl_Reiner,Gregg_Popovich,Mel_Brooks,Jimmy_Carter,Warren_Buffett,Roy_Williams,Pat_Cox,Augusto_Roa_Bastos
vggface2,mtcnn_crop_fallback,probe/Thomas_Rupprath/Thomas_Rupprath_0002.jpg,Thomas_Rupprath,1,1.0,0.5116350054740906,0.5116350054740906,Thomas_Rupprath,Boris_Becker,David_Nalbandian,Michael_Phelps,Jan_Ullrich,John_Abizaid,Bo_Ryan,Hermann_Maier,Peter_Hillary,David_Coulthard
vggface2,mtcnn_crop_fallback,probe/Tim_Allen/Tim_Allen_0002.jpg,Tim_Allen,1,1.0,0.8893319368362427,0.8893319368362427,Tim_Allen,Dennis_Kucinich,Warren_Beatty,Hun_Sen,Tom_Daschle,Mathias_Reichhold,Robbie_Fowler,Joerg_Haider,Gary_Doer,Gray_Davis
vggface2,mtcnn_crop_fallback,probe/Tim_Floyd/Tim_Floyd_0002.jpg,Tim_Floyd,1,1.0,0.9310967922210693,0.9310967922210693,Tim_Floyd,Dennis_Powell,Paul_Bremer,Jean-David_Levitte,Paul_McNulty,Ilan_Ramon,Ernie_Fletcher,Bo_Pelini,Steve_Spurrier,Tom_Crean
vggface2,mtcnn_crop_fallback,probe/Todd_Haynes/Todd_Haynes_0002.jpg,Todd_Haynes,553,0.0018083182640144665,0.7311232089996338,0.026180222630500793,Julianne_Moore,Arianna_Huffington,Natalie_Maines,Madonna,Lea_Fastow,Julianna_Margulies,Michelle_Pfeiffer,Gillian_Anderson,Nancy_Pelosi,Jo_Dee_Messina
vggface2,mtcnn_crop_fallback,probe/Tom_Brady/Tom_Brady_0002.jpg,Tom_Brady,1,1.0,0.5751755237579346,0.5751755237579346,Tom_Brady,Marcus_Gronholm,John_Reilly,George_Karl,Thomas_Rupprath,Brendan_Hansen,David_Bell,Natalie_Coughlin,Martin_Verkerk,Yao_Ming
vggface2,mtcnn_crop_fallback,probe/Tom_Craddick/Tom_Craddick_0002.jpg,Tom_Craddick,1,1.0,0.9089342355728149,0.9089342355728149,Tom_Craddick,Michael_Kostelnik,Trent_Lott,Wesley_Clark,Jack_Straw,Jean-David_Levitte,Bud_Selig,Richard_Gephardt,James_Kelly,Roy_Williams
vggface2,mtcnn_crop_fallback,probe/Tom_Crean/Tom_Crean_0002.jpg,Tom_Crean,1,1.0,0.6843303442001343,0.6843303442001343,Tom_Crean,William_Ford_Jr,Guido_Westerwelle,Jose_Manuel_Durao_Barroso,Roy_Moore,Pamela_Anderson,Jay_Garner,Sharon_Frey,Chris_Cooper,Frank_Solich
vggface2,mtcnn_crop_fallback,probe/Tom_Cruise/Tom_Cruise_0002.jpg,Tom_Cruise,1,1.0,0.9173508286476135,0.9173508286476135,Tom_Cruise,Joe_Nichols,Brian_Heidik,Barbra_Streisand,Marc-Andre_Fleury,Richard_Krajicek,Robby_Ginepri,Sandra_Bullock,Marat_Safin,Warren_Buffett
vggface2,mtcnn_crop_fallback,probe/Tom_Daschle/Tom_Daschle_0002.jpg,Tom_Daschle,1,1.0,0.8727312088012695,0.8727312088012695,Tom_Daschle,Trent_Lott,Hootie_Johnson,John_Timoney,James_Kelly,Robert_Zoellick,Charlton_Heston,Guillermo_Coria,Robert_DeFraites,Jean-Claude_Braquet
vggface2,mtcnn_crop_fallback,probe/Tom_Glavine/Tom_Glavine_0002.jpg,Tom_Glavine,398,0.002512562814070352,0.6445940732955933,0.11088994145393372,Michelle_Pfeiffer,Julianne_Moore,Kristanna_Loken,Betsy_Smith,Cindy_Margolis,Maria_Luisa_Mendonca,Lea_Fastow,Nancy_Reagan,Allison_Janney,Mariangel_Ruiz_Torrealba
vggface2,mtcnn_crop_fallback,probe/Tomoko_Hagiwara/Tomoko_Hagiwara_0002.jpg,Tomoko_Hagiwara,628,0.0015923566878980893,0.5596436262130737,0.00046417955309152603,Sachiko_Yamada,Kwon_Yang-sook,Princess_Aiko,Michelle_Yeoh,Candie_Kung,Kim_Ryong-sung,Zhang_Ziyi,Thaksin_Shinawatra,Annette_Lu,Vicki_Zhao_Wei
vggface2,mtcnn_crop_fallback,probe/Tony_Bennett/Tony_Bennett_0002.jpg,Tony_Bennett,1,1.0,0.8417861461639404,0.8417861461639404,Tony_Bennett,Edward_Said,Alejandro_Toledo,Adolfo_Aguilar_Zinser,Roman_Polanski,Jean-David_Levitte,Charlton_Heston,Ricardo_Maduro,Aldo_Paredes,Anthony_Fauci
vggface2,mtcnn_crop_fallback,probe/Tony_Curtis/Tony_Curtis_0002.jpg,Tony_Curtis,1,1.0,0.6866322755813599,0.6866322755813599,Tony_Curtis,Colin_Powell,Richard_Gephardt,Richard_Branson,Dave_Campo,Lou_Piniella,Boris_Yeltsin,Darren_Clarke,Adrian_Nastase,Tom_Daschle
vggface2,mtcnn_crop_fallback,probe/Tracee_Ellis_Ross/Tracee_Ellis_Ross_0002.jpg,Tracee_Ellis_Ross,1,1.0,0.8277930617332458,0.8277930617332458,Tracee_Ellis_Ross,Patti_Labelle,Carol_Moseley_Braun,Brigitte_Boisselier,Susan_Collins,Chanda_Rubin,Bertrand_Bonello,Megawati_Sukarnoputri,Bill_Sizemore,Jong_Thae_Hwa
vggface2,mtcnn_crop_fallback,probe/Trent_Lott/Trent_Lott_0002.jpg,Trent_Lott,1,1.0,0.897132158279419,0.897132158279419,Trent_Lott,David_Leahy,Bud_Selig,George_Voinovich,Tom_Craddick,Frank_Griswold,Geno_Auriemma,Jean-David_Levitte,Bill_Simon,Ronald_Reagan
vggface2,mtcnn_crop_fallback,probe/Tyler_Hamilton/Tyler_Hamilton_0002.jpg,Tyler_Hamilton,1,1.0,0.7572646141052246,0.7572646141052246,Tyler_Hamilton,Greg_Owen,Jim_Furyk,Paul-Henri_Mathieu,Jason_Lezak,Tom_Glavine,Jason_Jennings,Elijah_Wood,Mitchell_Daniels,Brendan_Hansen
vggface2,mtcnn_crop_fallback,probe/Tyra_Banks/Tyra_Banks_0002.jpg,Tyra_Banks,1,1.0,0.8481528759002686,0.8481528759002686,Tyra_Banks,Denise_Johnson,Ashanti,Venus_Williams,Jada_Pinkett_Smith,Patti_Labelle,Jesse_Jackson,Trent_Lott,Tyler_Hamilton,Tom_Glavine
vggface2,mtcnn_crop_fallback,probe/Vaclav_Havel/Vaclav_Havel_0002.jpg,Vaclav_Havel,1,1.0,0.6982187628746033,0.6982187628746033,Vaclav_Havel,Pat_Cox,Trent_Lott,Federico_Trillo,Silvio_Berlusconi,Saddam_Hussein,Kim_Dae-jung,George_Voinovich,Joseph_Estrada,Andrew_Cuomo
vggface2,mtcnn_crop_fallback,probe/Valdas_Adamkus/Valdas_Adamkus_0002.jpg,Valdas_Adamkus,1,1.0,0.7531352043151855,0.7531352043151855,Valdas_Adamkus,Jimmy_Carter,Manfred_Stolpe,Warren_Buffett,John_Snow,George_Ryan,John_Timoney,Leszek_Miller,Bob_Hope,Tony_Curtis
vggface2,mtcnn_crop_fallback,probe/Valerie_Harper/Valerie_Harper_0002.jpg,Valerie_Harper,1,1.0,0.7828482389450073,0.7828482389450073,Valerie_Harper,Madonna,Coretta_Scott_King,Carol_Burnett,Lauren_Hutton,Julianne_Moore,Donna_Shalala,Lynne_Cheney,Nancy_Pelosi,Geraldine_Chaplin
vggface2,mtcnn_crop_fallback,probe/Valery_Giscard_dEstaing/Valery_Giscard_dEstaing_0002.jpg,Valery_Giscard_dEstaing,1,1.0,0.8834725618362427,0.8834725618362427,Valery_Giscard_dEstaing,Ferenc_Madl,Costas_Simitis,James_Ivory,John_Negroponte,Larry_Brown,Luis_Gonzalez_Macchi,Kemal_Dervis,Dick_Cheney,Ralph_Lauren
vggface2,mtcnn_crop_fallback,probe/Vanessa_Incontrada/Vanessa_Incontrada_0002.jpg,Vanessa_Incontrada,1,1.0,0.8928675055503845,0.8928675055503845,Vanessa_Incontrada,Rita_Wilson,Sandra_Bullock,Mariangel_Ruiz_Torrealba,Daisy_Fuentes,Magui_Serna,Silvia_Farina_Elia,LeAnn_Rimes,Elisabeth_Schumacher,Gloria_Allred
vggface2,mtcnn_crop_fallback,probe/Vanessa_Williams/Vanessa_Williams_0002.jpg,Vanessa_Williams,1,1.0,0.6378209590911865,0.6378209590911865,Vanessa_Williams,Kristanna_Loken,Stockard_Channing,Gloria_Macapagal_Arroyo,Christine_Ebersole,Goldie_Hawn,Scott_McNealy,Heidi_Fleiss,Julie_Taymor,Corinne_Coman
vggface2,mtcnn_crop_fallback,probe/Venus_Williams/Venus_Williams_0002.jpg,Venus_Williams,1,1.0,0.8799883127212524,0.8799883127212524,Venus_Williams,Serena_Williams,Eunice_Barber,Mitchell_Daniels,Thabo_Mbeki,Tamara_Brooks,George_Foreman,Guillaume_Soro,Dale_Earnhardt_Jr,Lindsay_Davenport
vggface2,mtcnn_crop_fallback,probe/Vicente_Fernandez/Vicente_Fernandez_0002.jpg,Vicente_Fernandez,1,1.0,0.8355369567871094,0.8355369567871094,Vicente_Fernandez,Matt_Doherty,Luciano_Pavarotti,Fidel_Castro,Martin_Scorsese,Lech_Walesa,Saddam_Hussein,Eric_Rosser,Omar_Sharif,Bruce_Weber
vggface2,mtcnn_crop_fallback,probe/Vicki_Zhao_Wei/Vicki_Zhao_Wei_0002.jpg,Vicki_Zhao_Wei,1,1.0,0.8621386289596558,0.8621386289596558,Vicki_Zhao_Wei,Michelle_Yeoh,Miyako_Miyazaki,Luiz_Felipe_Scolari,Zhang_Ziyi,Guy_Ritchie,Nestor_Kirchner,Sachiko_Yamada,Kwon_Yang-sook,Francis_Mer
vggface2,mtcnn_crop_fallback,probe/Vidar_Helgesen/Vidar_Helgesen_0002.jpg,Vidar_Helgesen,1,1.0,0.7648273706436157,0.7648273706436157,Vidar_Helgesen,Jay_Rasulo,Jason_Alexander,Michael_Chiklis,John_Negroponte,Hipolito_Mejia,GL_Peiris,Marcus_Gronholm,James_Maguire,Slobodan_Milosevic
vggface2,mtcnn_crop_fallback,probe/Vince_Carter/Vince_Carter_0002.jpg,Vince_Carter,1,1.0,0.7487953305244446,0.7487953305244446,Vince_Carter,Will_Smith,James_Blake,Larry_Johnson,Grady_Irvin_Jr,Latrell_Sprewell,Jason_Kidd,Alejandro_Toledo,Chris_Rock,John_Allen_Muhammad
vggface2,mtcnn_crop_fallback,probe/Vincent_Brooks/Vincent_Brooks_0002.jpg,Vincent_Brooks,1,1.0,0.9323252439498901,0.9323252439498901,Vincent_Brooks,John_Rosa,John_F_Kennedy_Jr,Kenneth_Evans,Sourav_Ganguly,Juan_Pablo_Montoya,Kifah_Ajouri,Doris_Schroeder,Abdullah_Gul,Hamzah_Haz
vggface2,mtcnn_crop_fallback,probe/Vitali_Klitschko/Vitali_Klitschko_0002.jpg,Vitali_Klitschko,1,1.0,0.8204483985900879,0.8204483985900879,Vitali_Klitschko,Emanuel_Ginobili,Vladimir_Putin,David_Coulthard,Jonathan_Edwards,Guillermo_Coria,Yao_Ming,Ron_Dittemore,Stephen_Friedman,Thomas_Rupprath
vggface2,mtcnn_crop_fallback,probe/Vladimir_Putin/Vladimir_Putin_0002.jpg,Vladimir_Putin,1,1.0,0.8905037641525269,0.8905037641525269,Vladimir_Putin,Larry_Coker,Frank_Cassell,Geoff_Hoon,Pascal_Lamy,Charlton_Heston,Michael_Douglas,Chuck_Amato,Yasar_Yakis,George_Roy_Hill
vggface2,mtcnn_crop_fallback,probe/Wang_Yingfan/Wang_Yingfan_0002.jpg,Wang_Yingfan,1,1.0,0.8649928569793701,0.8649928569793701,Wang_Yingfan,Yoko_Ono,Alberto_Fujimori,Kim_Ryong-sung,Li_Peng,Hu_Jintao,Jia_Qinglin,Liu_Mingkang,Gao_Qiang,Lee_Jun
vggface2,mtcnn_crop_fallback,probe/Warren_Beatty/Warren_Beatty_0002.jpg,Warren_Beatty,1,1.0,0.8367489576339722,0.8367489576339722,Warren_Beatty,John_Spencer,Ishaq_Shahryar,William_Bratton,Dave_Campo,Costas_Simitis,Dick_Clark,Elizabeth_Smart,Daniel_Day-Lewis,Ron_Howard
vggface2,mtcnn_crop_fallback,probe/Warren_Buffett/Warren_Buffett_0002.jpg,Warren_Buffett,1,1.0,0.8419467210769653,0.8419467210769653,Warren_Buffett,Jay_Garner,John_Snow,Robert_Bonner,Bernard_Landry,William_Martin,James_Smith,Jimmy_Carter,James_Kopp,Roy_Williams
vggface2,mtcnn_crop_fallback,probe/Wesley_Clark/Wesley_Clark_0002.jpg,Wesley_Clark,1,1.0,0.7733618021011353,0.7733618021011353,Wesley_Clark,Chakib_Khelil,Dennis_Erickson,Michael_Kostelnik,Dick_Latessa,Valdas_Adamkus,Charlton_Heston,John_Manley,Gray_Davis,Roy_Williams
vggface2,mtcnn_crop_fallback,probe/Will_Smith/Will_Smith_0002.jpg,Will_Smith,1,1.0,0.6832153797149658,0.6832153797149658,Will_Smith,Ruben_Studdard,Larry_Johnson,John_Allen_Muhammad,Emmit_Smith,Byron_Scott,Joe_Dumars,Jason_Kidd,Jesse_Jackson,Chris_Byrd
vggface2,mtcnn_crop_fallback,probe/William_Bratton/William_Bratton_0002.jpg,William_Bratton,1,1.0,0.8814654350280762,0.8814654350280762,William_Bratton,Chuck_Amato,Emanuel_Ginobili,Anders_Fogh_Rasmussen,Hector_Babenco,Costas_Simitis,Robert_Duvall,Mark_Hamister,Nestor_Kirchner,Robert_Kocharian
vggface2,mtcnn_crop_fallback,probe/William_Ford_Jr/William_Ford_Jr_0002.jpg,William_Ford_Jr,1,1.0,0.8545572757720947,0.8545572757720947,William_Ford_Jr,Lindsey_Graham,David_Spade,Ilan_Ramon,Thomas_Birmingham,Roy_Moore,Frank_Solich,Howard_Dean,Christopher_Walken,Bob_Colvin
vggface2,mtcnn_crop_fallback,probe/William_Hochul/William_Hochul_0002.jpg,William_Hochul,1,1.0,0.8005150556564331,0.8005150556564331,William_Hochul,Hector_Babenco,Daniel_Day-Lewis,Mathias_Reichhold,Gary_Carter,Alvaro_Uribe,Robert_Duvall,Butch_Davis,John_McEnroe,James_Cunningham
vggface2,mtcnn_crop_fallback,probe/William_Martin/William_Martin_0002.jpg,William_Martin,1,1.0,0.8235802054405212,0.8235802054405212,William_Martin,Hipolito_Mejia,Paul_Patton,John_Howard,Pascal_Lamy,Larry_Brown,Chuck_Yeager,Patrick_Leahy,Dave_Campo,James_Kopp
vggface2,mtcnn_crop_fallback,probe/Xanana_Gusmao/Xanana_Gusmao_0002.jpg,Xanana_Gusmao,1,1.0,0.8571422696113586,0.8571422696113586,Xanana_Gusmao,James_McGreevey,Carlos_Manuel_Pruneda,Jonathan_Edwards,Annette_Bening,Gerry_Adams,Jim_Carrey,Mary_Landrieu,Antonio_Banderas,Sally_Kirkland
vggface2,mtcnn_crop_fallback,probe/Yao_Ming/Yao_Ming_0002.jpg,Yao_Ming,1,1.0,0.9194455742835999,0.9194455742835999,Yao_Ming,Thaksin_Shinawatra,Hideki_Matsui,Michael_Chang,Mikhail_Youzhny,Freddy_Garcia,David_Coulthard,Sourav_Ganguly,Guillermo_Coria,Nicolas_Lapentti
vggface2,mtcnn_crop_fallback,probe/Yasar_Yakis/Yasar_Yakis_0002.jpg,Yasar_Yakis,1,1.0,0.8127065896987915,0.8127065896987915,Yasar_Yakis,John_Spencer,Martin_Scorsese,Manfred_Stolpe,Harry_Belafonte,Jose_Serra,Omar_Sharif,Leszek_Miller,Larry_Brown,Jeanne_Moreau
vggface2,mtcnn_crop_fallback,probe/Yasser_Arafat/Yasser_Arafat_0002.jpg,Yasser_Arafat,125,0.008,0.6652964949607849,0.24383610486984253,Abdullah_Gul,Art_Hoffmann,Joseph_Estrada,Alexander_Losyukov,Sandra_Bullock,Georgi_Parvanov,Robert_De_Niro,Paulo_Cesar_Pinheiro,Michel_Temer,Elsa_Zylberstein
vggface2,mtcnn_crop_fallback,probe/Yevgeny_Kafelnikov/Yevgeny_Kafelnikov_0002.jpg,Yevgeny_Kafelnikov,1,1.0,0.7619615793228149,0.7619615793228149,Yevgeny_Kafelnikov,Brad_Johnson,Luis_Figo,Dale_Earnhardt_Jr,Jason_Jennings,Damon_van_Dam,Jim_Furyk,Kirk_Ferentz,Padraig_Harrington,Trent_Lott
vggface2,mtcnn_crop_fallback,probe/Yoko_Ono/Yoko_Ono_0002.jpg,Yoko_Ono,1,1.0,0.9229323863983154,0.9229323863983154,Yoko_Ono,Hichiro_Naemura,Megawati_Sukarnoputri,Mitoji_Yabunaka,Alberto_Fujimori,Lee_Jun,Li_Peng,Flor_Montulo,Hu_Jintao,Lee_Tae-sik
vggface2,mtcnn_crop_fallback,probe/Yukiko_Okudo/Yukiko_Okudo_0002.jpg,Yukiko_Okudo,4,0.25,0.6014085412025452,0.5823323726654053,Flor_Montulo,Chung_Mong-hun,Sachiko_Yamada,Yukiko_Okudo,Megawati_Sukarnoputri,Yoko_Ono,Gary_Locke,Michael_Chang,Mitoji_Yabunaka,Lee_Hoi-chang
vggface2,mtcnn_crop_fallback,probe/Zarai_Toledo/Zarai_Toledo_0002.jpg,Zarai_Toledo,889,0.0011248593925759281,0.5410038828849792,-0.13338729739189148,Kwon_Yang-sook,Katie_Harman,Hillary_Clinton,Madonna,Sheila_Copps,Jo_Dee_Messina,David_Nalbandian,Benazir_Bhutto,Hamzah_Haz,Hitomi_Soga
vggface2,mtcnn_crop_fallback,probe/Zhang_Ziyi/Zhang_Ziyi_0002.jpg,Zhang_Ziyi,1,1.0,0.6372745633125305,0.6372745633125305,Zhang_Ziyi,Michelle_Yeoh,Miyako_Miyazaki,Vicki_Zhao_Wei,Alexander_Losyukov,Ilan_Ramon,Edward_Lu,Takashi_Sorimachi,Sam_Torrance,Juan_Manuel_Marquez
vggface2,mtcnn_crop_fallback,probe/Zoran_Djindjic/Zoran_Djindjic_0002.jpg,Zoran_Djindjic,1,1.0,0.9095727801322937,0.9095727801322937,Zoran_Djindjic,Lou_Piniella,Carlo_Ancelotti,Brad_Johnson,Darren_Clarke,Aleksander_Kwasniewski,Mack_Brown,Benjamin_Netanyahu,Mario_Dumont,Adrian_Nastase
