probe_relative_path,true_identity,full_image_rank_1,crop_fallback_rank_1,full_image_true_identity_rank,crop_fallback_true_identity_rank,rank_delta_crop_minus_full,full_image_top_1_correct,crop_fallback_top_1_correct,case_type,mtcnn_face_detected,mtcnn_confidence,crop_area_ratio,fallback_reason
probe/Aaron_Sorkin/Aaron_Sorkin_0002.jpg,Aaron_Sorkin,Aaron_Sorkin,Aaron_Sorkin,1,1,0,True,True,both_correct,True,1.0,0.259008,
probe/Abdel_Nasser_Assidi/Abdel_Nasser_Assidi_0002.jpg,Abdel_Nasser_Assidi,Abdel_Nasser_Assidi,Abdel_Nasser_Assidi,1,1,0,True,True,both_correct,True,0.9999951124191284,0.275424,
probe/Abdullah/Abdullah_0002.jpg,Abdullah,Abdullah,Abdullah,1,1,0,True,True,both_correct,True,0.9999997615814209,0.234544,
probe/Abdullah_Gul/Abdullah_Gul_0002.jpg,Abdullah_Gul,Abdullah_Gul,Abdullah_Gul,1,1,0,True,True,both_correct,True,0.99997878074646,0.217056,
probe/Abdullah_al-Attiyah/Abdullah_al-Attiyah_0002.jpg,Abdullah_al-Attiyah,Abdullah_al-Attiyah,Abdullah_al-Attiyah,1,1,0,True,True,both_correct,True,0.99919193983078,0.2472,
probe/Abdullatif_Sener/Abdullatif_Sener_0002.jpg,Abdullatif_Sener,Abdullatif_Sener,Abdullatif_Sener,1,1,0,True,True,both_correct,True,0.9999861717224121,0.200032,
probe/Abel_Pacheco/Abel_Pacheco_0002.jpg,Abel_Pacheco,Abel_Pacheco,Abel_Pacheco,1,1,0,True,True,both_correct,True,0.9999643564224243,0.242528,
probe/Adam_Scott/Adam_Scott_0002.jpg,Adam_Scott,Mike_Weir,Mike_Weir,35,2,-33,False,False,neither_correct,True,0.9998049139976501,0.23584,
probe/Adolfo_Aguilar_Zinser/Adolfo_Aguilar_Zinser_0002.jpg,Adolfo_Aguilar_Zinser,Adolfo_Aguilar_Zinser,Adolfo_Aguilar_Zinser,1,1,0,True,True,both_correct,True,0.9999902248382568,0.192832,
probe/Adolfo_Rodriguez_Saa/Adolfo_Rodriguez_Saa_0002.jpg,Adolfo_Rodriguez_Saa,Lily_Tomlin,Adolfo_Rodriguez_Saa,13,1,-12,False,True,cropping_helps,True,0.9998263716697693,0.22464,
probe/Adrian_McPherson/Adrian_McPherson_0002.jpg,Adrian_McPherson,LeBron_James,Adrian_McPherson,8,1,-7,False,True,cropping_helps,True,0.9999996423721313,0.21424,
probe/Adrian_Nastase/Adrian_Nastase_0002.jpg,Adrian_Nastase,Adrian_Nastase,Adrian_Nastase,1,1,0,True,True,both_correct,True,0.9998501539230347,0.247616,
probe/Ahmad_Masood/Ahmad_Masood_0002.jpg,Ahmad_Masood,Ahmad_Masood,Ahmad_Masood,1,1,0,True,True,both_correct,True,1.0,0.224128,
probe/Ahmet_Necdet_Sezer/Ahmet_Necdet_Sezer_0002.jpg,Ahmet_Necdet_Sezer,Ahmet_Necdet_Sezer,Ahmet_Necdet_Sezer,1,1,0,True,True,both_correct,True,0.9999980926513672,0.227856,
probe/Aitor_Gonzalez/Aitor_Gonzalez_0002.jpg,Aitor_Gonzalez,Aitor_Gonzalez,Aitor_Gonzalez,1,1,0,True,True,both_correct,True,0.9999542236328125,0.233696,
probe/Al_Davis/Al_Davis_0002.jpg,Al_Davis,Al_Davis,Al_Davis,1,1,0,True,True,both_correct,True,0.9999749660491943,0.264384,
probe/Alan_Ball/Alan_Ball_0002.jpg,Alan_Ball,Alan_Ball,Alan_Ball,1,1,0,True,True,both_correct,True,0.9999816417694092,0.274688,
probe/Alan_Mulally/Alan_Mulally_0002.jpg,Alan_Mulally,Alan_Mulally,Alan_Mulally,1,1,0,True,True,both_correct,True,0.9999953508377075,0.332304,
probe/Alastair_Campbell/Alastair_Campbell_0002.jpg,Alastair_Campbell,Alastair_Campbell,Alastair_Campbell,1,1,0,True,True,both_correct,True,0.9998525381088257,0.21816,
probe/Albert_Costa/Albert_Costa_0002.jpg,Albert_Costa,Albert_Costa,Albert_Costa,1,1,0,True,True,both_correct,True,0.9998300075531006,0.204544,
probe/Alberto_Fujimori/Alberto_Fujimori_0002.jpg,Alberto_Fujimori,Lee_Hoi-chang,Alberto_Fujimori,10,1,-9,False,True,cropping_helps,True,1.0,0.20064,
probe/Alberto_Ruiz_Gallardon/Alberto_Ruiz_Gallardon_0002.jpg,Alberto_Ruiz_Gallardon,Alberto_Ruiz_Gallardon,Alberto_Ruiz_Gallardon,1,1,0,True,True,both_correct,True,0.9999793767929077,0.251664,
probe/Albrecht_Mentz/Albrecht_Mentz_0002.jpg,Albrecht_Mentz,Albrecht_Mentz,Albrecht_Mentz,1,1,0,True,True,both_correct,True,0.9970574378967285,0.189888,
probe/Aldo_Paredes/Aldo_Paredes_0002.jpg,Aldo_Paredes,Michael_Chang,Harry_Schmidt,2,409,407,False,False,neither_correct,True,0.9999994039535522,0.175152,
probe/Alec_Baldwin/Alec_Baldwin_0002.jpg,Alec_Baldwin,Alec_Baldwin,Alec_Baldwin,1,1,0,True,True,both_correct,True,0.9999998807907104,0.262848,
probe/Alejandro_Atchugarry/Alejandro_Atchugarry_0002.jpg,Alejandro_Atchugarry,Alejandro_Atchugarry,Alejandro_Atchugarry,1,1,0,True,True,both_correct,True,0.9999983310699463,0.219184,
probe/Alejandro_Avila/Alejandro_Avila_0002.jpg,Alejandro_Avila,Alejandro_Avila,Alejandro_Avila,1,1,0,True,True,both_correct,True,0.999987006187439,0.232832,
probe/Alejandro_Toledo/Alejandro_Toledo_0002.jpg,Alejandro_Toledo,Alejandro_Toledo,Alejandro_Toledo,1,1,0,True,True,both_correct,True,0.9995263814926147,0.19968,
probe/Aleksander_Kwasniewski/Aleksander_Kwasniewski_0002.jpg,Aleksander_Kwasniewski,Aleksander_Kwasniewski,Aleksander_Kwasniewski,1,1,0,True,True,both_correct,True,0.999984860420227,0.2552,
probe/Alex_Barros/Alex_Barros_0002.jpg,Alex_Barros,Alex_Barros,Vincent_Brooks,1,3,2,True,False,cropping_hurts,True,0.9999951124191284,0.276624,
probe/Alex_Penelas/Alex_Penelas_0002.jpg,Alex_Penelas,Alex_Penelas,Alex_Penelas,1,1,0,True,True,both_correct,True,0.9985296726226807,0.233376,
probe/Alexander_Losyukov/Alexander_Losyukov_0002.jpg,Alexander_Losyukov,Alexander_Losyukov,Alexander_Losyukov,1,1,0,True,True,both_correct,True,0.9999951124191284,0.306544,
probe/Alexander_Rumyantsev/Alexander_Rumyantsev_0002.jpg,Alexander_Rumyantsev,Alexander_Rumyantsev,Alexander_Rumyantsev,1,1,0,True,True,both_correct,True,0.999907374382019,0.232368,
probe/Alexandra_Stevenson/Alexandra_Stevenson_0002.jpg,Alexandra_Stevenson,Alexandra_Stevenson,Alexandra_Stevenson,1,1,0,True,True,both_correct,True,0.9999998807907104,0.160992,
probe/Alexandra_Vodjanikova/Alexandra_Vodjanikova_0002.jpg,Alexandra_Vodjanikova,Alexandra_Vodjanikova,Alexandra_Vodjanikova,1,1,0,True,True,both_correct,True,0.999985933303833,0.277248,
probe/Ali_Abbas/Ali_Abbas_0002.jpg,Ali_Abbas,Ali_Abbas,Ali_Abbas,1,1,0,True,True,both_correct,True,0.9999948740005493,0.274176,
probe/Ali_Khamenei/Ali_Khamenei_0002.jpg,Ali_Khamenei,Ali_Khamenei,Ali_Khamenei,1,1,0,True,True,both_correct,True,0.9997833371162415,0.225984,
probe/Alice_Fisher/Alice_Fisher_0002.jpg,Alice_Fisher,Alice_Fisher,Alice_Fisher,1,1,0,True,True,both_correct,True,0.9999674558639526,0.220832,
probe/Alicia_Silverstone/Alicia_Silverstone_0002.jpg,Alicia_Silverstone,Alicia_Silverstone,Alicia_Silverstone,1,1,0,True,True,both_correct,True,0.9980306029319763,0.26576,
probe/Alimzhan_Tokhtakhounov/Alimzhan_Tokhtakhounov_0002.jpg,Alimzhan_Tokhtakhounov,Alimzhan_Tokhtakhounov,Alimzhan_Tokhtakhounov,1,1,0,True,True,both_correct,True,0.9999703168869019,0.210672,
probe/Alison_Lohman/Alison_Lohman_0002.jpg,Alison_Lohman,Alison_Lohman,Queen_Beatrix,1,960,959,True,False,cropping_hurts,True,0.9962844848632812,0.159488,
probe/Allen_Iverson/Allen_Iverson_0002.jpg,Allen_Iverson,Allen_Iverson,Allen_Iverson,1,1,0,True,True,both_correct,True,0.9997320771217346,0.295616,
probe/Allison_Janney/Allison_Janney_0002.jpg,Allison_Janney,Allison_Janney,Allison_Janney,1,1,0,True,True,both_correct,True,0.9992953538894653,0.236256,
probe/Alvaro_Noboa/Alvaro_Noboa_0002.jpg,Alvaro_Noboa,Alvaro_Noboa,Alvaro_Noboa,1,1,0,True,True,both_correct,True,0.9999980926513672,0.260832,
probe/Alvaro_Uribe/Alvaro_Uribe_0002.jpg,Alvaro_Uribe,Alvaro_Uribe,Alvaro_Uribe,1,1,0,True,True,both_correct,True,0.9999693632125854,0.221392,
probe/Amanda_Beard/Amanda_Beard_0002.jpg,Amanda_Beard,Amanda_Beard,Amanda_Beard,1,1,0,True,True,both_correct,True,0.9991790652275085,0.24824,
probe/Amanda_Coetzer/Amanda_Coetzer_0002.jpg,Amanda_Coetzer,Amanda_Coetzer,Amanda_Coetzer,1,1,0,True,True,both_correct,True,0.9999997615814209,0.197152,
probe/Amber_Tamblyn/Amber_Tamblyn_0002.jpg,Amber_Tamblyn,Amber_Tamblyn,Amber_Tamblyn,1,1,0,True,True,both_correct,True,0.9996683597564697,0.26624,
probe/Amelia_Vega/Amelia_Vega_0002.jpg,Amelia_Vega,Amelia_Vega,Amelia_Vega,1,1,0,True,True,both_correct,True,0.9999593496322632,0.25032,
probe/Amram_Mitzna/Amram_Mitzna_0002.jpg,Amram_Mitzna,Amram_Mitzna,Amram_Mitzna,1,1,0,True,True,both_correct,True,0.9999938011169434,0.213312,
probe/Anders_Ebbeson/Anders_Ebbeson_0002.jpg,Anders_Ebbeson,Anders_Ebbeson,Anders_Ebbeson,1,1,0,True,True,both_correct,True,0.9999963045120239,0.254016,
probe/Anders_Fogh_Rasmussen/Anders_Fogh_Rasmussen_0002.jpg,Anders_Fogh_Rasmussen,Anders_Fogh_Rasmussen,Anders_Fogh_Rasmussen,1,1,0,True,True,both_correct,True,0.9999189376831055,0.247104,
probe/Andrei_Mikhnevich/Andrei_Mikhnevich_0002.jpg,Andrei_Mikhnevich,Andrei_Mikhnevich,Andrei_Mikhnevich,1,1,0,True,True,both_correct,True,0.9999998807907104,0.22248,
probe/Andrew_Bunner/Andrew_Bunner_0002.jpg,Andrew_Bunner,Michael_Ballack,Andrew_Bunner,5,1,-4,False,True,cropping_helps,True,0.9997182488441467,0.235008,
probe/Andrew_Cuomo/Andrew_Cuomo_0002.jpg,Andrew_Cuomo,Alan_Mulally,Andrew_Cuomo,10,1,-9,False,True,cropping_helps,True,0.9999934434890747,0.2808,
probe/Andrew_Niccol/Andrew_Niccol_0002.jpg,Andrew_Niccol,Andrew_Niccol,Andrew_Niccol,1,1,0,True,True,both_correct,True,0.9999997615814209,0.218688,
probe/Andy_Hebb/Andy_Hebb_0002.jpg,Andy_Hebb,Andy_Hebb,Andy_Hebb,1,1,0,True,True,both_correct,True,0.9999891519546509,0.25944,
probe/Angela_Lansbury/Angela_Lansbury_0002.jpg,Angela_Lansbury,Angela_Lansbury,Angela_Lansbury,1,1,0,True,True,both_correct,True,0.9991973042488098,0.234544,
probe/Angelo_Reyes/Angelo_Reyes_0002.jpg,Angelo_Reyes,Angelo_Reyes,Angelo_Reyes,1,1,0,True,True,both_correct,True,0.999850869178772,0.207264,
probe/Anibal_Ibarra/Anibal_Ibarra_0002.jpg,Anibal_Ibarra,Anibal_Ibarra,Anibal_Ibarra,1,1,0,True,True,both_correct,True,0.9997114539146423,0.214176,
probe/Ann_Veneman/Ann_Veneman_0002.jpg,Ann_Veneman,Ann_Veneman,Ann_Veneman,1,1,0,True,True,both_correct,True,0.9999996423721313,0.232832,
probe/Anna_Kournikova/Anna_Kournikova_0002.jpg,Anna_Kournikova,Anna_Kournikova,Anna_Kournikova,1,1,0,True,True,both_correct,True,0.9987466335296631,0.2616,
probe/Anna_Nicole_Smith/Anna_Nicole_Smith_0002.jpg,Anna_Nicole_Smith,Elin_Nordegren,Anna_Nicole_Smith,3,1,-2,False,True,cropping_helps,True,0.9979444146156311,0.229408,
probe/Anneli_Jaatteenmaki/Anneli_Jaatteenmaki_0002.jpg,Anneli_Jaatteenmaki,Anneli_Jaatteenmaki,Anneli_Jaatteenmaki,1,1,0,True,True,both_correct,True,0.9999303817749023,0.24864,
probe/Annette_Bening/Annette_Bening_0002.jpg,Annette_Bening,Annette_Bening,Annette_Bening,1,1,0,True,True,both_correct,True,0.9999876022338867,0.2664,
probe/Annette_Lu/Annette_Lu_0002.jpg,Annette_Lu,Annette_Lu,Annette_Lu,1,1,0,True,True,both_correct,True,0.995699405670166,0.244224,
probe/Anthony_Fauci/Anthony_Fauci_0002.jpg,Anthony_Fauci,Anthony_Fauci,Anthony_Fauci,1,1,0,True,True,both_correct,True,0.9998558759689331,0.210672,
probe/Anthony_Hopkins/Anthony_Hopkins_0002.jpg,Anthony_Hopkins,Anthony_Hopkins,Anthony_Hopkins,1,1,0,True,True,both_correct,True,0.9999948740005493,0.252672,
probe/Anthony_LaPaglia/Anthony_LaPaglia_0002.jpg,Anthony_LaPaglia,Anthony_LaPaglia,Anthony_LaPaglia,1,1,0,True,True,both_correct,True,0.999995231628418,0.21816,
probe/Antonio_Banderas/Antonio_Banderas_0002.jpg,Antonio_Banderas,Antonio_Banderas,Eric_Clapton,1,590,589,True,False,cropping_hurts,True,0.9989315867424011,0.159744,
probe/Antony_Leung/Antony_Leung_0002.jpg,Antony_Leung,Antony_Leung,Antony_Leung,1,1,0,True,True,both_correct,True,0.9999842643737793,0.246528,
probe/Anwar_Ibrahim/Anwar_Ibrahim_0002.jpg,Anwar_Ibrahim,Anwar_Ibrahim,Anwar_Ibrahim,1,1,0,True,True,both_correct,True,0.9999206066131592,0.25168,
probe/Arantxa_Sanchez-Vicario/Arantxa_Sanchez-Vicario_0002.jpg,Arantxa_Sanchez-Vicario,Arantxa_Sanchez-Vicario,Arantxa_Sanchez-Vicario,1,1,0,True,True,both_correct,True,0.9999983310699463,0.24192,
probe/Arianna_Huffington/Arianna_Huffington_0002.jpg,Arianna_Huffington,Arianna_Huffington,Arianna_Huffington,1,1,0,True,True,both_correct,True,0.9999628067016602,0.264624,
probe/Arlen_Specter/Arlen_Specter_0002.jpg,Arlen_Specter,Arlen_Specter,Arlen_Specter,1,1,0,True,True,both_correct,True,0.999241828918457,0.221952,
probe/Arnaud_Clement/Arnaud_Clement_0002.jpg,Arnaud_Clement,Arnaud_Clement,Arnaud_Clement,1,1,0,True,True,both_correct,True,0.9999905824661255,0.192,
probe/Arnold_Palmer/Arnold_Palmer_0002.jpg,Arnold_Palmer,Arnold_Palmer,Arnold_Palmer,1,1,0,True,True,both_correct,True,0.9999451637268066,0.243648,
probe/Aron_Ralston/Aron_Ralston_0002.jpg,Aron_Ralston,Aron_Ralston,Aron_Ralston,1,1,0,True,True,both_correct,True,0.999995231628418,0.398272,
probe/Arsinee_Khanjian/Arsinee_Khanjian_0002.jpg,Arsinee_Khanjian,Arsinee_Khanjian,Arsinee_Khanjian,1,1,0,True,True,both_correct,True,0.9999890327453613,0.226512,
probe/Art_Hoffmann/Art_Hoffmann_0002.jpg,Art_Hoffmann,Art_Hoffmann,Art_Hoffmann,1,1,0,True,True,both_correct,True,0.9999855756759644,0.24192,
probe/Art_Howe/Art_Howe_0002.jpg,Art_Howe,Art_Howe,Art_Howe,1,1,0,True,True,both_correct,True,0.9999699592590332,0.261632,
probe/Arye_Mekel/Arye_Mekel_0002.jpg,Arye_Mekel,Arye_Mekel,Arye_Mekel,1,1,0,True,True,both_correct,True,0.9999932050704956,0.201536,
probe/Asa_Hutchinson/Asa_Hutchinson_0002.jpg,Asa_Hutchinson,Geoff_Hoon,Asa_Hutchinson,10,1,-9,False,True,cropping_helps,True,0.9999266862869263,0.235664,
probe/Ashanti/Ashanti_0002.jpg,Ashanti,Ashanti,Ashanti,1,1,0,True,True,both_correct,True,0.9999977350234985,0.27784,
probe/Augustin_Calleri/Augustin_Calleri_0002.jpg,Augustin_Calleri,Augustin_Calleri,Augustin_Calleri,1,1,0,True,True,both_correct,True,0.9999997615814209,0.23184,
probe/Augusto_Pinochet/Augusto_Pinochet_0002.jpg,Augusto_Pinochet,Augusto_Pinochet,Augusto_Pinochet,1,1,0,True,True,both_correct,True,0.9999022483825684,0.213792,
probe/Augusto_Roa_Bastos/Augusto_Roa_Bastos_0002.jpg,Augusto_Roa_Bastos,Ishaq_Shahryar,Augusto_Roa_Bastos,2,1,-1,False,True,cropping_helps,True,0.99996018409729,0.214928,
probe/Aung_San_Suu_Kyi/Aung_San_Suu_Kyi_0002.jpg,Aung_San_Suu_Kyi,Aung_San_Suu_Kyi,Aung_San_Suu_Kyi,1,1,0,True,True,both_correct,True,0.9999641180038452,0.232832,
probe/Barbara_Brezigar/Barbara_Brezigar_0002.jpg,Barbara_Brezigar,Kathleen_Kennedy_Townsend,Barbara_Brezigar,2,1,-1,False,True,cropping_helps,True,0.9999639987945557,0.26048,
probe/Barbara_Walters/Barbara_Walters_0002.jpg,Barbara_Walters,Barbara_Walters,Barbara_Walters,1,1,0,True,True,both_correct,True,0.9999873638153076,0.247104,
probe/Barbra_Streisand/Barbra_Streisand_0002.jpg,Barbra_Streisand,Barbra_Streisand,Barbra_Streisand,1,1,0,True,True,both_correct,True,0.9999467134475708,0.23856,
probe/Barrett_Jackman/Barrett_Jackman_0002.jpg,Barrett_Jackman,Barrett_Jackman,Barrett_Jackman,1,1,0,True,True,both_correct,True,0.999988317489624,0.237312,
probe/Barry_Alvarez/Barry_Alvarez_0002.jpg,Barry_Alvarez,Barry_Alvarez,Barry_Alvarez,1,1,0,True,True,both_correct,True,0.9999973773956299,0.287328,
probe/Barry_Zito/Barry_Zito_0002.jpg,Barry_Zito,Phil_Mickelson,Barry_Zito,134,1,-133,False,True,cropping_helps,True,0.9999818801879883,0.224128,
probe/Bashar_Assad/Bashar_Assad_0002.jpg,Bashar_Assad,Bashar_Assad,Bashar_Assad,1,1,0,True,True,both_correct,True,0.999976396560669,0.168432,
probe/Begum_Khaleda_Zia/Begum_Khaleda_Zia_0002.jpg,Begum_Khaleda_Zia,Intisar_Ajouri,Begum_Khaleda_Zia,3,1,-2,False,True,cropping_helps,True,0.9999674558639526,0.244016,
probe/Ben_Curtis/Ben_Curtis_0002.jpg,Ben_Curtis,Ben_Curtis,Ben_Curtis,1,1,0,True,True,both_correct,True,0.9999942779541016,0.340704,
probe/Ben_Glisan/Ben_Glisan_0002.jpg,Ben_Glisan,Ben_Glisan,Ben_Glisan,1,1,0,True,True,both_correct,True,0.9999610185623169,0.215424,
probe/Benazir_Bhutto/Benazir_Bhutto_0002.jpg,Benazir_Bhutto,Benazir_Bhutto,Benazir_Bhutto,1,1,0,True,True,both_correct,True,0.9998155236244202,0.20064,
probe/Benjamin_Netanyahu/Benjamin_Netanyahu_0002.jpg,Benjamin_Netanyahu,Benjamin_Netanyahu,Benjamin_Netanyahu,1,1,0,True,True,both_correct,True,0.9999988079071045,0.217536,
probe/Bernard_Landry/Bernard_Landry_0002.jpg,Bernard_Landry,Bernard_Landry,Bernard_Landry,1,1,0,True,True,both_correct,True,0.9998138546943665,0.25872,
probe/Bernard_Lord/Bernard_Lord_0002.jpg,Bernard_Lord,Alvaro_Uribe,Bernard_Lord,2,1,-1,False,True,cropping_helps,True,0.9999552965164185,0.213792,
probe/Bernardo_Segura/Bernardo_Segura_0002.jpg,Bernardo_Segura,Bernardo_Segura,Bernardo_Segura,1,1,0,True,True,both_correct,True,0.9997172951698303,0.212624,
probe/Bertrand_Bonello/Bertrand_Bonello_0002.jpg,Bertrand_Bonello,Bertrand_Bonello,Bertrand_Bonello,1,1,0,True,True,both_correct,True,0.9997698664665222,0.23688,
probe/Beth_Jones/Beth_Jones_0002.jpg,Beth_Jones,Lindsay_Davenport,Patty_Schnyder,16,3,-13,False,False,neither_correct,True,0.999981164932251,0.26864,
probe/Betsy_Smith/Betsy_Smith_0002.jpg,Betsy_Smith,Betsy_Smith,Betsy_Smith,1,1,0,True,True,both_correct,True,0.9947497248649597,0.19968,
probe/Bijan_Namdar_Zangeneh/Bijan_Namdar_Zangeneh_0002.jpg,Bijan_Namdar_Zangeneh,Bijan_Namdar_Zangeneh,Bijan_Namdar_Zangeneh,1,1,0,True,True,both_correct,True,0.9993399977684021,0.226848,
probe/Biljana_Plavsic/Biljana_Plavsic_0002.jpg,Biljana_Plavsic,Biljana_Plavsic,Biljana_Plavsic,1,1,0,True,True,both_correct,True,0.9999997615814209,0.215424,
probe/Bill_Belichick/Bill_Belichick_0002.jpg,Bill_Belichick,Bill_Belichick,Bill_Belichick,1,1,0,True,True,both_correct,True,0.9999860525131226,0.23856,
probe/Bill_Callahan/Bill_Callahan_0002.jpg,Bill_Callahan,Bill_Callahan,Bill_Callahan,1,1,0,True,True,both_correct,True,0.999472439289093,0.23016,
probe/Bill_Frist/Bill_Frist_0002.jpg,Bill_Frist,Bill_Frist,Bill_Frist,1,1,0,True,True,both_correct,True,0.9999521970748901,0.207968,
probe/Bill_Gates/Bill_Gates_0002.jpg,Bill_Gates,Bill_Gates,Bill_Gates,1,1,0,True,True,both_correct,True,0.9999771118164062,0.213792,
probe/Bill_Graham/Bill_Graham_0002.jpg,Bill_Graham,Bill_Graham,Bill_Graham,1,1,0,True,True,both_correct,True,0.9999676942825317,0.222976,
probe/Bill_Nelson/Bill_Nelson_0002.jpg,Bill_Nelson,Bill_Nelson,Bill_Nelson,1,1,0,True,True,both_correct,True,0.9999978542327881,0.24824,
probe/Bill_Parcells/Bill_Parcells_0002.jpg,Bill_Parcells,Bill_Parcells,Bill_Parcells,1,1,0,True,True,both_correct,True,0.9999710321426392,0.302736,
probe/Bill_Simon/Bill_Simon_0002.jpg,Bill_Simon,Bill_Simon,Bill_Simon,1,1,0,True,True,both_correct,True,0.9999871253967285,0.276624,
probe/Bill_Sizemore/Bill_Sizemore_0002.jpg,Bill_Sizemore,Bill_Sizemore,Bill_Sizemore,1,1,0,True,True,both_correct,True,0.999997615814209,0.231744,
probe/Billy_Graham/Billy_Graham_0002.jpg,Billy_Graham,John_Rigas,Billy_Graham,4,1,-3,False,True,cropping_helps,True,0.999982476234436,0.225216,
probe/Billy_Sollie/Billy_Sollie_0002.jpg,Billy_Sollie,Billy_Sollie,Billy_Sollie,1,1,0,True,True,both_correct,True,0.9999042749404907,0.282384,
probe/Blythe_Danner/Blythe_Danner_0002.jpg,Blythe_Danner,Debra_Brown,Blythe_Danner,2,1,-1,False,True,cropping_helps,True,0.9998112320899963,0.2808,
probe/Blythe_Hartley/Blythe_Hartley_0002.jpg,Blythe_Hartley,Blythe_Hartley,Blythe_Hartley,1,1,0,True,True,both_correct,True,0.9982889294624329,0.258048,
probe/Bo_Pelini/Bo_Pelini_0002.jpg,Bo_Pelini,Bo_Pelini,Bo_Pelini,1,1,0,True,True,both_correct,True,0.9996620416641235,0.26544,
probe/Bo_Ryan/Bo_Ryan_0002.jpg,Bo_Ryan,Bo_Ryan,Bo_Ryan,1,1,0,True,True,both_correct,True,0.998650848865509,0.24816,
probe/Bob_Beauprez/Bob_Beauprez_0002.jpg,Bob_Beauprez,Bob_Beauprez,Bob_Beauprez,1,1,0,True,True,both_correct,True,0.9996626377105713,0.289536,
probe/Bob_Colvin/Bob_Colvin_0002.jpg,Bob_Colvin,Bob_Colvin,Bob_Colvin,1,1,0,True,True,both_correct,True,0.9999735355377197,0.25032,
probe/Bob_Geldof/Bob_Geldof_0002.jpg,Bob_Geldof,Bob_Geldof,Bob_Geldof,1,1,0,True,True,both_correct,True,0.9999700784683228,0.269392,
probe/Bob_Hope/Bob_Hope_0002.jpg,Bob_Hope,Bob_Hope,Bob_Hope,1,1,0,True,True,both_correct,True,0.9999104738235474,0.247696,
probe/Bobby_Goldwater/Bobby_Goldwater_0002.jpg,Bobby_Goldwater,Bobby_Goldwater,Bobby_Goldwater,1,1,0,True,True,both_correct,True,0.9999969005584717,0.195776,
probe/Bobby_Robson/Bobby_Robson_0002.jpg,Bobby_Robson,Bobby_Robson,Bobby_Robson,1,1,0,True,True,both_correct,True,0.9999679327011108,0.23184,
probe/Bode_Miller/Bode_Miller_0002.jpg,Bode_Miller,Bode_Miller,Bode_Miller,1,1,0,True,True,both_correct,True,0.9999549388885498,0.2376,
probe/Boris_Becker/Boris_Becker_0002.jpg,Boris_Becker,Boris_Becker,Boris_Becker,1,1,0,True,True,both_correct,True,0.9999988079071045,0.225776,
probe/Boris_Berezovsky/Boris_Berezovsky_0002.jpg,Boris_Berezovsky,Boris_Berezovsky,Boris_Berezovsky,1,1,0,True,True,both_correct,True,0.9999029636383057,0.244816,
probe/Boris_Yeltsin/Boris_Yeltsin_0002.jpg,Boris_Yeltsin,Boris_Yeltsin,John_Rowland,1,752,751,True,False,cropping_hurts,True,0.9272382855415344,0.193104,
probe/Brad_Johnson/Brad_Johnson_0002.jpg,Brad_Johnson,Brad_Johnson,Brad_Johnson,1,1,0,True,True,both_correct,True,0.9999686479568481,0.21816,
probe/Branko_Crvenkovski/Branko_Crvenkovski_0002.jpg,Branko_Crvenkovski,Branko_Crvenkovski,Branko_Crvenkovski,1,1,0,True,True,both_correct,True,0.9999874830245972,0.280256,
probe/Brendan_Hansen/Brendan_Hansen_0002.jpg,Brendan_Hansen,Brendan_Hansen,Brendan_Hansen,1,1,0,True,True,both_correct,True,0.999997615814209,0.2568,
probe/Brian_Cowen/Brian_Cowen_0002.jpg,Brian_Cowen,Brian_Cowen,Brian_Cowen,1,1,0,True,True,both_correct,True,0.9999997615814209,0.219648,
probe/Brian_Griese/Brian_Griese_0002.jpg,Brian_Griese,Brian_Griese,Brian_Griese,1,1,0,True,True,both_correct,True,0.9999983310699463,0.288192,
probe/Brian_Heidik/Brian_Heidik_0002.jpg,Brian_Heidik,Brendan_Hansen,Brian_Heidik,6,1,-5,False,True,cropping_helps,True,0.9999603033065796,0.265088,
probe/Brian_Mulroney/Brian_Mulroney_0002.jpg,Brian_Mulroney,Brian_Mulroney,Brian_Mulroney,1,1,0,True,True,both_correct,True,0.9999998807907104,0.229632,
probe/Brian_Wells/Brian_Wells_0002.jpg,Brian_Wells,David_Trimble,Brian_Wells,17,1,-16,False,True,cropping_helps,True,0.9999706745147705,0.201168,
probe/Bridget_Fonda/Bridget_Fonda_0002.jpg,Bridget_Fonda,Bridget_Fonda,Bridget_Fonda,1,1,0,True,True,both_correct,True,0.9991377592086792,0.23664,
probe/Brigitte_Boisselier/Brigitte_Boisselier_0002.jpg,Brigitte_Boisselier,Brigitte_Boisselier,Brigitte_Boisselier,1,1,0,True,True,both_correct,True,0.9999831914901733,0.266304,
probe/Brooke_Shields/Brooke_Shields_0002.jpg,Brooke_Shields,Brooke_Shields,Brooke_Shields,1,1,0,True,True,both_correct,True,0.9996358156204224,0.27776,
probe/Bruce_Van_De_Velde/Bruce_Van_De_Velde_0002.jpg,Bruce_Van_De_Velde,Bruce_Van_De_Velde,Bruce_Van_De_Velde,1,1,0,True,True,both_correct,True,0.9999997615814209,0.258544,
probe/Bruce_Weber/Bruce_Weber_0002.jpg,Bruce_Weber,Bruce_Weber,Bruce_Weber,1,1,0,True,True,both_correct,True,0.9999966621398926,0.300384,
probe/Bud_Selig/Bud_Selig_0002.jpg,Bud_Selig,Bud_Selig,Bud_Selig,1,1,0,True,True,both_correct,True,0.9999250173568726,0.221392,
probe/Butch_Davis/Butch_Davis_0002.jpg,Butch_Davis,Geoff_Hoon,Butch_Davis,2,1,-1,False,True,cropping_helps,True,0.9999963045120239,0.235936,
probe/Byron_Scott/Byron_Scott_0002.jpg,Byron_Scott,Byron_Scott,Byron_Scott,1,1,0,True,True,both_correct,True,0.9999450445175171,0.231744,
probe/Cameron_Diaz/Cameron_Diaz_0002.jpg,Cameron_Diaz,Cameron_Diaz,Cameron_Diaz,1,1,0,True,True,both_correct,True,0.9999827146530151,0.296704,
probe/Camilla_Parker_Bowles/Camilla_Parker_Bowles_0002.jpg,Camilla_Parker_Bowles,Camilla_Parker_Bowles,Ozzy_Osbourne,1,671,670,True,False,cropping_hurts,True,0.9999579191207886,0.27232,
probe/Candie_Kung/Candie_Kung_0002.jpg,Candie_Kung,Candie_Kung,Candie_Kung,1,1,0,True,True,both_correct,True,0.9998859167098999,0.228096,
probe/Carl_Reiner/Carl_Reiner_0002.jpg,Carl_Reiner,Carl_Reiner,Carl_Reiner,1,1,0,True,True,both_correct,True,0.999990701675415,0.303264,
probe/Carla_Myers/Carla_Myers_0002.jpg,Carla_Myers,Carla_Myers,Carla_Myers,1,1,0,True,True,both_correct,True,0.9999634027481079,0.26448,
probe/Carlo_Ancelotti/Carlo_Ancelotti_0002.jpg,Carlo_Ancelotti,Carlo_Ancelotti,Carlo_Ancelotti,1,1,0,True,True,both_correct,True,0.9999991655349731,0.224272,
probe/Carlos_Bianchi/Carlos_Bianchi_0002.jpg,Carlos_Bianchi,Carlos_Bianchi,Nabil_Shaath,1,2,1,True,False,cropping_hurts,True,0.9993263483047485,0.2436,
probe/Carlos_Ghosn/Carlos_Ghosn_0002.jpg,Carlos_Ghosn,Carlos_Ghosn,Carlos_Ghosn,1,1,0,True,True,both_correct,True,0.9999991655349731,0.245552,
probe/Carlos_Manuel_Pruneda/Carlos_Manuel_Pruneda_0002.jpg,Carlos_Manuel_Pruneda,Carlos_Manuel_Pruneda,Carlos_Manuel_Pruneda,1,1,0,True,True,both_correct,True,0.9999556541442871,0.2688,
probe/Carlos_Mesa/Carlos_Mesa_0002.jpg,Carlos_Mesa,Carlos_Mesa,Carlos_Mesa,1,1,0,True,True,both_correct,True,0.9999985694885254,0.2268,
probe/Carlos_Quintanilla_Schmidt/Carlos_Quintanilla_Schmidt_0002.jpg,Carlos_Quintanilla_Schmidt,Carlos_Quintanilla_Schmidt,Carlos_Quintanilla_Schmidt,1,1,0,True,True,both_correct,True,0.9999927282333374,0.216384,
probe/Carmen_Electra/Carmen_Electra_0002.jpg,Carmen_Electra,Carmen_Electra,Carmen_Electra,1,1,0,True,True,both_correct,True,0.9999986886978149,0.2464,
probe/Carol_Burnett/Carol_Burnett_0002.jpg,Carol_Burnett,Carol_Burnett,Carol_Burnett,1,1,0,True,True,both_correct,True,0.9996784925460815,0.235744,
probe/Carol_Moseley_Braun/Carol_Moseley_Braun_0002.jpg,Carol_Moseley_Braun,Carol_Moseley_Braun,Carol_Moseley_Braun,1,1,0,True,True,both_correct,True,0.999998927116394,0.282048,
probe/Carolina_Moraes/Carolina_Moraes_0002.jpg,Carolina_Moraes,Carolina_Moraes,Carolina_Moraes,1,1,0,True,True,both_correct,True,0.9999881982803345,0.2728,
probe/Carolyn_Dawn_Johnson/Carolyn_Dawn_Johnson_0002.jpg,Carolyn_Dawn_Johnson,Carolyn_Dawn_Johnson,Carolyn_Dawn_Johnson,1,1,0,True,True,both_correct,True,0.999859094619751,0.234048,
probe/Carson_Daly/Carson_Daly_0002.jpg,Carson_Daly,Carson_Daly,Carson_Daly,1,1,0,True,True,both_correct,True,0.9999874830245972,0.2472,
probe/Cathy_Freeman/Cathy_Freeman_0002.jpg,Cathy_Freeman,Cathy_Freeman,Cathy_Freeman,1,1,0,True,True,both_correct,True,0.9998712539672852,0.221312,
probe/Celine_Dion/Celine_Dion_0002.jpg,Celine_Dion,Celine_Dion,Celine_Dion,1,1,0,True,True,both_correct,True,0.9990389347076416,0.270592,
probe/Celso_Amorim/Celso_Amorim_0002.jpg,Celso_Amorim,Ali_Khamenei,Celso_Amorim,3,1,-2,False,True,cropping_helps,True,0.9936269521713257,0.178112,
probe/Cesar_Maia/Cesar_Maia_0002.jpg,Cesar_Maia,Costas_Simitis,Cesar_Maia,15,1,-14,False,True,cropping_helps,True,0.9998767375946045,0.31096,
probe/Chakib_Khelil/Chakib_Khelil_0002.jpg,Chakib_Khelil,Chakib_Khelil,Chakib_Khelil,1,1,0,True,True,both_correct,True,0.9988135099411011,0.234016,
probe/Chanda_Rubin/Chanda_Rubin_0002.jpg,Chanda_Rubin,Chanda_Rubin,Chanda_Rubin,1,1,0,True,True,both_correct,True,0.9999949932098389,0.2568,
probe/Chang_Dae-whan/Chang_Dae-whan_0002.jpg,Chang_Dae-whan,Chang_Dae-whan,Chang_Dae-whan,1,1,0,True,True,both_correct,True,0.9998660087585449,0.193648,
probe/Charles_Grassley/Charles_Grassley_0002.jpg,Charles_Grassley,Costas_Simitis,Alejandro_Toledo,11,84,73,False,False,neither_correct,True,0.9999934434890747,0.273504,
probe/Charles_Kartman/Charles_Kartman_0002.jpg,Charles_Kartman,Li_Peng,Charles_Kartman,32,1,-31,False,True,cropping_helps,True,0.9999942779541016,0.26048,
probe/Charles_Mathews/Charles_Mathews_0002.jpg,Charles_Mathews,Charles_Mathews,Charles_Mathews,1,1,0,True,True,both_correct,True,0.9999887943267822,0.274752,
probe/Charles_Schumer/Charles_Schumer_0002.jpg,Charles_Schumer,Cesar_Maia,Martin_Brodeur,4,239,235,False,False,neither_correct,True,0.9999837875366211,0.2688,
probe/Charlie_Zaa/Charlie_Zaa_0002.jpg,Charlie_Zaa,Kalpana_Chawla,Charlie_Zaa,2,1,-1,False,True,cropping_helps,True,0.9999932050704956,0.212256,
probe/Charlotte_Rampling/Charlotte_Rampling_0002.jpg,Charlotte_Rampling,Anneli_Jaatteenmaki,Katie_Harman,10,638,628,False,False,neither_correct,True,0.9999982118606567,0.224688,
probe/Charlton_Heston/Charlton_Heston_0002.jpg,Charlton_Heston,Charlton_Heston,Charlton_Heston,1,1,0,True,True,both_correct,True,0.9990541338920593,0.210528,
probe/Chen_Liang_Yu/Chen_Liang_Yu_0002.jpg,Chen_Liang_Yu,Chen_Liang_Yu,Chen_Liang_Yu,1,1,0,True,True,both_correct,True,0.9999908208847046,0.2064,
probe/Chita_Rivera/Chita_Rivera_0002.jpg,Chita_Rivera,Chita_Rivera,Chita_Rivera,1,1,0,True,True,both_correct,True,0.991713285446167,0.267264,
probe/Chok_Tong_Goh/Chok_Tong_Goh_0002.jpg,Chok_Tong_Goh,Ferenc_Madl,Chok_Tong_Goh,10,1,-9,False,True,cropping_helps,True,0.9998700618743896,0.254624,
probe/Chris_Bell/Chris_Bell_0002.jpg,Chris_Bell,Chris_Bell,Chris_Bell,1,1,0,True,True,both_correct,True,0.9999991655349731,0.225984,
probe/Chris_Byrd/Chris_Byrd_0002.jpg,Chris_Byrd,Chris_Byrd,Chris_Byrd,1,1,0,True,True,both_correct,True,0.9999958276748657,0.301392,
probe/Chris_Cooper/Chris_Cooper_0002.jpg,Chris_Cooper,Chris_Cooper,Chris_Cooper,1,1,0,True,True,both_correct,True,0.9999772310256958,0.227968,
probe/Chris_Rock/Chris_Rock_0002.jpg,Chris_Rock,Chris_Rock,Chris_Rock,1,1,0,True,True,both_correct,True,0.9998143315315247,0.187792,
probe/Chris_Tucker/Chris_Tucker_0002.jpg,Chris_Tucker,Chris_Tucker,Chris_Tucker,1,1,0,True,True,both_correct,True,0.9999958276748657,0.257792,
probe/Christian_Fittipaldi/Christian_Fittipaldi_0002.jpg,Christian_Fittipaldi,Justin_Leonard,Christian_Fittipaldi,23,1,-22,False,True,cropping_helps,True,0.9993368983268738,0.264,
probe/Christian_Wulff/Christian_Wulff_0002.jpg,Christian_Wulff,Christian_Wulff,Christian_Wulff,1,1,0,True,True,both_correct,True,0.999957799911499,0.226848,
probe/Christina_Aguilera/Christina_Aguilera_0002.jpg,Christina_Aguilera,Christina_Aguilera,Christina_Aguilera,1,1,0,True,True,both_correct,True,0.9991275668144226,0.291312,
probe/Christine_Ebersole/Christine_Ebersole_0002.jpg,Christine_Ebersole,Meryl_Streep,Christine_Ebersole,2,1,-1,False,True,cropping_helps,True,0.9998875856399536,0.240672,
probe/Christine_Gregoire/Christine_Gregoire_0002.jpg,Christine_Gregoire,Christine_Gregoire,Christine_Gregoire,1,1,0,True,True,both_correct,True,0.9999997615814209,0.213312,
probe/Christopher_Patten/Christopher_Patten_0002.jpg,Christopher_Patten,Christopher_Patten,Christopher_Patten,1,1,0,True,True,both_correct,True,0.9999903440475464,0.24824,
probe/Christopher_Walken/Christopher_Walken_0002.jpg,Christopher_Walken,Christopher_Walken,Christopher_Walken,1,1,0,True,True,both_correct,True,0.99994957447052,0.258048,
probe/Chuck_Amato/Chuck_Amato_0002.jpg,Chuck_Amato,Chuck_Amato,Chuck_Amato,1,1,0,True,True,both_correct,True,0.99993896484375,0.205824,
probe/Chuck_Yeager/Chuck_Yeager_0002.jpg,Chuck_Yeager,Chuck_Yeager,Chuck_Yeager,1,1,0,True,True,both_correct,True,0.999774158000946,0.401568,
probe/Chung_Mong-hun/Chung_Mong-hun_0002.jpg,Chung_Mong-hun,Antony_Leung,Chung_Mong-hun,10,1,-9,False,True,cropping_helps,True,0.9998281002044678,0.2144,
probe/Chung_Mong-joon/Chung_Mong-joon_0002.jpg,Chung_Mong-joon,Chung_Mong-joon,Chung_Mong-joon,1,1,0,True,True,both_correct,True,0.9998786449432373,0.2336,
probe/Cindy_Margolis/Cindy_Margolis_0002.jpg,Cindy_Margolis,Cindy_Margolis,Cindy_Margolis,1,1,0,True,True,both_correct,True,0.999693751335144,0.212256,
probe/Claire_Danes/Claire_Danes_0002.jpg,Claire_Danes,Natalie_Maines,Claire_Danes,2,1,-1,False,True,cropping_helps,True,0.9997997879981995,0.2464,
probe/Claire_Hentzen/Claire_Hentzen_0002.jpg,Claire_Hentzen,Claire_Hentzen,Claire_Hentzen,1,1,0,True,True,both_correct,True,0.9998403787612915,0.265776,
probe/Claire_Leger/Claire_Leger_0002.jpg,Claire_Leger,Claire_Leger,Claire_Leger,1,1,0,True,True,both_correct,True,0.9999998807907104,0.205632,
probe/Colin_Jackson/Colin_Jackson_0002.jpg,Colin_Jackson,Colin_Jackson,Colin_Jackson,1,1,0,True,True,both_correct,True,0.9998871088027954,0.23688,
probe/Conchita_Martinez/Conchita_Martinez_0002.jpg,Conchita_Martinez,Conchita_Martinez,Conchita_Martinez,1,1,0,True,True,both_correct,True,0.9999850988388062,0.2032,
probe/Coretta_Scott_King/Coretta_Scott_King_0002.jpg,Coretta_Scott_King,Coretta_Scott_King,Coretta_Scott_King,1,1,0,True,True,both_correct,True,0.9999988079071045,0.210672,
probe/Corinne_Coman/Corinne_Coman_0002.jpg,Corinne_Coman,Corinne_Coman,Corinne_Coman,1,1,0,True,True,both_correct,True,0.9985411167144775,0.231744,
probe/Costas_Simitis/Costas_Simitis_0002.jpg,Costas_Simitis,Costas_Simitis,Costas_Simitis,1,1,0,True,True,both_correct,True,0.9999145269393921,0.223584,
probe/Courtney_Love/Courtney_Love_0002.jpg,Courtney_Love,Michelle_Pfeiffer,Courtney_Love,86,1,-85,False,True,cropping_helps,True,0.9946278929710388,0.26288,
probe/Cristina_Fernandez/Cristina_Fernandez_0002.jpg,Cristina_Fernandez,Justine_Henin,Chita_Rivera,88,251,163,False,False,neither_correct,True,0.9994465708732605,0.25536,
probe/Cristina_Saralegui/Cristina_Saralegui_0002.jpg,Cristina_Saralegui,Cristina_Saralegui,Cristina_Saralegui,1,1,0,True,True,both_correct,True,0.9923684000968933,0.261072,
probe/Cruz_Bustamante/Cruz_Bustamante_0002.jpg,Cruz_Bustamante,Cruz_Bustamante,Cruz_Bustamante,1,1,0,True,True,both_correct,True,0.9999791383743286,0.249392,
probe/Cyndi_Thompson/Cyndi_Thompson_0002.jpg,Cyndi_Thompson,Cyndi_Thompson,Cyndi_Thompson,1,1,0,True,True,both_correct,True,0.9993534684181213,0.29624,
probe/Dai_Bachtiar/Dai_Bachtiar_0002.jpg,Dai_Bachtiar,Dai_Bachtiar,Dai_Bachtiar,1,1,0,True,True,both_correct,True,0.999996542930603,0.23296,
probe/Daisy_Fuentes/Daisy_Fuentes_0002.jpg,Daisy_Fuentes,Daisy_Fuentes,Daisy_Fuentes,1,1,0,True,True,both_correct,True,0.9993742108345032,0.23432,
probe/Dalai_Lama/Dalai_Lama_0002.jpg,Dalai_Lama,Dalai_Lama,Dalai_Lama,1,1,0,True,True,both_correct,True,0.9998472929000854,0.17712,
probe/Dale_Earnhardt_Jr/Dale_Earnhardt_Jr_0002.jpg,Dale_Earnhardt_Jr,Dale_Earnhardt_Jr,Dale_Earnhardt_Jr,1,1,0,True,True,both_correct,True,0.9999208450317383,0.252192,
probe/Damon_van_Dam/Damon_van_Dam_0002.jpg,Damon_van_Dam,Damon_van_Dam,Damon_van_Dam,1,1,0,True,True,both_correct,True,0.9999982118606567,0.23744,
probe/Dan_Wheldon/Dan_Wheldon_0002.jpg,Dan_Wheldon,Brendan_Hansen,Mike_Weir,37,741,704,False,False,neither_correct,True,0.9999901056289673,0.26432,
probe/Daniel_Day-Lewis/Daniel_Day-Lewis_0002.jpg,Daniel_Day-Lewis,Daniel_Day-Lewis,Daniel_Day-Lewis,1,1,0,True,True,both_correct,True,0.9988446235656738,0.2736,
probe/Daniela_Hantuchova/Daniela_Hantuchova_0002.jpg,Daniela_Hantuchova,Daniela_Hantuchova,Daniela_Hantuchova,1,1,0,True,True,both_correct,True,0.9999814033508301,0.210944,
probe/Darrell_Issa/Darrell_Issa_0002.jpg,Darrell_Issa,Darrell_Issa,Darrell_Issa,1,1,0,True,True,both_correct,True,0.9999990463256836,0.240832,
probe/Darrell_Porter/Darrell_Porter_0002.jpg,Darrell_Porter,John_F_Kennedy_Jr,Darrell_Porter,3,1,-2,False,True,cropping_helps,True,0.9964004755020142,0.251312,
probe/Darren_Clarke/Darren_Clarke_0002.jpg,Darren_Clarke,Derek_Lowe,Darren_Clarke,11,1,-10,False,True,cropping_helps,True,0.9999469518661499,0.166656,
probe/Daryl_Hannah/Daryl_Hannah_0002.jpg,Daryl_Hannah,Doris_Schroeder,Daryl_Hannah,5,1,-4,False,True,cropping_helps,True,0.9995699524879456,0.23296,
probe/Dave_Campo/Dave_Campo_0002.jpg,Dave_Campo,Dave_Campo,Dave_Campo,1,1,0,True,True,both_correct,True,0.9999960660934448,0.24128,
probe/David_Bell/David_Bell_0002.jpg,David_Bell,David_Bell,David_Bell,1,1,0,True,True,both_correct,True,0.9998664855957031,0.22848,
probe/David_Caraway/David_Caraway_0002.jpg,David_Caraway,David_Caraway,David_Caraway,1,1,0,True,True,both_correct,True,0.9999951124191284,0.25056,
probe/David_Coulthard/David_Coulthard_0002.jpg,David_Coulthard,David_Coulthard,David_Coulthard,1,1,0,True,True,both_correct,True,0.9999892711639404,0.254928,
probe/David_Dodge/David_Dodge_0002.jpg,David_Dodge,David_Dodge,David_Dodge,1,1,0,True,True,both_correct,True,0.9998778104782104,0.252928,
probe/David_Heyman/David_Heyman_0002.jpg,David_Heyman,David_Heyman,David_Heyman,1,1,0,True,True,both_correct,True,0.9999440908432007,0.2688,
probe/David_Heymann/David_Heymann_0002.jpg,David_Heymann,David_Heymann,David_Heymann,1,1,0,True,True,both_correct,True,0.9999616146087646,0.221392,
probe/David_Kelley/David_Kelley_0002.jpg,David_Kelley,David_Kelley,David_Kelley,1,1,0,True,True,both_correct,True,0.9999890327453613,0.282672,
probe/David_Leahy/David_Leahy_0002.jpg,David_Leahy,Ron_Dittemore,Ron_Dittemore,4,5,1,False,False,neither_correct,True,0.9999979734420776,0.2208,
probe/David_Myers/David_Myers_0002.jpg,David_Myers,David_Myers,David_Myers,1,1,0,True,True,both_correct,True,0.9999699592590332,0.266112,
probe/David_Nalbandian/David_Nalbandian_0002.jpg,David_Nalbandian,David_Nalbandian,David_Nalbandian,1,1,0,True,True,both_correct,True,0.9999730587005615,0.2128,
probe/David_Spade/David_Spade_0002.jpg,David_Spade,David_Spade,David_Spade,1,1,0,True,True,both_correct,True,0.9999998807907104,0.285088,
probe/David_Trimble/David_Trimble_0002.jpg,David_Trimble,David_Trimble,David_Trimble,1,1,0,True,True,both_correct,True,0.999998927116394,0.234048,
probe/David_Wolf/David_Wolf_0002.jpg,David_Wolf,Gary_Bergeron,David_Wolf,9,1,-8,False,True,cropping_helps,True,0.9998053908348083,0.240192,
probe/Debra_Brown/Debra_Brown_0002.jpg,Debra_Brown,Debra_Brown,Debra_Brown,1,1,0,True,True,both_correct,True,0.9997346997261047,0.195552,
probe/Demetrius_Ferraciu/Demetrius_Ferraciu_0002.jpg,Demetrius_Ferraciu,Demetrius_Ferraciu,Demetrius_Ferraciu,1,1,0,True,True,both_correct,True,0.9998475313186646,0.237952,
probe/Denise_Johnson/Denise_Johnson_0002.jpg,Denise_Johnson,Michael_Chang,Denise_Johnson,10,1,-9,False,True,cropping_helps,True,0.9999945163726807,0.229824,
probe/Dennis_Erickson/Dennis_Erickson_0002.jpg,Dennis_Erickson,Dennis_Erickson,Dennis_Erickson,1,1,0,True,True,both_correct,True,0.9998857975006104,0.285088,
probe/Dennis_Kozlowski/Dennis_Kozlowski_0002.jpg,Dennis_Kozlowski,Dennis_Kozlowski,Dennis_Kozlowski,1,1,0,True,True,both_correct,True,0.9999861717224121,0.29696,
probe/Dennis_Kucinich/Dennis_Kucinich_0002.jpg,Dennis_Kucinich,Dennis_Kucinich,Dennis_Kucinich,1,1,0,True,True,both_correct,True,0.999996542930603,0.2664,
probe/Dennis_Powell/Dennis_Powell_0002.jpg,Dennis_Powell,Dennis_Powell,Dennis_Powell,1,1,0,True,True,both_correct,True,0.9992259740829468,0.244608,
probe/Derek_Lowe/Derek_Lowe_0002.jpg,Derek_Lowe,Derek_Lowe,Derek_Lowe,1,1,0,True,True,both_correct,True,0.9999877214431763,0.17664,
probe/Desiree_Lemosi/Desiree_Lemosi_0002.jpg,Desiree_Lemosi,Benazir_Bhutto,Desiree_Lemosi,2,1,-1,False,True,cropping_helps,True,0.9999974966049194,0.2688,
probe/Dexter_Jackson/Dexter_Jackson_0002.jpg,Dexter_Jackson,Dexter_Jackson,Dexter_Jackson,1,1,0,True,True,both_correct,True,0.9999897480010986,0.284544,
probe/Diana_Taurasi/Diana_Taurasi_0002.jpg,Diana_Taurasi,Diana_Taurasi,Diana_Taurasi,1,1,0,True,True,both_correct,True,0.9999716281890869,0.23016,
probe/Diane_Green/Diane_Green_0002.jpg,Diane_Green,Diane_Green,Diane_Green,1,1,0,True,True,both_correct,True,0.9999927282333374,0.289296,
probe/Dick_Cheney/Dick_Cheney_0002.jpg,Dick_Cheney,David_Dodge,Dick_Cheney,2,1,-1,False,True,cropping_helps,True,0.9998875856399536,0.237312,
probe/Dick_Clark/Dick_Clark_0002.jpg,Dick_Clark,Dick_Clark,Dick_Clark,1,1,0,True,True,both_correct,True,0.9999840259552002,0.29016,
probe/Dick_Latessa/Dick_Latessa_0002.jpg,Dick_Latessa,Dick_Latessa,Dick_Latessa,1,1,0,True,True,both_correct,True,0.9998341798782349,0.343232,
probe/Dick_Vermeil/Dick_Vermeil_0002.jpg,Dick_Vermeil,James_Kelly,Dick_Vermeil,98,1,-97,False,True,cropping_helps,True,0.9999324083328247,0.208896,
probe/Dino_de_Laurentis/Dino_de_Laurentis_0002.jpg,Dino_de_Laurentis,Dino_de_Laurentis,Dino_de_Laurentis,1,1,0,True,True,both_correct,True,0.9977739453315735,0.286416,
probe/Dolly_Parton/Dolly_Parton_0002.jpg,Dolly_Parton,Dolly_Parton,Dolly_Parton,1,1,0,True,True,both_correct,True,0.9892444610595703,0.234624,
probe/Dolma_Tsering/Dolma_Tsering_0002.jpg,Dolma_Tsering,Dolma_Tsering,Dolma_Tsering,1,1,0,True,True,both_correct,True,0.999722421169281,0.23896,
probe/Dominik_Garcia-Lorido/Dominik_Garcia-Lorido_0002.jpg,Dominik_Garcia-Lorido,Dominik_Garcia-Lorido,Dominik_Garcia-Lorido,1,1,0,True,True,both_correct,True,0.9981175661087036,0.24128,
probe/Don_Nickles/Don_Nickles_0002.jpg,Don_Nickles,Don_Nickles,Don_Nickles,1,1,0,True,True,both_correct,True,0.999996542930603,0.415888,
probe/Donald_Evans/Donald_Evans_0002.jpg,Donald_Evans,Donald_Evans,Donald_Evans,1,1,0,True,True,both_correct,True,0.9999903440475464,0.232368,
probe/Donatella_Versace/Donatella_Versace_0002.jpg,Donatella_Versace,Donatella_Versace,Donatella_Versace,1,1,0,True,True,both_correct,True,0.9998869895935059,0.236736,
probe/Donna_Shalala/Donna_Shalala_0002.jpg,Donna_Shalala,Donna_Shalala,Donna_Shalala,1,1,0,True,True,both_correct,True,0.9999905824661255,0.220176,
probe/Doris_Roberts/Doris_Roberts_0002.jpg,Doris_Roberts,Doris_Roberts,Doris_Roberts,1,1,0,True,True,both_correct,True,0.9995365142822266,0.25872,
probe/Doris_Schroeder/Doris_Schroeder_0002.jpg,Doris_Schroeder,Doris_Schroeder,Doris_Schroeder,1,1,0,True,True,both_correct,True,0.999958872795105,0.262848,
probe/Dorthy_Moxley/Dorthy_Moxley_0002.jpg,Dorthy_Moxley,Nancy_Pelosi,Dorthy_Moxley,3,1,-2,False,True,cropping_helps,True,0.9998419284820557,0.189504,
probe/Doug_Collins/Doug_Collins_0002.jpg,Doug_Collins,Jay_Garner,Doug_Collins,10,1,-9,False,True,cropping_helps,True,0.9992713332176208,0.314592,
probe/Doug_Duncan/Doug_Duncan_0002.jpg,Doug_Duncan,Doug_Duncan,Bill_Frist,1,547,546,True,False,cropping_hurts,True,0.9999996423721313,0.248832,
probe/Drew_Barrymore/Drew_Barrymore_0002.jpg,Drew_Barrymore,Paula_Radcliffe,Drew_Barrymore,15,1,-14,False,True,cropping_helps,True,0.9988024234771729,0.225216,
probe/Duane_Lee_Chapman/Duane_Lee_Chapman_0002.jpg,Duane_Lee_Chapman,Duane_Lee_Chapman,Duane_Lee_Chapman,1,1,0,True,True,both_correct,True,0.9999134540557861,0.273008,
probe/Dwayne_Johnson/Dwayne_Johnson_0002.jpg,Dwayne_Johnson,Dwayne_Johnson,Dwayne_Johnson,1,1,0,True,True,both_correct,True,0.9998461008071899,0.262656,
probe/Eddie_Sutton/Eddie_Sutton_0002.jpg,Eddie_Sutton,Dennis_Kucinich,Eddie_Sutton,3,1,-2,False,True,cropping_helps,True,0.9995735287666321,0.241536,
probe/Eddy_Merckx/Eddy_Merckx_0002.jpg,Eddy_Merckx,Eddy_Merckx,Eddy_Merckx,1,1,0,True,True,both_correct,True,0.9999958276748657,0.2128,
probe/Edie_Falco/Edie_Falco_0002.jpg,Edie_Falco,Edie_Falco,Paula_Radcliffe,1,2,1,True,False,cropping_hurts,True,0.9998831748962402,0.28992,
probe/Eduardo_Duhalde/Eduardo_Duhalde_0002.jpg,Eduardo_Duhalde,Eduardo_Duhalde,Eduardo_Duhalde,1,1,0,True,True,both_correct,True,0.9999516010284424,0.243648,
probe/Edward_James_Olmos/Edward_James_Olmos_0002.jpg,Edward_James_Olmos,Edward_James_Olmos,Edward_James_Olmos,1,1,0,True,True,both_correct,True,0.9999959468841553,0.2436,
probe/Edward_Lu/Edward_Lu_0002.jpg,Edward_Lu,Edward_Lu,Edward_Lu,1,1,0,True,True,both_correct,True,0.9999972581863403,0.283968,
probe/Edward_Norton/Edward_Norton_0002.jpg,Edward_Norton,Edward_Norton,Edward_Norton,1,1,0,True,True,both_correct,True,0.9999732971191406,0.244816,
probe/Edward_Said/Edward_Said_0002.jpg,Edward_Said,Carlos_Mesa,Edward_Said,8,1,-7,False,True,cropping_helps,True,0.9996757507324219,0.200208,
probe/Elijah_Wood/Elijah_Wood_0002.jpg,Elijah_Wood,Elijah_Wood,Elijah_Wood,1,1,0,True,True,both_correct,True,0.9999885559082031,0.28608,
probe/Elin_Nordegren/Elin_Nordegren_0002.jpg,Elin_Nordegren,Elin_Nordegren,Elin_Nordegren,1,1,0,True,True,both_correct,True,0.9999274015426636,0.246864,
probe/Elinor_Caplan/Elinor_Caplan_0002.jpg,Elinor_Caplan,Elinor_Caplan,Elinor_Caplan,1,1,0,True,True,both_correct,True,0.9999972581863403,0.263424,
probe/Elisabeth_Schumacher/Elisabeth_Schumacher_0002.jpg,Elisabeth_Schumacher,Martha_Burk,Hillary_Clinton,170,206,36,False,False,neither_correct,True,0.9999960660934448,0.244224,
probe/Elizabeth_Dole/Elizabeth_Dole_0002.jpg,Elizabeth_Dole,Elizabeth_Dole,Elizabeth_Dole,1,1,0,True,True,both_correct,True,0.999975323677063,0.198016,
probe/Elizabeth_Shue/Elizabeth_Shue_0002.jpg,Elizabeth_Shue,Elizabeth_Shue,Elizabeth_Shue,1,1,0,True,True,both_correct,True,0.9929106831550598,0.286368,
probe/Elizabeth_Smart/Elizabeth_Smart_0002.jpg,Elizabeth_Smart,Elizabeth_Smart,Elizabeth_Smart,1,1,0,True,True,both_correct,True,0.9997418522834778,0.266304,
probe/Elizabeth_Taylor/Elizabeth_Taylor_0002.jpg,Elizabeth_Taylor,Doris_Roberts,Elizabeth_Taylor,4,1,-3,False,True,cropping_helps,True,0.9998937845230103,0.293904,
probe/Ellen_DeGeneres/Ellen_DeGeneres_0002.jpg,Ellen_DeGeneres,Ellen_DeGeneres,Ellen_DeGeneres,1,1,0,True,True,both_correct,True,0.9999837875366211,0.29952,
probe/Ellen_Engleman/Ellen_Engleman_0002.jpg,Ellen_Engleman,Ellen_Engleman,Ellen_Engleman,1,1,0,True,True,both_correct,True,0.999944806098938,0.23296,
probe/Elsa_Zylberstein/Elsa_Zylberstein_0002.jpg,Elsa_Zylberstein,Elsa_Zylberstein,Elsa_Zylberstein,1,1,0,True,True,both_correct,True,0.9999798536300659,0.22248,
probe/Elvis_Presley/Elvis_Presley_0002.jpg,Elvis_Presley,Elvis_Presley,Elvis_Presley,1,1,0,True,True,both_correct,True,0.9994974136352539,0.236288,
probe/Emanuel_Ginobili/Emanuel_Ginobili_0002.jpg,Emanuel_Ginobili,Emanuel_Ginobili,Emanuel_Ginobili,1,1,0,True,True,both_correct,True,0.9998776912689209,0.18432,
probe/Emile_Lahoud/Emile_Lahoud_0002.jpg,Emile_Lahoud,Emile_Lahoud,Emile_Lahoud,1,1,0,True,True,both_correct,True,0.9999059438705444,0.29256,
probe/Emily_Robison/Emily_Robison_0002.jpg,Emily_Robison,Emily_Robison,Natalie_Maines,1,201,200,True,False,cropping_hurts,True,0.9984788298606873,0.116,
probe/Emma_Thompson/Emma_Thompson_0002.jpg,Emma_Thompson,Benazir_Bhutto,Emma_Thompson,11,1,-10,False,True,cropping_helps,True,0.999627947807312,0.237312,
probe/Emmanuelle_Beart/Emmanuelle_Beart_0002.jpg,Emmanuelle_Beart,Emmanuelle_Beart,Emmanuelle_Beart,1,1,0,True,True,both_correct,True,0.9991828799247742,0.2352,
probe/Emmit_Smith/Emmit_Smith_0002.jpg,Emmit_Smith,Emmit_Smith,Emmit_Smith,1,1,0,True,True,both_correct,True,0.9999997615814209,0.248064,
probe/Eric_Clapton/Eric_Clapton_0002.jpg,Eric_Clapton,Eric_Clapton,Eric_Clapton,1,1,0,True,True,both_correct,True,0.9999995231628418,0.229472,
probe/Eric_Hinske/Eric_Hinske_0002.jpg,Eric_Hinske,Christine_Gregoire,Flor_Montulo,8,100,92,False,False,neither_correct,True,0.9968159794807434,0.195696,
probe/Eric_Rosser/Eric_Rosser_0002.jpg,Eric_Rosser,Eric_Rosser,Eric_Rosser,1,1,0,True,True,both_correct,True,0.9968356490135193,0.284928,
probe/Erika_Christensen/Erika_Christensen_0002.jpg,Erika_Christensen,Natalie_Coughlin,Erika_Christensen,2,1,-1,False,True,cropping_helps,True,0.99981290102005,0.287472,
probe/Ernesto_Zedillo/Ernesto_Zedillo_0002.jpg,Ernesto_Zedillo,Ernesto_Zedillo,Ernesto_Zedillo,1,1,0,True,True,both_correct,True,0.9999526739120483,0.25312,
probe/Ernie_Eves/Ernie_Eves_0002.jpg,Ernie_Eves,Ernie_Eves,Ernie_Eves,1,1,0,True,True,both_correct,True,0.999996542930603,0.220176,
probe/Ernie_Fletcher/Ernie_Fletcher_0002.jpg,Ernie_Fletcher,Ernie_Fletcher,Ernie_Fletcher,1,1,0,True,True,both_correct,True,0.9999889135360718,0.21424,
probe/Eunice_Barber/Eunice_Barber_0002.jpg,Eunice_Barber,Eunice_Barber,Eunice_Barber,1,1,0,True,True,both_correct,True,0.9999645948410034,0.242416,
probe/Eva_Dimas/Eva_Dimas_0002.jpg,Eva_Dimas,Elinor_Caplan,Eva_Dimas,2,1,-1,False,True,cropping_helps,True,0.9996403455734253,0.199136,
probe/Evan_Rachel_Wood/Evan_Rachel_Wood_0002.jpg,Evan_Rachel_Wood,Evan_Rachel_Wood,Evan_Rachel_Wood,1,1,0,True,True,both_correct,True,0.9990953207015991,0.284544,
probe/Evander_Holyfield/Evander_Holyfield_0002.jpg,Evander_Holyfield,Evander_Holyfield,Evander_Holyfield,1,1,0,True,True,both_correct,True,0.9999935626983643,0.287504,
probe/Eve_Pelletier/Eve_Pelletier_0002.jpg,Eve_Pelletier,Eve_Pelletier,Eve_Pelletier,1,1,0,True,True,both_correct,True,1.0,0.240192,
probe/Fabiola_Zuluaga/Fabiola_Zuluaga_0002.jpg,Fabiola_Zuluaga,Fabiola_Zuluaga,Fabiola_Zuluaga,1,1,0,True,True,both_correct,True,0.9999754428863525,0.227856,
probe/Fayssal_Mekdad/Fayssal_Mekdad_0002.jpg,Fayssal_Mekdad,Fayssal_Mekdad,Fayssal_Mekdad,1,1,0,True,True,both_correct,True,0.9999788999557495,0.225216,
probe/Federico_Trillo/Federico_Trillo_0002.jpg,Federico_Trillo,Federico_Trillo,Federico_Trillo,1,1,0,True,True,both_correct,True,0.9999977350234985,0.27968,
probe/Felix_Mantilla/Felix_Mantilla_0002.jpg,Felix_Mantilla,Felix_Mantilla,Felix_Mantilla,1,1,0,True,True,both_correct,True,0.999915361404419,0.215424,
probe/Ferenc_Madl/Ferenc_Madl_0002.jpg,Ferenc_Madl,James_Ivory,Ferenc_Madl,8,1,-7,False,True,cropping_helps,True,0.9979806542396545,0.24128,
probe/Fidel_Castro/Fidel_Castro_0002.jpg,Fidel_Castro,Fidel_Castro,Fidel_Castro,1,1,0,True,True,both_correct,True,0.9999406337738037,0.223008,
probe/Flavia_Delaroli/Flavia_Delaroli_0002.jpg,Flavia_Delaroli,Meghann_Shaughnessy,Flavia_Delaroli,3,1,-2,False,True,cropping_helps,True,0.9998310804367065,0.281312,
probe/Flor_Montulo/Flor_Montulo_0002.jpg,Flor_Montulo,Cathy_Freeman,Begum_Khaleda_Zia,5,3,-2,False,False,neither_correct,True,0.9999998807907104,0.252288,
probe/Fran_Drescher/Fran_Drescher_0002.jpg,Fran_Drescher,Fran_Drescher,Fran_Drescher,1,1,0,True,True,both_correct,True,0.9999998807907104,0.22176,
probe/Frances_Fisher/Frances_Fisher_0002.jpg,Frances_Fisher,Goldie_Hawn,Frances_Fisher,2,1,-1,False,True,cropping_helps,True,0.9861130118370056,0.210944,
probe/Francis_Ford_Coppola/Francis_Ford_Coppola_0002.jpg,Francis_Ford_Coppola,Francis_Ford_Coppola,Francis_Ford_Coppola,1,1,0,True,True,both_correct,True,0.9999686479568481,0.22176,
probe/Francis_George/Francis_George_0002.jpg,Francis_George,Francis_George,Francis_George,1,1,0,True,True,both_correct,True,0.9999868869781494,0.268128,
probe/Francis_Mer/Francis_Mer_0002.jpg,Francis_Mer,Geoff_Hoon,Francis_Mer,2,1,-1,False,True,cropping_helps,True,0.9999957084655762,0.277248,
probe/Franco_Dragone/Franco_Dragone_0002.jpg,Franco_Dragone,Franco_Dragone,Franco_Dragone,1,1,0,True,True,both_correct,True,0.9999455213546753,0.226848,
probe/Frank_Cassell/Frank_Cassell_0002.jpg,Frank_Cassell,Frank_Cassell,Frank_Cassell,1,1,0,True,True,both_correct,True,0.9999662637710571,0.407712,
probe/Frank_Dunham_Jr/Frank_Dunham_Jr_0002.jpg,Frank_Dunham_Jr,Frank_Dunham_Jr,Pedro_Malan,1,373,372,True,False,cropping_hurts,True,0.9999991655349731,0.198144,
probe/Frank_Griswold/Frank_Griswold_0002.jpg,Frank_Griswold,Frank_Griswold,Frank_Griswold,1,1,0,True,True,both_correct,True,0.9999668598175049,0.256256,
probe/Frank_Lautenberg/Frank_Lautenberg_0002.jpg,Frank_Lautenberg,Frank_Lautenberg,Frank_Lautenberg,1,1,0,True,True,both_correct,True,0.9999961853027344,0.2712,
probe/Frank_Solich/Frank_Solich_0002.jpg,Frank_Solich,Frank_Solich,Frank_Solich,1,1,0,True,True,both_correct,True,0.9999369382858276,0.285664,
probe/Frank_Stallone/Frank_Stallone_0002.jpg,Frank_Stallone,Frank_Stallone,Frank_Stallone,1,1,0,True,True,both_correct,True,0.9999957084655762,0.21008,
probe/Franko_Simatovic/Franko_Simatovic_0002.jpg,Franko_Simatovic,Pedro_Malan,Franko_Simatovic,2,1,-1,False,True,cropping_helps,True,0.9922522902488708,0.199408,
probe/Franz_Beckenbauer/Franz_Beckenbauer_0002.jpg,Franz_Beckenbauer,Franz_Beckenbauer,Franz_Beckenbauer,1,1,0,True,True,both_correct,True,0.9999052286148071,0.239616,
probe/Franz_Muentefering/Franz_Muentefering_0002.jpg,Franz_Muentefering,Franz_Muentefering,Franz_Muentefering,1,1,0,True,True,both_correct,True,0.9999755620956421,0.2256,
probe/Fred_Eckhard/Fred_Eckhard_0002.jpg,Fred_Eckhard,Fred_Eckhard,Fred_Eckhard,1,1,0,True,True,both_correct,True,0.9998689889907837,0.218688,
probe/Fred_Funk/Fred_Funk_0002.jpg,Fred_Funk,Anna_Kournikova,Fred_Funk,254,1,-253,False,True,cropping_helps,True,0.9999959468841553,0.10304,
probe/Freddy_Garcia/Freddy_Garcia_0002.jpg,Freddy_Garcia,Sourav_Ganguly,Freddy_Garcia,24,1,-23,False,True,cropping_helps,True,0.9999991655349731,0.270368,
probe/GL_Peiris/GL_Peiris_0002.jpg,GL_Peiris,GL_Peiris,GL_Peiris,1,1,0,True,True,both_correct,True,0.9999839067459106,0.231952,
probe/Gabriel_Batistuta/Gabriel_Batistuta_0002.jpg,Gabriel_Batistuta,Gabriel_Batistuta,Gabriel_Batistuta,1,1,0,True,True,both_correct,True,0.9999144077301025,0.244816,
probe/Gabriel_Valdes/Gabriel_Valdes_0002.jpg,Gabriel_Valdes,Li_Peng,Gabriel_Valdes,2,1,-1,False,True,cropping_helps,True,0.9999998807907104,0.22248,
probe/Gao_Qiang/Gao_Qiang_0002.jpg,Gao_Qiang,Gao_Qiang,Gao_Qiang,1,1,0,True,True,both_correct,True,0.999901533126831,0.224624,
probe/Garry_Kasparov/Garry_Kasparov_0002.jpg,Garry_Kasparov,Garry_Kasparov,Garry_Kasparov,1,1,0,True,True,both_correct,True,1.0,0.221312,
probe/Garry_Trudeau/Garry_Trudeau_0002.jpg,Garry_Trudeau,Garry_Trudeau,Garry_Trudeau,1,1,0,True,True,both_correct,True,0.999997615814209,0.247616,
probe/Gary_Bergeron/Gary_Bergeron_0002.jpg,Gary_Bergeron,Mike_Weir,Gary_Bergeron,2,1,-1,False,True,cropping_helps,True,0.999743640422821,0.28416,
probe/Gary_Carter/Gary_Carter_0002.jpg,Gary_Carter,Gary_Carter,Gary_Carter,1,1,0,True,True,both_correct,True,0.9999996423721313,0.26224,
probe/Gary_Doer/Gary_Doer_0002.jpg,Gary_Doer,Gary_Doer,Bernard_Landry,1,648,647,True,False,cropping_hurts,True,0.9988831877708435,0.121856,
probe/Gary_Forsee/Gary_Forsee_0002.jpg,Gary_Forsee,Gary_Forsee,Gary_Forsee,1,1,0,True,True,both_correct,True,0.9999384880065918,0.23968,
probe/Gary_Locke/Gary_Locke_0002.jpg,Gary_Locke,Gary_Locke,Gary_Locke,1,1,0,True,True,both_correct,True,0.999998927116394,0.215392,
probe/Gary_Williams/Gary_Williams_0002.jpg,Gary_Williams,Gary_Williams,Gary_Williams,1,1,0,True,True,both_correct,True,0.9995207786560059,0.264,
probe/Gary_Winnick/Gary_Winnick_0002.jpg,Gary_Winnick,Gary_Winnick,Gary_Winnick,1,1,0,True,True,both_correct,True,0.9999942779541016,0.25024,
probe/Geno_Auriemma/Geno_Auriemma_0002.jpg,Geno_Auriemma,Mark_Dacey,Geno_Auriemma,2,1,-1,False,True,cropping_helps,True,0.9993428587913513,0.247648,
probe/Geoff_Hoon/Geoff_Hoon_0002.jpg,Geoff_Hoon,Eduardo_Duhalde,Geoff_Hoon,2,1,-1,False,True,cropping_helps,True,0.9999998807907104,0.226304,
probe/George_Brumley/George_Brumley_0002.jpg,George_Brumley,George_Brumley,George_Brumley,1,1,0,True,True,both_correct,True,0.9998865127563477,0.264384,
probe/George_Foreman/George_Foreman_0002.jpg,George_Foreman,Sam_Bith,George_Foreman,2,1,-1,False,True,cropping_helps,True,0.9999808073043823,0.245888,
probe/George_Karl/George_Karl_0002.jpg,George_Karl,George_Karl,George_Karl,1,1,0,True,True,both_correct,True,0.9999890327453613,0.25168,
probe/George_Lopez/George_Lopez_0002.jpg,George_Lopez,George_Lopez,George_Lopez,1,1,0,True,True,both_correct,True,0.9999961853027344,0.23184,
probe/George_P_Bush/George_P_Bush_0002.jpg,George_P_Bush,George_P_Bush,George_P_Bush,1,1,0,True,True,both_correct,True,0.9999970197677612,0.26048,
probe/George_Pataki/George_Pataki_0002.jpg,George_Pataki,George_Pataki,George_Pataki,1,1,0,True,True,both_correct,True,0.999756395816803,0.345216,
probe/George_Robertson/George_Robertson_0002.jpg,George_Robertson,George_Robertson,George_Robertson,1,1,0,True,True,both_correct,True,0.9997386336326599,0.263344,
probe/George_Roy_Hill/George_Roy_Hill_0002.jpg,George_Roy_Hill,George_Roy_Hill,George_Roy_Hill,1,1,0,True,True,both_correct,True,0.9982627034187317,0.244608,
probe/George_Ryan/George_Ryan_0002.jpg,George_Ryan,George_Ryan,George_Ryan,1,1,0,True,True,both_correct,True,0.9982209801673889,0.229072,
probe/George_Tenet/George_Tenet_0002.jpg,George_Tenet,George_Tenet,George_Tenet,1,1,0,True,True,both_correct,True,0.9999982118606567,0.205408,
probe/George_Voinovich/George_Voinovich_0002.jpg,George_Voinovich,Vaclav_Havel,George_Voinovich,2,1,-1,False,True,cropping_helps,True,0.9999990463256836,0.25536,
probe/Georgi_Parvanov/Georgi_Parvanov_0002.jpg,Georgi_Parvanov,Georgi_Parvanov,Georgi_Parvanov,1,1,0,True,True,both_correct,True,0.9999798536300659,0.211328,
probe/Geraldine_Chaplin/Geraldine_Chaplin_0002.jpg,Geraldine_Chaplin,Geraldine_Chaplin,Geraldine_Chaplin,1,1,0,True,True,both_correct,True,0.9997488856315613,0.243312,
probe/Gerard_Depardieu/Gerard_Depardieu_0002.jpg,Gerard_Depardieu,Gerard_Depardieu,Ernie_Eves,1,317,316,True,False,cropping_hurts,True,0.999969482421875,0.2464,
probe/Gerardo_Gambala/Gerardo_Gambala_0002.jpg,Gerardo_Gambala,Mike_Miller,Gerardo_Gambala,4,1,-3,False,True,cropping_helps,True,0.9993196725845337,0.184,
probe/Gerry_Adams/Gerry_Adams_0002.jpg,Gerry_Adams,Gerry_Adams,Gerry_Adams,1,1,0,True,True,both_correct,True,0.9999643564224243,0.271776,
probe/Gerry_Parsky/Gerry_Parsky_0002.jpg,Gerry_Parsky,Gerry_Parsky,Gerry_Parsky,1,1,0,True,True,both_correct,True,0.999980092048645,0.23856,
probe/Gian_Marco/Gian_Marco_0002.jpg,Gian_Marco,Gian_Marco,Gian_Marco,1,1,0,True,True,both_correct,True,0.9983758926391602,0.28672,
probe/Gianna_Angelopoulos-Daskalaki/Gianna_Angelopoulos-Daskalaki_0002.jpg,Gianna_Angelopoulos-Daskalaki,Gianna_Angelopoulos-Daskalaki,Gianna_Angelopoulos-Daskalaki,1,1,0,True,True,both_correct,True,0.9999200105667114,0.263344,
probe/Gil_de_Ferran/Gil_de_Ferran_0002.jpg,Gil_de_Ferran,Mike_Babcock,Gil_de_Ferran,2,1,-1,False,True,cropping_helps,True,0.999994158744812,0.230208,
probe/Gillian_Anderson/Gillian_Anderson_0002.jpg,Gillian_Anderson,Edie_Falco,Gillian_Anderson,2,1,-1,False,True,cropping_helps,True,0.999354898929596,0.283968,
probe/Gisele_Bundchen/Gisele_Bundchen_0002.jpg,Gisele_Bundchen,Gisele_Bundchen,Gisele_Bundchen,1,1,0,True,True,both_correct,True,0.9996019005775452,0.23296,
probe/Gloria_Allred/Gloria_Allred_0002.jpg,Gloria_Allred,Gloria_Allred,Gloria_Allred,1,1,0,True,True,both_correct,True,0.9999674558639526,0.23352,
probe/Gloria_Macapagal_Arroyo/Gloria_Macapagal_Arroyo_0002.jpg,Gloria_Macapagal_Arroyo,Gloria_Macapagal_Arroyo,Gloria_Macapagal_Arroyo,1,1,0,True,True,both_correct,True,0.9998912811279297,0.222176,
probe/Goh_Kun/Goh_Kun_0002.jpg,Goh_Kun,Goh_Kun,Hichiro_Naemura,1,3,2,True,False,cropping_hurts,True,0.999316930770874,0.200032,
probe/Goldie_Hawn/Goldie_Hawn_0002.jpg,Goldie_Hawn,Goldie_Hawn,Goldie_Hawn,1,1,0,True,True,both_correct,True,0.9990013241767883,0.227264,
probe/Goran_Persson/Goran_Persson_0002.jpg,Goran_Persson,Joseph_Deiss,Goran_Persson,5,1,-4,False,True,cropping_helps,True,0.9998063445091248,0.249392,
probe/Gordon_Campbell/Gordon_Campbell_0002.jpg,Gordon_Campbell,Gordon_Campbell,Gordon_Campbell,1,1,0,True,True,both_correct,True,0.9999326467514038,0.257184,
probe/Grady_Irvin_Jr/Grady_Irvin_Jr_0002.jpg,Grady_Irvin_Jr,Grady_Irvin_Jr,Grady_Irvin_Jr,1,1,0,True,True,both_correct,True,0.9999997615814209,0.22896,
probe/Gray_Davis/Gray_Davis_0002.jpg,Gray_Davis,Gray_Davis,Gray_Davis,1,1,0,True,True,both_correct,True,0.9999754428863525,0.22176,
probe/Greg_Gilbert/Greg_Gilbert_0002.jpg,Greg_Gilbert,Greg_Gilbert,Greg_Gilbert,1,1,0,True,True,both_correct,True,0.9999916553497314,0.265088,
probe/Greg_Ostertag/Greg_Ostertag_0002.jpg,Greg_Ostertag,Ian_Thorpe,Greg_Ostertag,32,1,-31,False,True,cropping_helps,True,0.999994158744812,0.25032,
probe/Greg_Owen/Greg_Owen_0002.jpg,Greg_Owen,Greg_Owen,Greg_Owen,1,1,0,True,True,both_correct,True,0.9999958276748657,0.26048,
probe/Greg_Rusedski/Greg_Rusedski_0002.jpg,Greg_Rusedski,Greg_Rusedski,Greg_Rusedski,1,1,0,True,True,both_correct,True,0.9997687935829163,0.239136,
probe/Gregg_Popovich/Gregg_Popovich_0002.jpg,Gregg_Popovich,Gregg_Popovich,Gregg_Popovich,1,1,0,True,True,both_correct,True,0.9998610019683838,0.183488,
probe/Gregory_Geoffroy/Gregory_Geoffroy_0002.jpg,Gregory_Geoffroy,Gregory_Geoffroy,Gregory_Geoffroy,1,1,0,True,True,both_correct,True,0.9999929666519165,0.21168,
probe/Gregory_Hines/Gregory_Hines_0002.jpg,Gregory_Hines,Gregory_Hines,Gregory_Hines,1,1,0,True,True,both_correct,True,0.9999998807907104,0.208544,
probe/Gro_Harlem_Brundtland/Gro_Harlem_Brundtland_0002.jpg,Gro_Harlem_Brundtland,Gro_Harlem_Brundtland,Gro_Harlem_Brundtland,1,1,0,True,True,both_correct,True,0.9999779462814331,0.30912,
probe/Guido_Westerwelle/Guido_Westerwelle_0002.jpg,Guido_Westerwelle,Guido_Westerwelle,Guido_Westerwelle,1,1,0,True,True,both_correct,True,0.9999983310699463,0.24824,
probe/Guillaume_Soro/Guillaume_Soro_0002.jpg,Guillaume_Soro,Guillaume_Soro,Laurent_Gbagbo,1,10,9,True,False,cropping_hurts,True,0.9999985694885254,0.239136,
probe/Guillermo_Coria/Guillermo_Coria_0002.jpg,Guillermo_Coria,Guillermo_Coria,Guillermo_Coria,1,1,0,True,True,both_correct,True,0.9999959468841553,0.331584,
probe/Guillermo_Ortiz/Guillermo_Ortiz_0002.jpg,Guillermo_Ortiz,Guillermo_Ortiz,Guillermo_Ortiz,1,1,0,True,True,both_correct,True,0.9998383522033691,0.225216,
probe/Gunter_Pleuger/Gunter_Pleuger_0002.jpg,Gunter_Pleuger,Gunter_Pleuger,Gunter_Pleuger,1,1,0,True,True,both_correct,True,0.9998836517333984,0.315568,
probe/Gustavo_Kuerten/Gustavo_Kuerten_0002.jpg,Gustavo_Kuerten,Gustavo_Kuerten,Gustavo_Kuerten,1,1,0,True,True,both_correct,True,0.9997860789299011,0.198656,
probe/Guy_Hemmings/Guy_Hemmings_0002.jpg,Guy_Hemmings,Sean_Astin,Guy_Hemmings,2,1,-1,False,True,cropping_helps,True,0.9995869994163513,0.231744,
probe/Guy_Ritchie/Guy_Ritchie_0002.jpg,Guy_Ritchie,Guy_Ritchie,Guy_Ritchie,1,1,0,True,True,both_correct,True,0.9998229146003723,0.290752,
probe/Gwendal_Peizerat/Gwendal_Peizerat_0002.jpg,Gwendal_Peizerat,Gwendal_Peizerat,Gwendal_Peizerat,1,1,0,True,True,both_correct,True,0.9999979734420776,0.223008,
probe/Hal_Sutton/Hal_Sutton_0002.jpg,Hal_Sutton,Harry_Schmidt,Hal_Sutton,3,1,-2,False,True,cropping_helps,True,0.9999979734420776,0.148096,
probe/Hamzah_Haz/Hamzah_Haz_0002.jpg,Hamzah_Haz,Hamzah_Haz,Hamzah_Haz,1,1,0,True,True,both_correct,True,0.999866247177124,0.214656,
probe/Hanan_Ashrawi/Hanan_Ashrawi_0002.jpg,Hanan_Ashrawi,Hanan_Ashrawi,Hanan_Ashrawi,1,1,0,True,True,both_correct,True,0.9999555349349976,0.23352,
probe/Hannah_Stockbauer/Hannah_Stockbauer_0002.jpg,Hannah_Stockbauer,Hannah_Stockbauer,Hannah_Stockbauer,1,1,0,True,True,both_correct,True,0.999995231628418,0.2268,
probe/Hans_Eichel/Hans_Eichel_0002.jpg,Hans_Eichel,Hans_Eichel,Hans_Eichel,1,1,0,True,True,both_correct,True,0.9996505975723267,0.282048,
probe/Harbhajan_Singh/Harbhajan_Singh_0002.jpg,Harbhajan_Singh,Harbhajan_Singh,Harbhajan_Singh,1,1,0,True,True,both_correct,True,0.9999916553497314,0.222176,
probe/Harry_Belafonte/Harry_Belafonte_0002.jpg,Harry_Belafonte,Harry_Belafonte,Harry_Belafonte,1,1,0,True,True,both_correct,True,0.9999310970306396,0.263968,
probe/Harry_Kalas/Harry_Kalas_0002.jpg,Harry_Kalas,Colin_Powell,Harry_Kalas,6,1,-5,False,True,cropping_helps,True,0.9999494552612305,0.27232,
probe/Harry_Schmidt/Harry_Schmidt_0002.jpg,Harry_Schmidt,Harry_Schmidt,Harry_Schmidt,1,1,0,True,True,both_correct,True,0.9999983310699463,0.238336,
probe/Harvey_Weinstein/Harvey_Weinstein_0002.jpg,Harvey_Weinstein,Harvey_Weinstein,Harvey_Weinstein,1,1,0,True,True,both_correct,True,0.9994094371795654,0.254624,
probe/Hashim_Thaci/Hashim_Thaci_0002.jpg,Hashim_Thaci,Georgi_Parvanov,Hashim_Thaci,2,1,-1,False,True,cropping_helps,True,0.9999958276748657,0.21672,
probe/Hassan_Nasrallah/Hassan_Nasrallah_0002.jpg,Hassan_Nasrallah,Hassan_Nasrallah,Hassan_Nasrallah,1,1,0,True,True,both_correct,True,0.9999947547912598,0.252672,
probe/Hassan_Wirajuda/Hassan_Wirajuda_0002.jpg,Hassan_Wirajuda,Hassan_Wirajuda,Hassan_Wirajuda,1,1,0,True,True,both_correct,True,0.9999910593032837,0.2144,
probe/Hayley_Tullett/Hayley_Tullett_0002.jpg,Hayley_Tullett,Silvia_Farina_Elia,Hayley_Tullett,2,1,-1,False,True,cropping_helps,True,0.9999098777770996,0.187392,
probe/Hector_Babenco/Hector_Babenco_0002.jpg,Hector_Babenco,Hector_Babenco,Hector_Babenco,1,1,0,True,True,both_correct,True,0.9998668432235718,0.23016,
probe/Heidi_Fleiss/Heidi_Fleiss_0002.jpg,Heidi_Fleiss,Elsa_Zylberstein,Heidi_Fleiss,2,1,-1,False,True,cropping_helps,True,0.999777615070343,0.223344,
probe/Heizo_Takenaka/Heizo_Takenaka_0002.jpg,Heizo_Takenaka,Heizo_Takenaka,Heizo_Takenaka,1,1,0,True,True,both_correct,True,0.9999839067459106,0.242416,
probe/Helen_Clark/Helen_Clark_0002.jpg,Helen_Clark,Helen_Clark,Helen_Clark,1,1,0,True,True,both_correct,True,0.9999761581420898,0.213312,
probe/Henrique_Meirelles/Henrique_Meirelles_0002.jpg,Henrique_Meirelles,Henrique_Meirelles,Henrique_Meirelles,1,1,0,True,True,both_correct,True,0.9994232654571533,0.21952,
probe/Herb_Sendek/Herb_Sendek_0002.jpg,Herb_Sendek,Herb_Sendek,Herb_Sendek,1,1,0,True,True,both_correct,True,0.9999994039535522,0.262656,
probe/Hermann_Maier/Hermann_Maier_0002.jpg,Hermann_Maier,Hermann_Maier,Hermann_Maier,1,1,0,True,True,both_correct,True,0.9999426603317261,0.318592,
probe/Herta_Daeubler-Gmelin/Herta_Daeubler-Gmelin_0002.jpg,Herta_Daeubler-Gmelin,Herta_Daeubler-Gmelin,Herta_Daeubler-Gmelin,1,1,0,True,True,both_correct,True,0.9998981952667236,0.221392,
probe/Hichiro_Naemura/Hichiro_Naemura_0002.jpg,Hichiro_Naemura,Yoko_Ono,Hichiro_Naemura,12,1,-11,False,True,cropping_helps,True,0.9999572038650513,0.183136,
probe/Hideki_Matsui/Hideki_Matsui_0002.jpg,Hideki_Matsui,Jackie_Chan,Hideki_Matsui,11,1,-10,False,True,cropping_helps,True,0.9999947547912598,0.224624,
probe/Hillary_Clinton/Hillary_Clinton_0002.jpg,Hillary_Clinton,Hillary_Clinton,Hillary_Clinton,1,1,0,True,True,both_correct,True,0.9990869760513306,0.2464,
probe/Hilmi_Ozkok/Hilmi_Ozkok_0002.jpg,Hilmi_Ozkok,Hilmi_Ozkok,Hilmi_Ozkok,1,1,0,True,True,both_correct,True,0.9998631477355957,0.224624,
probe/Hipolito_Mejia/Hipolito_Mejia_0002.jpg,Hipolito_Mejia,Hipolito_Mejia,Hipolito_Mejia,1,1,0,True,True,both_correct,True,0.9999915361404419,0.36504,
probe/Hisao_Oguchi/Hisao_Oguchi_0002.jpg,Hisao_Oguchi,Hisao_Oguchi,Hisao_Oguchi,1,1,0,True,True,both_correct,True,0.9990301132202148,0.23016,
probe/Hitomi_Soga/Hitomi_Soga_0002.jpg,Hitomi_Soga,Hitomi_Soga,Hitomi_Soga,1,1,0,True,True,both_correct,True,0.999991774559021,0.2184,
probe/Hootie_Johnson/Hootie_Johnson_0002.jpg,Hootie_Johnson,James_Kelly,Tom_Daschle,221,2,-219,False,False,neither_correct,True,0.999937891960144,0.2552,
probe/Howard_Dean/Howard_Dean_0002.jpg,Howard_Dean,Howard_Dean,Howard_Dean,1,1,0,True,True,both_correct,True,0.9999786615371704,0.241536,
probe/Howard_Schultz/Howard_Schultz_0002.jpg,Howard_Schultz,Howard_Schultz,Howard_Schultz,1,1,0,True,True,both_correct,True,1.0,0.247616,
probe/Howard_Smith/Howard_Smith_0002.jpg,Howard_Smith,Lou_Piniella,Howard_Smith,604,1,-603,False,True,cropping_helps,True,0.9998352527618408,0.162192,
probe/Hu_Jintao/Hu_Jintao_0002.jpg,Hu_Jintao,Hu_Jintao,Hu_Jintao,1,1,0,True,True,both_correct,True,0.9999551773071289,0.2096,
probe/Hun_Sen/Hun_Sen_0002.jpg,Hun_Sen,Hun_Sen,Hun_Sen,1,1,0,True,True,both_correct,True,0.9995740056037903,0.275424,
probe/Iain_Duncan_Smith/Iain_Duncan_Smith_0002.jpg,Iain_Duncan_Smith,Iain_Duncan_Smith,Iain_Duncan_Smith,1,1,0,True,True,both_correct,True,1.0,0.27416,
probe/Ian_McKellen/Ian_McKellen_0002.jpg,Ian_McKellen,Gary_Doer,Ian_McKellen,4,1,-3,False,True,cropping_helps,True,0.9992541670799255,0.252,
probe/Ian_Thorpe/Ian_Thorpe_0002.jpg,Ian_Thorpe,Ian_Thorpe,Ian_Thorpe,1,1,0,True,True,both_correct,True,0.9999982118606567,0.19008,
probe/Iban_Mayo/Iban_Mayo_0002.jpg,Iban_Mayo,Iban_Mayo,Iban_Mayo,1,1,0,True,True,both_correct,True,0.9999910593032837,0.253968,
probe/Ibrahim_Jaafari/Ibrahim_Jaafari_0002.jpg,Ibrahim_Jaafari,Ibrahim_Jaafari,Ibrahim_Jaafari,1,1,0,True,True,both_correct,True,0.999992847442627,0.227424,
probe/Igor_Ivanov/Igor_Ivanov_0002.jpg,Igor_Ivanov,Igor_Ivanov,Igor_Ivanov,1,1,0,True,True,both_correct,True,0.9985313415527344,0.242272,
probe/Ilan_Ramon/Ilan_Ramon_0002.jpg,Ilan_Ramon,Ilan_Ramon,Ilan_Ramon,1,1,0,True,True,both_correct,True,0.9999728202819824,0.26496,
probe/Imad_Moustapha/Imad_Moustapha_0002.jpg,Imad_Moustapha,Imad_Moustapha,Imad_Moustapha,1,1,0,True,True,both_correct,True,0.998245358467102,0.256368,
probe/Inam-ul-Haq/Inam-ul-Haq_0002.jpg,Inam-ul-Haq,Inam-ul-Haq,Inam-ul-Haq,1,1,0,True,True,both_correct,True,0.9998792409896851,0.284544,
probe/Inocencio_Arias/Inocencio_Arias_0002.jpg,Inocencio_Arias,Lino_Oviedo,Inocencio_Arias,2,1,-1,False,True,cropping_helps,True,0.9996899366378784,0.244224,
probe/Intisar_Ajouri/Intisar_Ajouri_0002.jpg,Intisar_Ajouri,Intisar_Ajouri,Intisar_Ajouri,1,1,0,True,True,both_correct,True,0.9998437166213989,0.222976,
probe/Isabelle_Huppert/Isabelle_Huppert_0002.jpg,Isabelle_Huppert,Isabelle_Huppert,Isabelle_Huppert,1,1,0,True,True,both_correct,True,0.9999023675918579,0.256736,
probe/Isaiah_Washington/Isaiah_Washington_0002.jpg,Isaiah_Washington,Isaiah_Washington,Isaiah_Washington,1,1,0,True,True,both_correct,True,0.9997888207435608,0.333696,
probe/Ishaq_Shahryar/Ishaq_Shahryar_0002.jpg,Ishaq_Shahryar,Ishaq_Shahryar,Thomas_OBrien,1,783,782,True,False,cropping_hurts,True,0.9999903440475464,0.2464,
probe/Ismail_Merchant/Ismail_Merchant_0002.jpg,Ismail_Merchant,Ismail_Merchant,Ismail_Merchant,1,1,0,True,True,both_correct,True,0.9999499320983887,0.2352,
probe/Iva_Majoli/Iva_Majoli_0002.jpg,Iva_Majoli,Monica_Seles,Iva_Majoli,3,1,-2,False,True,cropping_helps,True,0.999945878982544,0.205824,
probe/JJ_Redick/JJ_Redick_0002.jpg,JJ_Redick,Ian_Thorpe,Adrian_McPherson,5,868,863,False,False,neither_correct,True,0.9999754428863525,0.19488,
probe/Jack_Grubman/Jack_Grubman_0002.jpg,Jack_Grubman,Jack_Grubman,Jack_Grubman,1,1,0,True,True,both_correct,True,0.9999996423721313,0.223344,
probe/Jack_Straw/Jack_Straw_0002.jpg,Jack_Straw,Jack_Straw,Jack_Straw,1,1,0,True,True,both_correct,True,0.9996205568313599,0.25368,
probe/Jackie_Chan/Jackie_Chan_0002.jpg,Jackie_Chan,Jackie_Chan,Jackie_Chan,1,1,0,True,True,both_correct,True,0.9999910593032837,0.222656,
probe/Jacqueline_Obradors/Jacqueline_Obradors_0002.jpg,Jacqueline_Obradors,Jacqueline_Obradors,Jacqueline_Obradors,1,1,0,True,True,both_correct,True,0.9999995231628418,0.256256,
probe/Jada_Pinkett_Smith/Jada_Pinkett_Smith_0002.jpg,Jada_Pinkett_Smith,Jada_Pinkett_Smith,Jada_Pinkett_Smith,1,1,0,True,True,both_correct,True,0.9999953508377075,0.2064,
probe/James_Blake/James_Blake_0002.jpg,James_Blake,James_Blake,James_Blake,1,1,0,True,True,both_correct,True,0.9999997615814209,0.230656,
probe/James_Butts/James_Butts_0002.jpg,James_Butts,James_Butts,James_Butts,1,1,0,True,True,both_correct,True,0.9999951124191284,0.199392,
probe/James_Cunningham/James_Cunningham_0002.jpg,James_Cunningham,James_Cunningham,James_Cunningham,1,1,0,True,True,both_correct,True,0.9998014569282532,0.316368,
probe/James_Franco/James_Franco_0002.jpg,James_Franco,James_Franco,James_Franco,1,1,0,True,True,both_correct,True,0.9999880790710449,0.241392,
probe/James_Gandolfini/James_Gandolfini_0002.jpg,James_Gandolfini,John_Wolf,James_Gandolfini,7,1,-6,False,True,cropping_helps,True,0.9999783039093018,0.272832,
probe/James_Ivory/James_Ivory_0002.jpg,James_Ivory,James_Ivory,James_Ivory,1,1,0,True,True,both_correct,True,0.9984470009803772,0.24024,
probe/James_Jones/James_Jones_0002.jpg,James_Jones,James_Jones,James_Jones,1,1,0,True,True,both_correct,True,0.9999814033508301,0.239904,
probe/James_Kelly/James_Kelly_0002.jpg,James_Kelly,James_Kelly,James_Kelly,1,1,0,True,True,both_correct,True,0.9999924898147583,0.22624,
probe/James_Kopp/James_Kopp_0002.jpg,James_Kopp,Tom_Daschle,James_Kopp,2,1,-1,False,True,cropping_helps,True,0.9999097585678101,0.219184,
probe/James_Maguire/James_Maguire_0002.jpg,James_Maguire,James_Maguire,James_Maguire,1,1,0,True,True,both_correct,True,0.999998927116394,0.2096,
probe/James_McGreevey/James_McGreevey_0002.jpg,James_McGreevey,James_McGreevey,James_McGreevey,1,1,0,True,True,both_correct,True,0.9999582767486572,0.23968,
probe/James_Morris/James_Morris_0002.jpg,James_Morris,James_Morris,James_Morris,1,1,0,True,True,both_correct,True,0.9999957084655762,0.294528,
probe/James_Parker/James_Parker_0002.jpg,James_Parker,James_Parker,James_Parker,1,1,0,True,True,both_correct,True,0.9999985694885254,0.202,
probe/James_Schultz/James_Schultz_0002.jpg,James_Schultz,James_Schultz,James_Schultz,1,1,0,True,True,both_correct,True,0.9999386072158813,0.240192,
probe/James_Smith/James_Smith_0002.jpg,James_Smith,James_Smith,James_Smith,1,1,0,True,True,both_correct,True,0.9994745850563049,0.226848,
probe/James_Traficant/James_Traficant_0002.jpg,James_Traficant,Inocencio_Arias,James_Traficant,29,1,-28,False,True,cropping_helps,True,0.9998192191123962,0.14416,
probe/Jamie_Villafane/Jamie_Villafane_0002.jpg,Jamie_Villafane,Jamie_Villafane,Jamie_Villafane,1,1,0,True,True,both_correct,True,0.9999874830245972,0.20216,
probe/Jamling_Norgay/Jamling_Norgay_0002.jpg,Jamling_Norgay,Jamling_Norgay,Jamling_Norgay,1,1,0,True,True,both_correct,True,0.9999996423721313,0.24992,
probe/Jan_Ullrich/Jan_Ullrich_0002.jpg,Jan_Ullrich,Jan_Ullrich,Jan_Ullrich,1,1,0,True,True,both_correct,True,0.9999994039535522,0.237184,
probe/Jane_Fonda/Jane_Fonda_0002.jpg,Jane_Fonda,Paula_Radcliffe,Jane_Fonda,325,1,-324,False,True,cropping_helps,True,0.9989919066429138,0.167424,
probe/Jane_Kaczmarek/Jane_Kaczmarek_0002.jpg,Jane_Kaczmarek,Jane_Kaczmarek,Jane_Kaczmarek,1,1,0,True,True,both_correct,True,0.998999297618866,0.293248,
probe/Jane_Pauley/Jane_Pauley_0002.jpg,Jane_Pauley,Jane_Pauley,Jane_Pauley,1,1,0,True,True,both_correct,True,0.9998694658279419,0.247104,
probe/Janet_Thorpe/Janet_Thorpe_0002.jpg,Janet_Thorpe,Janet_Thorpe,Janet_Thorpe,1,1,0,True,True,both_correct,True,0.9999992847442627,0.254928,
probe/Janica_Kostelic/Janica_Kostelic_0002.jpg,Janica_Kostelic,Nadia_Petrova,Jennifer_Rodriguez,5,9,4,False,False,neither_correct,True,0.999993085861206,0.234048,
probe/Jason_Alexander/Jason_Alexander_0002.jpg,Jason_Alexander,Martin_Brodeur,Jason_Alexander,2,1,-1,False,True,cropping_helps,True,0.9999994039535522,0.26912,
probe/Jason_Jennings/Jason_Jennings_0002.jpg,Jason_Jennings,Jason_Jennings,Jason_Jennings,1,1,0,True,True,both_correct,True,0.9999072551727295,0.262848,
probe/Jason_Kidd/Jason_Kidd_0002.jpg,Jason_Kidd,Jason_Kidd,Jason_Kidd,1,1,0,True,True,both_correct,True,0.9999988079071045,0.243104,
probe/Jason_Lezak/Jason_Lezak_0002.jpg,Jason_Lezak,Jason_Lezak,Jason_Lezak,1,1,0,True,True,both_correct,True,0.9999923706054688,0.278832,
probe/Jay_Garner/Jay_Garner_0002.jpg,Jay_Garner,Jay_Garner,Jay_Garner,1,1,0,True,True,both_correct,True,0.9998799562454224,0.2352,
probe/Jay_Rasulo/Jay_Rasulo_0002.jpg,Jay_Rasulo,Jay_Rasulo,Jay_Rasulo,1,1,0,True,True,both_correct,True,0.999963641166687,0.263424,
probe/Jean-Claude_Braquet/Jean-Claude_Braquet_0002.jpg,Jean-Claude_Braquet,Jean-Claude_Braquet,Jean-Claude_Braquet,1,1,0,True,True,both_correct,True,0.9924187660217285,0.226848,
probe/Jean-Claude_Juncker/Jean-Claude_Juncker_0002.jpg,Jean-Claude_Juncker,Jean-Claude_Juncker,Jean-Claude_Juncker,1,1,0,True,True,both_correct,True,0.9999915361404419,0.2664,
probe/Jean-Claude_Trichet/Jean-Claude_Trichet_0002.jpg,Jean-Claude_Trichet,Jean-Claude_Trichet,Jean-Claude_Trichet,1,1,0,True,True,both_correct,True,0.9999793767929077,0.21008,
probe/Jean-David_Levitte/Jean-David_Levitte_0002.jpg,Jean-David_Levitte,Jean-David_Levitte,Jean-David_Levitte,1,1,0,True,True,both_correct,True,0.999811589717865,0.20384,
probe/Jean-Marc_de_La_Sabliere/Jean-Marc_de_La_Sabliere_0002.jpg,Jean-Marc_de_La_Sabliere,Jean-Marc_de_La_Sabliere,Jean-Marc_de_La_Sabliere,1,1,0,True,True,both_correct,True,0.9999293088912964,0.17424,
probe/Jean-Sebastien_Giguere/Jean-Sebastien_Giguere_0002.jpg,Jean-Sebastien_Giguere,Jean-Sebastien_Giguere,Jean-Sebastien_Giguere,1,1,0,True,True,both_correct,True,0.9999990463256836,0.25576,
probe/Jean_Brumley/Jean_Brumley_0002.jpg,Jean_Brumley,Jean_Brumley,Jean_Brumley,1,1,0,True,True,both_correct,True,0.9999707937240601,0.253968,
probe/Jean_Carnahan/Jean_Carnahan_0002.jpg,Jean_Carnahan,Jean_Carnahan,Jean_Carnahan,1,1,0,True,True,both_correct,True,0.9994839429855347,0.23856,
probe/Jeanne_Moreau/Jeanne_Moreau_0002.jpg,Jeanne_Moreau,Jeanne_Moreau,Jeanne_Moreau,1,1,0,True,True,both_correct,True,0.999825656414032,0.26128,
probe/Jefferson_Perez/Jefferson_Perez_0002.jpg,Jefferson_Perez,James_Blake,Jefferson_Perez,36,1,-35,False,True,cropping_helps,True,0.9999719858169556,0.243648,
probe/Jeffrey_Archer/Jeffrey_Archer_0002.jpg,Jeffrey_Archer,Jeffrey_Archer,Jeffrey_Archer,1,1,0,True,True,both_correct,True,0.9997220635414124,0.2688,
probe/Jeffrey_Immelt/Jeffrey_Immelt_0002.jpg,Jeffrey_Immelt,Jeffrey_Immelt,Jeffrey_Immelt,1,1,0,True,True,both_correct,True,1.0,0.254016,
probe/Jeffrey_Jones/Jeffrey_Jones_0002.jpg,Jeffrey_Jones,Jeffrey_Jones,Jeffrey_Jones,1,1,0,True,True,both_correct,True,0.9999526739120483,0.29016,
probe/Jeffrey_Scott_Postell/Jeffrey_Scott_Postell_0002.jpg,Jeffrey_Scott_Postell,Jeffrey_Scott_Postell,Jeffrey_Scott_Postell,1,1,0,True,True,both_correct,True,0.9999986886978149,0.204864,
probe/Jennifer_Aniston/Jennifer_Aniston_0002.jpg,Jennifer_Aniston,Jennifer_Aniston,Jennifer_Aniston,1,1,0,True,True,both_correct,True,0.9998558759689331,0.292032,
probe/Jennifer_Connelly/Jennifer_Connelly_0002.jpg,Jennifer_Connelly,Jennifer_Connelly,Jennifer_Connelly,1,1,0,True,True,both_correct,True,0.999906063079834,0.221392,
probe/Jennifer_Lopez/Jennifer_Lopez_0002.jpg,Jennifer_Lopez,Jessica_Alba,Jennifer_Lopez,2,1,-1,False,True,cropping_helps,True,0.9999959468841553,0.24992,
probe/Jennifer_Reilly/Jennifer_Reilly_0002.jpg,Jennifer_Reilly,Jennifer_Reilly,Jennifer_Reilly,1,1,0,True,True,both_correct,True,0.999975323677063,0.254624,
probe/Jennifer_Rodriguez/Jennifer_Rodriguez_0002.jpg,Jennifer_Rodriguez,Jennifer_Rodriguez,Jennifer_Rodriguez,1,1,0,True,True,both_correct,True,0.9990867376327515,0.1824,
probe/Jennifer_Thompson/Jennifer_Thompson_0002.jpg,Jennifer_Thompson,Jennifer_Thompson,Jennifer_Thompson,1,1,0,True,True,both_correct,True,0.9999833106994629,0.280256,
probe/Jeremy_Shockey/Jeremy_Shockey_0002.jpg,Jeremy_Shockey,Jeremy_Shockey,Jeremy_Shockey,1,1,0,True,True,both_correct,True,0.9994394183158875,0.22464,
probe/Jerry_Falwell/Jerry_Falwell_0002.jpg,Jerry_Falwell,Jay_Garner,Jerry_Falwell,16,1,-15,False,True,cropping_helps,True,0.9997550845146179,0.22896,
probe/Jesse_Jackson/Jesse_Jackson_0002.jpg,Jesse_Jackson,Jesse_Jackson,Jesse_Jackson,1,1,0,True,True,both_correct,True,0.9999892711639404,0.28416,
probe/Jesse_James_Leija/Jesse_James_Leija_0002.jpg,Jesse_James_Leija,Jesse_James_Leija,Benjamin_Netanyahu,1,583,582,True,False,cropping_hurts,True,0.9999980926513672,0.133152,
probe/Jessica_Alba/Jessica_Alba_0002.jpg,Jessica_Alba,Jessica_Alba,Jessica_Alba,1,1,0,True,True,both_correct,True,0.9916495084762573,0.2592,
probe/Jessica_Lange/Jessica_Lange_0002.jpg,Jessica_Lange,Flavia_Delaroli,Jessica_Lange,76,1,-75,False,True,cropping_helps,True,0.9980923533439636,0.204544,
probe/Jessica_Lynch/Jessica_Lynch_0002.jpg,Jessica_Lynch,Jessica_Lynch,Jessica_Lynch,1,1,0,True,True,both_correct,True,0.9999769926071167,0.244992,
probe/Jia_Qinglin/Jia_Qinglin_0002.jpg,Jia_Qinglin,Kim_Dae-jung,Jia_Qinglin,2,1,-1,False,True,cropping_helps,True,0.9999866485595703,0.199584,
probe/Jim_Carrey/Jim_Carrey_0002.jpg,Jim_Carrey,Dennis_Kucinich,Jim_Carrey,209,1,-208,False,True,cropping_helps,True,0.9999340772628784,0.23328,
probe/Jim_Edmonds/Jim_Edmonds_0002.jpg,Jim_Edmonds,Robby_Ginepri,Jim_Edmonds,30,1,-29,False,True,cropping_helps,True,0.9997745156288147,0.23112,
probe/Jim_Furyk/Jim_Furyk_0002.jpg,Jim_Furyk,Jim_Furyk,Jim_Furyk,1,1,0,True,True,both_correct,True,0.9999992847442627,0.23936,
probe/Jim_Harrick/Jim_Harrick_0002.jpg,Jim_Harrick,Jim_Harrick,Jonathan_Edwards,1,69,68,True,False,cropping_hurts,True,0.9999909400939941,0.127136,
probe/Jimmy_Carter/Jimmy_Carter_0002.jpg,Jimmy_Carter,Jimmy_Carter,Jimmy_Carter,1,1,0,True,True,both_correct,True,0.9998617172241211,0.216544,
probe/Jimmy_Kimmel/Jimmy_Kimmel_0002.jpg,Jimmy_Kimmel,Jimmy_Kimmel,Jimmy_Kimmel,1,1,0,True,True,both_correct,True,0.9999790191650391,0.225792,
probe/Jo_Dee_Messina/Jo_Dee_Messina_0002.jpg,Jo_Dee_Messina,Celine_Dion,Jo_Dee_Messina,2,1,-1,False,True,cropping_helps,True,0.9999722242355347,0.25056,
probe/Joan_Claybrook/Joan_Claybrook_0002.jpg,Joan_Claybrook,Joan_Claybrook,Joan_Claybrook,1,1,0,True,True,both_correct,True,0.9999868869781494,0.279552,
probe/Job_Cohen/Job_Cohen_0002.jpg,Job_Cohen,Job_Cohen,Job_Cohen,1,1,0,True,True,both_correct,True,0.9999879598617554,0.27104,
probe/Jodie_Foster/Jodie_Foster_0002.jpg,Jodie_Foster,Jodie_Foster,Jodie_Foster,1,1,0,True,True,both_correct,True,0.9987187385559082,0.28928,
probe/Joe_Calzaghe/Joe_Calzaghe_0002.jpg,Joe_Calzaghe,Joe_Calzaghe,Vitali_Klitschko,1,227,226,True,False,cropping_hurts,True,0.9999984502792358,0.25312,
probe/Joe_Dumars/Joe_Dumars_0002.jpg,Joe_Dumars,Joe_Dumars,Joe_Dumars,1,1,0,True,True,both_correct,True,0.999984622001648,0.249088,
probe/Joe_Gatti/Joe_Gatti_0002.jpg,Joe_Gatti,Joe_Gatti,Joe_Gatti,1,1,0,True,True,both_correct,True,0.999962329864502,0.2144,
probe/Joe_Mantello/Joe_Mantello_0002.jpg,Joe_Mantello,Joe_Mantello,Joe_Mantello,1,1,0,True,True,both_correct,True,0.9999998807907104,0.201216,
probe/Joe_Nichols/Joe_Nichols_0002.jpg,Joe_Nichols,Joe_Nichols,Joe_Nichols,1,1,0,True,True,both_correct,True,0.9999407529830933,0.2728,
probe/Joe_Torre/Joe_Torre_0002.jpg,Joe_Torre,Joe_Torre,Joe_Torre,1,1,0,True,True,both_correct,True,0.997281551361084,0.219648,
probe/Joerg_Haider/Joerg_Haider_0002.jpg,Joerg_Haider,Joerg_Haider,Joerg_Haider,1,1,0,True,True,both_correct,True,0.9999929666519165,0.252704,
probe/John_Abizaid/John_Abizaid_0002.jpg,John_Abizaid,John_Abizaid,John_Abizaid,1,1,0,True,True,both_correct,True,0.9999997615814209,0.221392,
probe/John_Allen_Muhammad/John_Allen_Muhammad_0002.jpg,John_Allen_Muhammad,John_Allen_Muhammad,John_Allen_Muhammad,1,1,0,True,True,both_correct,True,0.9999884366989136,0.1976,
probe/John_Banko/John_Banko_0002.jpg,John_Banko,John_Banko,John_Banko,1,1,0,True,True,both_correct,True,0.9999356269836426,0.200208,
probe/John_Blaney/John_Blaney_0002.jpg,John_Blaney,John_Blaney,John_Blaney,1,1,0,True,True,both_correct,True,0.9999988079071045,0.268128,
probe/John_Brady/John_Brady_0002.jpg,John_Brady,John_Brady,John_Brady,1,1,0,True,True,both_correct,True,0.9999468326568604,0.258512,
probe/John_Cusack/John_Cusack_0002.jpg,John_Cusack,John_Cusack,John_Cusack,1,1,0,True,True,both_correct,True,0.9999046325683594,0.237552,
probe/John_F_Kennedy_Jr/John_F_Kennedy_Jr_0002.jpg,John_F_Kennedy_Jr,John_F_Kennedy_Jr,John_F_Kennedy_Jr,1,1,0,True,True,both_correct,True,0.99996018409729,0.233376,
probe/John_Garamendi/John_Garamendi_0002.jpg,John_Garamendi,Oswaldo_Paya,John_Garamendi,2,1,-1,False,True,cropping_helps,True,0.9999998807907104,0.219776,
probe/John_Howard/John_Howard_0002.jpg,John_Howard,John_Howard,John_Howard,1,1,0,True,True,both_correct,True,0.9999140501022339,0.25752,
probe/John_Jumper/John_Jumper_0002.jpg,John_Jumper,John_Jumper,John_Jumper,1,1,0,True,True,both_correct,True,0.9999887943267822,0.254464,
probe/John_Kerry/John_Kerry_0002.jpg,John_Kerry,John_Kerry,John_Kerry,1,1,0,True,True,both_correct,True,0.9999974966049194,0.210672,
probe/John_Malkovich/John_Malkovich_0002.jpg,John_Malkovich,John_Malkovich,John_Malkovich,1,1,0,True,True,both_correct,True,0.9997294545173645,0.223008,
probe/John_Manley/John_Manley_0002.jpg,John_Manley,John_Manley,John_Manley,1,1,0,True,True,both_correct,True,0.9907466173171997,0.18544,
probe/John_McCallum/John_McCallum_0002.jpg,John_McCallum,Charlton_Heston,Ralph_Lauren,4,2,-2,False,False,neither_correct,True,0.9996583461761475,0.283856,
probe/John_McCormack/John_McCormack_0002.jpg,John_McCormack,John_McCormack,Charlton_Heston,1,352,351,True,False,cropping_hurts,True,0.999855637550354,0.23744,
probe/John_McEnroe/John_McEnroe_0002.jpg,John_McEnroe,Bill_Graham,Joseph_Biden,68,213,145,False,False,neither_correct,True,0.9999945163726807,0.261184,
probe/John_Negroponte/John_Negroponte_0002.jpg,John_Negroponte,John_Negroponte,John_Negroponte,1,1,0,True,True,both_correct,True,0.9998258948326111,0.2208,
probe/John_Reilly/John_Reilly_0002.jpg,John_Reilly,John_Reilly,John_Reilly,1,1,0,True,True,both_correct,True,1.0,0.2668,
probe/John_Rigas/John_Rigas_0002.jpg,John_Rigas,John_Rigas,John_Rigas,1,1,0,True,True,both_correct,True,0.9999920129776001,0.27784,
probe/John_Rosa/John_Rosa_0002.jpg,John_Rosa,John_Rosa,John_Rosa,1,1,0,True,True,both_correct,True,0.9999895095825195,0.268576,
probe/John_Rowland/John_Rowland_0002.jpg,John_Rowland,John_Rowland,John_Walsh,1,455,454,True,False,cropping_hurts,True,0.9999902248382568,0.234624,
probe/John_Ruiz/John_Ruiz_0002.jpg,John_Ruiz,John_Ruiz,John_Ruiz,1,1,0,True,True,both_correct,True,0.9999927282333374,0.2096,
probe/John_Snow/John_Snow_0002.jpg,John_Snow,John_Snow,John_Snow,1,1,0,True,True,both_correct,True,0.9998027682304382,0.260224,
probe/John_Spencer/John_Spencer_0002.jpg,John_Spencer,John_Spencer,John_Spencer,1,1,0,True,True,both_correct,True,0.999907374382019,0.293216,
probe/John_Stallworth/John_Stallworth_0002.jpg,John_Stallworth,Thabo_Mbeki,Robert_Mugabe,2,2,0,False,False,neither_correct,True,0.9998955726623535,0.322,
probe/John_Taylor/John_Taylor_0002.jpg,John_Taylor,John_Taylor,John_Taylor,1,1,0,True,True,both_correct,True,0.9997414946556091,0.26048,
probe/John_Timoney/John_Timoney_0002.jpg,John_Timoney,John_Timoney,John_Timoney,1,1,0,True,True,both_correct,True,0.9999914169311523,0.24624,
probe/John_Walsh/John_Walsh_0002.jpg,John_Walsh,John_Walsh,John_Walsh,1,1,0,True,True,both_correct,True,0.9999978542327881,0.25344,
probe/John_Wolf/John_Wolf_0002.jpg,John_Wolf,John_Wolf,John_Wolf,1,1,0,True,True,both_correct,True,0.9999195337295532,0.2368,
probe/Johnny_Carson/Johnny_Carson_0002.jpg,Johnny_Carson,Johnny_Carson,Johnny_Carson,1,1,0,True,True,both_correct,True,0.9999960660934448,0.2944,
probe/Johnny_Depp/Johnny_Depp_0002.jpg,Johnny_Depp,Johnny_Depp,Johnny_Depp,1,1,0,True,True,both_correct,True,0.99940025806427,0.20496,
probe/Johnny_Unitas/Johnny_Unitas_0002.jpg,Johnny_Unitas,Johnny_Unitas,Johnny_Unitas,1,1,0,True,True,both_correct,True,0.9955728054046631,0.259296,
probe/Johnson_Panjaitan/Johnson_Panjaitan_0002.jpg,Johnson_Panjaitan,Johnson_Panjaitan,Johnson_Panjaitan,1,1,0,True,True,both_correct,True,0.999826967716217,0.21216,
probe/Jolanta_Kwasniewski/Jolanta_Kwasniewski_0002.jpg,Jolanta_Kwasniewski,Jolanta_Kwasniewski,Jolanta_Kwasniewski,1,1,0,True,True,both_correct,True,0.999908447265625,0.232352,
probe/Jon_Gruden/Jon_Gruden_0002.jpg,Jon_Gruden,Jon_Gruden,Jon_Gruden,1,1,0,True,True,both_correct,True,0.999997615814209,0.236736,
probe/Jonathan_Edwards/Jonathan_Edwards_0002.jpg,Jonathan_Edwards,Jonathan_Edwards,Jonathan_Edwards,1,1,0,True,True,both_correct,True,0.9999436140060425,0.292032,
probe/Jonathan_Mostow/Jonathan_Mostow_0002.jpg,Jonathan_Mostow,Jonathan_Mostow,Jonathan_Mostow,1,1,0,True,True,both_correct,True,0.9999376535415649,0.255744,
probe/Jong_Thae_Hwa/Jong_Thae_Hwa_0002.jpg,Jong_Thae_Hwa,Angelo_Reyes,Jong_Thae_Hwa,2,1,-1,False,True,cropping_helps,True,0.999992847442627,0.243104,
probe/Jorge_Arce/Jorge_Arce_0002.jpg,Jorge_Arce,Jorge_Arce,Jorge_Arce,1,1,0,True,True,both_correct,True,0.999997615814209,0.22344,
probe/Jorge_Batlle/Jorge_Batlle_0002.jpg,Jorge_Batlle,Jorge_Batlle,Jorge_Batlle,1,1,0,True,True,both_correct,True,0.9997517466545105,0.318,
probe/Jorge_Castaneda/Jorge_Castaneda_0002.jpg,Jorge_Castaneda,Jorge_Castaneda,Harvey_Weinstein,1,977,976,True,False,cropping_hurts,True,0.9999992847442627,0.231296,
probe/Jorge_Rodolfo_Canicoba_Corral/Jorge_Rodolfo_Canicoba_Corral_0002.jpg,Jorge_Rodolfo_Canicoba_Corral,Jorge_Rodolfo_Canicoba_Corral,Jorge_Rodolfo_Canicoba_Corral,1,1,0,True,True,both_correct,True,0.9999966621398926,0.2336,
probe/Jorge_Valdano/Jorge_Valdano_0002.jpg,Jorge_Valdano,Jorge_Valdano,Jorge_Valdano,1,1,0,True,True,both_correct,True,0.9999144077301025,0.221952,
probe/Jose_Dirceu/Jose_Dirceu_0002.jpg,Jose_Dirceu,Jose_Dirceu,Jose_Dirceu,1,1,0,True,True,both_correct,True,0.9999114274978638,0.201216,
probe/Jose_Manuel_Durao_Barroso/Jose_Manuel_Durao_Barroso_0002.jpg,Jose_Manuel_Durao_Barroso,Jose_Manuel_Durao_Barroso,Jose_Manuel_Durao_Barroso,1,1,0,True,True,both_correct,True,0.9999017715454102,0.23584,
probe/Jose_Mourinho/Jose_Mourinho_0002.jpg,Jose_Mourinho,Jose_Mourinho,Jose_Mourinho,1,1,0,True,True,both_correct,True,0.9999998807907104,0.198,
probe/Jose_Sarney/Jose_Sarney_0002.jpg,Jose_Sarney,Jose_Sarney,Jose_Sarney,1,1,0,True,True,both_correct,True,0.9999914169311523,0.24992,
probe/Jose_Serra/Jose_Serra_0002.jpg,Jose_Serra,Jose_Serra,Jose_Serra,1,1,0,True,True,both_correct,True,0.9999954700469971,0.24824,
probe/Jose_Theodore/Jose_Theodore_0002.jpg,Jose_Theodore,Luis_Horna,Jose_Theodore,3,1,-2,False,True,cropping_helps,True,0.9999692440032959,0.23296,
probe/Jose_Viegas_Filho/Jose_Viegas_Filho_0002.jpg,Jose_Viegas_Filho,Jose_Viegas_Filho,Jose_Viegas_Filho,1,1,0,True,True,both_correct,True,0.9998785257339478,0.369456,
probe/Joseph_Biden/Joseph_Biden_0002.jpg,Joseph_Biden,Joseph_Biden,Joseph_Biden,1,1,0,True,True,both_correct,True,0.9998078942298889,0.342016,
probe/Joseph_Blatter/Joseph_Blatter_0002.jpg,Joseph_Blatter,Joseph_Blatter,Joseph_Blatter,1,1,0,True,True,both_correct,True,0.9999967813491821,0.296208,
probe/Joseph_Deiss/Joseph_Deiss_0002.jpg,Joseph_Deiss,Joseph_Deiss,Joseph_Deiss,1,1,0,True,True,both_correct,True,0.9999440908432007,0.239616,
probe/Joseph_Estrada/Joseph_Estrada_0002.jpg,Joseph_Estrada,Joseph_Estrada,Joseph_Estrada,1,1,0,True,True,both_correct,True,0.9999353885650635,0.200032,
probe/Joseph_Ralston/Joseph_Ralston_0002.jpg,Joseph_Ralston,Paul_Bremer,Joseph_Ralston,2,1,-1,False,True,cropping_helps,True,0.9999914169311523,0.18928,
probe/Juan_Manuel_Marquez/Juan_Manuel_Marquez_0002.jpg,Juan_Manuel_Marquez,Juan_Manuel_Marquez,Juan_Manuel_Marquez,1,1,0,True,True,both_correct,True,0.9999383687973022,0.247616,
probe/Juan_Pablo_Montoya/Juan_Pablo_Montoya_0002.jpg,Juan_Pablo_Montoya,Juan_Pablo_Montoya,Juan_Pablo_Montoya,1,1,0,True,True,both_correct,True,0.9999998807907104,0.241536,
probe/Juan_Valencia_Osorio/Juan_Valencia_Osorio_0002.jpg,Juan_Valencia_Osorio,Hassan_Wirajuda,Juan_Valencia_Osorio,2,1,-1,False,True,cropping_helps,True,0.9990226030349731,0.28768,
probe/Juanes/Juanes_0002.jpg,Juanes,Juanes,Juanes,1,1,0,True,True,both_correct,True,0.9999868869781494,0.227968,
probe/Jude_Law/Jude_Law_0002.jpg,Jude_Law,Freddy_Garcia,Jude_Law,14,1,-13,False,True,cropping_helps,True,0.9999523162841797,0.214928,
probe/Judi_Dench/Judi_Dench_0002.jpg,Judi_Dench,Angela_Lansbury,Judi_Dench,10,1,-9,False,True,cropping_helps,True,0.9980142116546631,0.23936,
probe/Judy_Genshaft/Judy_Genshaft_0002.jpg,Judy_Genshaft,Judy_Genshaft,Judy_Genshaft,1,1,0,True,True,both_correct,True,0.999993085861206,0.219184,
probe/Juergen_Peters/Juergen_Peters_0002.jpg,Juergen_Peters,Juergen_Peters,Juergen_Peters,1,1,0,True,True,both_correct,True,0.9999750852584839,0.23296,
probe/Julianna_Margulies/Julianna_Margulies_0002.jpg,Julianna_Margulies,Julianna_Margulies,Mohammad_Khatami,1,912,911,True,False,cropping_hurts,True,0.9984689354896545,0.262016,
probe/Julianne_Moore/Julianne_Moore_0002.jpg,Julianne_Moore,Julianne_Moore,Julianne_Moore,1,1,0,True,True,both_correct,True,0.9999916553497314,0.27232,
probe/Julie_Gerberding/Julie_Gerberding_0002.jpg,Julie_Gerberding,Julie_Gerberding,Julie_Gerberding,1,1,0,True,True,both_correct,True,0.9999974966049194,0.22344,
probe/Julie_Taymor/Julie_Taymor_0002.jpg,Julie_Taymor,Julie_Taymor,Julie_Taymor,1,1,0,True,True,both_correct,True,0.9948167204856873,0.23432,
probe/Julio_Iglesias_Jr/Julio_Iglesias_Jr_0002.jpg,Julio_Iglesias_Jr,Julio_Iglesias_Jr,Julio_Iglesias_Jr,1,1,0,True,True,both_correct,True,0.9999972581863403,0.255744,
probe/Justin_Gatlin/Justin_Gatlin_0002.jpg,Justin_Gatlin,Justin_Gatlin,Justin_Gatlin,1,1,0,True,True,both_correct,True,0.9998514652252197,0.215888,
probe/Justin_Guarini/Justin_Guarini_0002.jpg,Justin_Guarini,Herta_Daeubler-Gmelin,Justin_Guarini,124,1,-123,False,True,cropping_helps,True,0.9999145269393921,0.23088,
probe/Justin_Leonard/Justin_Leonard_0002.jpg,Justin_Leonard,Justin_Leonard,Justin_Leonard,1,1,0,True,True,both_correct,True,0.9999986886978149,0.240832,
probe/Justine_Henin/Justine_Henin_0002.jpg,Justine_Henin,Justine_Henin,Justine_Henin,1,1,0,True,True,both_correct,True,0.999985933303833,0.259296,
probe/Kalpana_Chawla/Kalpana_Chawla_0002.jpg,Kalpana_Chawla,Kalpana_Chawla,Kalpana_Chawla,1,1,0,True,True,both_correct,True,0.9999898672103882,0.230656,
probe/Karen_Mok/Karen_Mok_0002.jpg,Karen_Mok,Karen_Mok,Karen_Mok,1,1,0,True,True,both_correct,True,0.9999901056289673,0.244016,
probe/Karin_Stoiber/Karin_Stoiber_0002.jpg,Karin_Stoiber,Karin_Stoiber,Karin_Stoiber,1,1,0,True,True,both_correct,True,0.9993300437927246,0.277056,
probe/Kate_Capshaw/Kate_Capshaw_0002.jpg,Kate_Capshaw,Melanie_Griffith,Steven_Spielberg,17,880,863,False,False,neither_correct,True,0.9999324083328247,0.2672,
probe/Kathleen_Glynn/Kathleen_Glynn_0002.jpg,Kathleen_Glynn,Kathleen_Glynn,Kathleen_Glynn,1,1,0,True,True,both_correct,True,0.9991878867149353,0.288288,
probe/Kathleen_Kennedy_Townsend/Kathleen_Kennedy_Townsend_0002.jpg,Kathleen_Kennedy_Townsend,Kathleen_Kennedy_Townsend,Kathleen_Kennedy_Townsend,1,1,0,True,True,both_correct,True,0.9999986886978149,0.3036,
probe/Kathryn_Bigelow/Kathryn_Bigelow_0002.jpg,Kathryn_Bigelow,Kathryn_Bigelow,Kathryn_Bigelow,1,1,0,True,True,both_correct,True,0.9995846152305603,0.259856,
probe/Kathy_Winters/Kathy_Winters_0002.jpg,Kathy_Winters,Kathy_Winters,Kathy_Winters,1,1,0,True,True,both_correct,True,0.9999791383743286,0.22848,
probe/Katie_Harman/Katie_Harman_0002.jpg,Katie_Harman,Katie_Harman,Olivia_Newton-John,1,2,1,True,False,cropping_hurts,True,0.9983356595039368,0.263344,
probe/Keira_Knightley/Keira_Knightley_0002.jpg,Keira_Knightley,Keira_Knightley,Jay_Rasulo,1,492,491,True,False,cropping_hurts,True,0.9999614953994751,0.280256,
probe/Kelli_White/Kelli_White_0002.jpg,Kelli_White,Kelli_White,Kelli_White,1,1,0,True,True,both_correct,True,0.9975308775901794,0.237968,
probe/Kemal_Dervis/Kemal_Dervis_0002.jpg,Kemal_Dervis,Kemal_Dervis,Kemal_Dervis,1,1,0,True,True,both_correct,True,0.999882698059082,0.23352,
probe/Ken_Watanabe/Ken_Watanabe_0002.jpg,Ken_Watanabe,Ken_Watanabe,Tom_Cruise,1,2,1,True,False,cropping_hurts,True,0.9999911785125732,0.304384,
probe/Kenneth_Branagh/Kenneth_Branagh_0002.jpg,Kenneth_Branagh,Kenneth_Branagh,Kenneth_Branagh,1,1,0,True,True,both_correct,True,0.9999954700469971,0.249392,
probe/Kenneth_Evans/Kenneth_Evans_0002.jpg,Kenneth_Evans,Kenneth_Evans,Kenneth_Evans,1,1,0,True,True,both_correct,True,0.9999955892562866,0.21216,
probe/Kent_Rominger/Kent_Rominger_0002.jpg,Kent_Rominger,Kent_Rominger,Kent_Rominger,1,1,0,True,True,both_correct,True,0.9999853372573853,0.184912,
probe/Kevin_Spacey/Kevin_Spacey_0002.jpg,Kevin_Spacey,Kevin_Spacey,Kevin_Spacey,1,1,0,True,True,both_correct,True,0.9997768998146057,0.206976,
probe/Kevin_Stallings/Kevin_Stallings_0002.jpg,Kevin_Stallings,Kevin_Stallings,Kevin_Stallings,1,1,0,True,True,both_correct,True,0.9997329115867615,0.275632,
probe/Kieran_Prendergast/Kieran_Prendergast_0002.jpg,Kieran_Prendergast,Kieran_Prendergast,Kieran_Prendergast,1,1,0,True,True,both_correct,True,0.9995437264442444,0.2112,
probe/Kifah_Ajouri/Kifah_Ajouri_0002.jpg,Kifah_Ajouri,Kifah_Ajouri,Kifah_Ajouri,1,1,0,True,True,both_correct,True,0.9999825954437256,0.286368,
probe/Kiki_Vandeweghe/Kiki_Vandeweghe_0002.jpg,Kiki_Vandeweghe,Kiki_Vandeweghe,Kiki_Vandeweghe,1,1,0,True,True,both_correct,True,0.9999353885650635,0.23352,
probe/Kim_Dae-jung/Kim_Dae-jung_0002.jpg,Kim_Dae-jung,Kim_Dae-jung,Kim_Dae-jung,1,1,0,True,True,both_correct,True,0.9998792409896851,0.20064,
probe/Kim_Jin-sun/Kim_Jin-sun_0002.jpg,Kim_Jin-sun,Kim_Jin-sun,Kim_Jin-sun,1,1,0,True,True,both_correct,True,0.9998072981834412,0.216544,
probe/Kim_Jong-Il/Kim_Jong-Il_0002.jpg,Kim_Jong-Il,Kim_Jong-Il,Kim_Jong-Il,1,1,0,True,True,both_correct,True,0.9999916553497314,0.243648,
probe/Kim_Ryong-sung/Kim_Ryong-sung_0002.jpg,Kim_Ryong-sung,Kim_Ryong-sung,Kim_Ryong-sung,1,1,0,True,True,both_correct,True,0.9999997615814209,0.232832,
probe/Kirk_Ferentz/Kirk_Ferentz_0002.jpg,Kirk_Ferentz,Kirk_Ferentz,Kirk_Ferentz,1,1,0,True,True,both_correct,True,0.9999854564666748,0.208544,
probe/Kirk_Johnson/Kirk_Johnson_0002.jpg,Kirk_Johnson,Kirk_Johnson,Kirk_Johnson,1,1,0,True,True,both_correct,True,0.9999111890792847,0.352256,
probe/Klaus_Zwickel/Klaus_Zwickel_0002.jpg,Klaus_Zwickel,Klaus_Zwickel,Klaus_Zwickel,1,1,0,True,True,both_correct,True,0.9999750852584839,0.2304,
probe/Kosuke_Kitajima/Kosuke_Kitajima_0002.jpg,Kosuke_Kitajima,Taufik_Hidayat,Brendan_Hansen,2,816,814,False,False,neither_correct,True,0.9999988079071045,0.206832,
probe/Kristanna_Loken/Kristanna_Loken_0002.jpg,Kristanna_Loken,Carmen_Electra,Kristanna_Loken,2,1,-1,False,True,cropping_helps,True,0.9996123909950256,0.226304,
probe/Kristin_Davis/Kristin_Davis_0002.jpg,Kristin_Davis,Kristin_Davis,Kristin_Davis,1,1,0,True,True,both_correct,True,0.9999953508377075,0.247104,
probe/Kurt_Busch/Kurt_Busch_0002.jpg,Kurt_Busch,Bernard_Lord,Kurt_Busch,28,1,-27,False,True,cropping_helps,True,0.9992030262947083,0.215728,
probe/Kurt_Russell/Kurt_Russell_0002.jpg,Kurt_Russell,Kurt_Russell,Kurt_Russell,1,1,0,True,True,both_correct,True,0.9998010993003845,0.26224,
probe/Kwon_Yang-sook/Kwon_Yang-sook_0002.jpg,Kwon_Yang-sook,Kwon_Yang-sook,Kwon_Yang-sook,1,1,0,True,True,both_correct,True,0.9999898672103882,0.225216,
probe/Laila_Ali/Laila_Ali_0002.jpg,Laila_Ali,Laila_Ali,Laila_Ali,1,1,0,True,True,both_correct,True,0.9999997615814209,0.241392,
probe/Lana_Clarkson/Lana_Clarkson_0002.jpg,Lana_Clarkson,Lana_Clarkson,Lana_Clarkson,1,1,0,True,True,both_correct,True,0.9996410608291626,0.283696,
probe/Larry_Bowa/Larry_Bowa_0002.jpg,Larry_Bowa,Tom_Daschle,Larry_Bowa,2,1,-1,False,True,cropping_helps,True,0.9999336004257202,0.211696,
probe/Larry_Brown/Larry_Brown_0002.jpg,Larry_Brown,Larry_Brown,Larry_Brown,1,1,0,True,True,both_correct,True,0.9999638795852661,0.231296,
probe/Larry_Coker/Larry_Coker_0002.jpg,Larry_Coker,Larry_Coker,Larry_Coker,1,1,0,True,True,both_correct,True,0.999957799911499,0.2552,
probe/Larry_Ellison/Larry_Ellison_0002.jpg,Larry_Ellison,Larry_Ellison,Larry_Ellison,1,1,0,True,True,both_correct,True,1.0,0.30976,
probe/Larry_Johnson/Larry_Johnson_0002.jpg,Larry_Johnson,Larry_Johnson,Larry_Johnson,1,1,0,True,True,both_correct,True,0.9999507665634155,0.232352,
probe/Larry_Lindsey/Larry_Lindsey_0002.jpg,Larry_Lindsey,Larry_Lindsey,Larry_Lindsey,1,1,0,True,True,both_correct,True,0.9999536275863647,0.269568,
probe/Larry_Lucchino/Larry_Lucchino_0002.jpg,Larry_Lucchino,Larry_Lucchino,Larry_Lucchino,1,1,0,True,True,both_correct,True,0.9997838139533997,0.24128,
probe/Latrell_Sprewell/Latrell_Sprewell_0002.jpg,Latrell_Sprewell,Paul_Pierce,Latrell_Sprewell,2,1,-1,False,True,cropping_helps,True,0.9999995231628418,0.238928,
probe/Laura_Hernandez/Laura_Hernandez_0002.jpg,Laura_Hernandez,Laura_Hernandez,Laura_Hernandez,1,1,0,True,True,both_correct,True,0.9990304708480835,0.216,
probe/Lauren_Hutton/Lauren_Hutton_0002.jpg,Lauren_Hutton,Lauren_Hutton,Lauren_Hutton,1,1,0,True,True,both_correct,True,0.9991725087165833,0.229632,
probe/Lauren_Killian/Lauren_Killian_0002.jpg,Lauren_Killian,Lauren_Killian,Lauren_Killian,1,1,0,True,True,both_correct,True,0.9999927282333374,0.272064,
probe/Laurent_Gbagbo/Laurent_Gbagbo_0002.jpg,Laurent_Gbagbo,Laurent_Gbagbo,Laurent_Gbagbo,1,1,0,True,True,both_correct,True,0.9999547004699707,0.42336,
probe/Laurent_Jalabert/Laurent_Jalabert_0002.jpg,Laurent_Jalabert,Albert_Costa,Laurent_Jalabert,3,1,-2,False,True,cropping_helps,True,0.9999909400939941,0.26864,
probe/Lawrence_MacAulay/Lawrence_MacAulay_0002.jpg,Lawrence_MacAulay,Lawrence_MacAulay,Trent_Lott,1,2,1,True,False,cropping_hurts,True,0.9999767541885376,0.244816,
probe/LeAnn_Rimes/LeAnn_Rimes_0002.jpg,LeAnn_Rimes,LeAnn_Rimes,LeAnn_Rimes,1,1,0,True,True,both_correct,True,0.9989615678787231,0.25872,
probe/LeBron_James/LeBron_James_0002.jpg,LeBron_James,LeBron_James,LeBron_James,1,1,0,True,True,both_correct,True,0.9999802112579346,0.237968,
probe/Lea_Fastow/Lea_Fastow_0002.jpg,Lea_Fastow,Lea_Fastow,Lea_Fastow,1,1,0,True,True,both_correct,True,0.9999992847442627,0.223584,
probe/Leander_Paes/Leander_Paes_0002.jpg,Leander_Paes,Leander_Paes,Leander_Paes,1,1,0,True,True,both_correct,True,0.9999057054519653,0.263344,
probe/Lech_Walesa/Lech_Walesa_0002.jpg,Lech_Walesa,Lech_Walesa,Lech_Walesa,1,1,0,True,True,both_correct,True,0.9999253749847412,0.261072,
probe/Lee_Hoi-chang/Lee_Hoi-chang_0002.jpg,Lee_Hoi-chang,Lee_Hoi-chang,Lee_Hoi-chang,1,1,0,True,True,both_correct,True,0.9995923638343811,0.206048,
probe/Lee_Jun/Lee_Jun_0002.jpg,Lee_Jun,Lee_Jun,Lee_Jun,1,1,0,True,True,both_correct,True,0.9997656941413879,0.210672,
probe/Lee_Tae-sik/Lee_Tae-sik_0002.jpg,Lee_Tae-sik,Lee_Tae-sik,Lee_Tae-sik,1,1,0,True,True,both_correct,True,0.9999979734420776,0.371008,
probe/Leland_Chapman/Leland_Chapman_0002.jpg,Leland_Chapman,Leland_Chapman,Leland_Chapman,1,1,0,True,True,both_correct,True,0.9999130964279175,0.222176,
probe/Len_Jenoff/Len_Jenoff_0002.jpg,Len_Jenoff,Len_Jenoff,Len_Jenoff,1,1,0,True,True,both_correct,True,0.9999985694885254,0.225216,
probe/Leon_LaPorte/Leon_LaPorte_0002.jpg,Leon_LaPorte,Leon_LaPorte,Leon_LaPorte,1,1,0,True,True,both_correct,True,0.9999456405639648,0.272384,
probe/Leonard_Hamilton/Leonard_Hamilton_0002.jpg,Leonard_Hamilton,Leonard_Hamilton,Leonard_Hamilton,1,1,0,True,True,both_correct,True,0.9999749660491943,0.31232,
probe/Leslie_Ann_Woodward/Leslie_Ann_Woodward_0002.jpg,Leslie_Ann_Woodward,Leslie_Ann_Woodward,Leslie_Ann_Woodward,1,1,0,True,True,both_correct,True,0.9999351501464844,0.28152,
probe/Leslie_Moonves/Leslie_Moonves_0002.jpg,Leslie_Moonves,Leslie_Moonves,Leslie_Moonves,1,1,0,True,True,both_correct,True,0.9999680519104004,0.258112,
probe/Leszek_Miller/Leszek_Miller_0002.jpg,Leszek_Miller,Leszek_Miller,Leszek_Miller,1,1,0,True,True,both_correct,True,0.9992295503616333,0.232368,
probe/Li_Peng/Li_Peng_0002.jpg,Li_Peng,Li_Peng,Li_Peng,1,1,0,True,True,both_correct,True,0.9999550580978394,0.240192,
probe/Lili_Taylor/Lili_Taylor_0002.jpg,Lili_Taylor,Jane_Kaczmarek,Lili_Taylor,3,1,-2,False,True,cropping_helps,True,0.999974250793457,0.256368,
probe/Lily_Tomlin/Lily_Tomlin_0002.jpg,Lily_Tomlin,Lily_Tomlin,Doris_Schroeder,1,2,1,True,False,cropping_hurts,True,0.9949502944946289,0.268176,
probe/Lim_Dong-won/Lim_Dong-won_0002.jpg,Lim_Dong-won,Lim_Dong-won,Lim_Dong-won,1,1,0,True,True,both_correct,True,0.999900221824646,0.21952,
probe/Lina_Krasnoroutskaya/Lina_Krasnoroutskaya_0002.jpg,Lina_Krasnoroutskaya,Lina_Krasnoroutskaya,Lina_Krasnoroutskaya,1,1,0,True,True,both_correct,True,0.9999986886978149,0.2288,
probe/Lindsay_Benko/Lindsay_Benko_0002.jpg,Lindsay_Benko,Lindsay_Benko,Lindsay_Benko,1,1,0,True,True,both_correct,True,0.9999998807907104,0.278832,
probe/Lindsay_Davenport/Lindsay_Davenport_0002.jpg,Lindsay_Davenport,Lindsay_Davenport,Lindsay_Davenport,1,1,0,True,True,both_correct,True,0.9999783039093018,0.229632,
probe/Lindsey_Graham/Lindsey_Graham_0002.jpg,Lindsey_Graham,Lindsey_Graham,Lindsey_Graham,1,1,0,True,True,both_correct,True,1.0,0.232832,
probe/Lino_Oviedo/Lino_Oviedo_0002.jpg,Lino_Oviedo,Lino_Oviedo,Lino_Oviedo,1,1,0,True,True,both_correct,True,0.9999114274978638,0.221392,
probe/Lionel_Richie/Lionel_Richie_0002.jpg,Lionel_Richie,Lionel_Richie,Lionel_Richie,1,1,0,True,True,both_correct,True,1.0,0.202368,
probe/Lisa_Gottsegen/Lisa_Gottsegen_0002.jpg,Lisa_Gottsegen,Lisa_Gottsegen,Lisa_Gottsegen,1,1,0,True,True,both_correct,True,0.9995939135551453,0.210112,
probe/Lisa_Ling/Lisa_Ling_0002.jpg,Lisa_Ling,Lisa_Ling,Lisa_Ling,1,1,0,True,True,both_correct,True,0.9989305138587952,0.21504,
probe/Lisa_Raymond/Lisa_Raymond_0002.jpg,Lisa_Raymond,Lisa_Raymond,Lisa_Raymond,1,1,0,True,True,both_correct,True,0.9999880790710449,0.637952,
probe/Liu_Mingkang/Liu_Mingkang_0002.jpg,Liu_Mingkang,Liu_Mingkang,Liu_Mingkang,1,1,0,True,True,both_correct,True,0.999998927116394,0.27968,
probe/Liza_Minnelli/Liza_Minnelli_0002.jpg,Liza_Minnelli,Liza_Minnelli,Liza_Minnelli,1,1,0,True,True,both_correct,True,0.9995809197425842,0.237312,
probe/Lloyd_Ward/Lloyd_Ward_0002.jpg,Lloyd_Ward,Lloyd_Ward,Lloyd_Ward,1,1,0,True,True,both_correct,True,0.999416708946228,0.27776,
probe/Lon_Kruger/Lon_Kruger_0002.jpg,Lon_Kruger,Lon_Kruger,Lon_Kruger,1,1,0,True,True,both_correct,True,0.9999772310256958,0.304608,
probe/Lord_Hutton/Lord_Hutton_0002.jpg,Lord_Hutton,Lord_Hutton,Lord_Hutton,1,1,0,True,True,both_correct,True,0.9999912977218628,0.246528,
probe/Lou_Piniella/Lou_Piniella_0002.jpg,Lou_Piniella,Alexander_Losyukov,Lou_Piniella,17,1,-16,False,True,cropping_helps,True,0.999954342842102,0.23896,
probe/Luciano_Pavarotti/Luciano_Pavarotti_0002.jpg,Luciano_Pavarotti,Luciano_Pavarotti,Luciano_Pavarotti,1,1,0,True,True,both_correct,True,0.9999961853027344,0.19968,
probe/Luis_Figo/Luis_Figo_0002.jpg,Luis_Figo,Luis_Figo,Luis_Figo,1,1,0,True,True,both_correct,True,0.9992851614952087,0.204864,
probe/Luis_Gonzalez_Macchi/Luis_Gonzalez_Macchi_0002.jpg,Luis_Gonzalez_Macchi,Luis_Gonzalez_Macchi,Luis_Gonzalez_Macchi,1,1,0,True,True,both_correct,True,0.9999939203262329,0.279072,
probe/Luis_Horna/Luis_Horna_0002.jpg,Luis_Horna,Luis_Horna,Luis_Horna,1,1,0,True,True,both_correct,True,0.99998939037323,0.23072,
probe/Luiz_Felipe_Scolari/Luiz_Felipe_Scolari_0002.jpg,Luiz_Felipe_Scolari,Luiz_Felipe_Scolari,Luiz_Felipe_Scolari,1,1,0,True,True,both_correct,True,1.0,0.24192,
probe/Luke_Walton/Luke_Walton_0002.jpg,Luke_Walton,Luke_Walton,Luke_Walton,1,1,0,True,True,both_correct,True,1.0,0.273008,
probe/Lyle_Vanclief/Lyle_Vanclief_0002.jpg,Lyle_Vanclief,Lyle_Vanclief,Lyle_Vanclief,1,1,0,True,True,both_correct,True,0.9998663663864136,0.25752,
probe/Lynn_Abraham/Lynn_Abraham_0002.jpg,Lynn_Abraham,Lynn_Abraham,Sheila_Copps,1,112,111,True,False,cropping_hurts,True,0.9999963045120239,0.245088,
probe/Lynne_Cheney/Lynne_Cheney_0002.jpg,Lynne_Cheney,Lynne_Cheney,Lynne_Cheney,1,1,0,True,True,both_correct,True,0.9975316524505615,0.2664,
probe/Mack_Brown/Mack_Brown_0002.jpg,Mack_Brown,James_Kelly,Mack_Brown,2,1,-1,False,True,cropping_helps,True,0.9999383687973022,0.265216,
probe/Madonna/Madonna_0002.jpg,Madonna,Madonna,Madonna,1,1,0,True,True,both_correct,True,0.9999977350234985,0.240832,
probe/Maggie_Smith/Maggie_Smith_0002.jpg,Maggie_Smith,Claire_Hentzen,Maggie_Smith,50,1,-49,False,True,cropping_helps,True,0.9999927282333374,0.208896,
probe/Magui_Serna/Magui_Serna_0002.jpg,Magui_Serna,Magui_Serna,Magui_Serna,1,1,0,True,True,both_correct,True,1.0,0.269392,
probe/Manfred_Stolpe/Manfred_Stolpe_0002.jpg,Manfred_Stolpe,Manfred_Stolpe,Manfred_Stolpe,1,1,0,True,True,both_correct,True,0.9999783039093018,0.267008,
probe/Manuel_Poggiali/Manuel_Poggiali_0002.jpg,Manuel_Poggiali,Nadia_Petrova,Manuel_Poggiali,11,1,-10,False,True,cropping_helps,True,0.9999909400939941,0.320688,
probe/Marat_Safin/Marat_Safin_0002.jpg,Marat_Safin,Guillermo_Coria,Marat_Safin,5,1,-4,False,True,cropping_helps,True,0.9999955892562866,0.20736,
probe/Marc-Andre_Fleury/Marc-Andre_Fleury_0002.jpg,Marc-Andre_Fleury,Marc-Andre_Fleury,Marc-Andre_Fleury,1,1,0,True,True,both_correct,True,0.9992873072624207,0.270592,
probe/Marc_Grossman/Marc_Grossman_0002.jpg,Marc_Grossman,Marc_Grossman,Marc_Grossman,1,1,0,True,True,both_correct,True,0.9999513626098633,0.227968,
probe/Marcelo_Salas/Marcelo_Salas_0002.jpg,Marcelo_Salas,Marcelo_Salas,Marcelo_Salas,1,1,0,True,True,both_correct,True,0.9999798536300659,0.218688,
probe/Marco_Antonio_Barrera/Marco_Antonio_Barrera_0002.jpg,Marco_Antonio_Barrera,Marco_Antonio_Barrera,Marco_Antonio_Barrera,1,1,0,True,True,both_correct,True,0.9999994039535522,0.231952,
probe/Marcus_Gronholm/Marcus_Gronholm_0002.jpg,Marcus_Gronholm,Mike_Weir,Marcus_Gronholm,85,1,-84,False,True,cropping_helps,True,0.9998538494110107,0.22848,
probe/Margaret_Thatcher/Margaret_Thatcher_0002.jpg,Margaret_Thatcher,Margaret_Thatcher,Margaret_Thatcher,1,1,0,True,True,both_correct,True,0.99998939037323,0.27048,
probe/Maria_Luisa_Mendonca/Maria_Luisa_Mendonca_0002.jpg,Maria_Luisa_Mendonca,Maria_Luisa_Mendonca,Maria_Luisa_Mendonca,1,1,0,True,True,both_correct,True,0.9996548891067505,0.238928,
probe/Mariah_Carey/Mariah_Carey_0002.jpg,Mariah_Carey,Dolma_Tsering,Mariah_Carey,2,1,-1,False,True,cropping_helps,True,0.9999616146087646,0.214816,
probe/Mariangel_Ruiz_Torrealba/Mariangel_Ruiz_Torrealba_0002.jpg,Mariangel_Ruiz_Torrealba,Mariangel_Ruiz_Torrealba,Mariangel_Ruiz_Torrealba,1,1,0,True,True,both_correct,True,0.9999809265136719,0.268176,
probe/Marie-Reine_Le_Gougne/Marie-Reine_Le_Gougne_0002.jpg,Marie-Reine_Le_Gougne,Julianne_Moore,Marie-Reine_Le_Gougne,2,1,-1,False,True,cropping_helps,True,0.9990795850753784,0.254016,
probe/Marilyn_Monroe/Marilyn_Monroe_0002.jpg,Marilyn_Monroe,Pamela_Anderson,Reese_Witherspoon,16,64,48,False,False,neither_correct,True,0.9996906518936157,0.269952,
probe/Marina_Anissina/Marina_Anissina_0002.jpg,Marina_Anissina,Marina_Anissina,Stacy_Dragila,1,959,958,True,False,cropping_hurts,True,0.9999643564224243,0.123552,
probe/Mario_Cipollini/Mario_Cipollini_0002.jpg,Mario_Cipollini,Mario_Cipollini,Mario_Cipollini,1,1,0,True,True,both_correct,True,0.9999995231628418,0.23352,
probe/Mario_Dumont/Mario_Dumont_0002.jpg,Mario_Dumont,Mario_Dumont,Mario_Dumont,1,1,0,True,True,both_correct,True,0.9999603033065796,0.219184,
probe/Mario_Kreutzberger/Mario_Kreutzberger_0002.jpg,Mario_Kreutzberger,Mario_Kreutzberger,Mario_Kreutzberger,1,1,0,True,True,both_correct,True,0.9991249442100525,0.293216,
probe/Marisa_Tomei/Marisa_Tomei_0002.jpg,Marisa_Tomei,Marisa_Tomei,Marisa_Tomei,1,1,0,True,True,both_correct,True,0.9999022483825684,0.21128,
probe/Marissa_Jaret_Winokur/Marissa_Jaret_Winokur_0002.jpg,Marissa_Jaret_Winokur,Marissa_Jaret_Winokur,Marissa_Jaret_Winokur,1,1,0,True,True,both_correct,True,0.9999947547912598,0.22624,
probe/Mark_Cuban/Mark_Cuban_0002.jpg,Mark_Cuban,Mark_Cuban,Mark_Cuban,1,1,0,True,True,both_correct,True,0.9999985694885254,0.24416,
probe/Mark_Dacey/Mark_Dacey_0002.jpg,Mark_Dacey,Mark_Dacey,Mark_Dacey,1,1,0,True,True,both_correct,True,0.9988493919372559,0.208464,
probe/Mark_Geragos/Mark_Geragos_0002.jpg,Mark_Geragos,Mark_Geragos,Mark_Geragos,1,1,0,True,True,both_correct,True,0.9998308420181274,0.20368,
probe/Mark_Hamister/Mark_Hamister_0002.jpg,Mark_Hamister,Mark_Hamister,Mark_Hamister,1,1,0,True,True,both_correct,True,0.9999773502349854,0.231744,
probe/Mark_Heller/Mark_Heller_0002.jpg,Mark_Heller,Mark_Heller,Mark_Heller,1,1,0,True,True,both_correct,True,0.9999984502792358,0.327712,
probe/Mark_Schweiker/Mark_Schweiker_0002.jpg,Mark_Schweiker,Mark_Schweiker,Mark_Schweiker,1,1,0,True,True,both_correct,True,0.999992847442627,0.20384,
probe/Mark_Warner/Mark_Warner_0002.jpg,Mark_Warner,Mark_Warner,Mark_Warner,1,1,0,True,True,both_correct,True,0.9998772144317627,0.231744,
probe/Marlene_Weingartner/Marlene_Weingartner_0002.jpg,Marlene_Weingartner,Padraig_Harrington,Marlene_Weingartner,309,1,-308,False,True,cropping_helps,True,0.9999920129776001,0.130896,
probe/Martha_Beatriz_Roque/Martha_Beatriz_Roque_0002.jpg,Martha_Beatriz_Roque,Martha_Beatriz_Roque,Martha_Beatriz_Roque,1,1,0,True,True,both_correct,True,0.9999955892562866,0.276,
probe/Martha_Bowen/Martha_Bowen_0002.jpg,Martha_Bowen,Martha_Bowen,Silvia_Farina_Elia,1,4,3,True,False,cropping_hurts,True,0.9999281167984009,0.220384,
probe/Martha_Burk/Martha_Burk_0002.jpg,Martha_Burk,Martha_Burk,Martha_Burk,1,1,0,True,True,both_correct,True,0.9999655485153198,0.273008,
probe/Martin_Brodeur/Martin_Brodeur_0002.jpg,Martin_Brodeur,Martin_Brodeur,Martin_Brodeur,1,1,0,True,True,both_correct,True,0.999996542930603,0.242416,
probe/Martin_Scorsese/Martin_Scorsese_0002.jpg,Martin_Scorsese,Martin_Scorsese,Martin_Scorsese,1,1,0,True,True,both_correct,True,0.9998369216918945,0.254624,
probe/Martin_Verkerk/Martin_Verkerk_0002.jpg,Martin_Verkerk,Martin_Verkerk,Martin_Verkerk,1,1,0,True,True,both_correct,True,0.9999716281890869,0.19968,
probe/Martina_Hingis/Martina_Hingis_0002.jpg,Martina_Hingis,Marlene_Weingartner,Lindsay_Davenport,26,2,-24,False,False,neither_correct,True,0.9999154806137085,0.21168,
probe/Martina_McBride/Martina_McBride_0002.jpg,Martina_McBride,Martina_McBride,Martina_McBride,1,1,0,True,True,both_correct,True,0.9996646642684937,0.252704,
probe/Marwan_Barghouthi/Marwan_Barghouthi_0002.jpg,Marwan_Barghouthi,Marwan_Barghouthi,Marwan_Barghouthi,1,1,0,True,True,both_correct,True,0.99998939037323,0.2208,
probe/Mary-Kate_Olsen/Mary-Kate_Olsen_0002.jpg,Mary-Kate_Olsen,Mary-Kate_Olsen,Mary-Kate_Olsen,1,1,0,True,True,both_correct,True,0.9999803304672241,0.200208,
probe/Mary_Carey/Mary_Carey_0002.jpg,Mary_Carey,Mary_Carey,Mary_Carey,1,1,0,True,True,both_correct,True,0.9999314546585083,0.24528,
probe/Mary_Landrieu/Mary_Landrieu_0002.jpg,Mary_Landrieu,Mary_Landrieu,Mary_Landrieu,1,1,0,True,True,both_correct,True,0.9999196529388428,0.271296,
probe/Mary_Tyler_Moore/Mary_Tyler_Moore_0002.jpg,Mary_Tyler_Moore,Mary_Tyler_Moore,Mary_Tyler_Moore,1,1,0,True,True,both_correct,True,0.9999110698699951,0.240192,
probe/Masum_Turker/Masum_Turker_0002.jpg,Masum_Turker,Masum_Turker,Masum_Turker,1,1,0,True,True,both_correct,True,0.9999692440032959,0.219776,
probe/Mathias_Reichhold/Mathias_Reichhold_0002.jpg,Mathias_Reichhold,Mathias_Reichhold,Mathias_Reichhold,1,1,0,True,True,both_correct,True,0.9998785257339478,0.264,
probe/Matt_Doherty/Matt_Doherty_0002.jpg,Matt_Doherty,Matt_Doherty,Matt_Doherty,1,1,0,True,True,both_correct,True,0.9998639822006226,0.319872,
probe/Matthew_Perry/Matthew_Perry_0002.jpg,Matthew_Perry,Matthew_Perry,Matthew_Perry,1,1,0,True,True,both_correct,True,0.9979531764984131,0.2552,
probe/Max_Mayfield/Max_Mayfield_0002.jpg,Max_Mayfield,Dick_Cheney,Max_Mayfield,2,1,-1,False,True,cropping_helps,True,0.9999604225158691,0.255744,
probe/Megawati_Sukarnoputri/Megawati_Sukarnoputri_0002.jpg,Megawati_Sukarnoputri,Megawati_Sukarnoputri,Megawati_Sukarnoputri,1,1,0,True,True,both_correct,True,0.9999738931655884,0.210672,
probe/Meghann_Shaughnessy/Meghann_Shaughnessy_0002.jpg,Meghann_Shaughnessy,Iva_Majoli,Meghann_Shaughnessy,7,1,-6,False,True,cropping_helps,True,0.999992847442627,0.225776,
probe/Mel_Brooks/Mel_Brooks_0002.jpg,Mel_Brooks,Geoff_Hoon,Mel_Brooks,5,1,-4,False,True,cropping_helps,True,0.9992544054985046,0.285824,
probe/Melanie_Griffith/Melanie_Griffith_0002.jpg,Melanie_Griffith,Meryl_Streep,Melanie_Griffith,7,1,-6,False,True,cropping_helps,True,0.9999872446060181,0.13464,
probe/Meryl_Streep/Meryl_Streep_0002.jpg,Meryl_Streep,Meryl_Streep,Meryl_Streep,1,1,0,True,True,both_correct,True,0.999998927116394,0.2668,
probe/Michael_Ballack/Michael_Ballack_0002.jpg,Michael_Ballack,Michael_Ballack,Michael_Ballack,1,1,0,True,True,both_correct,True,0.9999324083328247,0.25312,
probe/Michael_Chang/Michael_Chang_0002.jpg,Michael_Chang,Michael_Chang,Michael_Chang,1,1,0,True,True,both_correct,True,0.9999954700469971,0.210672,
probe/Michael_Chiklis/Michael_Chiklis_0002.jpg,Michael_Chiklis,Michael_Chiklis,Michael_Chiklis,1,1,0,True,True,both_correct,True,0.9999340772628784,0.252,
probe/Michael_Douglas/Michael_Douglas_0002.jpg,Michael_Douglas,Michael_Douglas,Michael_Douglas,1,1,0,True,True,both_correct,True,0.999891996383667,0.237952,
probe/Michael_J_Sheehan/Michael_J_Sheehan_0002.jpg,Michael_J_Sheehan,Michael_J_Sheehan,Michael_J_Sheehan,1,1,0,True,True,both_correct,True,0.9998495578765869,0.243104,
probe/Michael_Kostelnik/Michael_Kostelnik_0002.jpg,Michael_Kostelnik,Michael_Kostelnik,Michael_Kostelnik,1,1,0,True,True,both_correct,True,0.9995569586753845,0.225568,
probe/Michael_Phelps/Michael_Phelps_0002.jpg,Michael_Phelps,Michael_Phelps,Michael_Phelps,1,1,0,True,True,both_correct,True,0.999691367149353,0.21632,
probe/Michel_Temer/Michel_Temer_0002.jpg,Michel_Temer,Howard_Dean,Benjamin_Netanyahu,2,61,59,False,False,neither_correct,True,0.9999581575393677,0.242416,
probe/Michelle_Pfeiffer/Michelle_Pfeiffer_0002.jpg,Michelle_Pfeiffer,Julianne_Moore,Michelle_Pfeiffer,4,1,-3,False,True,cropping_helps,True,0.9999624490737915,0.255088,
probe/Michelle_Yeoh/Michelle_Yeoh_0002.jpg,Michelle_Yeoh,Michelle_Yeoh,Michelle_Yeoh,1,1,0,True,True,both_correct,True,0.9997947812080383,0.25536,
probe/Miguel_Contreras/Miguel_Contreras_0002.jpg,Miguel_Contreras,Christopher_Walken,Miguel_Contreras,4,1,-3,False,True,cropping_helps,True,0.9999862909317017,0.22848,
probe/Mike_Babcock/Mike_Babcock_0002.jpg,Mike_Babcock,Mike_Babcock,Mike_Babcock,1,1,0,True,True,both_correct,True,0.9999957084655762,0.212256,
probe/Mike_Holmgren/Mike_Holmgren_0002.jpg,Mike_Holmgren,Mike_Holmgren,Mike_Holmgren,1,1,0,True,True,both_correct,True,0.9999910593032837,0.24864,
probe/Mike_Miller/Mike_Miller_0002.jpg,Mike_Miller,Mike_Miller,Mike_Miller,1,1,0,True,True,both_correct,True,0.9999960660934448,0.231296,
probe/Mike_Price/Mike_Price_0002.jpg,Mike_Price,Dick_Cheney,Mike_Price,11,1,-10,False,True,cropping_helps,True,0.9999985694885254,0.28608,
probe/Mike_Tyson/Mike_Tyson_0002.jpg,Mike_Tyson,Mike_Tyson,Mike_Tyson,1,1,0,True,True,both_correct,True,0.9999539852142334,0.30208,
probe/Mike_Weir/Mike_Weir_0002.jpg,Mike_Weir,Mike_Weir,Mike_Weir,1,1,0,True,True,both_correct,True,0.9999996423721313,0.25312,
probe/Mikhail_Kasyanov/Mikhail_Kasyanov_0002.jpg,Mikhail_Kasyanov,Mikhail_Kasyanov,Mikhail_Kasyanov,1,1,0,True,True,both_correct,True,0.9999990463256836,0.238928,
probe/Mikhail_Youzhny/Mikhail_Youzhny_0002.jpg,Mikhail_Youzhny,Mikhail_Youzhny,Mikhail_Youzhny,1,1,0,True,True,both_correct,True,0.9999597072601318,0.226304,
probe/Mikulas_Dzurinda/Mikulas_Dzurinda_0002.jpg,Mikulas_Dzurinda,Mikulas_Dzurinda,Mikulas_Dzurinda,1,1,0,True,True,both_correct,True,0.999953031539917,0.230656,
probe/Miroljub/Miroljub_0002.jpg,Miroljub,Miroljub,Miroljub,1,1,0,True,True,both_correct,True,0.9997089505195618,0.2568,
probe/Mitchell_Daniels/Mitchell_Daniels_0002.jpg,Mitchell_Daniels,Mitchell_Daniels,Mitchell_Daniels,1,1,0,True,True,both_correct,True,0.9999701976776123,0.218832,
probe/Mitoji_Yabunaka/Mitoji_Yabunaka_0002.jpg,Mitoji_Yabunaka,Alejandro_Toledo,Mitoji_Yabunaka,11,1,-10,False,True,cropping_helps,True,0.9997838139533997,0.210672,
probe/Miyako_Miyazaki/Miyako_Miyazaki_0002.jpg,Miyako_Miyazaki,Kwon_Yang-sook,Miyako_Miyazaki,4,1,-3,False,True,cropping_helps,True,0.9999545812606812,0.241392,
probe/Mohamed_Benaissa/Mohamed_Benaissa_0002.jpg,Mohamed_Benaissa,Mohamed_Benaissa,Mohamed_Benaissa,1,1,0,True,True,both_correct,True,0.999980092048645,0.2728,
probe/Mohammad_Khatami/Mohammad_Khatami_0002.jpg,Mohammad_Khatami,Mohammad_Khatami,Mohammad_Khatami,1,1,0,True,True,both_correct,True,0.999985933303833,0.223344,
probe/Monica_Bellucci/Monica_Bellucci_0002.jpg,Monica_Bellucci,Monica_Bellucci,Monica_Bellucci,1,1,0,True,True,both_correct,True,1.0,0.234016,
probe/Monica_Seles/Monica_Seles_0002.jpg,Monica_Seles,Daniela_Hantuchova,Monica_Seles,18,1,-17,False,True,cropping_helps,True,0.9996808767318726,0.223872,
probe/Morgan_Freeman/Morgan_Freeman_0002.jpg,Morgan_Freeman,Morgan_Freeman,Morgan_Freeman,1,1,0,True,True,both_correct,True,0.9999314546585083,0.43168,
probe/Munir_Akram/Munir_Akram_0002.jpg,Munir_Akram,Munir_Akram,Munir_Akram,1,1,0,True,True,both_correct,True,0.9998615980148315,0.21504,
probe/Nabil_Shaath/Nabil_Shaath_0002.jpg,Nabil_Shaath,Nabil_Shaath,Nabil_Shaath,1,1,0,True,True,both_correct,True,0.9999632835388184,0.251136,
probe/Nadia_Petrova/Nadia_Petrova_0002.jpg,Nadia_Petrova,Nadia_Petrova,Nadia_Petrova,1,1,0,True,True,both_correct,True,0.9995741248130798,0.347936,
probe/Nadine_Vinzens/Nadine_Vinzens_0002.jpg,Nadine_Vinzens,Nadine_Vinzens,Nadine_Vinzens,1,1,0,True,True,both_correct,True,0.9998875856399536,0.238464,
probe/Nancy_Pelosi/Nancy_Pelosi_0002.jpg,Nancy_Pelosi,Nancy_Pelosi,Nancy_Pelosi,1,1,0,True,True,both_correct,True,0.9995065927505493,0.23664,
probe/Nancy_Reagan/Nancy_Reagan_0002.jpg,Nancy_Reagan,Nancy_Reagan,Nancy_Reagan,1,1,0,True,True,both_correct,True,0.9996740818023682,0.225776,
probe/Nanni_Moretti/Nanni_Moretti_0002.jpg,Nanni_Moretti,Alejandro_Avila,Nanni_Moretti,6,1,-5,False,True,cropping_helps,True,0.9999673366546631,0.286368,
probe/Nasser_al-Kidwa/Nasser_al-Kidwa_0002.jpg,Nasser_al-Kidwa,Kim_Ryong-sung,Nasser_al-Kidwa,8,1,-7,False,True,cropping_helps,True,0.9999676942825317,0.25536,
probe/Nastassia_Kinski/Nastassia_Kinski_0002.jpg,Nastassia_Kinski,Nastassia_Kinski,Nastassia_Kinski,1,1,0,True,True,both_correct,True,0.999377965927124,0.281792,
probe/Natalie_Coughlin/Natalie_Coughlin_0002.jpg,Natalie_Coughlin,Natalie_Coughlin,Natalie_Coughlin,1,1,0,True,True,both_correct,True,0.9999337196350098,0.229072,
probe/Natalie_Maines/Natalie_Maines_0002.jpg,Natalie_Maines,Natalie_Maines,Natalie_Maines,1,1,0,True,True,both_correct,True,0.9995473027229309,0.180048,
probe/Nelson_Mandela/Nelson_Mandela_0002.jpg,Nelson_Mandela,Nelson_Mandela,Nelson_Mandela,1,1,0,True,True,both_correct,True,0.9999580383300781,0.296704,
probe/Nestor_Kirchner/Nestor_Kirchner_0002.jpg,Nestor_Kirchner,Nestor_Kirchner,Nestor_Kirchner,1,1,0,True,True,both_correct,True,0.9994427561759949,0.19136,
probe/Nia_Vardalos/Nia_Vardalos_0002.jpg,Nia_Vardalos,Nia_Vardalos,Nia_Vardalos,1,1,0,True,True,both_correct,True,0.9988535642623901,0.249952,
probe/Nicanor_Duarte_Frutos/Nicanor_Duarte_Frutos_0002.jpg,Nicanor_Duarte_Frutos,Nicanor_Duarte_Frutos,Nicanor_Duarte_Frutos,1,1,0,True,True,both_correct,True,0.9999949932098389,0.28704,
probe/Nick_Nolte/Nick_Nolte_0002.jpg,Nick_Nolte,Nick_Nolte,Nick_Nolte,1,1,0,True,True,both_correct,True,0.999930739402771,0.231296,
probe/Nicolas_Lapentti/Nicolas_Lapentti_0002.jpg,Nicolas_Lapentti,Nicolas_Lapentti,Nicolas_Lapentti,1,1,0,True,True,both_correct,True,1.0,0.22248,
probe/Noah_Wyle/Noah_Wyle_0002.jpg,Noah_Wyle,Noah_Wyle,Noah_Wyle,1,1,0,True,True,both_correct,True,0.9996262788772583,0.216384,
probe/Nora_Bendijo/Nora_Bendijo_0002.jpg,Nora_Bendijo,Hitomi_Soga,Flor_Montulo,48,7,-41,False,False,neither_correct,True,0.9999910593032837,0.177072,
probe/OJ_Simpson/OJ_Simpson_0002.jpg,OJ_Simpson,OJ_Simpson,OJ_Simpson,1,1,0,True,True,both_correct,True,0.9996622800827026,0.22624,
probe/Olesya_Bonabarenko/Olesya_Bonabarenko_0002.jpg,Olesya_Bonabarenko,Marisa_Tomei,Olesya_Bonabarenko,3,1,-2,False,True,cropping_helps,True,0.9999715089797974,0.225216,
probe/Olivia_Newton-John/Olivia_Newton-John_0002.jpg,Olivia_Newton-John,Olivia_Newton-John,Olivia_Newton-John,1,1,0,True,True,both_correct,True,0.999737560749054,0.30528,
probe/Omar_Sharif/Omar_Sharif_0002.jpg,Omar_Sharif,Omar_Sharif,Omar_Sharif,1,1,0,True,True,both_correct,True,0.9999871253967285,0.272832,
probe/Orlando_Bloom/Orlando_Bloom_0002.jpg,Orlando_Bloom,Orlando_Bloom,Gwendal_Peizerat,1,975,974,True,False,cropping_hurts,True,0.9988716244697571,0.113552,
probe/Osama_bin_Laden/Osama_bin_Laden_0002.jpg,Osama_bin_Laden,Osama_bin_Laden,Osama_bin_Laden,1,1,0,True,True,both_correct,True,0.9996752738952637,0.242944,
probe/Oscar_De_La_Hoya/Oscar_De_La_Hoya_0002.jpg,Oscar_De_La_Hoya,Oscar_De_La_Hoya,Oscar_De_La_Hoya,1,1,0,True,True,both_correct,True,0.9999969005584717,0.219776,
probe/Oswaldo_Paya/Oswaldo_Paya_0002.jpg,Oswaldo_Paya,Oswaldo_Paya,Oswaldo_Paya,1,1,0,True,True,both_correct,True,0.99977046251297,0.255744,
probe/Owen_Wilson/Owen_Wilson_0002.jpg,Owen_Wilson,Owen_Wilson,Owen_Wilson,1,1,0,True,True,both_correct,True,0.9999953508377075,0.25696,
probe/Ozzy_Osbourne/Ozzy_Osbourne_0002.jpg,Ozzy_Osbourne,Ozzy_Osbourne,Johnny_Depp,1,344,343,True,False,cropping_hurts,True,0.9994515776634216,0.239184,
probe/Padraig_Harrington/Padraig_Harrington_0002.jpg,Padraig_Harrington,Padraig_Harrington,Padraig_Harrington,1,1,0,True,True,both_correct,True,0.9999998807907104,0.23016,
probe/Pamela_Anderson/Pamela_Anderson_0002.jpg,Pamela_Anderson,Pamela_Anderson,Pamela_Anderson,1,1,0,True,True,both_correct,True,0.9995321035385132,0.273008,
probe/Pascal_Lamy/Pascal_Lamy_0002.jpg,Pascal_Lamy,Pascal_Lamy,Pascal_Lamy,1,1,0,True,True,both_correct,True,0.9999953508377075,0.293904,
probe/Pascal_Quignard/Pascal_Quignard_0002.jpg,Pascal_Quignard,Pascal_Quignard,Pascal_Quignard,1,1,0,True,True,both_correct,True,0.9999842643737793,0.268176,
probe/Pat_Cox/Pat_Cox_0002.jpg,Pat_Cox,Pat_Cox,Anders_Ebbeson,1,236,235,True,False,cropping_hurts,True,0.9999557733535767,0.226304,
probe/Patrice_Chereau/Patrice_Chereau_0002.jpg,Patrice_Chereau,Patrice_Chereau,Patrice_Chereau,1,1,0,True,True,both_correct,True,0.9999926090240479,0.246864,
probe/Patricia_Clarkson/Patricia_Clarkson_0002.jpg,Patricia_Clarkson,Patricia_Clarkson,Patricia_Clarkson,1,1,0,True,True,both_correct,True,0.9999576807022095,0.275424,
probe/Patricia_Heaton/Patricia_Heaton_0002.jpg,Patricia_Heaton,Patricia_Heaton,Patricia_Heaton,1,1,0,True,True,both_correct,True,0.9999768733978271,0.2436,
probe/Patrick_Ewing/Patrick_Ewing_0002.jpg,Patrick_Ewing,Patrick_Ewing,Patrick_Ewing,1,1,0,True,True,both_correct,True,0.9998087286949158,0.285088,
probe/Patrick_Leahy/Patrick_Leahy_0002.jpg,Patrick_Leahy,Patrick_Leahy,Patrick_Leahy,1,1,0,True,True,both_correct,True,0.9999206066131592,0.280896,
probe/Patti_Labelle/Patti_Labelle_0002.jpg,Patti_Labelle,Patti_Labelle,Patti_Labelle,1,1,0,True,True,both_correct,True,0.9946666955947876,0.27632,
probe/Patty_Schnyder/Patty_Schnyder_0002.jpg,Patty_Schnyder,Patty_Schnyder,Patty_Schnyder,1,1,0,True,True,both_correct,True,0.999873161315918,0.191008,
probe/Paul-Henri_Mathieu/Paul-Henri_Mathieu_0002.jpg,Paul-Henri_Mathieu,Paul-Henri_Mathieu,Paul-Henri_Mathieu,1,1,0,True,True,both_correct,True,0.9999996423721313,0.191296,
probe/Paul_Bremer/Paul_Bremer_0002.jpg,Paul_Bremer,Paul_Bremer,Paul_Bremer,1,1,0,True,True,both_correct,True,0.9999336004257202,0.310752,
probe/Paul_Byrd/Paul_Byrd_0002.jpg,Paul_Byrd,Steven_Spielberg,Paul_Byrd,4,1,-3,False,True,cropping_helps,True,0.999997615814209,0.254464,
probe/Paul_McCartney/Paul_McCartney_0002.jpg,Paul_McCartney,Paul_McCartney,Paul_McCartney,1,1,0,True,True,both_correct,True,0.9999996423721313,0.22848,
probe/Paul_McNulty/Paul_McNulty_0002.jpg,Paul_McNulty,Paul_McNulty,Paul_McNulty,1,1,0,True,True,both_correct,True,0.9993026256561279,0.237968,
probe/Paul_ONeill/Paul_ONeill_0002.jpg,Paul_ONeill,Paul_ONeill,Paul_ONeill,1,1,0,True,True,both_correct,True,0.999767005443573,0.24592,
probe/Paul_Patton/Paul_Patton_0002.jpg,Paul_Patton,John_Howard,Paul_Patton,5,1,-4,False,True,cropping_helps,True,0.9999796152114868,0.236288,
probe/Paul_Pierce/Paul_Pierce_0002.jpg,Paul_Pierce,Patrick_Ewing,Chris_Tucker,5,28,23,False,False,neither_correct,True,0.9999896287918091,0.246528,
probe/Paul_William_Hurley/Paul_William_Hurley_0002.jpg,Paul_William_Hurley,Paul_William_Hurley,Paul_William_Hurley,1,1,0,True,True,both_correct,True,0.9999520778656006,0.239616,
probe/Paula_Radcliffe/Paula_Radcliffe_0002.jpg,Paula_Radcliffe,Paula_Radcliffe,Paula_Radcliffe,1,1,0,True,True,both_correct,True,0.9999454021453857,0.231296,
probe/Paula_Zahn/Paula_Zahn_0002.jpg,Paula_Zahn,Paula_Zahn,Paula_Zahn,1,1,0,True,True,both_correct,True,0.9999990463256836,0.2944,
probe/Paulo_Cesar_Pinheiro/Paulo_Cesar_Pinheiro_0002.jpg,Paulo_Cesar_Pinheiro,Paulo_Cesar_Pinheiro,Paulo_Cesar_Pinheiro,1,1,0,True,True,both_correct,True,0.9999840259552002,0.25752,
probe/Pedro_Malan/Pedro_Malan_0002.jpg,Pedro_Malan,Alan_Mulally,Pedro_Malan,3,1,-2,False,True,cropping_helps,True,0.9999947547912598,0.2304,
probe/Pedro_Solbes/Pedro_Solbes_0002.jpg,Pedro_Solbes,Pedro_Solbes,Pedro_Solbes,1,1,0,True,True,both_correct,True,0.9999947547912598,0.26224,
probe/Penelope_Ann_Miller/Penelope_Ann_Miller_0002.jpg,Penelope_Ann_Miller,Penelope_Ann_Miller,Penelope_Ann_Miller,1,1,0,True,True,both_correct,True,0.9993646740913391,0.216544,
probe/Pete_Rose/Pete_Rose_0002.jpg,Pete_Rose,Gian_Marco,Pete_Rose,11,1,-10,False,True,cropping_helps,True,0.9999407529830933,0.279888,
probe/Pete_Sampras/Pete_Sampras_0002.jpg,Pete_Sampras,Pete_Sampras,Pete_Sampras,1,1,0,True,True,both_correct,True,0.9991006851196289,0.26576,
probe/Peter_Arnett/Peter_Arnett_0002.jpg,Peter_Arnett,Peter_Arnett,Peter_Arnett,1,1,0,True,True,both_correct,True,0.9999990463256836,0.262656,
probe/Peter_Bacanovic/Peter_Bacanovic_0002.jpg,Peter_Bacanovic,Peter_Bacanovic,Peter_Bacanovic,1,1,0,True,True,both_correct,True,0.9999994039535522,0.229072,
probe/Peter_Greenaway/Peter_Greenaway_0002.jpg,Peter_Greenaway,Peter_Greenaway,Peter_Greenaway,1,1,0,True,True,both_correct,True,0.9995315074920654,0.24416,
probe/Peter_Harrison/Peter_Harrison_0002.jpg,Peter_Harrison,Peter_Harrison,Peter_Harrison,1,1,0,True,True,both_correct,True,0.9999964237213135,0.28768,
probe/Peter_Hillary/Peter_Hillary_0002.jpg,Peter_Hillary,Peter_Hillary,Peter_Hillary,1,1,0,True,True,both_correct,True,0.9999704360961914,0.2664,
probe/Peter_Struck/Peter_Struck_0002.jpg,Peter_Struck,Peter_Struck,Peter_Struck,1,1,0,True,True,both_correct,True,0.9996582269668579,0.25696,
probe/Phil_Mickelson/Phil_Mickelson_0002.jpg,Phil_Mickelson,Phil_Mickelson,Phil_Mickelson,1,1,0,True,True,both_correct,True,0.9999970197677612,0.323136,
probe/Phil_Vassar/Phil_Vassar_0002.jpg,Phil_Vassar,Phil_Vassar,Richard_Sambrook,1,964,963,True,False,cropping_hurts,True,0.9999812841415405,0.249392,
probe/Prince_Edward/Prince_Edward_0002.jpg,Prince_Edward,Prince_Edward,Prince_Edward,1,1,0,True,True,both_correct,True,0.9999961853027344,0.26752,
probe/Prince_Harry/Prince_Harry_0002.jpg,Prince_Harry,Prince_Harry,Prince_Harry,1,1,0,True,True,both_correct,True,0.9996696710586548,0.40176,
probe/Prince_Naruhito/Prince_Naruhito_0002.jpg,Prince_Naruhito,Prince_Naruhito,Prince_Naruhito,1,1,0,True,True,both_correct,True,0.9999966621398926,0.254928,
probe/Prince_Willem-Alexander/Prince_Willem-Alexander_0002.jpg,Prince_Willem-Alexander,Prince_Willem-Alexander,Prince_Willem-Alexander,1,1,0,True,True,both_correct,True,0.9999630451202393,0.277984,
probe/Princess_Aiko/Princess_Aiko_0002.jpg,Princess_Aiko,Princess_Aiko,Princess_Aiko,1,1,0,True,True,both_correct,True,0.8759309649467468,0.19392,
probe/Priscilla_Owen/Priscilla_Owen_0002.jpg,Priscilla_Owen,Priscilla_Owen,Priscilla_Owen,1,1,0,True,True,both_correct,True,0.9999496936798096,0.220176,
probe/Priscilla_Presley/Priscilla_Presley_0002.jpg,Priscilla_Presley,Priscilla_Presley,Priscilla_Presley,1,1,0,True,True,both_correct,True,0.9987701773643494,0.2352,
probe/Pupi_Avati/Pupi_Avati_0002.jpg,Pupi_Avati,Pupi_Avati,Pupi_Avati,1,1,0,True,True,both_correct,True,0.9998323917388916,0.213312,
probe/Queen_Beatrix/Queen_Beatrix_0002.jpg,Queen_Beatrix,Queen_Beatrix,Queen_Beatrix,1,1,0,True,True,both_correct,True,0.9998401403427124,0.270592,
probe/Raghad_Saddam_Hussein/Raghad_Saddam_Hussein_0002.jpg,Raghad_Saddam_Hussein,Raghad_Saddam_Hussein,Raghad_Saddam_Hussein,1,1,0,True,True,both_correct,True,0.9999973773956299,0.206976,
probe/Ralph_Lauren/Ralph_Lauren_0002.jpg,Ralph_Lauren,Ralph_Lauren,Ralph_Lauren,1,1,0,True,True,both_correct,True,0.9999693632125854,0.282048,
probe/Raquel_Welch/Raquel_Welch_0002.jpg,Raquel_Welch,Raquel_Welch,Raquel_Welch,1,1,0,True,True,both_correct,True,0.9998866319656372,0.249392,
probe/Ray_Nagin/Ray_Nagin_0002.jpg,Ray_Nagin,Ray_Nagin,Ray_Nagin,1,1,0,True,True,both_correct,True,0.9999985694885254,0.243104,
probe/Reese_Witherspoon/Reese_Witherspoon_0002.jpg,Reese_Witherspoon,Reese_Witherspoon,Reese_Witherspoon,1,1,0,True,True,both_correct,True,0.9970665574073792,0.252192,
probe/Ricardo_Maduro/Ricardo_Maduro_0002.jpg,Ricardo_Maduro,Ricardo_Maduro,Ricardo_Maduro,1,1,0,True,True,both_correct,True,0.9999885559082031,0.21,
probe/Rich_Gannon/Rich_Gannon_0002.jpg,Rich_Gannon,Rich_Gannon,Rich_Gannon,1,1,0,True,True,both_correct,True,0.9999822378158569,0.256368,
probe/Richard_Branson/Richard_Branson_0002.jpg,Richard_Branson,Richard_Branson,Richard_Branson,1,1,0,True,True,both_correct,True,0.9985314607620239,0.205232,
probe/Richard_Crenna/Richard_Crenna_0002.jpg,Richard_Crenna,Thomas_OBrien,Richard_Crenna,8,1,-7,False,True,cropping_helps,True,0.9999797344207764,0.24592,
probe/Richard_Gephardt/Richard_Gephardt_0002.jpg,Richard_Gephardt,Richard_Gephardt,Richard_Gephardt,1,1,0,True,True,both_correct,True,0.9999959468841553,0.267584,
probe/Richard_Krajicek/Richard_Krajicek_0002.jpg,Richard_Krajicek,Richard_Krajicek,Richard_Krajicek,1,1,0,True,True,both_correct,True,0.9999583959579468,0.221312,
probe/Richard_Norton-Taylor/Richard_Norton-Taylor_0002.jpg,Richard_Norton-Taylor,Richard_Norton-Taylor,Richard_Norton-Taylor,1,1,0,True,True,both_correct,True,0.9999188184738159,0.27048,
probe/Richard_Sambrook/Richard_Sambrook_0002.jpg,Richard_Sambrook,Richard_Sambrook,Richard_Sambrook,1,1,0,True,True,both_correct,True,0.9999982118606567,0.276624,
probe/Richard_Shelby/Richard_Shelby_0002.jpg,Richard_Shelby,Richard_Shelby,Richard_Shelby,1,1,0,True,True,both_correct,True,0.9997820258140564,0.243312,
probe/Richie_Adubato/Richie_Adubato_0002.jpg,Richie_Adubato,James_Smith,Richie_Adubato,2,1,-1,False,True,cropping_helps,True,0.9996514320373535,0.229408,
probe/Rick_Romley/Rick_Romley_0002.jpg,Rick_Romley,Rick_Romley,Rick_Romley,1,1,0,True,True,both_correct,True,0.9992709755897522,0.244608,
probe/Ricky_Barnes/Ricky_Barnes_0002.jpg,Ricky_Barnes,Yevgeny_Kafelnikov,Ricky_Barnes,4,1,-3,False,True,cropping_helps,True,0.9999829530715942,0.225216,
probe/Ricky_Ponting/Ricky_Ponting_0002.jpg,Ricky_Ponting,Ricky_Ponting,Ricky_Ponting,1,1,0,True,True,both_correct,True,0.9999939203262329,0.200384,
probe/Rita_Moreno/Rita_Moreno_0002.jpg,Rita_Moreno,Rita_Moreno,Rita_Moreno,1,1,0,True,True,both_correct,True,0.9997509121894836,0.243104,
probe/Rita_Wilson/Rita_Wilson_0002.jpg,Rita_Wilson,Rita_Wilson,Rita_Wilson,1,1,0,True,True,both_correct,True,0.9995324611663818,0.237312,
probe/Rob_Schneider/Rob_Schneider_0002.jpg,Rob_Schneider,Rob_Schneider,Rob_Schneider,1,1,0,True,True,both_correct,True,0.9998754262924194,0.272384,
probe/Robbie_Fowler/Robbie_Fowler_0002.jpg,Robbie_Fowler,Robbie_Fowler,Robbie_Fowler,1,1,0,True,True,both_correct,True,0.9999611377716064,0.23688,
probe/Robby_Ginepri/Robby_Ginepri_0002.jpg,Robby_Ginepri,Robby_Ginepri,Robby_Ginepri,1,1,0,True,True,both_correct,True,1.0,0.22176,
probe/Robert_Bonner/Robert_Bonner_0002.jpg,Robert_Bonner,Robert_Bonner,Robert_Bonner,1,1,0,True,True,both_correct,True,0.9999984502792358,0.271728,
probe/Robert_DeFraites/Robert_DeFraites_0002.jpg,Robert_DeFraites,Robert_DeFraites,Robert_DeFraites,1,1,0,True,True,both_correct,True,0.9998045563697815,0.267008,
probe/Robert_De_Niro/Robert_De_Niro_0002.jpg,Robert_De_Niro,Robert_De_Niro,Robert_De_Niro,1,1,0,True,True,both_correct,True,0.9997414946556091,0.23352,
probe/Robert_Duvall/Robert_Duvall_0002.jpg,Robert_Duvall,Robert_Duvall,Robert_Duvall,1,1,0,True,True,both_correct,True,0.9999992847442627,0.237968,
probe/Robert_Kocharian/Robert_Kocharian_0002.jpg,Robert_Kocharian,Robert_Kocharian,Robert_Kocharian,1,1,0,True,True,both_correct,True,0.9999967813491821,0.239616,
probe/Robert_Mueller/Robert_Mueller_0002.jpg,Robert_Mueller,Robert_Mueller,Robert_Mueller,1,1,0,True,True,both_correct,True,0.9999998807907104,0.204864,
probe/Robert_Mugabe/Robert_Mugabe_0002.jpg,Robert_Mugabe,Robert_Mugabe,Robert_Mugabe,1,1,0,True,True,both_correct,True,0.9998406171798706,0.202272,
probe/Robert_Stack/Robert_Stack_0002.jpg,Robert_Stack,Robert_Stack,Robert_Stack,1,1,0,True,True,both_correct,True,0.9998931884765625,0.252288,
probe/Robert_Zoellick/Robert_Zoellick_0002.jpg,Robert_Zoellick,Jeffrey_Jones,Robert_Zoellick,4,1,-3,False,True,cropping_helps,True,0.9999966621398926,0.234624,
probe/Robin_Cook/Robin_Cook_0002.jpg,Robin_Cook,Robin_Cook,John_Snow,1,74,73,True,False,cropping_hurts,True,0.9997250437736511,0.23112,
probe/Robin_McLaurin_Williams/Robin_McLaurin_Williams_0002.jpg,Robin_McLaurin_Williams,George_Pataki,Robin_McLaurin_Williams,5,1,-4,False,True,cropping_helps,True,0.9999713897705078,0.18,
probe/Rolf_Eckrodt/Rolf_Eckrodt_0002.jpg,Rolf_Eckrodt,Rolf_Eckrodt,Rolf_Eckrodt,1,1,0,True,True,both_correct,True,0.9999876022338867,0.296,
probe/Roman_Polanski/Roman_Polanski_0002.jpg,Roman_Polanski,Roman_Polanski,Roman_Polanski,1,1,0,True,True,both_correct,True,0.9999973773956299,0.213312,
probe/Ron_Dittemore/Ron_Dittemore_0002.jpg,Ron_Dittemore,Ron_Dittemore,Ron_Dittemore,1,1,0,True,True,both_correct,True,0.9999656677246094,0.238272,
probe/Ron_Howard/Ron_Howard_0002.jpg,Ron_Howard,Ron_Howard,Ron_Howard,1,1,0,True,True,both_correct,True,0.9993384480476379,0.282384,
probe/Ronald_Reagan/Ronald_Reagan_0002.jpg,Ronald_Reagan,Ronald_Reagan,Ronald_Reagan,1,1,0,True,True,both_correct,True,0.9999922513961792,0.23296,
probe/Roy_Moore/Roy_Moore_0002.jpg,Roy_Moore,Roy_Moore,Roy_Moore,1,1,0,True,True,both_correct,True,0.9999998807907104,0.216544,
probe/Roy_Williams/Roy_Williams_0002.jpg,Roy_Williams,Roy_Williams,Roy_Williams,1,1,0,True,True,both_correct,True,0.9998887777328491,0.201216,
probe/Ruben_Studdard/Ruben_Studdard_0002.jpg,Ruben_Studdard,Ruben_Studdard,Ruben_Studdard,1,1,0,True,True,both_correct,True,0.9999661445617676,0.24464,
probe/Rupert_Grint/Rupert_Grint_0002.jpg,Rupert_Grint,Rupert_Grint,Rupert_Grint,1,1,0,True,True,both_correct,True,0.9996501207351685,0.183024,
probe/S_Jayakumar/S_Jayakumar_0002.jpg,S_Jayakumar,S_Jayakumar,S_Jayakumar,1,1,0,True,True,both_correct,True,0.9993975162506104,0.252704,
probe/Sachiko_Yamada/Sachiko_Yamada_0002.jpg,Sachiko_Yamada,Sachiko_Yamada,Sachiko_Yamada,1,1,0,True,True,both_correct,True,0.9999932050704956,0.244816,
probe/Saddam_Hussein/Saddam_Hussein_0002.jpg,Saddam_Hussein,Saddam_Hussein,Saddam_Hussein,1,1,0,True,True,both_correct,True,0.9896962642669678,0.27632,
probe/Saeb_Erekat/Saeb_Erekat_0002.jpg,Saeb_Erekat,John_Negroponte,Saeb_Erekat,17,1,-16,False,True,cropping_helps,True,0.9999905824661255,0.260352,
probe/Sally_Kirkland/Sally_Kirkland_0002.jpg,Sally_Kirkland,Sally_Kirkland,Sally_Kirkland,1,1,0,True,True,both_correct,True,0.9997716546058655,0.242528,
probe/Sam_Bith/Sam_Bith_0002.jpg,Sam_Bith,Sam_Bith,Sam_Bith,1,1,0,True,True,both_correct,True,0.9999840259552002,0.2192,
probe/Sam_Torrance/Sam_Torrance_0002.jpg,Sam_Torrance,Sam_Torrance,Sam_Torrance,1,1,0,True,True,both_correct,True,0.9993832111358643,0.234016,
probe/Sandra_Bullock/Sandra_Bullock_0002.jpg,Sandra_Bullock,Sandra_Bullock,Sandra_Bullock,1,1,0,True,True,both_correct,True,0.9999978542327881,0.265216,
probe/Saparmurat_Niyazov/Saparmurat_Niyazov_0002.jpg,Saparmurat_Niyazov,Saparmurat_Niyazov,Saparmurat_Niyazov,1,1,0,True,True,both_correct,True,0.9996569156646729,0.262848,
probe/Sarah_Jessica_Parker/Sarah_Jessica_Parker_0002.jpg,Sarah_Jessica_Parker,Sarah_Jessica_Parker,Sarah_Jessica_Parker,1,1,0,True,True,both_correct,True,0.998779833316803,0.242256,
probe/Scott_McClellan/Scott_McClellan_0002.jpg,Scott_McClellan,Scott_McClellan,Scott_McClellan,1,1,0,True,True,both_correct,True,0.9999452829360962,0.255744,
probe/Scott_McNealy/Scott_McNealy_0002.jpg,Scott_McNealy,Scott_McNealy,Scott_McNealy,1,1,0,True,True,both_correct,True,0.9872779846191406,0.29568,
probe/Scott_Rudin/Scott_Rudin_0002.jpg,Scott_Rudin,Scott_Rudin,Scott_Rudin,1,1,0,True,True,both_correct,True,0.9999988079071045,0.219776,
probe/Sean_Astin/Sean_Astin_0002.jpg,Sean_Astin,Sean_Astin,Sean_Astin,1,1,0,True,True,both_correct,True,0.9999816417694092,0.225984,
probe/Sean_Patrick_OMalley/Sean_Patrick_OMalley_0002.jpg,Sean_Patrick_OMalley,Sean_Patrick_OMalley,Sean_Patrick_OMalley,1,1,0,True,True,both_correct,True,0.9999996423721313,0.42112,
probe/Sean_Penn/Sean_Penn_0002.jpg,Sean_Penn,Sean_Penn,Sean_Penn,1,1,0,True,True,both_correct,True,0.9999980926513672,0.2664,
probe/Serena_Williams/Serena_Williams_0002.jpg,Serena_Williams,Serena_Williams,Serena_Williams,1,1,0,True,True,both_correct,True,1.0,0.268176,
probe/Shannon_OBrien/Shannon_OBrien_0002.jpg,Shannon_OBrien,Shannon_OBrien,Shannon_OBrien,1,1,0,True,True,both_correct,True,0.9995844960212708,0.232352,
probe/Sharon_Frey/Sharon_Frey_0002.jpg,Sharon_Frey,Sharon_Frey,Sharon_Frey,1,1,0,True,True,both_correct,True,0.9999668598175049,0.24992,
probe/Shaukat_Aziz/Shaukat_Aziz_0002.jpg,Shaukat_Aziz,Shaukat_Aziz,Shaukat_Aziz,1,1,0,True,True,both_correct,True,0.9999791383743286,0.251136,
probe/Sheila_Copps/Sheila_Copps_0002.jpg,Sheila_Copps,Sheila_Copps,Sheila_Copps,1,1,0,True,True,both_correct,True,0.999988317489624,0.198656,
probe/Sheila_Wellstone/Sheila_Wellstone_0002.jpg,Sheila_Wellstone,Sheila_Wellstone,Sheila_Wellstone,1,1,0,True,True,both_correct,True,0.9999305009841919,0.26448,
probe/Silvan_Shalom/Silvan_Shalom_0002.jpg,Silvan_Shalom,Silvan_Shalom,Silvan_Shalom,1,1,0,True,True,both_correct,True,0.9999998807907104,0.265088,
probe/Silvia_Farina_Elia/Silvia_Farina_Elia_0002.jpg,Silvia_Farina_Elia,Silvia_Farina_Elia,Silvia_Farina_Elia,1,1,0,True,True,both_correct,True,0.9969028830528259,0.218832,
probe/Silvio_Berlusconi/Silvio_Berlusconi_0002.jpg,Silvio_Berlusconi,Silvio_Berlusconi,Silvio_Berlusconi,1,1,0,True,True,both_correct,True,0.9999837875366211,0.25984,
probe/Simon_Cowell/Simon_Cowell_0002.jpg,Simon_Cowell,Simon_Cowell,Simon_Cowell,1,1,0,True,True,both_correct,True,0.9996159076690674,0.202752,
probe/Slobodan_Milosevic/Slobodan_Milosevic_0002.jpg,Slobodan_Milosevic,Slobodan_Milosevic,Slobodan_Milosevic,1,1,0,True,True,both_correct,True,0.9999047517776489,0.2484,
probe/Sophia_Loren/Sophia_Loren_0002.jpg,Sophia_Loren,Sophia_Loren,Sophia_Loren,1,1,0,True,True,both_correct,True,0.9991682767868042,0.236256,
probe/Sourav_Ganguly/Sourav_Ganguly_0002.jpg,Sourav_Ganguly,Sourav_Ganguly,Sourav_Ganguly,1,1,0,True,True,both_correct,True,0.9999872446060181,0.251808,
probe/Spencer_Abraham/Spencer_Abraham_0002.jpg,Spencer_Abraham,Spencer_Abraham,Spencer_Abraham,1,1,0,True,True,both_correct,True,0.9999934434890747,0.23688,
probe/Stacy_Dragila/Stacy_Dragila_0002.jpg,Stacy_Dragila,Stacy_Dragila,Stacy_Dragila,1,1,0,True,True,both_correct,True,0.9999599456787109,0.26576,
probe/Stanley_McChrystal/Stanley_McChrystal_0002.jpg,Stanley_McChrystal,Stanley_McChrystal,Stanley_McChrystal,1,1,0,True,True,both_correct,True,0.9996896982192993,0.25288,
probe/Stanley_Tong/Stanley_Tong_0002.jpg,Stanley_Tong,Stanley_Tong,Stanley_Tong,1,1,0,True,True,both_correct,True,0.9998958110809326,0.244224,
probe/Stellan_Skarsgard/Stellan_Skarsgard_0002.jpg,Stellan_Skarsgard,Stellan_Skarsgard,Stellan_Skarsgard,1,1,0,True,True,both_correct,True,0.9999372959136963,0.302016,
probe/Stephen_Friedman/Stephen_Friedman_0002.jpg,Stephen_Friedman,Peter_Hillary,Stephen_Friedman,20,1,-19,False,True,cropping_helps,True,0.999786913394928,0.29568,
probe/Steve_Park/Steve_Park_0002.jpg,Steve_Park,Steve_Park,Steve_Park,1,1,0,True,True,both_correct,True,0.9998502731323242,0.234544,
probe/Steve_Spurrier/Steve_Spurrier_0002.jpg,Steve_Spurrier,Steve_Spurrier,Steve_Spurrier,1,1,0,True,True,both_correct,True,0.9999911785125732,0.26864,
probe/Steve_Waugh/Steve_Waugh_0002.jpg,Steve_Waugh,Robert_Zoellick,John_Wolf,2,50,48,False,False,neither_correct,True,0.9999548196792603,0.273008,
probe/Steven_Spielberg/Steven_Spielberg_0002.jpg,Steven_Spielberg,Steven_Spielberg,Steven_Spielberg,1,1,0,True,True,both_correct,True,0.9999446868896484,0.265088,
probe/Stockard_Channing/Stockard_Channing_0002.jpg,Stockard_Channing,Celine_Dion,Stockard_Channing,4,1,-3,False,True,cropping_helps,True,0.9997671246528625,0.251312,
probe/Sue_Wicks/Sue_Wicks_0002.jpg,Sue_Wicks,Sue_Wicks,Sue_Wicks,1,1,0,True,True,both_correct,True,0.9999958276748657,0.24992,
probe/Susan_Collins/Susan_Collins_0002.jpg,Susan_Collins,Susan_Collins,Susan_Collins,1,1,0,True,True,both_correct,True,0.9999055862426758,0.31,
probe/Takashi_Sorimachi/Takashi_Sorimachi_0002.jpg,Takashi_Sorimachi,Takashi_Sorimachi,Takashi_Sorimachi,1,1,0,True,True,both_correct,True,0.9998180270195007,0.221392,
probe/Tamara_Brooks/Tamara_Brooks_0002.jpg,Tamara_Brooks,Tamara_Brooks,Tamara_Brooks,1,1,0,True,True,both_correct,True,0.9998924732208252,0.271728,
probe/Tammy_Lynn_Michaels/Tammy_Lynn_Michaels_0002.jpg,Tammy_Lynn_Michaels,Tammy_Lynn_Michaels,Tammy_Lynn_Michaels,1,1,0,True,True,both_correct,True,0.9905731081962585,0.219856,
probe/Taufik_Hidayat/Taufik_Hidayat_0002.jpg,Taufik_Hidayat,Taufik_Hidayat,Taufik_Hidayat,1,1,0,True,True,both_correct,True,0.9999963045120239,0.176,
probe/Thabo_Mbeki/Thabo_Mbeki_0002.jpg,Thabo_Mbeki,Thabo_Mbeki,Thabo_Mbeki,1,1,0,True,True,both_correct,True,0.9996616840362549,0.27232,
probe/Thaksin_Shinawatra/Thaksin_Shinawatra_0002.jpg,Thaksin_Shinawatra,Thaksin_Shinawatra,Thaksin_Shinawatra,1,1,0,True,True,both_correct,True,0.9999120235443115,0.240672,
probe/Theo_Epstein/Theo_Epstein_0002.jpg,Theo_Epstein,Theo_Epstein,Theo_Epstein,1,1,0,True,True,both_correct,True,0.9999198913574219,0.252704,
probe/Thierry_Falise/Thierry_Falise_0002.jpg,Thierry_Falise,John_Kerry,Thierry_Falise,2,1,-1,False,True,cropping_helps,True,0.9999954700469971,0.21008,
probe/Thomas_Birmingham/Thomas_Birmingham_0002.jpg,Thomas_Birmingham,Saparmurat_Niyazov,Thomas_Birmingham,968,1,-967,False,True,cropping_helps,True,0.9997805953025818,0.246528,
probe/Thomas_Fargo/Thomas_Fargo_0002.jpg,Thomas_Fargo,Thomas_Fargo,Thomas_Fargo,1,1,0,True,True,both_correct,True,0.9999969005584717,0.2352,
probe/Thomas_OBrien/Thomas_OBrien_0002.jpg,Thomas_OBrien,Thomas_OBrien,Thomas_OBrien,1,1,0,True,True,both_correct,True,0.999915361404419,0.246272,
probe/Thomas_Rupprath/Thomas_Rupprath_0002.jpg,Thomas_Rupprath,Ricky_Barnes,Thomas_Rupprath,13,1,-12,False,True,cropping_helps,True,0.9998016953468323,0.27048,
probe/Tim_Allen/Tim_Allen_0002.jpg,Tim_Allen,Tim_Allen,Tim_Allen,1,1,0,True,True,both_correct,True,0.9950085878372192,0.239616,
probe/Tim_Floyd/Tim_Floyd_0002.jpg,Tim_Floyd,Tim_Floyd,Tim_Floyd,1,1,0,True,True,both_correct,True,0.9998158812522888,0.224128,
probe/Todd_Haynes/Todd_Haynes_0002.jpg,Todd_Haynes,Todd_Haynes,Julianne_Moore,1,553,552,True,False,cropping_hurts,True,0.9993564486503601,0.23312,
probe/Tom_Brady/Tom_Brady_0002.jpg,Tom_Brady,Luke_Walton,Tom_Brady,548,1,-547,False,True,cropping_helps,True,0.9999673366546631,0.248832,
probe/Tom_Craddick/Tom_Craddick_0002.jpg,Tom_Craddick,Tom_Craddick,Tom_Craddick,1,1,0,True,True,both_correct,True,0.9999817609786987,0.239904,
probe/Tom_Crean/Tom_Crean_0002.jpg,Tom_Crean,Tom_Crean,Tom_Crean,1,1,0,True,True,both_correct,True,0.9999998807907104,0.195072,
probe/Tom_Cruise/Tom_Cruise_0002.jpg,Tom_Cruise,Tom_Cruise,Tom_Cruise,1,1,0,True,True,both_correct,True,0.999815046787262,0.254624,
probe/Tom_Daschle/Tom_Daschle_0002.jpg,Tom_Daschle,Tom_Daschle,Tom_Daschle,1,1,0,True,True,both_correct,True,0.9999947547912598,0.204336,
probe/Tom_Glavine/Tom_Glavine_0002.jpg,Tom_Glavine,Tom_Glavine,Michelle_Pfeiffer,1,398,397,True,False,cropping_hurts,True,0.9999961853027344,0.14592,
probe/Tomoko_Hagiwara/Tomoko_Hagiwara_0002.jpg,Tomoko_Hagiwara,Sachiko_Yamada,Sachiko_Yamada,2,628,626,False,False,neither_correct,True,0.9999995231628418,0.236288,
probe/Tony_Bennett/Tony_Bennett_0002.jpg,Tony_Bennett,Tony_Bennett,Tony_Bennett,1,1,0,True,True,both_correct,True,0.9999303817749023,0.244224,
probe/Tony_Curtis/Tony_Curtis_0002.jpg,Tony_Curtis,Tony_Curtis,Tony_Curtis,1,1,0,True,True,both_correct,True,0.9998502731323242,0.278832,
probe/Tracee_Ellis_Ross/Tracee_Ellis_Ross_0002.jpg,Tracee_Ellis_Ross,Tracee_Ellis_Ross,Tracee_Ellis_Ross,1,1,0,True,True,both_correct,True,0.9999202489852905,0.254016,
probe/Trent_Lott/Trent_Lott_0002.jpg,Trent_Lott,Trent_Lott,Trent_Lott,1,1,0,True,True,both_correct,True,0.9997372031211853,0.232368,
probe/Tyler_Hamilton/Tyler_Hamilton_0002.jpg,Tyler_Hamilton,Greg_Owen,Tyler_Hamilton,2,1,-1,False,True,cropping_helps,True,0.9999969005584717,0.29512,
probe/Tyra_Banks/Tyra_Banks_0002.jpg,Tyra_Banks,Tyra_Banks,Tyra_Banks,1,1,0,True,True,both_correct,True,0.9999940395355225,0.224624,
probe/Vaclav_Havel/Vaclav_Havel_0002.jpg,Vaclav_Havel,Federico_Trillo,Vaclav_Havel,5,1,-4,False,True,cropping_helps,True,0.9999942779541016,0.18,
probe/Valdas_Adamkus/Valdas_Adamkus_0002.jpg,Valdas_Adamkus,Valdas_Adamkus,Valdas_Adamkus,1,1,0,True,True,both_correct,True,0.9978107810020447,0.27232,
probe/Valerie_Harper/Valerie_Harper_0002.jpg,Valerie_Harper,Valerie_Harper,Valerie_Harper,1,1,0,True,True,both_correct,True,0.9999909400939941,0.247616,
probe/Valery_Giscard_dEstaing/Valery_Giscard_dEstaing_0002.jpg,Valery_Giscard_dEstaing,Valery_Giscard_dEstaing,Valery_Giscard_dEstaing,1,1,0,True,True,both_correct,True,0.9979537725448608,0.274752,
probe/Vanessa_Incontrada/Vanessa_Incontrada_0002.jpg,Vanessa_Incontrada,Vanessa_Incontrada,Vanessa_Incontrada,1,1,0,True,True,both_correct,True,0.9996106028556824,0.239616,
probe/Vanessa_Williams/Vanessa_Williams_0002.jpg,Vanessa_Williams,Carmen_Electra,Vanessa_Williams,6,1,-5,False,True,cropping_helps,True,0.9999862909317017,0.243648,
probe/Venus_Williams/Venus_Williams_0002.jpg,Venus_Williams,Venus_Williams,Venus_Williams,1,1,0,True,True,both_correct,True,0.999060332775116,0.207264,
probe/Vicente_Fernandez/Vicente_Fernandez_0002.jpg,Vicente_Fernandez,Vicente_Fernandez,Vicente_Fernandez,1,1,0,True,True,both_correct,True,0.9978744983673096,0.209088,
probe/Vicki_Zhao_Wei/Vicki_Zhao_Wei_0002.jpg,Vicki_Zhao_Wei,Vicki_Zhao_Wei,Vicki_Zhao_Wei,1,1,0,True,True,both_correct,True,0.9999533891677856,0.24592,
probe/Vidar_Helgesen/Vidar_Helgesen_0002.jpg,Vidar_Helgesen,Vidar_Helgesen,Vidar_Helgesen,1,1,0,True,True,both_correct,True,0.9999798536300659,0.272832,
probe/Vince_Carter/Vince_Carter_0002.jpg,Vince_Carter,Evander_Holyfield,Vince_Carter,2,1,-1,False,True,cropping_helps,True,0.9999995231628418,0.29184,
probe/Vincent_Brooks/Vincent_Brooks_0002.jpg,Vincent_Brooks,Vincent_Brooks,Vincent_Brooks,1,1,0,True,True,both_correct,True,0.999913215637207,0.23112,
probe/Vitali_Klitschko/Vitali_Klitschko_0002.jpg,Vitali_Klitschko,Bernard_Lord,Vitali_Klitschko,2,1,-1,False,True,cropping_helps,True,0.9996143579483032,0.24416,
probe/Vladimir_Putin/Vladimir_Putin_0002.jpg,Vladimir_Putin,Vladimir_Putin,Vladimir_Putin,1,1,0,True,True,both_correct,True,0.9999910593032837,0.252672,
probe/Wang_Yingfan/Wang_Yingfan_0002.jpg,Wang_Yingfan,Kim_Ryong-sung,Wang_Yingfan,2,1,-1,False,True,cropping_helps,True,0.9999197721481323,0.206976,
probe/Warren_Beatty/Warren_Beatty_0002.jpg,Warren_Beatty,Warren_Beatty,Warren_Beatty,1,1,0,True,True,both_correct,True,0.9999823570251465,0.235744,
probe/Warren_Buffett/Warren_Buffett_0002.jpg,Warren_Buffett,Warren_Buffett,Warren_Buffett,1,1,0,True,True,both_correct,True,0.999934196472168,0.212592,
probe/Wesley_Clark/Wesley_Clark_0002.jpg,Wesley_Clark,Frank_Lautenberg,Wesley_Clark,7,1,-6,False,True,cropping_helps,True,0.9998148083686829,0.24864,
probe/Will_Smith/Will_Smith_0002.jpg,Will_Smith,Kirk_Johnson,Will_Smith,3,1,-2,False,True,cropping_helps,True,0.9999549388885498,0.258112,
probe/William_Bratton/William_Bratton_0002.jpg,William_Bratton,William_Bratton,William_Bratton,1,1,0,True,True,both_correct,True,0.9999972581863403,0.23296,
probe/William_Ford_Jr/William_Ford_Jr_0002.jpg,William_Ford_Jr,William_Ford_Jr,William_Ford_Jr,1,1,0,True,True,both_correct,True,0.9999499320983887,0.244608,
probe/William_Hochul/William_Hochul_0002.jpg,William_Hochul,Vladimir_Putin,William_Hochul,3,1,-2,False,True,cropping_helps,True,0.999955415725708,0.211072,
probe/William_Martin/William_Martin_0002.jpg,William_Martin,William_Martin,William_Martin,1,1,0,True,True,both_correct,True,0.9998865127563477,0.240608,
probe/Xanana_Gusmao/Xanana_Gusmao_0002.jpg,Xanana_Gusmao,Xanana_Gusmao,Xanana_Gusmao,1,1,0,True,True,both_correct,True,0.999639630317688,0.206048,
probe/Yao_Ming/Yao_Ming_0002.jpg,Yao_Ming,Yao_Ming,Yao_Ming,1,1,0,True,True,both_correct,True,0.9999982118606567,0.210944,
probe/Yasar_Yakis/Yasar_Yakis_0002.jpg,Yasar_Yakis,Yasar_Yakis,Yasar_Yakis,1,1,0,True,True,both_correct,True,0.9998475313186646,0.210944,
probe/Yasser_Arafat/Yasser_Arafat_0002.jpg,Yasser_Arafat,Yasser_Arafat,Abdullah_Gul,1,125,124,True,False,cropping_hurts,True,0.999605119228363,0.08736,
probe/Yevgeny_Kafelnikov/Yevgeny_Kafelnikov_0002.jpg,Yevgeny_Kafelnikov,Yevgeny_Kafelnikov,Yevgeny_Kafelnikov,1,1,0,True,True,both_correct,True,0.9998021721839905,0.325728,
probe/Yoko_Ono/Yoko_Ono_0002.jpg,Yoko_Ono,Yoko_Ono,Yoko_Ono,1,1,0,True,True,both_correct,True,0.9999706745147705,0.22344,
probe/Yukiko_Okudo/Yukiko_Okudo_0002.jpg,Yukiko_Okudo,Aung_San_Suu_Kyi,Flor_Montulo,3,4,1,False,False,neither_correct,True,0.9999468326568604,0.193536,
probe/Zarai_Toledo/Zarai_Toledo_0002.jpg,Zarai_Toledo,Zarai_Toledo,Kwon_Yang-sook,1,889,888,True,False,cropping_hurts,True,0.9999986886978149,0.218544,
probe/Zhang_Ziyi/Zhang_Ziyi_0002.jpg,Zhang_Ziyi,Sachiko_Yamada,Zhang_Ziyi,112,1,-111,False,True,cropping_helps,True,0.9994034767150879,0.23664,
probe/Zoran_Djindjic/Zoran_Djindjic_0002.jpg,Zoran_Djindjic,Zoran_Djindjic,Zoran_Djindjic,1,1,0,True,True,both_correct,True,0.9999957084655762,0.234544,
